0
3 0.38690948486328125 441.64996337890625 97.8988265991211 618.536376953125 
3 967.1473388671875 13.57187271118164 1010.409912109375 94.74708557128906 
1
3 0.38690948486328125 441.64996337890625 97.8988265991211 618.536376953125 
3 967.1473388671875 13.57187271118164 1010.409912109375 94.74708557128906 
2
3 0.29251861572265625 432.24273681640625 108.92507934570312 613.6187133789062 
3 981.5488891601562 11.75284194946289 1022.12255859375 92.09268188476562 
3 510.3508605957031 115.2596435546875 555.985595703125 199.46548461914062 
3 537.0421752929688 121.09996032714844 595.222412109375 198.62596130371094 
3
3 998.4602661132812 7.220920562744141 1035.2735595703125 92.72735595703125 
3 528.8973388671875 111.5894775390625 603.76611328125 198.67205810546875 
3 0.0889739990234375 406.3653259277344 121.68289184570312 608.6519775390625 
3 0.0 408.378662109375 121.44063568115234 609.80859375 
3 1.6214466094970703 189.56683349609375 57.49103546142578 278.7013244628906 
4
3 1012.5679321289062 10.100688934326172 1049.1197509765625 88.29647064208984 
3 0.030231475830078125 384.50384521484375 136.14999389648438 602.276123046875 
3 544.2771606445312 108.65205383300781 612.0974731445312 195.79820251464844 
5
3 1026.236328125 8.602745056152344 1062.3577880859375 86.61154174804688 
3 560.4508056640625 107.87606811523438 620.7918701171875 194.04115295410156 
3 0.25890350341796875 380.51824951171875 153.77496337890625 598.39111328125 
6
3 0.374267578125 376.8996887207031 172.4279327392578 594.1096801757812 
3 1039.2869873046875 8.873126983642578 1075.048583984375 86.41783142089844 
3 962.5111083984375 34.987754821777344 980.7547607421875 79.874267578125 
7
3 0.28009033203125 367.1725158691406 187.95654296875 588.2466430664062 
3 1051.1370849609375 9.131824493408203 1087.36767578125 86.74445343017578 
3 576.91748046875 110.94818115234375 647.6246337890625 190.16958618164062 
8
3 3.86517333984375 362.0636291503906 203.2710723876953 585.8541259765625 
3 0.0 271.80303955078125 97.31916809082031 422.395263671875 
3 1061.330810546875 8.481700897216797 1101.676025390625 85.86006927490234 
3 67.45883178710938 180.05697631835938 115.63031768798828 266.8063049316406 
3 614.9640502929688 125.09893798828125 661.7711791992188 183.8739013671875 
3 579.4219360351562 115.87617492675781 631.4891357421875 189.04432678222656 
3 110.0977783203125 172.91473388671875 171.03536987304688 288.0348815917969 
9
3 13.658859252929688 346.0629577636719 218.0770263671875 582.3602294921875 
3 1073.422607421875 8.231891632080078 1110.38232421875 85.89863586425781 
3 0.3672332763671875 265.7274475097656 119.82087707519531 420.397216796875 
3 70.58779907226562 170.5513458251953 122.52606201171875 257.9035949707031 
3 619.8023681640625 102.653564453125 672.4814453125 182.97833251953125 
10
3 29.519378662109375 347.5008850097656 234.0162811279297 578.981201171875 
3 18.204071044921875 258.2704162597656 113.98259735107422 413.4762268066406 
3 1083.4573974609375 7.2382965087890625 1121.9317626953125 85.20669555664062 
3 619.04443359375 100.51101684570312 688.8145751953125 181.09719848632812 
3 591.9795532226562 120.291259765625 647.9325561523438 186.5684356689453 
3 0.09850502014160156 292.559814453125 37.87804412841797 367.3505554199219 
3 590.251708984375 104.23666381835938 650.6614379882812 186.77032470703125 
11
3 1094.8004150390625 8.070804595947266 1134.5704345703125 81.85102844238281 
3 33.56584167480469 255.14154052734375 127.9713134765625 405.7568054199219 
3 650.5014038085938 111.30792236328125 702.7802734375 179.47874450683594 
3 595.5262451171875 111.66204833984375 645.8596801757812 186.3203582763672 
3 39.79624938964844 353.6024475097656 248.71609497070312 573.8643798828125 
12
3 51.7950439453125 336.24468994140625 261.2124938964844 570.7683715820312 
3 51.498085021972656 246.5546875 152.8438720703125 407.731201171875 
3 1107.48486328125 7.590301513671875 1143.9730224609375 81.7700424194336 
3 664.864990234375 112.7994384765625 715.4464721679688 177.07785034179688 
3 598.0535888671875 112.14776611328125 652.36181640625 184.49258422851562 
3 0.0 525.7777709960938 14.317571640014648 599.5084228515625 
13
3 64.84310913085938 351.87896728515625 273.1692199707031 568.395263671875 
3 64.23509216308594 242.76837158203125 181.42262268066406 409.15142822265625 
3 1117.33349609375 6.340709686279297 1153.1842041015625 81.73252868652344 
3 597.7281494140625 109.90130615234375 655.1141357421875 183.138916015625 
3 0.13388347625732422 227.96624755859375 73.48823547363281 352.31976318359375 
3 673.9679565429688 110.22346496582031 724.9593505859375 176.5426788330078 
3 0.1313800811767578 525.3717651367188 20.639148712158203 597.9163818359375 
3 679.9867553710938 114.69935607910156 726.7220458984375 175.4416961669922 
3 216.6343994140625 173.83087158203125 257.2645263671875 243.02627563476562 
14
3 74.45865631103516 328.82330322265625 282.37420654296875 565.690673828125 
3 80.0454330444336 235.90664672851562 209.267333984375 401.1565856933594 
3 601.1286010742188 111.42620849609375 656.031982421875 183.4776153564453 
3 686.38232421875 91.6041030883789 736.4129638671875 173.0099334716797 
3 1126.8685302734375 6.014835357666016 1163.7789306640625 81.21038055419922 
15
3 82.97554779052734 322.1656494140625 293.0141906738281 563.37890625 
3 94.49502563476562 233.17584228515625 233.47544860839844 393.16656494140625 
3 9.24654769897461 219.71502685546875 91.91847229003906 348.49261474609375 
3 1134.261474609375 5.128406524658203 1172.687255859375 79.28439331054688 
3 698.0386352539062 89.3217544555664 742.3184814453125 171.83200073242188 
3 604.5968017578125 109.04972839355469 660.494140625 182.326171875 
3 767.2752685546875 11.396499633789062 790.285400390625 51.80341339111328 
3 232.47113037109375 172.87387084960938 272.2786865234375 237.76473999023438 
16
3 96.10777282714844 321.4070739746094 297.74359130859375 559.8576049804688 
3 106.71923065185547 232.67745971679688 248.51585388183594 385.15484619140625 
3 16.672592163085938 219.423095703125 100.12832641601562 346.5223083496094 
3 1140.9207763671875 3.7372817993164062 1178.72509765625 80.04075622558594 
3 606.5648803710938 108.72483825683594 662.5726318359375 181.91647338867188 
3 708.6719970703125 89.7714614868164 752.535400390625 167.79432678222656 
17
3 105.31074523925781 318.5916748046875 301.55511474609375 559.5220947265625 
3 118.13021850585938 228.17864990234375 257.5185546875 384.8077392578125 
3 1147.4256591796875 2.8475875854492188 1184.8248291015625 78.59286499023438 
3 605.2324829101562 109.53620910644531 661.7636108398438 182.80186462402344 
3 716.0497436523438 88.0626220703125 765.6552124023438 167.23260498046875 
3 21.727210998535156 215.88458251953125 109.83741760253906 341.8395080566406 
18
3 110.92919158935547 330.9605712890625 305.0607604980469 557.787109375 
3 126.11505126953125 225.33804321289062 266.596923828125 383.173583984375 
3 603.6339111328125 110.90704345703125 660.8814697265625 266.7159118652344 
3 1151.5345458984375 3.5593605041503906 1188.856201171875 76.8143081665039 
3 722.4754638671875 85.5436019897461 775.6834716796875 166.81517028808594 
3 25.347427368164062 216.5440216064453 113.04276275634766 339.45855712890625 
3 460.35687255859375 60.86613464355469 481.7552490234375 93.36933898925781 
19
3 116.22419738769531 331.10565185546875 305.25628662109375 552.8690795898438 
3 600.3399658203125 111.476318359375 660.562744140625 268.991943359375 
3 132.38601684570312 223.66647338867188 274.29595947265625 376.5357971191406 
3 725.835693359375 84.00784301757812 782.9320068359375 169.26141357421875 
3 1153.2236328125 2.7335205078125 1192.885009765625 77.72036743164062 
3 27.193023681640625 216.67405700683594 113.37672424316406 334.2943420410156 
3 199.45237731933594 145.83831787109375 273.13983154296875 252.92376708984375 
3 778.0732421875 12.024127960205078 806.9960327148438 53.96244812011719 
20
3 119.76545715332031 333.33929443359375 305.80413818359375 549.0761108398438 
3 593.91357421875 113.99830627441406 656.3972778320312 269.861572265625 
3 1155.141845703125 2.112323760986328 1194.0780029296875 77.34584045410156 
3 133.777587890625 220.84130859375 279.2674560546875 376.0725402832031 
3 730.4615478515625 83.68836212158203 793.4486083984375 167.68746948242188 
3 288.0771179199219 115.18946838378906 331.02557373046875 173.4715118408203 
21
3 124.54365539550781 310.49005126953125 305.5758056640625 545.8592529296875 
3 590.5313110351562 115.43161010742188 653.0396118164062 271.39508056640625 
3 1153.1494140625 2.495037078857422 1195.8055419921875 76.9295654296875 
3 734.0885620117188 82.10269165039062 799.7352294921875 165.89581298828125 
3 136.08023071289062 223.21194458007812 279.9195861816406 379.59808349609375 
3 290.3401184082031 117.75779724121094 330.4900817871094 172.32643127441406 
22
3 127.37079620361328 314.00531005859375 304.19482421875 541.7083129882812 
3 584.5899047851562 118.27726745605469 647.0824584960938 271.9432373046875 
3 152.7545928955078 226.718505859375 280.0205078125 378.7235412597656 
3 1157.80126953125 3.4408531188964844 1198.5299072265625 77.22314453125 
3 739.6213989257812 87.98721313476562 804.341064453125 169.16058349609375 
3 197.71014404296875 145.34005737304688 273.6801452636719 257.6750793457031 
3 131.69227600097656 224.43997192382812 180.54100036621094 318.8944091796875 
3 289.7838439941406 114.35734558105469 330.80908203125 172.77206420898438 
3 0.3025026321411133 524.3651123046875 48.31990051269531 595.2277221679688 
23
3 130.192138671875 308.40313720703125 304.7958679199219 541.1500854492188 
3 154.87994384765625 218.26419067382812 278.71441650390625 376.5908203125 
3 1158.117431640625 3.6779327392578125 1199.724365234375 77.22804260253906 
3 577.7470092773438 120.1314697265625 642.1424560546875 254.3616943359375 
3 742.4006958007812 85.69342803955078 810.1774291992188 168.52847290039062 
3 27.039947509765625 209.54759216308594 112.54991912841797 333.5014953613281 
3 131.3391876220703 223.03570556640625 185.67596435546875 315.56243896484375 
3 198.51368713378906 145.24972534179688 274.5924377441406 255.8570556640625 
3 292.1329650878906 117.62777709960938 330.147705078125 175.36907958984375 
3 0.2565584182739258 524.0011596679688 48.433719635009766 595.3043212890625 
3 360.6178894042969 85.6666259765625 378.6170654296875 121.02880859375 
3 461.9869689941406 62.21576690673828 485.9503173828125 94.03242492675781 
24
3 131.14602661132812 315.9512023925781 303.57177734375 543.5341796875 
3 152.77297973632812 206.2584991455078 276.5018005371094 376.70306396484375 
3 1157.874755859375 3.586162567138672 1199.0850830078125 77.8196029663086 
3 571.5707397460938 121.96646118164062 641.6085205078125 267.60162353515625 
3 743.0506591796875 88.29859924316406 809.8992919921875 169.8980712890625 
3 26.2794189453125 212.32696533203125 111.58351135253906 334.9590148925781 
3 128.0646209716797 222.61196899414062 186.220458984375 310.4960021972656 
3 292.9507751464844 121.50271606445312 329.40533447265625 175.66650390625 
3 196.84280395507812 144.970458984375 274.0582580566406 249.29547119140625 
3 461.7113037109375 62.99763488769531 484.4033203125 94.11074829101562 
25
3 132.56790161132812 317.8894348144531 302.6478576660156 543.5200805664062 
3 163.07899475097656 211.20762634277344 276.1229553222656 373.22271728515625 
3 1158.0836181640625 3.5145187377929688 1197.33447265625 77.09090423583984 
3 745.46728515625 83.3696517944336 815.5985717773438 178.15380859375 
3 564.15478515625 123.48751831054688 641.5791625976562 243.88735961914062 
3 461.30157470703125 63.748321533203125 482.4424133300781 94.78863525390625 
3 22.817138671875 207.07119750976562 111.34184265136719 335.87603759765625 
26
3 132.34515380859375 307.93841552734375 299.5705871582031 544.13037109375 
3 746.4683227539062 82.41780090332031 819.7835083007812 189.56246948242188 
3 1157.1468505859375 2.4435806274414062 1196.39501953125 78.3509521484375 
3 555.9539184570312 123.68931579589844 639.9420166015625 239.0216064453125 
3 167.0570831298828 210.768310546875 272.8038330078125 368.96197509765625 
3 289.66473388671875 118.75303649902344 324.31964111328125 175.1884765625 
27
3 134.49908447265625 311.418701171875 298.7398376464844 547.1942138671875 
3 175.78311157226562 214.88816833496094 273.67889404296875 371.39276123046875 
3 750.00439453125 82.3711166381836 820.6348266601562 186.6602020263672 
3 1157.284912109375 2.5585975646972656 1196.2406005859375 77.10716247558594 
3 547.2584228515625 124.09419250488281 640.241455078125 285.8454895019531 
3 20.238853454589844 206.56922912597656 107.6896743774414 333.1437072753906 
28
3 135.58079528808594 316.74847412109375 296.0252990722656 550.5974731445312 
3 749.9201049804688 80.17230224609375 824.0040283203125 184.12547302246094 
3 18.480051040649414 206.56605529785156 105.529052734375 332.745361328125 
3 1153.20068359375 2.4627914428710938 1193.7869873046875 78.02911376953125 
3 177.57257080078125 212.8314208984375 278.97479248046875 371.6241149902344 
3 539.967041015625 124.2471923828125 641.2490234375 270.64483642578125 
29
3 135.3133087158203 307.64263916015625 296.2024230957031 555.7254028320312 
3 532.2467651367188 125.93701171875 636.8611450195312 283.877685546875 
3 15.248916625976562 207.3990936279297 103.31668090820312 332.6202087402344 
3 182.1689453125 203.55355834960938 294.362548828125 371.5042419433594 
3 753.2645263671875 78.09890747070312 823.6806640625 184.5589141845703 
3 1153.3070068359375 1.3362350463867188 1191.97900390625 75.83291625976562 
30
3 135.24563598632812 308.695556640625 293.9010925292969 558.50634765625 
3 182.02767944335938 207.46018981933594 301.2344970703125 373.052001953125 
3 523.0841064453125 126.82521057128906 621.9102783203125 268.28509521484375 
3 1152.4837646484375 1.00396728515625 1188.87255859375 75.47175598144531 
3 752.33935546875 80.626220703125 822.2020263671875 185.2770538330078 
3 12.208709716796875 213.10247802734375 98.91796112060547 332.77325439453125 
3 233.64501953125 172.22581481933594 272.8991394042969 242.50527954101562 
31
3 135.2874755859375 307.02130126953125 305.0372619628906 564.1712646484375 
3 187.01710510253906 207.5210723876953 316.9638366699219 373.4594421386719 
3 1151.1710205078125 1.3687858581542969 1187.212158203125 74.6310043334961 
3 754.1787719726562 75.82525634765625 821.2820434570312 188.177734375 
3 514.80078125 126.36416625976562 607.75732421875 281.605224609375 
3 515.5701904296875 127.49046325683594 579.5704345703125 230.94906616210938 
3 9.743247985839844 216.05792236328125 96.59677124023438 334.31146240234375 
3 231.61141967773438 173.4747314453125 271.9264831542969 242.6400146484375 
3 278.4444885253906 114.30148315429688 314.23321533203125 176.10496520996094 
32
3 135.8896942138672 305.62274169921875 314.16717529296875 563.4618530273438 
3 192.72593688964844 208.3087615966797 327.8106689453125 373.43133544921875 
3 508.1390686035156 127.86190795898438 575.244384765625 233.3095703125 
3 757.3446655273438 70.85807037353516 821.3651123046875 186.10150146484375 
3 1151.06787109375 0.015094757080078125 1186.786376953125 72.60340118408203 
3 446.63726806640625 63.791709899902344 470.59130859375 95.45030212402344 
33
3 137.55166625976562 304.02081298828125 321.79150390625 563.0714111328125 
3 197.9158477783203 211.23716735839844 331.8161926269531 372.3424072265625 
3 502.8139953613281 129.91644287109375 569.27294921875 233.18368530273438 
3 1150.7960205078125 0.0 1186.48291015625 71.88990783691406 
3 758.5575561523438 69.71037292480469 821.1743774414062 185.78863525390625 
3 279.7744140625 110.36637878417969 310.4713134765625 170.12991333007812 
3 446.6600036621094 63.338531494140625 470.1630859375 97.02041625976562 
34
3 136.59544372558594 304.68524169921875 322.7003479003906 565.2757568359375 
3 200.61280822753906 210.3220977783203 338.88922119140625 371.2992858886719 
3 1149.779541015625 0.0 1185.5755615234375 71.46351623535156 
3 758.7496337890625 71.77604675292969 819.3695068359375 185.03631591796875 
3 493.3651123046875 131.3045654296875 573.1921997070312 288.2496337890625 
3 228.67147827148438 174.85784912109375 268.5302734375 241.03060913085938 
3 278.8932800292969 105.59120178222656 309.48870849609375 174.97850036621094 
3 447.2335205078125 64.11103057861328 467.8294982910156 95.85624694824219 
35
3 137.5275115966797 307.00091552734375 319.56878662109375 566.4950561523438 
3 201.8195037841797 212.3041534423828 342.6548767089844 373.59942626953125 
3 1149.1065673828125 0.3096771240234375 1183.5263671875 70.88380432128906 
3 761.99072265625 74.95149230957031 817.7937622070312 190.24905395507812 
3 489.7860107421875 133.6370086669922 560.0391235351562 292.0411376953125 
3 224.72085571289062 176.6078643798828 266.1260681152344 238.84088134765625 
3 157.7206573486328 144.65255737304688 214.98193359375 226.9940185546875 
3 488.8471374511719 134.26417541503906 559.7562255859375 235.72610473632812 
3 278.1336364746094 110.47299194335938 306.6632080078125 176.1532745361328 
3 443.618896484375 66.2057113647461 464.1842041015625 97.60359191894531 
36
3 137.37086486816406 307.8010559082031 316.23565673828125 565.568359375 
3 203.49075317382812 211.53131103515625 341.8452453613281 376.03350830078125 
3 759.9088134765625 75.41314697265625 814.5741577148438 188.6587677001953 
3 1146.6983642578125 0.0 1183.20556640625 72.41675567626953 
3 481.38946533203125 135.70375061035156 552.1056518554688 238.25064086914062 
3 439.2616271972656 66.01114654541016 464.73663330078125 97.75068664550781 
37
3 136.09352111816406 309.0254211425781 313.73040771484375 566.3536987304688 
3 211.46481323242188 213.0145721435547 336.91583251953125 375.3688659667969 
3 759.19677734375 75.58641052246094 816.1412353515625 187.7698974609375 
3 1146.2801513671875 0.11414718627929688 1183.4454345703125 73.6327133178711 
3 473.5826110839844 138.79248046875 547.5257568359375 236.296630859375 
3 219.41622924804688 174.03614807128906 259.9232482910156 233.85113525390625 
3 158.1043701171875 149.99765014648438 209.58009338378906 232.44857788085938 
3 438.632568359375 66.04751586914062 461.6644592285156 99.06089782714844 
38
3 136.5680694580078 309.12890625 313.3398742675781 566.4547119140625 
3 215.6261749267578 211.48135375976562 331.6731262207031 371.82342529296875 
3 761.7344360351562 81.58345794677734 821.2479858398438 183.60934448242188 
3 1145.0621337890625 0.06698989868164062 1182.7838134765625 71.09353637695312 
3 466.70806884765625 143.13345336914062 539.6514892578125 237.10354614257812 
3 154.74380493164062 151.8477783203125 218.85130310058594 268.4730224609375 
3 0.16706180572509766 528.3303833007812 23.900718688964844 599.6346435546875 
39
3 134.71954345703125 308.0647277832031 311.5250244140625 569.3114624023438 
3 218.61634826660156 207.39306640625 335.4815673828125 368.4532775878906 
3 758.7666015625 76.49418640136719 825.3799438476562 188.25271606445312 
3 1144.5853271484375 0.0087890625 1182.2333984375 72.83877563476562 
3 459.61572265625 146.87709045410156 535.2604370117188 238.29541015625 
3 0.09755706787109375 223.05523681640625 83.50962829589844 334.30511474609375 
3 164.21897888183594 166.08306884765625 216.65621948242188 270.38720703125 
3 436.541748046875 68.46990203857422 459.0320129394531 99.26446533203125 
40
3 134.83657836914062 308.0304260253906 311.33660888671875 568.56591796875 
3 221.41738891601562 194.3509521484375 334.3862609863281 365.4040832519531 
3 1147.48486328125 0.440216064453125 1183.224853515625 72.3366928100586 
3 766.4636840820312 81.44061279296875 830.649169921875 187.59474182128906 
3 453.9132080078125 147.01475524902344 527.8854370117188 309.3973083496094 
3 164.18698120117188 164.6715545654297 216.65798950195312 271.61724853515625 
3 0.1176300048828125 527.8126220703125 22.052154541015625 597.7700805664062 
3 436.5814208984375 67.8414077758789 458.9739990234375 99.06710815429688 
41
3 135.96958923339844 307.6793212890625 312.5471496582031 568.1950073242188 
3 225.56617736816406 190.8302001953125 330.4173583984375 361.15679931640625 
3 1147.1500244140625 0.0 1183.6580810546875 70.52195739746094 
3 773.1854858398438 66.390869140625 834.5516357421875 186.7008056640625 
3 164.81414794921875 163.27264404296875 217.86363220214844 272.8228759765625 
3 448.2129821777344 149.8035888671875 518.6912231445312 310.8098449707031 
3 0.11581230163574219 526.069580078125 21.414566040039062 597.4783935546875 
3 437.8509826660156 67.90867614746094 459.0820617675781 98.79377746582031 
42
3 139.3658447265625 306.77020263671875 315.00811767578125 566.7959594726562 
3 225.6934051513672 186.7606201171875 331.8818359375 347.903564453125 
3 1149.00146484375 0.0 1182.9334716796875 70.64807891845703 
3 776.8655395507812 63.60194396972656 839.150146484375 186.51107788085938 
3 443.7527770996094 150.5697479248047 511.7169494628906 312.1883544921875 
3 115.33917999267578 160.61465454101562 163.75799560546875 243.904052734375 
43
3 141.84536743164062 306.493408203125 317.6505126953125 565.8685913085938 
3 230.9084930419922 188.86740112304688 331.93890380859375 345.13946533203125 
3 1150.7568359375 0.0 1185.97509765625 70.08352661132812 
3 782.0131225585938 76.32563781738281 843.8190307617188 186.61590576171875 
3 437.080810546875 151.9615478515625 505.7909851074219 313.4486999511719 
44
3 144.665771484375 305.3111572265625 316.1865539550781 566.3189697265625 
3 242.25770568847656 184.09039306640625 339.2548828125 339.09613037109375 
3 787.2965087890625 68.18623352050781 849.7677001953125 185.61322021484375 
3 1152.6591796875 0.04583740234375 1186.9166259765625 69.20442199707031 
3 433.3397216796875 153.35238647460938 503.4727478027344 313.29290771484375 
3 157.58253479003906 151.01361083984375 222.421630859375 272.18841552734375 
45
3 148.30715942382812 303.5218505859375 329.6792297363281 566.437744140625 
3 252.6123046875 184.4247589111328 348.11669921875 342.7818603515625 
3 790.9111938476562 75.25322723388672 850.1199951171875 185.53622436523438 
3 1152.9906005859375 0.0 1189.7127685546875 69.49610900878906 
3 432.29669189453125 153.0360565185547 504.35272216796875 313.92822265625 
3 430.7966003417969 152.76531982421875 550.4014282226562 313.12353515625 
46
3 154.8837432861328 302.9039611816406 342.91925048828125 566.1679077148438 
3 260.0792236328125 178.6563720703125 369.8895263671875 340.0278625488281 
3 423.272705078125 152.48788452148438 538.3685302734375 310.56939697265625 
3 1154.544189453125 0.0 1192.5272216796875 68.9939956665039 
3 794.8153686523438 68.43134307861328 853.2434692382812 182.91592407226562 
47
3 160.05320739746094 301.5665283203125 357.3539123535156 566.4154663085938 
3 417.2396240234375 153.6033172607422 527.7760620117188 311.79840087890625 
3 266.6157531738281 183.5159149169922 386.0711669921875 340.9124755859375 
3 798.9952392578125 68.87881469726562 856.55712890625 181.71847534179688 
3 1155.225341796875 0.5163040161132812 1192.732177734375 66.96257019042969 
48
3 163.3280487060547 301.505615234375 370.2114562988281 566.095703125 
3 414.81689453125 153.48487854003906 515.3138427734375 311.3773498535156 
3 272.3704833984375 182.00672912597656 396.03997802734375 342.29644775390625 
3 1156.1849365234375 0.3034629821777344 1192.6195068359375 67.33729553222656 
3 803.8241577148438 66.6636962890625 858.2996215820312 179.16476440429688 
3 756.3790893554688 13.37576675415039 778.6494140625 53.12347412109375 
49
3 166.4596710205078 301.8857116699219 380.41326904296875 566.1547241210938 
3 407.8295593261719 153.86634826660156 503.0034484863281 315.5108642578125 
3 806.66748046875 65.14756774902344 858.6251220703125 174.971435546875 
3 1155.4990234375 0.18030929565429688 1193.0391845703125 66.28863525390625 
3 277.22381591796875 179.06661987304688 402.95196533203125 341.374267578125 
3 276.76824951171875 178.59222412109375 353.8293762207031 342.793212890625 
50
3 170.4248046875 301.50360107421875 388.29937744140625 566.025634765625 
3 403.3457946777344 157.2529296875 502.2201843261719 319.27276611328125 
3 811.99658203125 62.457664489746094 866.7400512695312 163.21453857421875 
3 1160.759033203125 0.0 1196.891845703125 67.34862518310547 
3 282.07623291015625 180.55801391601562 406.82086181640625 340.613037109375 
51
2 175.72998046875 300.62750244140625 394.59820556640625 566.77099609375 
3 814.2769165039062 62.218505859375 867.1409912109375 162.58218383789062 
3 288.2137451171875 179.57850646972656 418.97509765625 341.1126708984375 
3 1161.2210693359375 0.0 1198.4776611328125 67.07032775878906 
3 398.1878967285156 159.05320739746094 474.60308837890625 321.2491760253906 
52
2 181.7306671142578 300.895751953125 400.3121337890625 566.5836181640625 
3 295.5528869628906 177.19752502441406 410.360107421875 336.0455017089844 
3 395.579345703125 161.3111572265625 467.8877868652344 328.0188293457031 
3 1162.416748046875 0.0 1199.5806884765625 67.55297088623047 
3 817.798583984375 58.826629638671875 871.2684936523438 163.13711547851562 
3 445.318359375 65.79254913330078 469.1152038574219 96.53657531738281 
53
2 186.86593627929688 301.30523681640625 402.6105651855469 566.2071533203125 
3 298.3021240234375 174.99868774414062 414.45294189453125 337.5009460449219 
3 383.1173400878906 163.01051330566406 503.8343505859375 335.83148193359375 
3 1162.9501953125 0.0 1204.8905029296875 67.2607192993164 
3 820.7734985351562 59.202903747558594 878.8587036132812 162.46945190429688 
3 1161.544677734375 0.17605972290039062 1201.4412841796875 66.94473266601562 
3 166.76087951660156 152.18710327148438 223.83738708496094 269.1213073730469 
3 446.0790710449219 66.20162200927734 468.7107849121094 97.04035949707031 
54
2 194.2203826904297 299.7056579589844 402.49273681640625 565.7365112304688 
3 382.0646667480469 166.29725646972656 504.40924072265625 317.6669921875 
3 298.7594299316406 171.38772583007812 414.8874816894531 334.5902404785156 
3 1163.2486572265625 0.0 1206.9136962890625 66.55835723876953 
3 825.0005493164062 59.22090148925781 892.1209716796875 160.55181884765625 
3 0.2848043441772461 229.74444580078125 63.13465881347656 329.0396423339844 
3 164.85162353515625 150.9976806640625 224.5212860107422 268.6395263671875 
3 446.2462158203125 65.50743103027344 467.65130615234375 97.56246948242188 
55
2 198.0906982421875 296.8770751953125 403.24896240234375 561.4178466796875 
3 377.74822998046875 168.49838256835938 502.6863708496094 316.7239074707031 
3 303.13104248046875 171.21023559570312 421.1839294433594 334.9576721191406 
3 1164.489013671875 0.0 1208.188720703125 65.67364501953125 
3 830.1959228515625 58.555580139160156 894.4174194335938 159.37747192382812 
3 0.2926454544067383 526.9266967773438 26.00714111328125 599.855712890625 
3 447.3114929199219 65.40609741210938 468.1251220703125 98.89215087890625 
3 225.61285400390625 173.21316528320312 266.30865478515625 239.86773681640625 
56
2 205.3165283203125 294.73956298828125 405.2002258300781 556.548828125 
3 834.27392578125 58.74400329589844 895.4923706054688 160.86972045898438 
3 308.83941650390625 167.0899658203125 429.6763000488281 338.8125 
3 372.80169677734375 170.0089874267578 502.12908935546875 314.7313537597656 
3 1170.4918212890625 0.0 1208.337890625 65.5950927734375 
3 0.19400405883789062 228.4395751953125 59.173152923583984 328.0331115722656 
3 0.3929710388183594 528.6474609375 28.342525482177734 599.8988647460938 
57
2 210.22683715820312 293.26318359375 405.77081298828125 554.87255859375 
3 1171.02001953125 0.0 1209.0537109375 65.16814422607422 
3 837.87060546875 58.40393829345703 900.132568359375 160.70916748046875 
3 372.52728271484375 172.713623046875 502.0069580078125 313.51025390625 
3 0.26300621032714844 443.4122619628906 30.49740219116211 599.7373046875 
3 0.16201400756835938 228.97817993164062 53.984161376953125 327.33624267578125 
3 359.5572509765625 172.96395874023438 435.037109375 344.509033203125 
3 169.77548217773438 153.2191619873047 226.23663330078125 269.08880615234375 
3 322.5605773925781 168.3365478515625 385.8348693847656 330.92962646484375 
58
2 214.5521240234375 291.9635925292969 404.78564453125 553.2705078125 
3 1171.8193359375 0.0 1209.3448486328125 65.36746215820312 
3 841.2274780273438 58.12030792236328 906.0381469726562 160.72991943359375 
3 0.1943073272705078 427.5141906738281 31.39480209350586 599.4447631835938 
3 335.03875732421875 168.51686096191406 435.6141662597656 347.04425048828125 
3 366.1940002441406 171.54165649414062 497.9147644042969 313.07452392578125 
59
2 217.37510681152344 290.4765625 404.4739990234375 551.2879638671875 
3 1172.4420166015625 0.0 1210.328125 65.57964324951172 
3 843.1622314453125 56.65538024902344 910.5594482421875 160.02276611328125 
3 0.17633914947509766 422.33740234375 43.488826751708984 598.6782836914062 
3 338.9745788574219 164.00485229492188 490.5371398925781 347.57025146484375 
3 294.7831726074219 100.236328125 326.2906799316406 156.4235382080078 
3 448.92169189453125 64.35381317138672 468.7357482910156 98.78364562988281 
3 337.8691711425781 164.59750366210938 431.0550537109375 322.89190673828125 
60
2 219.26565551757812 290.3664245605469 404.0822448730469 550.1743774414062 
3 1174.4859619140625 0.0 1209.399658203125 66.33796691894531 
3 846.72509765625 58.33421325683594 905.9879150390625 160.69131469726562 
3 341.2342224121094 159.92782592773438 479.5560302734375 347.333251953125 
3 292.42535400390625 93.4691162109375 327.6163330078125 146.1834259033203 
3 340.50347900390625 159.76162719726562 432.44915771484375 316.5953063964844 
3 0.39565086364746094 528.954345703125 28.471479415893555 599.4085083007812 
3 0.22243785858154297 420.0859069824219 49.74817657470703 465.2337951660156 
61
2 220.64620971679688 288.51251220703125 403.1875915527344 550.0050048828125 
3 848.5732421875 56.868255615234375 909.653564453125 160.39614868164062 
3 1175.2470703125 0.0 1208.6025390625 65.02911376953125 
3 340.47784423828125 159.42440795898438 468.86041259765625 346.8993835449219 
3 295.5962829589844 96.15313720703125 328.1885986328125 146.63232421875 
3 339.3665466308594 160.70433044433594 433.8771667480469 315.97271728515625 
3 0.4069375991821289 417.6552734375 56.10417938232422 598.8377685546875 
3 961.6019897460938 63.51970672607422 995.1790771484375 156.71954345703125 
62
2 222.52517700195312 287.369384765625 402.1315002441406 548.1237182617188 
3 850.9803466796875 54.874855041503906 911.6963500976562 159.5876007080078 
3 1175.89111328125 0.0 1211.2625732421875 63.69334411621094 
3 339.2959289550781 154.60195922851562 453.2500915527344 316.9554443359375 
3 297.0019226074219 95.92942810058594 327.8677062988281 146.50027465820312 
3 0.2387075424194336 411.0767822265625 60.40619659423828 598.96826171875 
3 0.16323280334472656 230.47879028320312 45.15483474731445 328.94757080078125 
3 336.2546081542969 154.69361877441406 460.3174133300781 347.28179931640625 
3 377.9584655761719 81.56971740722656 398.8141174316406 124.44990539550781 
63
2 225.49874877929688 286.0180969238281 402.4677429199219 548.5335693359375 
3 854.1075439453125 54.860137939453125 912.5452270507812 159.3177947998047 
3 1177.4525146484375 0.0 1209.271240234375 63.9306640625 
3 331.5892333984375 177.90673828125 419.05853271484375 347.3283386230469 
3 357.50335693359375 155.53436279296875 454.25390625 321.92144775390625 
3 0.11486053466796875 231.17538452148438 46.19337463378906 328.60198974609375 
3 225.32789611816406 173.45965576171875 267.20965576171875 238.5694580078125 
64
2 227.67794799804688 284.5711669921875 403.0780029296875 550.0305786132812 
3 857.3250732421875 54.80316925048828 911.589111328125 156.63748168945312 
3 1177.821044921875 0.0 1208.878662109375 62.917755126953125 
3 319.541015625 179.04263305664062 421.9876708984375 347.2259521484375 
3 298.5007629394531 94.4744873046875 328.2411804199219 143.87159729003906 
3 357.315673828125 153.61883544921875 452.07940673828125 317.552490234375 
3 0.09413337707519531 402.9771728515625 64.31372833251953 596.7805786132812 
3 0.13777446746826172 235.64596557617188 41.329551696777344 328.9549255371094 
3 225.21998596191406 172.25648498535156 266.86993408203125 238.42034912109375 
65
2 230.3482666015625 284.16802978515625 409.1250305175781 551.1336059570312 
3 363.1422119140625 151.65777587890625 470.11029052734375 303.4540710449219 
3 859.2178955078125 51.693695068359375 909.2661743164062 154.98898315429688 
3 303.6243896484375 182.73361206054688 418.61199951171875 346.8126525878906 
3 1177.6292724609375 0.0 1208.4268798828125 62.486045837402344 
3 303.1812438964844 182.31871032714844 418.07147216796875 348.03802490234375 
3 299.80645751953125 94.33187866210938 327.605712890625 142.99468994140625 
3 0.0 243.611572265625 64.87005615234375 462.2393798828125 
3 0.21607494354248047 395.1758728027344 64.79165649414062 460.54010009765625 
66
2 233.84791564941406 284.20257568359375 418.7969665527344 550.5432739257812 
3 303.404296875 182.07720947265625 414.1089782714844 348.6207275390625 
3 367.846923828125 151.11593627929688 484.4158935546875 307.9300537109375 
3 863.107666015625 50.939971923828125 910.281982421875 153.94573974609375 
3 1177.79736328125 0.0 1209.2294921875 61.74243927001953 
3 0.15070056915283203 244.8028564453125 63.718902587890625 459.7552795410156 
3 299.715576171875 93.47145080566406 326.1766357421875 144.32411193847656 
3 0.4414987564086914 390.2735595703125 63.419410705566406 460.1014404296875 
67
2 236.88279724121094 285.14453125 430.07562255859375 550.21435546875 
3 300.8271179199219 185.46942138671875 414.4097900390625 352.63702392578125 
3 1173.926025390625 0.0 1208.9029541015625 61.53184509277344 
3 863.6233520507812 50.26890563964844 911.7408447265625 154.2955322265625 
3 372.08831787109375 151.95428466796875 458.17132568359375 309.31329345703125 
3 298.6123962402344 101.27020263671875 325.1833190917969 144.47357177734375 
3 0.2630634307861328 390.41534423828125 65.63059997558594 472.13555908203125 
3 0.0 244.8775634765625 65.41593933105469 473.5160217285156 
68
2 239.39393615722656 286.0842590332031 439.2161865234375 549.0819702148438 
3 864.5439453125 50.470802307128906 912.2360229492188 154.23187255859375 
3 1173.1063232421875 0.0 1206.721923828125 61.69183349609375 
3 296.420166015625 186.61029052734375 411.701171875 356.706787109375 
3 374.712646484375 151.84268188476562 464.051025390625 307.23089599609375 
3 295.1524963378906 96.53071594238281 323.1701965332031 144.249755859375 
3 0.31424427032470703 387.3873291015625 62.28713607788086 470.0524597167969 
69
2 243.901611328125 285.84576416015625 448.1679992675781 545.7244873046875 
3 293.7864074707031 190.9971466064453 412.5137939453125 354.0986328125 
3 374.75323486328125 152.67178344726562 458.3853454589844 307.26824951171875 
3 1170.921142578125 0.0 1203.5269775390625 62.11415100097656 
3 864.3673706054688 50.776824951171875 914.9183349609375 154.30653381347656 
3 0.15976715087890625 386.3998107910156 59.43263244628906 473.9975891113281 
3 164.3802032470703 155.97987365722656 217.85610961914062 256.7339782714844 
70
2 246.84164428710938 284.99493408203125 450.7220458984375 540.76708984375 
3 371.99102783203125 150.42529296875 460.6994934082031 308.49517822265625 
3 865.723876953125 49.23370361328125 917.445556640625 152.12045288085938 
3 284.53387451171875 194.80886840820312 442.5281066894531 396.6331787109375 
3 1165.483154296875 0.0 1201.52783203125 60.234039306640625 
3 0.22752666473388672 383.04827880859375 58.885047912597656 473.10223388671875 
3 286.2203369140625 193.58680725097656 415.55047607421875 354.9876403808594 
3 290.0982971191406 96.29385375976562 319.3548889160156 143.56661987304688 
3 215.82223510742188 166.66494750976562 256.8140869140625 240.07492065429688 
71
2 250.02291870117188 283.6025390625 456.1015625 540.5076904296875 
3 384.1656188964844 148.6932373046875 463.9813537597656 306.02032470703125 
3 866.4973754882812 49.07135009765625 928.90283203125 151.98104858398438 
3 1164.600830078125 0.0 1200.58642578125 59.43415069580078 
3 274.83978271484375 196.5987548828125 409.98809814453125 349.78717041015625 
3 274.0074768066406 197.45046997070312 447.8291320800781 393.6681823730469 
3 290.9057922363281 92.97348022460938 317.8686828613281 139.7766571044922 
3 161.8403778076172 156.12506103515625 213.62728881835938 258.51666259765625 
3 0.2157135009765625 382.6036682128906 56.6722412109375 472.0923156738281 
3 214.63531494140625 172.97967529296875 253.19985961914062 238.20556640625 
72
2 252.42530822753906 283.484619140625 462.48297119140625 539.599365234375 
3 386.32293701171875 146.61712646484375 464.1453857421875 305.65484619140625 
3 866.1439819335938 49.260650634765625 933.2957763671875 152.63916015625 
3 268.40911865234375 201.25662231445312 408.3741760253906 348.85052490234375 
3 1162.5672607421875 0.0 1196.746826171875 59.997703552246094 
3 211.54237365722656 170.41299438476562 251.70730590820312 240.13970947265625 
3 0.36640071868896484 297.71624755859375 55.29884719848633 470.89306640625 
3 0.39536571502685547 383.1357116699219 54.7982063293457 470.8719482421875 
73
2 252.942626953125 284.9447021484375 465.2653503417969 540.7655029296875 
3 257.16845703125 205.25660705566406 402.83172607421875 346.90765380859375 
3 1157.8255615234375 0.08733367919921875 1193.848388671875 57.87077331542969 
3 861.498046875 48.413726806640625 936.2860717773438 151.60086059570312 
3 0.1949596405029297 301.5569763183594 52.79342269897461 469.89068603515625 
3 388.79888916015625 143.80247497558594 462.5852355957031 301.17279052734375 
3 387.95404052734375 142.96185302734375 500.08966064453125 300.2317810058594 
74
2 254.28738403320312 286.4017028808594 464.79791259765625 540.9158935546875 
3 391.0666809082031 142.4224853515625 461.4057922363281 296.428955078125 
3 1156.64453125 0.0 1189.9498291015625 61.06646728515625 
3 247.29409790039062 206.40142822265625 398.42578125 348.3998107910156 
3 858.7971801757812 51.10472106933594 909.9327392578125 152.2305908203125 
3 0.2014474868774414 310.45684814453125 49.70816421508789 469.54656982421875 
75
2 253.335205078125 286.0218505859375 461.090087890625 541.659423828125 
3 1153.1502685546875 0.0 1184.8487548828125 62.33668518066406 
3 0.14814281463623047 389.19866943359375 46.39610290527344 472.01397705078125 
3 390.3496398925781 143.48716735839844 486.99267578125 291.7850646972656 
3 858.9728393554688 52.25544738769531 922.5355224609375 152.55340576171875 
3 238.2459259033203 210.52450561523438 305.71258544921875 297.2152099609375 
76
2 254.48292541503906 281.7481994628906 457.23809814453125 539.5481567382812 
3 1148.18505859375 0.0 1181.27978515625 62.020042419433594 
3 230.99826049804688 212.544677734375 295.56170654296875 341.36993408203125 
3 858.4012451171875 52.10850524902344 927.6148071289062 151.53964233398438 
3 0.1457653045654297 391.6450500488281 43.67981719970703 471.7783203125 
3 392.27130126953125 142.03646850585938 454.84552001953125 240.23043823242188 
3 133.26991271972656 159.16171264648438 197.52362060546875 276.2093200683594 
77
2 255.07763671875 281.0711364746094 454.2005920410156 538.7056274414062 
3 1142.1451416015625 0.0 1175.65478515625 60.246185302734375 
3 222.45948791503906 216.1304473876953 280.72216796875 351.6194152832031 
3 0.20101070404052734 393.8177185058594 39.315711975097656 472.01739501953125 
3 857.5055541992188 52.20740509033203 912.7371215820312 151.53622436523438 
3 391.31829833984375 137.38442993164062 474.3853759765625 297.83734130859375 
78
2 255.3688507080078 280.3403015136719 453.8123779296875 537.7423706054688 
3 858.591796875 50.69126892089844 926.7481079101562 150.83270263671875 
3 1141.4132080078125 0.0 1176.0821533203125 59.24565887451172 
3 0.22845458984375 392.861328125 39.11842346191406 471.0628967285156 
3 213.0918731689453 217.70834350585938 276.6706237792969 354.5394287109375 
3 265.73162841796875 101.32855224609375 292.9810485839844 150.75218200683594 
3 393.57879638671875 137.41436767578125 480.3515625 290.0740966796875 
79
2 255.58457946777344 277.02252197265625 450.27191162109375 536.5090942382812 
3 394.927978515625 136.7740936279297 467.3072509765625 238.67739868164062 
3 1137.076904296875 0.0 1171.51416015625 58.245147705078125 
3 857.8147583007812 48.87040710449219 905.2537841796875 150.52113342285156 
3 0.21159076690673828 394.7663879394531 37.23198699951172 470.9755859375 
3 206.09690856933594 219.74046325683594 275.2190246582031 357.51544189453125 
3 806.2915649414062 0.7874526977539062 823.8358764648438 42.260841369628906 
80
2 258.884765625 275.18048095703125 450.064453125 533.7604370117188 
3 394.8316345214844 133.79246520996094 470.8609924316406 236.55850219726562 
3 861.0481567382812 46.868560791015625 919.9512939453125 148.2958984375 
3 1132.7991943359375 0.0 1168.73974609375 55.226234436035156 
3 188.33914184570312 214.32662963867188 270.8299560546875 368.95086669921875 
3 0.20377254486083984 393.8790588378906 37.66902160644531 469.3388366699219 
3 802.718505859375 1.2864532470703125 821.54296875 41.714195251464844 
81
2 263.589599609375 272.58294677734375 446.8581848144531 532.1256103515625 
3 1131.413330078125 0.0 1166.5048828125 55.59869384765625 
3 859.94580078125 46.87702941894531 917.6076049804688 148.55606079101562 
3 399.8232727050781 131.84523010253906 475.9822082519531 235.69793701171875 
3 175.07858276367188 222.12973022460938 269.3721618652344 359.6737060546875 
3 0.1729145050048828 395.84246826171875 32.47281265258789 467.90985107421875 
3 703.343017578125 13.99081802368164 731.1632690429688 55.92206573486328 
82
2 267.31024169921875 270.688720703125 452.7554931640625 530.8562622070312 
3 1126.4227294921875 0.0 1163.682373046875 55.07164764404297 
3 172.51907348632812 220.7125244140625 271.9428405761719 386.5442199707031 
3 857.9814453125 44.488548278808594 916.433837890625 148.68112182617188 
3 400.2629089355469 131.07334899902344 494.2624816894531 286.02203369140625 
3 0.24626922607421875 400.6716003417969 31.372922897338867 468.480224609375 
3 399.37384033203125 131.4271240234375 480.5038757324219 235.22418212890625 
3 400.1065368652344 131.24542236328125 495.85498046875 284.34796142578125 
3 257.4764709472656 100.55305480957031 281.005859375 150.18284606933594 
3 309.1754455566406 92.31135559082031 330.7958679199219 136.66189575195312 
83
2 268.79150390625 270.1256103515625 466.1407470703125 531.6151123046875 
3 167.82481384277344 222.13876342773438 270.2386169433594 400.5438537597656 
3 399.5328674316406 134.4349365234375 479.82635498046875 236.1510009765625 
3 1120.58056640625 0.0 1156.12109375 56.223846435546875 
3 855.5869140625 46.87617492675781 909.658447265625 148.92657470703125 
3 250.7718048095703 108.63197326660156 275.51995849609375 148.10142517089844 
84
2 269.9959716796875 270.0064697265625 484.7737121582031 530.66064453125 
3 149.66754150390625 229.40826416015625 274.7642822265625 407.83135986328125 
3 399.3467712402344 136.29489135742188 483.03497314453125 237.13253784179688 
3 853.1860961914062 47.11634826660156 913.0367431640625 147.9836883544922 
3 1117.596923828125 0.0 1153.1937255859375 57.25031280517578 
85
2 267.92327880859375 271.0877685546875 493.6964111328125 531.8162231445312 
3 138.0133056640625 231.45492553710938 275.26739501953125 420.9992980957031 
3 396.46832275390625 139.282958984375 481.24993896484375 239.69232177734375 
3 846.0069580078125 48.02691650390625 894.492919921875 147.943115234375 
3 161.89369201660156 189.0800018310547 203.30999755859375 251.38018798828125 
3 1106.8441162109375 0.0 1143.29541015625 57.6630859375 
3 0.19947528839111328 428.81524658203125 17.884916305541992 573.8685302734375 
3 237.79376220703125 111.50886535644531 265.3037414550781 156.66184997558594 
86
2 269.86328125 271.8804016113281 503.3962707519531 532.9573974609375 
3 130.0806427001953 238.02606201171875 272.74102783203125 422.83502197265625 
3 395.5649108886719 140.62579345703125 479.5613098144531 239.570556640625 
3 1099.646240234375 0.0 1136.96240234375 58.233055114746094 
3 841.5120849609375 47.047119140625 888.199462890625 151.56362915039062 
3 153.82443237304688 181.550048828125 195.76611328125 258.2357482910156 
3 91.66415405273438 173.41888427734375 145.18231201171875 246.64556884765625 
87
2 270.36785888671875 270.8070068359375 506.14959716796875 531.7236938476562 
3 116.8697509765625 247.69061279296875 267.348876953125 424.9893798828125 
3 395.4359130859375 140.51031494140625 481.29315185546875 239.32867431640625 
3 1095.4886474609375 0.0 1130.3172607421875 57.06254577636719 
3 838.5826416015625 47.178855895996094 885.614013671875 150.51547241210938 
3 225.25489807128906 111.15815734863281 253.60203552246094 151.56607055664062 
88
2 271.27301025390625 271.7933349609375 503.0227966308594 531.8466796875 
3 105.42931365966797 255.34503173828125 257.9527893066406 424.0697326660156 
3 393.154541015625 141.0070037841797 476.05303955078125 239.09506225585938 
3 1088.6815185546875 0.0 1122.818115234375 57.726646423339844 
3 833.9898071289062 48.17405700683594 880.4216918945312 149.74192810058594 
89
2 271.528564453125 273.24908447265625 504.0059814453125 531.2107543945312 
3 91.41593933105469 257.5796203613281 249.5252685546875 426.0903015136719 
3 392.0291442871094 140.70602416992188 473.54327392578125 239.08615112304688 
3 1080.71240234375 0.0 1113.443115234375 59.09983825683594 
3 134.27490234375 195.77664184570312 174.01422119140625 268.701416015625 
3 827.2060546875 48.30298614501953 872.4260864257812 152.59161376953125 
3 69.75157928466797 176.59619140625 126.65510559082031 248.09823608398438 
90
2 270.90496826171875 272.5969543457031 499.0992431640625 530.9242553710938 
3 78.17603302001953 264.5965576171875 238.78805541992188 437.3241271972656 
3 387.6458435058594 142.2998046875 467.62005615234375 239.92877197265625 
3 1073.8707275390625 0.055255889892578125 1104.4263916015625 59.03855895996094 
3 821.3271484375 48.812103271484375 862.3976440429688 151.86993408203125 
91
3 64.31056213378906 268.9411315917969 221.65631103515625 440.0335693359375 
2 271.96337890625 272.4713134765625 497.3955993652344 530.1865234375 
3 386.5694580078125 142.0225372314453 461.3749694824219 240.41152954101562 
3 1065.7720947265625 0.0 1093.434326171875 58.032623291015625 
3 816.7728271484375 47.70298767089844 863.5897827148438 151.57374572753906 
92
2 272.0418701171875 272.04376220703125 494.2376708984375 530.55712890625 
3 53.3269157409668 274.65203857421875 204.4748077392578 443.63336181640625 
3 382.8944091796875 143.15347290039062 454.35662841796875 239.99911499023438 
3 1051.8367919921875 0.8226242065429688 1082.4295654296875 58.98603820800781 
3 0.8704347610473633 191.67330932617188 48.77775573730469 270.93548583984375 
93
3 42.568382263183594 273.5288391113281 189.98875427246094 446.0891418457031 
2 274.38714599609375 270.94384765625 490.76556396484375 529.1011962890625 
3 381.04827880859375 140.5279083251953 450.0728454589844 237.0726318359375 
3 1048.65869140625 0.0 1078.627197265625 59.137855529785156 
3 182.5792236328125 123.28378295898438 209.4805145263672 164.0145263671875 
3 222.91793823242188 114.00282287597656 250.9499969482422 157.1645965576172 
3 37.80512237548828 187.42279052734375 92.48667907714844 252.75384521484375 
94
2 274.886962890625 266.9857177734375 484.8087158203125 526.3375244140625 
3 379.1216125488281 138.603759765625 445.59356689453125 235.29861450195312 
3 26.392730712890625 269.5330810546875 170.908935546875 444.1354064941406 
3 798.6799926757812 44.14464569091797 861.620361328125 146.95303344726562 
3 1043.7696533203125 1.4417686462402344 1071.3970947265625 55.75764465332031 
3 16.854307174682617 191.77490234375 87.253173828125 290.99114990234375 
3 706.5392456054688 14.366943359375 722.308837890625 54.26556396484375 
3 96.74249267578125 200.0044708251953 139.38436889648438 272.92889404296875 
95
2 275.4288330078125 266.32421875 479.8069152832031 523.4512329101562 
3 12.656661987304688 274.84552001953125 152.13108825683594 441.4742431640625 
3 794.305419921875 37.42720031738281 852.148193359375 139.40484619140625 
3 379.337158203125 138.62420654296875 440.50994873046875 235.38565063476562 
3 33.563201904296875 190.9897003173828 96.88703155517578 302.1203308105469 
3 379.6781005859375 137.35330200195312 469.23541259765625 277.705322265625 
3 1034.419677734375 0.22846221923828125 1063.486328125 57.625404357910156 
96
2 275.6331787109375 267.4552917480469 476.2406921386719 522.6207275390625 
3 5.6505584716796875 280.160400390625 138.04673767089844 442.5796203613281 
3 789.3707275390625 47.381500244140625 847.36181640625 143.36502075195312 
3 377.8409423828125 140.29327392578125 443.34429931640625 236.03192138671875 
3 1025.90087890625 0.7579269409179688 1055.8345947265625 58.99632263183594 
97
3 0.16146087646484375 279.878173828125 120.7108154296875 446.0506591796875 
2 271.7542724609375 265.6904602050781 467.6944580078125 521.9513549804688 
3 373.3128356933594 139.30020141601562 439.9622802734375 236.18685913085938 
3 1019.2739868164062 1.905548095703125 1047.5740966796875 59.280052185058594 
3 785.2225341796875 47.497825622558594 828.5513916015625 143.19444274902344 
98
3 0.1769561767578125 286.2994689941406 111.64907836914062 451.9636535644531 
2 271.78314208984375 265.3671569824219 461.1514892578125 522.8978271484375 
3 369.20465087890625 137.48175048828125 449.2764892578125 285.9446716308594 
3 369.1902160644531 140.86062622070312 442.6339111328125 240.27716064453125 
3 776.7955932617188 45.276611328125 831.2332763671875 142.41744995117188 
3 188.8541717529297 123.00445556640625 211.95095825195312 164.99586486816406 
99
2 271.4451904296875 264.4269714355469 456.2260437011719 523.792724609375 
3 0.48095703125 298.449462890625 104.40132904052734 461.81744384765625 
3 367.10870361328125 140.8243408203125 444.0940856933594 287.0041809082031 
3 769.3359375 47.21105194091797 816.6920166015625 146.24835205078125 
100
2 270.5396728515625 263.468017578125 448.9493408203125 519.1740112304688 
3 0.25608062744140625 313.28155517578125 99.43675231933594 469.7406005859375 
3 363.48577880859375 138.76828002929688 453.4652404785156 272.28167724609375 
3 766.9666137695312 49.28935241699219 812.6207275390625 146.48513793945312 
101
2 266.83428955078125 259.70623779296875 441.01251220703125 522.4622802734375 
3 360.3162536621094 137.2952117919922 456.7048645019531 271.357666015625 
3 0.1351318359375 343.86358642578125 92.12189483642578 480.8343505859375 
3 0.11034584045410156 205.04710388183594 34.642669677734375 279.26739501953125 
3 755.0587768554688 46.25007629394531 804.7700805664062 144.17214965820312 
102
2 268.1350402832031 258.8169250488281 438.695556640625 523.7057495117188 
3 358.2115783691406 138.88243103027344 448.76348876953125 269.04913330078125 
3 752.3720703125 44.84662628173828 795.43359375 143.17835998535156 
3 0.07156753540039062 350.0628356933594 88.24510192871094 573.562255859375 
103
2 268.882080078125 259.80780029296875 451.30572509765625 521.559326171875 
3 357.240234375 141.15170288085938 436.3630676269531 252.776611328125 
3 0.0 386.83758544921875 82.14894104003906 568.2415771484375 
3 740.5826416015625 47.5538330078125 787.567138671875 147.55767822265625 
3 116.16424560546875 139.9261932373047 137.90530395507812 180.6751708984375 
104
2 265.61798095703125 258.9090270996094 461.7548828125 519.7607421875 
3 349.55072021484375 141.08282470703125 422.4800720214844 247.83343505859375 
3 0.3292560577392578 405.10821533203125 70.62228393554688 567.4168701171875 
105
2 262.05645751953125 260.10968017578125 469.661865234375 518.0109252929688 
3 344.0289001464844 140.86744689941406 413.7077331542969 289.256591796875 
3 728.761962890625 49.051055908203125 767.1141357421875 146.7315673828125 
106
2 262.15411376953125 258.8343505859375 479.1776123046875 517.3980712890625 
3 342.9412536621094 140.97903442382812 398.6053161621094 249.76824951171875 
3 722.899658203125 49.89813995361328 762.3775634765625 143.64414978027344 
3 342.0865478515625 138.95068359375 400.3086853027344 288.84698486328125 
107
2 263.2532653808594 259.4639892578125 483.9595947265625 514.9771118164062 
3 338.9788513183594 140.48219299316406 387.10516357421875 254.3570556640625 
3 717.8677978515625 45.27436828613281 787.76025390625 142.74632263183594 
108
2 263.2840270996094 260.8575134277344 484.60089111328125 514.0032958984375 
3 335.13916015625 138.87008666992188 385.9485778808594 257.20257568359375 
3 708.5531616210938 45.053672790527344 779.1364135742188 144.34632873535156 
3 0.06513023376464844 233.20785522460938 31.8225040435791 307.62005615234375 
109
2 263.6809387207031 264.3599853515625 484.51715087890625 517.5504760742188 
3 332.3551940917969 141.04986572265625 379.3707275390625 263.66058349609375 
3 698.489013671875 49.116455078125 773.9544067382812 140.36468505859375 
110
2 260.4051208496094 262.91473388671875 481.0311279296875 517.1290893554688 
3 327.7615966796875 142.16212463378906 379.992431640625 281.147705078125 
3 689.4862670898438 48.896812438964844 758.44482421875 146.29537963867188 
111
2 256.16302490234375 264.1952819824219 470.47589111328125 519.3057861328125 
3 675.7144165039062 43.90039825439453 748.3939208984375 141.37094116210938 
3 318.8401794433594 143.172119140625 369.2037353515625 283.6835021972656 
112
2 257.14959716796875 265.50958251953125 465.6271057128906 513.7025756835938 
3 315.2871398925781 140.99716186523438 365.4215393066406 283.8300476074219 
3 669.1419067382812 43.48125457763672 743.9552612304688 137.8856658935547 
113
2 256.59124755859375 261.4375 460.2500305175781 510.25970458984375 
3 312.5606384277344 140.56072998046875 360.1837463378906 281.7709045410156 
3 671.798828125 49.03926086425781 735.4391479492188 141.655029296875 
114
2 252.24072265625 257.2471923828125 450.52301025390625 504.15240478515625 
3 305.7300109863281 140.92616271972656 350.10467529296875 210.1396942138672 
3 673.0665893554688 54.549072265625 725.5651245117188 144.02569580078125 
115
2 247.28424072265625 257.8004150390625 440.8555603027344 504.056640625 
3 299.60430908203125 144.2599639892578 345.1307067871094 214.56053161621094 
3 661.0162353515625 52.49867248535156 714.5892333984375 146.2141876220703 
116
2 241.85238647460938 259.8157043457031 433.7814636230469 504.69146728515625 
3 293.0378112792969 144.25927734375 338.6553955078125 216.41043090820312 
3 654.5509033203125 55.092430114746094 702.9683227539062 148.359619140625 
3 765.9508666992188 11.656795501708984 788.6820068359375 65.82184600830078 
3 631.896240234375 52.15766906738281 703.2335205078125 149.49961853027344 
117
2 235.23483276367188 260.08721923828125 421.17877197265625 506.028076171875 
3 284.376220703125 144.9245147705078 333.2131042480469 218.96946716308594 
3 636.6159057617188 56.78306579589844 687.5678100585938 149.89315795898438 
118
2 228.14523315429688 261.9106140136719 414.4130859375 508.27685546875 
3 277.6543884277344 150.792724609375 332.0456237792969 220.41781616210938 
3 606.2069702148438 56.596435546875 681.2200927734375 153.13580322265625 
119
2 226.76303100585938 262.6414794921875 418.3655090332031 508.05950927734375 
3 275.0544128417969 149.47569274902344 327.9407043457031 220.89974975585938 
120
2 219.71731567382812 262.9056396484375 423.67230224609375 509.7188720703125 
3 619.65576171875 59.34979248046875 666.1297607421875 154.375 
121
2 213.68511962890625 260.45257568359375 427.8494873046875 507.49053955078125 
3 607.6976318359375 58.08094787597656 659.8963623046875 152.7118682861328 
3 258.1556396484375 154.93154907226562 313.5448913574219 219.14405822753906 
122
2 211.62710571289062 262.9307861328125 426.3431701660156 509.744140625 
3 250.0204620361328 150.85960388183594 307.0517272949219 223.004638671875 
3 569.009765625 57.437461853027344 652.18408203125 159.28439331054688 
3 595.9862060546875 61.559234619140625 653.8779907226562 158.16485595703125 
123
2 205.9246826171875 261.4820861816406 420.2344970703125 510.1253662109375 
3 588.1107788085938 58.763702392578125 644.8982543945312 155.978759765625 
3 246.2853546142578 150.03555297851562 297.1220703125 221.31707763671875 
124
3 195.5181884765625 264.48309326171875 404.5160827636719 513.041259765625 
3 577.9778442382812 61.82106018066406 629.5623779296875 157.34461975097656 
3 225.34231567382812 154.36407470703125 289.1219482421875 224.96441650390625 
125
3 187.15660095214844 267.2620849609375 394.9748229980469 515.5093994140625 
3 569.944091796875 70.62374877929688 622.053466796875 157.06668090820312 
3 218.53453063964844 154.73672485351562 278.70794677734375 225.972412109375 
126
3 172.20755004882812 267.576904296875 388.636962890625 517.9926147460938 
3 554.78076171875 64.74148559570312 608.0264892578125 158.47140502929688 
3 208.42718505859375 157.19943237304688 271.2998352050781 227.44058227539062 
3 0.0 176.71456909179688 13.448749542236328 220.4876708984375 
127
3 159.1856231689453 267.57049560546875 371.7630615234375 517.8892822265625 
3 540.6531372070312 66.11457824707031 596.0383911132812 161.32028198242188 
3 193.34104919433594 158.8134765625 261.4742126464844 227.70370483398438 
128
3 144.97213745117188 274.3656005859375 361.2169494628906 520.56103515625 
3 532.433837890625 69.41936492919922 582.776611328125 161.845947265625 
129
3 131.36668395996094 278.0439453125 352.1531982421875 520.9910278320312 
3 518.838623046875 66.28904724121094 576.8240966796875 162.90036010742188 
3 183.27255249023438 161.43630981445312 249.53927612304688 233.197021484375 
3 198.88336181640625 162.30613708496094 250.12440490722656 231.93527221679688 
130
3 102.76885986328125 277.081787109375 340.980224609375 522.2671508789062 
3 512.4210815429688 68.95270538330078 560.8563232421875 162.07101440429688 
3 194.6457061767578 168.36459350585938 242.135009765625 235.46240234375 
131
3 72.89341735839844 278.2912292480469 330.4600830078125 526.4180297851562 
3 500.74139404296875 73.11528015136719 550.5396728515625 162.0200653076172 
3 179.15171813964844 169.62672424316406 233.89617919921875 239.67837524414062 
3 589.4993896484375 46.99851989746094 613.18798828125 94.52130126953125 
132
3 52.068206787109375 292.5769348144531 322.81591796875 528.9901733398438 
3 176.71690368652344 173.14378356933594 224.4664306640625 241.2730712890625 
3 490.22735595703125 72.90443420410156 547.5319213867188 163.23304748535156 
3 578.3275756835938 40.845245361328125 599.7801513671875 95.94972229003906 
133
3 39.336456298828125 294.53607177734375 311.5226135253906 532.0186767578125 
3 478.6363525390625 77.2058334350586 526.65283203125 167.47708129882812 
3 166.41494750976562 174.41998291015625 218.2651824951172 246.5748291015625 
134
3 36.066070556640625 289.3629455566406 302.5279541015625 533.370849609375 
3 466.25787353515625 79.42919158935547 515.804443359375 169.21224975585938 
3 153.22869873046875 177.21096801757812 214.77206420898438 247.67633056640625 
3 418.5414733886719 98.46383666992188 458.4937744140625 162.79518127441406 
135
3 29.782058715820312 298.1561279296875 290.60107421875 534.1240844726562 
3 147.0331573486328 179.02716064453125 207.57064819335938 250.31103515625 
136
3 29.446685791015625 304.12933349609375 278.42236328125 534.8123779296875 
3 446.4775085449219 81.6583023071289 500.7594299316406 173.8330078125 
3 140.05831909179688 181.17251586914062 207.0106964111328 251.462890625 
137
3 34.52149200439453 296.72503662109375 270.0448913574219 535.3667602539062 
3 433.1310119628906 84.78919982910156 493.5707092285156 174.42578125 
3 132.87252807617188 185.78909301757812 181.30055236816406 256.1891784667969 
138
3 40.06707000732422 297.7841796875 256.95074462890625 537.9037475585938 
3 419.7718200683594 81.07310485839844 483.01171875 179.9767608642578 
3 121.33248138427734 189.9712371826172 170.71435546875 259.1986999511719 
139
3 43.58245849609375 323.5802001953125 247.73316955566406 542.912109375 
3 410.0560607910156 89.97279357910156 474.9369812011719 182.38502502441406 
3 115.40261840820312 199.65391540527344 165.00926208496094 262.765380859375 
140
3 45.698516845703125 314.1102600097656 229.24879455566406 542.801025390625 
3 398.16717529296875 95.4576416015625 466.54901123046875 186.6180419921875 
141
3 45.61822509765625 311.22821044921875 212.18202209472656 546.0923461914062 
3 389.1566162109375 93.15223693847656 453.4913635253906 188.0001220703125 
142
3 38.496009826660156 314.35040283203125 210.34710693359375 550.01416015625 
3 376.7332763671875 93.86888122558594 441.46923828125 191.68255615234375 
143
3 28.908058166503906 322.3822021484375 201.07017517089844 552.43505859375 
3 365.9561462402344 99.56558227539062 429.24066162109375 191.92730712890625 
144
3 20.377792358398438 328.3433837890625 195.1413116455078 554.8611450195312 
3 353.05364990234375 101.94522094726562 417.5049743652344 194.89154052734375 
145
3 7.2541046142578125 332.79132080078125 191.4051513671875 559.3712158203125 
3 343.5188293457031 104.964599609375 405.42034912109375 198.85916137695312 
3 69.12374114990234 231.99078369140625 157.3962860107422 329.7010803222656 
146
3 0.84417724609375 338.8091735839844 187.57998657226562 561.9249877929688 
3 331.9066162109375 105.897705078125 390.7374572753906 200.52362060546875 
3 57.20516586303711 233.24331665039062 145.075439453125 334.5400390625 
147
3 0.08832550048828125 345.5003967285156 181.97711181640625 564.1793212890625 
3 316.07379150390625 106.46754455566406 377.1556396484375 202.47573852539062 
3 48.44084548950195 213.64443969726562 133.89389038085938 337.1175842285156 
3 48.666542053222656 215.2039031982422 132.96102905273438 337.5757141113281 
3 380.78485107421875 76.58101654052734 403.0729064941406 135.50033569335938 
148
3 0.07205963134765625 354.8598937988281 178.7318115234375 566.0037231445312 
3 39.565162658691406 219.54627990722656 121.4583740234375 345.7008972167969 
3 308.8901062011719 114.92723083496094 365.0375671386719 203.16217041015625 
149
3 0.060211181640625 367.34027099609375 167.93670654296875 568.4428100585938 
3 34.95703887939453 238.9722900390625 111.49292755126953 346.81695556640625 
3 303.2246398925781 121.57772827148438 355.1820373535156 203.8250274658203 
150
3 22.22888946533203 225.109130859375 101.06562042236328 351.62994384765625 
3 290.6240539550781 121.92715454101562 340.31195068359375 207.41421508789062 
3 0.10315322875976562 375.2667236328125 163.11068725585938 572.2737426757812 
3 296.364013671875 135.66268920898438 342.2782897949219 207.14517211914062 
151
3 275.2677001953125 122.19418334960938 330.757568359375 207.82554626464844 
3 20.12419319152832 247.22250366210938 92.06475830078125 345.3196105957031 
3 0.2885284423828125 385.5186767578125 158.9915771484375 575.6066284179688 
152
3 0.19133377075195312 391.52886962890625 151.11392211914062 578.17138671875 
3 3.2315902709960938 242.52523803710938 78.68165588378906 355.0122985839844 
3 277.20294189453125 133.61399841308594 319.3785095214844 211.20858764648438 
153
3 0.181610107421875 399.820068359375 140.1634521484375 580.6016235351562 
3 260.9759521484375 125.67057800292969 310.73736572265625 215.44384765625 
3 0.2573204040527344 230.05831909179688 68.75086975097656 358.89117431640625 
3 0.25635528564453125 400.8560485839844 138.79782104492188 580.3683471679688 
154
3 249.104736328125 131.48638916015625 297.7743835449219 218.56228637695312 
3 0.0 235.85934448242188 57.6324577331543 365.47381591796875 
3 0.304901123046875 415.4058837890625 129.5071258544922 583.9688720703125 
3 0.5534896850585938 319.85784912109375 130.9918212890625 582.44921875 
155
3 0.48244476318359375 425.9268493652344 120.47359466552734 588.8006591796875 
3 0.0 264.5310363769531 46.65497970581055 368.66094970703125 
3 251.40174865722656 162.72555541992188 286.9628601074219 222.41009521484375 
156
3 0.24331283569335938 361.7568359375 110.635986328125 592.1507568359375 
3 0.05051994323730469 265.6389465332031 35.07682800292969 369.8127746582031 
3 225.54977416992188 137.6298828125 281.6597595214844 223.63174438476562 
3 0.06319427490234375 439.0801696777344 109.63716125488281 591.957763671875 
157
3 227.25799560546875 155.72491455078125 271.36944580078125 227.76654052734375 
3 0.06414794921875 376.79132080078125 103.40444946289062 596.6405029296875 
158
3 0.3679695129394531 391.992919921875 94.72273254394531 599.6578369140625 
3 217.69776916503906 157.48126220703125 262.5833740234375 230.4627685546875 
159
3 0.23328781127929688 416.0611877441406 84.95441436767578 604.5451049804688 
3 205.70675659179688 165.62673950195312 248.19644165039062 234.07705688476562 
160
3 185.59683227539062 150.21719360351562 239.07785034179688 236.12152099609375 
3 0.39342403411865234 435.1477355957031 74.66763305664062 607.3812255859375 
0 2215.51220703125 797.0595703125 2559.025390625 1076.3529052734375 
161
3 183.72743225097656 168.79171752929688 229.65066528320312 239.895751953125 
3 0.27326488494873047 508.25079345703125 66.11770629882812 611.0546875 
3 2307.774658203125 805.3008422851562 2559.136962890625 1077.835693359375 
3 0.5386619567871094 453.36651611328125 64.19459533691406 609.9842529296875 
162
3 158.8693389892578 153.75625610351562 218.16725158691406 240.31280517578125 
3 0.20412254333496094 515.1801147460938 54.34218215942383 613.907470703125 
163
0 2202.273681640625 771.231689453125 2558.95068359375 1076.7144775390625 
3 164.59910583496094 167.7268524169922 203.93145751953125 243.2196044921875 
3 0.2273426055908203 517.6680908203125 41.896446228027344 615.78564453125 
164
3 148.72232055664062 160.85223388671875 197.30322265625 240.1126708984375 
0 2183.2275390625 762.2041015625 2558.814453125 1076.9105224609375 
3 0.1091623306274414 521.7113647460938 39.18396759033203 619.7456665039062 
165
0 2162.54248046875 753.6590576171875 2558.85888671875 1076.7010498046875 
3 133.9003143310547 163.1978759765625 187.62664794921875 245.363525390625 
3 0.014800071716308594 524.5362548828125 32.91462707519531 623.01904296875 
3 302.64324951171875 127.07223510742188 370.1455993652344 173.78976440429688 
166
0 2138.68359375 744.3975219726562 2558.760986328125 1075.8277587890625 
3 126.3569564819336 164.74668884277344 176.57272338867188 246.86361694335938 
167
0 2077.1572265625 737.34228515625 2557.10009765625 1075.8292236328125 
3 112.87409973144531 166.73757934570312 167.79112243652344 251.0894775390625 
3 0.29720211029052734 519.1856689453125 27.979721069335938 627.6981201171875 
168
0 2066.789306640625 727.653076171875 2538.658935546875 1075.7376708984375 
3 111.13742065429688 177.1419677734375 163.01275634765625 255.82577514648438 
3 0.1989421844482422 518.796630859375 25.646398544311523 624.38232421875 
169
0 2032.412841796875 720.7604370117188 2514.451171875 1075.2371826171875 
3 93.5828857421875 172.56687927246094 156.20578002929688 256.02142333984375 
3 0.171844482421875 522.3869018554688 22.728761672973633 622.9136352539062 
170
0 2008.537109375 716.6708984375 2489.73486328125 1073.236083984375 
3 82.55704498291016 173.6039581298828 148.62721252441406 261.3310546875 
171
0 1980.740478515625 711.35302734375 2467.67724609375 1071.90234375 
3 74.26473236083984 178.35382080078125 140.78713989257812 264.2430725097656 
3 239.3189239501953 139.02484130859375 302.8559265136719 188.75218200683594 
172
0 1950.704345703125 705.7386474609375 2443.331787109375 1072.767578125 
3 70.128173828125 183.23062133789062 132.6219940185547 267.0111083984375 
173
0 1919.47509765625 700.86669921875 2417.27294921875 1072.715576171875 
3 63.032501220703125 184.59051513671875 120.90792846679688 268.2823486328125 
174
0 1901.742431640625 697.7085571289062 2391.67578125 1071.869384765625 
3 51.657875061035156 185.70204162597656 112.84426879882812 270.5491638183594 
175
0 1859.469970703125 694.6640625 2363.584716796875 1071.2635498046875 
3 48.079017639160156 194.3700408935547 102.96546936035156 274.0487976074219 
176
0 1832.1181640625 692.2467041015625 2336.090087890625 1072.3150634765625 
3 38.825599670410156 201.57687377929688 94.28144836425781 278.64288330078125 
3 0.11397457122802734 198.5435791015625 28.950439453125 276.82672119140625 
177
0 1810.4591064453125 692.6676635742188 2305.411865234375 1069.79296875 
3 39.85823059082031 209.06884765625 86.98770904541016 280.2588806152344 
3 35.54823303222656 208.28713989257812 84.08006286621094 281.2864990234375 
3 0.062081336975097656 202.49111938476562 35.271358489990234 274.788330078125 
178
0 1795.751953125 691.3435668945312 2278.646728515625 1071.00537109375 
3 18.928668975830078 207.2199249267578 74.03468322753906 283.04071044921875 
179
0 1782.0703125 690.60009765625 2249.371337890625 1072.8773193359375 
3 8.767127990722656 212.79515075683594 66.35665893554688 289.0072326660156 
180
0 1765.1768798828125 689.505859375 2219.416259765625 1074.3084716796875 
3 0.2439556121826172 202.78663635253906 57.8305549621582 288.398193359375 
181
0 1758.19775390625 689.95458984375 2191.531494140625 1075.1390380859375 
3 0.0 167.90847778320312 49.41634750366211 290.0282287597656 
182
0 1748.6181640625 690.0549926757812 2161.858154296875 1075.607177734375 
3 0.026429176330566406 220.46771240234375 40.33318328857422 291.9382629394531 
183
0 1741.1923828125 691.63330078125 2134.565185546875 1075.7120361328125 
3 0.0 201.02708435058594 31.498308181762695 291.45068359375 
3 0.237213134765625 232.85494995117188 30.671001434326172 291.8572082519531 
184
0 1733.322265625 692.9390869140625 2109.48095703125 1076.169677734375 
3 0.0 216.23269653320312 24.340824127197266 294.9914855957031 
185
0 1725.0926513671875 692.6151123046875 2088.301025390625 1076.2471923828125 
3 0.09869956970214844 254.38668823242188 15.711679458618164 295.4066467285156 
186
0 1719.5220947265625 692.572998046875 2071.107666015625 1076.7530517578125 
187
0 1716.7257080078125 690.85302734375 2056.432861328125 1075.283935546875 
188
0 1692.3204345703125 688.6829223632812 2041.2568359375 1075.221435546875 
189
0 1649.316162109375 684.4564208984375 2029.6533203125 1075.149169921875 
190
0 1654.1641845703125 677.7755126953125 2016.5882568359375 1075.0523681640625 
191
0 1641.39794921875 673.7269287109375 2004.908203125 1074.6024169921875 
192
0 1636.1142578125 668.808837890625 1993.31591796875 1074.6239013671875 
193
0 1633.569580078125 665.4343872070312 1981.5797119140625 1074.8876953125 
194
0 1630.7850341796875 663.3633422851562 1972.40185546875 1075.0206298828125 
195
0 1637.870849609375 661.7352294921875 1964.5823974609375 1074.901123046875 
196
0 1629.3751220703125 661.7012939453125 1957.4100341796875 1074.20703125 
197
0 1628.0244140625 660.4829711914062 1948.750244140625 1074.155517578125 
198
0 1625.2891845703125 659.8960571289062 1941.72021484375 1073.4364013671875 
199
0 1619.337890625 657.9840698242188 1934.3004150390625 1073.222412109375 
200
0 1608.6815185546875 655.919677734375 1926.789794921875 1074.0146484375 
201
0 1597.990966796875 653.8179321289062 1916.16748046875 1072.8731689453125 
202
0 1572.485107421875 652.0465087890625 1907.998779296875 1073.905517578125 
203
0 1546.4405517578125 650.8622436523438 1899.7979736328125 1073.046142578125 
204
0 1516.328857421875 648.5565795898438 1890.614990234375 1072.7216796875 
205
0 1493.1240234375 646.384033203125 1881.53125 1074.873291015625 
206
0 1473.8370361328125 644.7474365234375 1871.77880859375 1073.9063720703125 
207
0 1455.523193359375 643.3926391601562 1861.138916015625 1073.645263671875 
208
0 1439.310791015625 641.8756713867188 1850.356201171875 1074.063232421875 
209
0 1426.804931640625 639.2645263671875 1837.4576416015625 1074.412109375 
210
0 1418.58154296875 637.974853515625 1825.533935546875 1073.34521484375 
211
0 1413.939208984375 635.1334838867188 1813.9595947265625 1073.114013671875 
212
0 1412.2991943359375 630.7047119140625 1801.210205078125 1073.18896484375 
213
0 1408.587646484375 627.8271484375 1788.7091064453125 1074.291015625 
214
0 1407.929443359375 622.7864990234375 1777.40087890625 1073.025634765625 
215
0 1409.4510498046875 617.2877807617188 1768.006103515625 1072.870849609375 
216
0 1407.7562255859375 612.6287841796875 1755.8277587890625 1072.344482421875 
217
0 1404.071044921875 607.4441528320312 1745.554931640625 1072.185302734375 
218
0 1403.0347900390625 602.19287109375 1735.2117919921875 1071.48876953125 
219
0 1414.968994140625 597.2499389648438 1722.84716796875 1069.7628173828125 
220
0 1406.3154296875 595.20263671875 1712.14599609375 1067.96240234375 
221
0 1403.221435546875 592.4766845703125 1703.5780029296875 1063.7291259765625 
222
0 1399.600830078125 589.9403076171875 1691.8355712890625 1066.3997802734375 
223
0 1396.6314697265625 589.3662109375 1679.665771484375 1073.6890869140625 
224
0 1396.875732421875 588.544189453125 1672.3916015625 1074.0770263671875 
225
0 1390.5899658203125 586.103515625 1661.903076171875 1073.1807861328125 
226
0 1382.738037109375 584.98974609375 1655.9747314453125 1066.8074951171875 
227
0 1374.4671630859375 583.7421264648438 1648.395263671875 1068.3336181640625 
228
0 1367.1187744140625 581.809326171875 1643.858154296875 1073.919921875 
229
0 1361.871337890625 581.861328125 1635.0947265625 1072.26806640625 
230
0 1343.3695068359375 579.5614013671875 1630.7353515625 1073.9913330078125 
231
0 1319.19580078125 578.152099609375 1626.45458984375 1072.657958984375 
232
0 1299.706298828125 577.2825317382812 1621.5953369140625 1073.1976318359375 
233
0 1291.5618896484375 577.651123046875 1617.89501953125 1068.1328125 
234
0 1294.047607421875 576.9454345703125 1613.4638671875 1068.7108154296875 
235
0 1296.24853515625 578.0022583007812 1608.84521484375 1070.3514404296875 
236
0 1298.225341796875 578.3037719726562 1600.0682373046875 1064.152099609375 
237
0 1295.8150634765625 577.6111450195312 1594.34326171875 1065.1226806640625 
238
0 1269.064697265625 576.9876708984375 1584.8204345703125 1064.5921630859375 
239
0 1280.661376953125 574.8927612304688 1577.48046875 1060.3966064453125 
240
0 1172.7073974609375 573.5574340820312 1567.7275390625 1058.5084228515625 
241
0 1128.68896484375 570.6072387695312 1560.394775390625 1055.31640625 
242
0 1099.259765625 566.6841430664062 1555.784423828125 1048.0130615234375 
243
0 1085.775390625 561.7664794921875 1549.5780029296875 1043.94921875 
244
0 1051.204833984375 556.37646484375 1545.5386962890625 1039.3839111328125 
245
0 1038.9051513671875 550.2049560546875 1538.7196044921875 1034.8634033203125 
246
0 1027.16650390625 543.1957397460938 1531.745361328125 1028.249267578125 
247
0 1020.7551879882812 537.6936645507812 1531.54736328125 1022.79833984375 
248
0 1024.598388671875 532.4256591796875 1527.3963623046875 1019.2108154296875 
249
0 1019.09228515625 524.9962158203125 1521.2293701171875 1010.2294921875 
250
0 1019.7901000976562 518.7471923828125 1521.315185546875 1005.255126953125 
251
0 1024.3583984375 511.39801025390625 1519.5250244140625 1000.7860107421875 
252
0 1022.752685546875 506.43145751953125 1515.6993408203125 994.997314453125 
253
0 1024.07568359375 501.4178466796875 1513.1156005859375 989.7989501953125 
254
0 1023.8595581054688 496.5035400390625 1510.0853271484375 986.6368408203125 
255
0 1021.156005859375 490.05535888671875 1505.031494140625 979.9158935546875 
256
0 1018.85888671875 486.71099853515625 1507.1998291015625 978.8078002929688 
257
0 1023.8949584960938 486.16558837890625 1509.8623046875 977.5631713867188 
258
0 1028.6021728515625 485.2696533203125 1510.4595947265625 976.4422607421875 
259
0 1032.572998046875 484.24700927734375 1513.820556640625 975.0972900390625 
260
0 1038.0609130859375 482.1553955078125 1516.375244140625 974.7321166992188 
261
0 1044.18896484375 480.58001708984375 1522.207763671875 974.0853271484375 
262
0 1046.8284912109375 480.91754150390625 1529.222412109375 975.0712890625 
263
0 1049.89208984375 481.385498046875 1533.69677734375 976.2386474609375 
264
0 1050.54443359375 481.29962158203125 1533.514404296875 977.0952758789062 
265
0 1050.8673095703125 482.173095703125 1531.41943359375 977.8109130859375 
266
0 1050.715576171875 483.85980224609375 1527.6466064453125 977.9693603515625 
267
0 1049.6728515625 483.72906494140625 1524.6226806640625 979.0850830078125 
268
0 1051.7578125 480.8631591796875 1525.240234375 977.913330078125 
269
0 1054.61767578125 479.95416259765625 1527.424560546875 976.7994384765625 
270
0 1061.679931640625 479.658935546875 1530.6341552734375 977.4334716796875 
271
0 1068.3858642578125 480.6827392578125 1533.9346923828125 978.2261962890625 
272
0 1073.103271484375 480.7236328125 1539.03271484375 977.6039428710938 
273
0 1076.51611328125 479.775146484375 1544.2572021484375 978.0439453125 
274
0 1084.642333984375 479.8043212890625 1548.147216796875 979.4431762695312 
275
0 1093.055419921875 480.08648681640625 1550.957275390625 979.8873291015625 
276
0 1095.44384765625 479.33270263671875 1553.521484375 980.3917236328125 
277
0 1108.075439453125 479.188232421875 1557.740234375 979.2109375 
278
0 1115.021728515625 478.76171875 1560.1319580078125 980.4638671875 
279
0 1124.2379150390625 480.2738037109375 1562.636962890625 982.4653930664062 
280
0 1142.379638671875 477.93975830078125 1565.7039794921875 980.135009765625 
281
0 1149.6356201171875 477.4776611328125 1571.2666015625 979.4953002929688 
282
0 1158.640869140625 477.1287841796875 1570.16943359375 977.1757202148438 
283
0 1168.43701171875 476.88031005859375 1567.5318603515625 977.02099609375 
284
0 1180.7843017578125 474.584228515625 1566.545166015625 974.5217895507812 
285
0 1187.2772216796875 476.3834228515625 1565.3504638671875 975.465576171875 
286
0 1199.2857666015625 476.89215087890625 1561.956298828125 974.354248046875 
287
0 1209.6278076171875 475.7896728515625 1562.532958984375 972.8961181640625 
288
0 1216.815673828125 476.90087890625 1562.0535888671875 976.5819091796875 
289
0 1223.001708984375 476.54351806640625 1557.3939208984375 975.1958618164062 
290
0 1224.198974609375 476.98822021484375 1554.2252197265625 975.1387939453125 
291
0 1216.2862548828125 477.52685546875 1550.644775390625 974.0440673828125 
292
0 1200.8162841796875 477.4039306640625 1545.810546875 971.0328369140625 
293
0 1191.25048828125 477.9337158203125 1539.4013671875 968.5293579101562 
294
0 1182.505126953125 481.584716796875 1529.5181884765625 966.865478515625 
295
0 1180.1121826171875 485.02972412109375 1517.6112060546875 967.984619140625 
296
0 1178.2147216796875 488.4010009765625 1504.4603271484375 968.814697265625 
297
0 1177.9244384765625 490.0037841796875 1505.852783203125 969.4454956054688 
298
0 1180.0811767578125 493.93609619140625 1509.9415283203125 967.9683837890625 
299
0 1177.410400390625 497.75927734375 1509.314208984375 965.54345703125 
300
0 1168.6895751953125 498.688232421875 1511.15087890625 965.6452026367188 
301
0 1158.1038818359375 498.634033203125 1507.494873046875 964.5150146484375 
302
0 1147.95849609375 497.99224853515625 1497.8612060546875 964.5896606445312 
303
0 1138.7337646484375 497.0068359375 1480.8046875 964.705810546875 
304
0 1134.5894775390625 494.64892578125 1464.347412109375 964.89453125 
305
0 1127.0224609375 494.09698486328125 1451.970947265625 965.4077758789062 
306
0 1118.5458984375 493.48504638671875 1436.5362548828125 966.8966064453125 
307
0 1114.40966796875 494.90576171875 1421.800048828125 967.248046875 
308
0 1108.7576904296875 494.7989501953125 1423.0789794921875 966.7012939453125 
309
0 1106.010498046875 495.3873291015625 1429.6497802734375 968.5865478515625 
310
0 1102.726806640625 495.7647705078125 1432.94580078125 968.7100830078125 
311
0 1097.31884765625 495.01593017578125 1436.7969970703125 968.2010498046875 
312
0 1096.2685546875 494.6763916015625 1442.2041015625 968.5538330078125 
313
0 1094.3165283203125 495.23309326171875 1443.6082763671875 971.75537109375 
314
0 1094.2218017578125 495.0628662109375 1444.527099609375 971.547119140625 
315
0 1093.3482666015625 495.09527587890625 1449.1748046875 971.51708984375 
3 56.675880432128906 196.09066772460938 118.479736328125 248.01025390625 
316
0 1091.945556640625 495.735595703125 1448.0347900390625 973.012939453125 
317
0 1092.1971435546875 495.5230712890625 1450.920654296875 973.4590454101562 
318
0 1089.244140625 494.9012451171875 1445.7733154296875 975.0059814453125 
319
0 1089.944091796875 494.0804443359375 1448.294189453125 976.2716064453125 
320
0 1087.2388916015625 492.517822265625 1451.35498046875 975.0584106445312 
321
0 1085.07568359375 489.5732421875 1463.7779541015625 973.795654296875 
322
0 1083.4326171875 485.59735107421875 1469.0623779296875 976.1162719726562 
323
0 1084.048583984375 482.20025634765625 1465.6903076171875 977.37158203125 
324
0 1084.9400634765625 479.90625 1463.46435546875 974.9029541015625 
325
0 1089.9412841796875 476.161376953125 1459.8614501953125 971.0113525390625 
326
0 1093.9481201171875 471.91278076171875 1450.07763671875 964.2330932617188 
327
0 1101.587158203125 467.095703125 1441.3372802734375 969.724609375 
328
0 1109.5579833984375 462.15020751953125 1428.9879150390625 969.8901977539062 
329
0 1117.44384765625 459.8089599609375 1427.8341064453125 971.9647827148438 
3 2016.299072265625 57.204193115234375 2061.631591796875 147.5488739013672 
330
0 1129.2611083984375 457.70843505859375 1437.3642578125 968.6954345703125 
3 2023.858154296875 59.5325927734375 2068.998291015625 150.103759765625 
331
0 1140.5703125 455.26708984375 1446.482666015625 965.3875122070312 
3 2031.344482421875 61.10515594482422 2077.558837890625 152.65882873535156 
332
0 1150.5045166015625 454.569580078125 1451.1873779296875 960.8485717773438 
3 0.1467437744140625 522.694580078125 22.30707550048828 670.6971435546875 
333
0 1159.2218017578125 454.5826416015625 1455.6820068359375 952.218994140625 
3 0.2914896011352539 524.392578125 29.473241806030273 668.9286499023438 
334
0 1169.960693359375 457.2105712890625 1460.974609375 945.6182861328125 
3 0.19548702239990234 523.5191040039062 37.98896789550781 677.4007568359375 
335
0 1164.0069580078125 458.109619140625 1464.24267578125 949.4537353515625 
3 0.13518524169921875 526.0443115234375 45.54740905761719 674.5491943359375 
336
0 1144.7137451171875 458.90106201171875 1468.1806640625 948.5009155273438 
3 0.10939884185791016 513.0118408203125 52.67383575439453 669.1275634765625 
337
0 1133.5064697265625 461.7243347167969 1472.739501953125 952.67431640625 
3 0.18044185638427734 499.4888916015625 61.70838165283203 664.9403076171875 
338
0 1120.71875 462.9835205078125 1478.72802734375 951.3031005859375 
3 0.20278644561767578 487.84075927734375 68.36759948730469 661.6357421875 
339
0 1125.2415771484375 466.20684814453125 1490.9608154296875 954.560791015625 
3 0.3891448974609375 477.09979248046875 80.11558532714844 656.9863891601562 
340
0 1138.1485595703125 469.8305358886719 1505.7911376953125 955.2193603515625 
3 0.52520751953125 464.8354797363281 91.76663970947266 655.3097534179688 
341
0 1148.6103515625 473.5533447265625 1521.9249267578125 956.305419921875 
3 0.2603569030761719 452.3324279785156 103.86648559570312 651.499267578125 
342
0 1163.6199951171875 474.07318115234375 1536.5384521484375 955.1322631835938 
3 0.12856292724609375 438.4308776855469 124.92072296142578 647.274169921875 
3 0.23303985595703125 439.4305114746094 124.65528106689453 647.1544189453125 
343
0 1177.519775390625 474.39935302734375 1552.8509521484375 953.9011840820312 
3 0.04961395263671875 423.58392333984375 137.46873474121094 643.95263671875 
344
0 1192.108642578125 471.98419189453125 1567.5272216796875 949.0510864257812 
3 0.09736251831054688 413.50347900390625 162.1168670654297 639.4501342773438 
345
0 1212.5037841796875 468.98577880859375 1579.099365234375 946.8665161132812 
3 0.1715087890625 402.0550842285156 181.2285614013672 634.1076049804688 
346
3 0.29718017578125 386.77777099609375 196.63291931152344 628.6834106445312 
0 1227.8408203125 465.34661865234375 1578.5745849609375 932.25439453125 
3 0.10868453979492188 449.90582275390625 29.78326416015625 573.4475708007812 
347
3 0.34366607666015625 368.38531494140625 211.01800537109375 628.3494262695312 
0 1242.4185791015625 461.9158935546875 1569.947509765625 922.9107666015625 
348
0 1247.216552734375 457.6806945800781 1559.81396484375 911.78369140625 
3 0.00177001953125 359.9075927734375 222.90208435058594 624.0194091796875 
349
3 0.21881866455078125 359.28814697265625 231.38577270507812 623.6766967773438 
0 1248.836181640625 454.03533935546875 1544.3424072265625 907.1575927734375 
350
0 1239.18505859375 451.137939453125 1528.29736328125 910.3872680664062 
3 4.973564147949219 352.61175537109375 241.5635986328125 619.3944702148438 
3 0.31166553497314453 217.66461181640625 61.77013397216797 298.3995666503906 
351
3 23.876052856445312 350.0689697265625 256.3652648925781 619.6346435546875 
0 1224.697265625 448.0826416015625 1538.8748779296875 911.2098388671875 
3 14.546882629394531 212.76736450195312 72.56346130371094 294.0939025878906 
352
0 1215.5257568359375 445.29168701171875 1495.999755859375 914.68408203125 
3 35.519287109375 348.43817138671875 265.8316650390625 615.3648681640625 
3 29.886173248291016 208.21041870117188 85.86133575439453 287.2731018066406 
353
3 47.07440185546875 346.32574462890625 278.7591552734375 615.4607543945312 
0 1206.92919921875 443.8355712890625 1503.0093994140625 920.5278930664062 
3 43.31449890136719 205.64585876464844 102.0959701538086 283.6954650878906 
354
3 58.27317810058594 343.6849365234375 292.1129150390625 612.68798828125 
0 1199.245361328125 444.6513977050781 1513.21240234375 924.2783203125 
3 57.23157501220703 198.97161865234375 121.57306671142578 285.5134582519531 
355
3 75.31482696533203 341.0521240234375 302.97320556640625 608.2057495117188 
0 1192.1063232421875 444.1878662109375 1519.280517578125 925.068115234375 
356
0 1188.6053466796875 445.49676513671875 1524.74267578125 929.300537109375 
3 86.58082580566406 337.2404479980469 313.6109619140625 606.8910522460938 
3 88.29142761230469 190.4629669189453 151.8341522216797 278.02801513671875 
357
0 1182.942138671875 447.0838623046875 1531.163818359375 932.912841796875 
3 98.51718139648438 337.4972839355469 326.7992248535156 606.9371948242188 
3 104.16768646240234 183.45948791503906 163.9246826171875 275.038330078125 
358
0 1178.2977294921875 448.694091796875 1544.811767578125 938.158203125 
3 111.49809265136719 332.7223815917969 338.1716613769531 603.8406372070312 
3 117.72528076171875 178.35430908203125 172.5339813232422 272.0513916015625 
359
0 1177.716796875 448.4553527832031 1564.3564453125 939.2166748046875 
3 126.1014175415039 329.0546875 348.1090087890625 600.5681762695312 
360
0 1180.64892578125 448.1117858886719 1585.08203125 941.0841674804688 
3 142.93862915039062 324.5478820800781 363.5412902832031 599.3173828125 
3 150.70166015625 175.79763793945312 191.63275146484375 262.9869079589844 
361
0 1184.78564453125 446.22503662109375 1597.517333984375 943.5560302734375 
3 158.8172149658203 317.26458740234375 377.5128479003906 595.665283203125 
362
0 1191.203125 446.23681640625 1614.2474365234375 947.9259033203125 
2 175.1083984375 313.85052490234375 390.7472229003906 593.654296875 
363
2 189.80831909179688 312.03057861328125 407.448486328125 591.1973876953125 
0 1200.5357666015625 445.936767578125 1619.89599609375 950.9161987304688 
364
0 1214.2025146484375 444.0335693359375 1615.1392822265625 950.3658447265625 
2 206.97723388671875 304.59814453125 427.89825439453125 589.3956298828125 
3 215.94369506835938 152.95941162109375 268.8481140136719 248.917236328125 
3 10.406387329101562 240.83489990234375 70.72113800048828 300.7898864746094 
3 0.0 168.05560302734375 25.48186683654785 232.22775268554688 
365
0 1232.2532958984375 442.47332763671875 1601.10888671875 945.9462890625 
2 225.425537109375 300.617919921875 453.54681396484375 586.4163818359375 
3 233.78515625 148.43258666992188 289.9057312011719 245.78488159179688 
3 26.962169647216797 234.87115478515625 88.08596801757812 299.1872253417969 
366
0 1255.1536865234375 439.49169921875 1604.731201171875 947.3724975585938 
2 241.1942138671875 296.46771240234375 480.37347412109375 584.0269775390625 
3 44.449806213378906 230.78842163085938 105.0434799194336 294.9267883300781 
3 250.4259490966797 143.4588623046875 316.5455322265625 240.1500244140625 
367
2 261.66851806640625 294.5941467285156 505.8012390136719 583.4597778320312 
0 1283.743896484375 436.0509033203125 1616.0899658203125 939.4110107421875 
3 62.785072326660156 225.48394775390625 127.1772232055664 289.4165954589844 
368
2 279.8746337890625 290.86395263671875 522.671142578125 580.0010986328125 
0 1309.2926025390625 430.8825378417969 1618.959228515625 938.2398071289062 
3 79.94300842285156 217.95480346679688 140.224365234375 280.84796142578125 
369
2 298.2675476074219 288.7032775878906 541.4505615234375 579.9180908203125 
0 1330.6923828125 429.3434753417969 1622.833740234375 930.7678833007812 
3 95.03549194335938 213.942626953125 157.54412841796875 279.1142272949219 
370
2 315.2466735839844 288.77069091796875 555.6051635742188 579.8931884765625 
0 1324.8939208984375 430.12774658203125 1622.814453125 923.6444091796875 
3 312.7032165527344 124.64654541015625 378.63385009765625 218.26324462890625 
3 110.17427062988281 213.50526428222656 174.2014617919922 272.7170104980469 
371
2 332.57684326171875 285.5748291015625 566.684814453125 579.0125732421875 
0 1324.552978515625 430.815185546875 1620.7828369140625 923.7449951171875 
3 327.7090148925781 120.1102294921875 393.52008056640625 219.41363525390625 
3 122.34281158447266 209.47647094726562 185.4172821044922 271.8701477050781 
372
2 350.56744384765625 285.12127685546875 575.55078125 579.6917724609375 
0 1297.6915283203125 434.6576843261719 1620.0799560546875 929.64013671875 
3 341.3588562011719 116.54095458984375 402.64605712890625 217.68148803710938 
3 138.16119384765625 206.48312377929688 198.86952209472656 267.451416015625 
373
2 369.67730712890625 281.9272155761719 589.3726806640625 576.154541015625 
0 1268.3082275390625 438.07928466796875 1620.3289794921875 935.0719604492188 
3 154.7853240966797 199.9931640625 216.39788818359375 266.233154296875 
3 358.56597900390625 116.86927795410156 420.27642822265625 214.58445739746094 
374
0 1247.1766357421875 441.6173095703125 1625.265625 940.1529541015625 
2 387.9881286621094 278.43743896484375 604.4296264648438 574.7537231445312 
3 174.48699951171875 194.04156494140625 237.0435791015625 262.3057861328125 
3 376.1676330566406 110.02322387695312 429.25848388671875 212.58204650878906 
375
0 1234.8360595703125 445.30401611328125 1626.1492919921875 945.1644287109375 
2 407.6094665527344 274.6253967285156 616.5704345703125 575.410400390625 
3 190.02867126464844 190.6021270751953 254.44424438476562 261.5385437011719 
3 0.9599609375 170.79220581054688 28.321212768554688 220.26593017578125 
3 391.8412780761719 111.54360961914062 447.2626647949219 209.31204223632812 
376
2 422.95916748046875 269.4193420410156 632.5689086914062 571.931884765625 
0 1235.1187744140625 445.9429626464844 1630.510009765625 949.7423095703125 
3 207.3160858154297 185.62637329101562 272.40789794921875 252.47891235351562 
3 406.6910095214844 103.41145324707031 459.76556396484375 206.68617248535156 
377
0 1247.64501953125 448.0828857421875 1632.2520751953125 952.9400024414062 
2 438.3372497558594 268.44146728515625 646.6131591796875 572.8458862304688 
3 223.7938690185547 183.07546997070312 289.47698974609375 251.81796264648438 
3 419.7989196777344 100.80935668945312 480.8821105957031 206.17401123046875 
378
2 454.5599060058594 264.72149658203125 657.8076782226562 570.6119384765625 
0 1258.2529296875 450.8294982910156 1636.7978515625 957.5078735351562 
3 433.80364990234375 94.85688781738281 491.407470703125 201.120361328125 
3 240.45140075683594 177.3681640625 303.98626708984375 246.65191650390625 
379
2 470.9805603027344 262.11517333984375 672.29541015625 568.8482666015625 
0 1274.9041748046875 453.720458984375 1648.494873046875 955.5508422851562 
3 255.02847290039062 172.07089233398438 318.0916442871094 241.076171875 
3 444.4368591308594 90.256103515625 510.9100341796875 202.00515747070312 
380
0 1291.2410888671875 450.41632080078125 1665.0234375 953.6473388671875 
2 484.12646484375 260.89776611328125 686.5571899414062 568.474609375 
3 268.36065673828125 168.07699584960938 330.69610595703125 239.07614135742188 
381
2 507.80364990234375 258.9073181152344 705.5938720703125 571.3280029296875 
0 1312.1492919921875 449.70867919921875 1672.4119873046875 945.2255859375 
3 490.38421630859375 88.47798156738281 546.7151489257812 174.06687927246094 
382
0 1330.3599853515625 448.90228271484375 1677.2586669921875 938.5729370117188 
2 525.283447265625 257.33697509765625 717.0391845703125 570.3154907226562 
3 507.2481994628906 80.9794692993164 558.6073608398438 175.9342803955078 
383
2 540.2896728515625 253.45526123046875 730.7452392578125 573.4417114257812 
0 1349.122314453125 444.4696044921875 1671.251953125 924.4390869140625 
3 521.2263793945312 77.5755615234375 568.6865234375 139.11410522460938 
3 519.2128295898438 77.44851684570312 578.6758422851562 169.61602783203125 
384
2 561.1464233398438 250.52996826171875 747.0777587890625 573.9192504882812 
0 1364.643798828125 441.561767578125 1655.4691162109375 907.392822265625 
3 343.6302185058594 149.5508575439453 401.87921142578125 221.4334716796875 
3 544.2642822265625 71.69915008544922 596.8912963867188 165.07492065429688 
385
0 1381.4505615234375 433.2961120605469 1656.149658203125 892.557861328125 
2 575.4182739257812 249.24725341796875 758.21044921875 574.55078125 
3 359.917236328125 143.38803100585938 416.91033935546875 218.95579528808594 
3 559.5801391601562 69.26506805419922 609.065185546875 162.848388671875 
3 525.048583984375 83.70761108398438 582.785888671875 187.58975219726562 
386
0 1370.010986328125 425.45343017578125 1660.7515869140625 886.07861328125 
2 588.746826171875 247.970947265625 768.0931396484375 578.7264404296875 
3 571.8555297851562 65.32080078125 624.34814453125 162.844482421875 
3 373.90216064453125 143.53369140625 429.4488830566406 216.40692138671875 
387
0 1358.985107421875 421.4085388183594 1661.4473876953125 890.3173217773438 
2 600.57666015625 246.26077270507812 771.7756958007812 578.4723510742188 
3 386.3772277832031 138.19178771972656 441.41375732421875 214.49166870117188 
3 581.2159423828125 61.92449188232422 636.6432495117188 159.48948669433594 
388
2 611.75341796875 246.46939086914062 789.5087890625 578.1919555664062 
0 1345.72900390625 418.0650634765625 1664.424072265625 895.1842041015625 
3 398.0977783203125 137.0604248046875 453.599365234375 213.35040283203125 
3 595.6804809570312 60.16184997558594 650.7830810546875 159.887939453125 
389
2 626.21826171875 246.18319702148438 802.7940063476562 578.4131469726562 
0 1337.6182861328125 416.1104736328125 1670.3831787109375 899.5802001953125 
3 414.13604736328125 137.49554443359375 469.2385559082031 211.4497528076172 
3 576.5175170898438 80.52256774902344 624.079345703125 180.6624755859375 
390
0 1330.2265625 413.32086181640625 1672.776611328125 904.6793212890625 
2 635.0807495117188 245.64556884765625 800.2418823242188 578.45751953125 
3 426.30047607421875 133.75674438476562 482.1155090332031 209.47653198242188 
3 619.587158203125 54.39282989501953 681.2188110351562 157.2251739501953 
3 617.0242919921875 55.42131042480469 661.9825439453125 153.84466552734375 
391
0 1328.8216552734375 414.65789794921875 1677.90966796875 908.2552490234375 
2 650.4180908203125 245.13885498046875 820.6497802734375 578.5236206054688 
3 443.4486083984375 128.82421875 495.996337890625 205.12063598632812 
3 635.64599609375 55.682151794433594 704.3421630859375 156.73208618164062 
392
0 1332.1162109375 418.08099365234375 1683.08251953125 913.7410888671875 
2 666.0997924804688 242.48507690429688 841.2178344726562 578.6658325195312 
3 458.6518859863281 123.51925659179688 513.8357543945312 200.0672607421875 
3 651.72021484375 52.37065887451172 705.1339721679688 152.6267852783203 
393
0 1333.4080810546875 424.4762268066406 1692.5396728515625 919.845703125 
2 681.76123046875 242.30844116210938 847.2222900390625 579.2366943359375 
3 474.41400146484375 115.40724182128906 530.1776123046875 195.87840270996094 
3 669.3724365234375 49.136985778808594 729.4303588867188 145.38616943359375 
3 41.34437561035156 136.53778076171875 73.09814453125 192.05740356445312 
394
0 1339.5469970703125 430.6446838378906 1699.229248046875 925.0491943359375 
2 699.7493286132812 241.64019775390625 869.9488525390625 580.7881469726562 
3 497.85546875 115.29840087890625 551.3621826171875 191.9634246826172 
3 686.0802001953125 50.628868103027344 734.43896484375 147.84396362304688 
395
0 1347.22265625 437.62188720703125 1706.3140869140625 926.8246459960938 
2 717.761962890625 241.93569946289062 887.1815185546875 580.634521484375 
3 514.0584106445312 111.37481689453125 568.5661010742188 187.18896484375 
3 704.7222290039062 43.24674987792969 755.4926147460938 140.5150909423828 
396
0 1355.085693359375 441.48651123046875 1709.4287109375 930.7220458984375 
2 736.2470703125 241.11083984375 899.69677734375 581.744873046875 
3 725.2570190429688 42.854591369628906 776.765869140625 136.6700439453125 
3 535.9140014648438 107.86962890625 587.4812622070312 186.64324951171875 
3 282.5248718261719 99.31101989746094 308.013671875 134.7749786376953 
397
2 751.308349609375 241.56582641601562 916.0021362304688 582.3605346679688 
0 1362.5950927734375 444.6401672363281 1710.85009765625 935.2980346679688 
3 739.8070068359375 41.58128356933594 785.2271728515625 132.02557373046875 
3 553.5137329101562 99.85552978515625 603.8609008789062 187.0622100830078 
3 739.411865234375 39.499229431152344 786.233154296875 165.2549285888672 
398
2 768.1652221679688 241.42340087890625 952.6219482421875 582.402099609375 
0 1369.776123046875 446.233642578125 1712.8658447265625 929.0552978515625 
3 756.6264038085938 36.39527893066406 802.2368774414062 159.52664184570312 
399
0 1381.810546875 445.1013488769531 1707.910888671875 933.14990234375 
2 780.5465698242188 241.23904418945312 940.1715087890625 582.5724487304688 
3 769.5778198242188 34.46429443359375 813.7734985351562 128.41525268554688 
3 582.0360107421875 93.59234619140625 642.11181640625 207.59886169433594 
3 770.235595703125 34.66033935546875 813.4085693359375 160.563720703125 
3 829.2913818359375 14.107215881347656 846.9486694335938 70.59693145751953 
400
2 792.5234985351562 241.63616943359375 974.424560546875 585.115234375 
0 1397.17578125 445.3026123046875 1708.5894775390625 929.08984375 
3 779.3392944335938 31.251251220703125 825.70166015625 126.55595397949219 
3 595.7190551757812 94.46958923339844 659.0597534179688 213.7261962890625 
401
2 806.4405517578125 242.2091064453125 968.6221313476562 586.330078125 
0 1422.662353515625 440.9447937011719 1705.8841552734375 920.1671142578125 
3 608.4959716796875 91.6335220336914 674.5572509765625 211.4908905029297 
3 792.147216796875 31.496780395507812 837.1907348632812 125.37931823730469 
3 791.8920288085938 30.026885986328125 836.3792114257812 160.88824462890625 
402
2 816.4546508789062 241.6141357421875 976.5789184570312 587.75634765625 
0 1448.395263671875 433.609619140625 1709.218017578125 911.4705810546875 
3 621.3603515625 90.99138641357422 704.6480712890625 210.85931396484375 
3 805.4274291992188 27.945335388183594 849.8182373046875 123.43832397460938 
3 0.002349853515625 245.59280395507812 29.900863647460938 323.10174560546875 
403
2 829.0036010742188 240.68515014648438 986.7272338867188 590.7254638671875 
0 1458.238525390625 429.1812744140625 1714.0606689453125 893.792236328125 
3 632.4432373046875 85.75119018554688 722.224609375 207.12008666992188 
3 816.984619140625 28.24201202392578 864.7062377929688 122.83465576171875 
404
2 843.1271362304688 241.44833374023438 1002.8587646484375 590.6681518554688 
0 1458.5147705078125 423.0635986328125 1720.273193359375 881.5477294921875 
3 645.7344360351562 87.52362060546875 735.835205078125 202.8715057373047 
3 832.037353515625 27.888351440429688 877.303955078125 120.00491333007812 
3 5.110715866088867 237.30264282226562 50.63014221191406 313.90789794921875 
405
2 859.0921020507812 240.62298583984375 1012.8257446289062 592.55322265625 
0 1464.99560546875 422.4430847167969 1729.6478271484375 880.56982421875 
3 661.0734252929688 86.28146362304688 752.5730590820312 204.50221252441406 
3 849.1558227539062 27.010337829589844 892.0364990234375 118.29180908203125 
406
2 872.4219970703125 240.15164184570312 1029.8248291015625 594.3839111328125 
0 1459.867431640625 421.9219970703125 1740.4835205078125 889.193603515625 
3 678.7158203125 86.47518157958984 763.7686157226562 204.06399536132812 
3 863.2586059570312 26.45755386352539 909.07763671875 115.60897827148438 
407
2 886.0557250976562 237.98696899414062 1048.00732421875 595.1722412109375 
0 1442.333251953125 421.8606262207031 1746.308837890625 894.4911499023438 
3 878.3731689453125 23.203201293945312 926.6160888671875 111.94271850585938 
3 695.3609008789062 83.50987243652344 779.11181640625 203.2430419921875 
408
0 1430.247314453125 424.9417724609375 1756.945556640625 901.7045288085938 
2 897.6926879882812 238.42431640625 1070.4969482421875 598.8126220703125 
3 893.5496215820312 22.530841827392578 940.2176513671875 108.47660827636719 
409
0 1423.2420654296875 429.218017578125 1762.669921875 908.5293579101562 
2 907.5520629882812 238.28952026367188 1096.720458984375 598.6334838867188 
3 728.82470703125 79.5960922241211 801.8075561523438 197.5818634033203 
3 909.1419067382812 19.940528869628906 955.33740234375 111.17893981933594 
3 0.23484134674072266 463.652099609375 67.04850769042969 575.8142700195312 
3 66.63561248779297 214.87657165527344 107.81962585449219 289.796630859375 
410
0 1426.9530029296875 430.2989501953125 1768.882080078125 914.0291748046875 
2 929.8424072265625 237.3814697265625 1120.5506591796875 602.1923828125 
3 741.6949462890625 77.24864196777344 816.361572265625 196.655029296875 
3 921.8147583007812 17.532516479492188 962.0343017578125 109.27618408203125 
3 76.84037780761719 215.38148498535156 117.48728942871094 285.2545166015625 
3 0.3110084533691406 439.6167297363281 86.37843322753906 574.1115112304688 
3 0.02226543426513672 199.575439453125 48.28267288208008 269.5223083496094 
411
0 1438.8157958984375 434.84930419921875 1773.4146728515625 919.96875 
2 927.4901123046875 238.08926391601562 1143.1978759765625 604.5245971679688 
3 755.1240844726562 80.77763366699219 827.111328125 196.42306518554688 
3 936.1759033203125 18.91828155517578 978.487548828125 110.271240234375 
3 0.3932342529296875 426.33026123046875 100.79325103759766 570.8756713867188 
412
2 937.7586669921875 238.16644287109375 1162.6484375 605.8405151367188 
0 1453.61474609375 438.2286071777344 1775.18701171875 923.042236328125 
3 950.2655029296875 17.114768981933594 990.0801391601562 109.61564636230469 
3 765.8301391601562 78.95925903320312 839.625244140625 194.4320068359375 
3 0.1620941162109375 385.05279541015625 118.3799057006836 575.08154296875 
3 154.59361267089844 181.48291015625 182.35227966308594 245.1334228515625 
3 483.0254211425781 65.20046997070312 498.48577880859375 94.86869812011719 
3 0.202362060546875 384.44775390625 118.55125427246094 573.9759521484375 
3 98.8880386352539 208.58702087402344 140.63746643066406 275.25946044921875 
413
0 1465.43505859375 441.8064270019531 1779.562255859375 923.9581909179688 
2 951.088623046875 241.57366943359375 1174.1531982421875 610.146728515625 
3 964.0359497070312 16.326995849609375 1003.3207397460938 110.3250732421875 
3 791.8021850585938 76.92230987548828 849.064453125 192.2576446533203 
414
0 1478.1090087890625 441.32794189453125 1779.970947265625 918.6770629882812 
2 964.617919921875 241.47335815429688 1183.6715087890625 614.51318359375 
3 0.3485679626464844 326.4613952636719 139.01597595214844 521.5589599609375 
3 975.9598388671875 14.116893768310547 1016.1456909179688 108.41998291015625 
3 42.78965377807617 188.77760314941406 121.53852844238281 306.5799255371094 
3 787.0571899414062 74.21345520019531 861.0087280273438 191.16046142578125 
415
0 1492.4892578125 438.23358154296875 1778.376708984375 911.2813110351562 
3 0.1083984375 309.9791564941406 147.46432495117188 506.20654296875 
2 998.3710327148438 240.61517333984375 1183.0189208984375 614.14892578125 
3 986.5188598632812 12.105491638183594 1028.4354248046875 103.89443969726562 
3 820.3032836914062 69.33212280273438 874.6863403320312 192.90859985351562 
3 182.59994506835938 167.96356201171875 214.17938232421875 240.0252685546875 
416
0 1505.4730224609375 435.41845703125 1779.0806884765625 902.4744262695312 
3 3.2546234130859375 301.79150390625 153.54238891601562 494.05462646484375 
2 1003.375 241.12942504882812 1195.3228759765625 618.3984985351562 
3 1006.2409057617188 10.193382263183594 1044.492919921875 103.73748779296875 
3 834.81201171875 70.27713012695312 892.2512817382812 191.45208740234375 
3 833.864501953125 70.00816345214844 891.642822265625 191.51239013671875 
3 900.9568481445312 39.776031494140625 930.2680053710938 106.44129943847656 
417
0 1522.7039794921875 429.7254943847656 1784.98291015625 885.447509765625 
2 1011.3255004882812 242.861572265625 1200.1102294921875 616.6583251953125 
3 22.502838134765625 296.3247985839844 163.0758819580078 485.2613525390625 
3 1018.8372802734375 8.293922424316406 1061.5657958984375 104.02017211914062 
3 850.59228515625 68.57952880859375 903.968994140625 189.23284912109375 
418
1 1537.50439453125 425.32525634765625 1791.350341796875 863.4332275390625 
2 1024.49267578125 246.37863159179688 1198.4232177734375 622.297607421875 
3 39.13206481933594 289.56866455078125 158.0881805419922 472.73431396484375 
3 1032.2835693359375 9.495170593261719 1081.1556396484375 104.63150024414062 
3 869.5570068359375 68.29739379882812 929.3115844726562 191.16981506347656 
3 161.96978759765625 186.08587646484375 203.18853759765625 264.165771484375 
419
2 1035.754638671875 245.90435791015625 1233.8033447265625 627.2667236328125 
1 1547.89208984375 420.870849609375 1795.5909423828125 851.6126098632812 
3 54.13311767578125 282.97381591796875 181.9915313720703 474.5420837402344 
3 1045.107421875 9.303474426269531 1092.740478515625 103.96708679199219 
3 880.962646484375 68.2975082397461 934.6998901367188 189.0109405517578 
3 46.21875 177.54705810546875 110.5023422241211 277.00799560546875 
3 0.057537078857421875 157.5145263671875 28.053104400634766 212.5895538330078 
420
1 1553.66552734375 417.2191467285156 1802.9700927734375 855.791748046875 
3 70.00837707519531 276.5248718261719 216.96800231933594 472.5634460449219 
2 1047.0478515625 245.6802978515625 1238.411865234375 628.86328125 
3 1055.823974609375 9.312568664550781 1109.7935791015625 102.42262268066406 
3 889.6452026367188 65.13934326171875 945.3006591796875 188.51092529296875 
3 56.820152282714844 174.76641845703125 114.47694396972656 276.40716552734375 
3 0.5037746429443359 154.82034301757812 34.89854049682617 210.33673095703125 
421
1 1549.7236328125 414.1046447753906 1812.4462890625 861.0418701171875 
2 1059.4500732421875 247.84844970703125 1245.041259765625 630.0498657226562 
3 86.15261840820312 274.3958435058594 249.44451904296875 470.8695068359375 
3 1067.93701171875 9.351730346679688 1120.628173828125 99.41384887695312 
3 901.544921875 66.15298461914062 959.952880859375 184.8409423828125 
422
0 1547.5614013671875 413.43743896484375 1819.2850341796875 867.2861938476562 
2 1070.4873046875 250.656982421875 1263.3602294921875 634.6261596679688 
3 101.90692901611328 270.4535217285156 279.7764892578125 468.8607177734375 
3 1078.449462890625 8.521541595458984 1130.795654296875 100.20770263671875 
3 913.079345703125 64.54222106933594 975.9769287109375 182.42410278320312 
3 121.87704467773438 161.8406982421875 197.7278289794922 280.4673767089844 
3 251.35769653320312 146.91525268554688 280.6094970703125 218.02569580078125 
423
2 1087.028076171875 249.96206665039062 1279.2896728515625 635.0884399414062 
0 1547.833251953125 410.7840270996094 1826.5538330078125 872.860595703125 
3 1088.2266845703125 2.8905487060546875 1141.4615478515625 98.22671508789062 
3 928.3453979492188 60.46598815917969 990.9489135742188 181.21597290039062 
3 123.65640258789062 265.27105712890625 303.671875 463.9384765625 
3 128.47439575195312 158.58555603027344 177.24948120117188 230.96078491210938 
3 79.5331039428711 161.03524780273438 138.89251708984375 264.7252502441406 
424
2 1099.6220703125 250.64166259765625 1293.2308349609375 638.4869995117188 
0 1546.986572265625 410.4483642578125 1832.1510009765625 877.8886108398438 
3 140.19842529296875 264.33831787109375 321.6394348144531 464.320068359375 
3 1102.8409423828125 5.3344268798828125 1150.7548828125 95.56562805175781 
3 939.8018188476562 61.50035858154297 1005.6560668945312 181.78671264648438 
3 89.18815612792969 157.66966247558594 143.62937927246094 264.26397705078125 
425
0 1548.4188232421875 411.7225341796875 1834.3599853515625 886.3740234375 
2 1113.9088134765625 254.20193481445312 1307.0576171875 640.5789794921875 
3 1115.3238525390625 3.3209877014160156 1161.1810302734375 96.23849487304688 
3 155.56878662109375 256.0428771972656 338.097412109375 463.5796813964844 
3 952.2024536132812 59.040802001953125 1021.2186889648438 179.41500854492188 
3 98.2724380493164 158.45718383789062 157.72789001464844 262.322265625 
3 278.8426208496094 141.4082489013672 306.14263916015625 211.08457946777344 
426
0 1554.351806640625 413.98834228515625 1837.2149658203125 892.3780517578125 
2 1125.679443359375 256.10247802734375 1322.069091796875 645.3207397460938 
3 964.5714721679688 56.62010192871094 1035.700439453125 182.79331970214844 
3 1126.7723388671875 4.708568572998047 1172.4259033203125 96.76023864746094 
3 175.88734436035156 251.18038940429688 352.82470703125 452.65045166015625 
427
0 1562.710693359375 414.227783203125 1844.122314453125 897.7532958984375 
2 1142.5333251953125 258.288818359375 1337.736328125 650.1007080078125 
3 192.30239868164062 248.52630615234375 364.7947998046875 443.8954772949219 
3 1141.7042236328125 5.226512908935547 1184.4952392578125 93.28074645996094 
3 978.2169799804688 58.04450988769531 1049.2967529296875 180.40573120117188 
428
0 1574.49951171875 415.6299133300781 1853.2470703125 900.4946899414062 
2 1159.0927734375 260.2030944824219 1361.103271484375 654.2310791015625 
3 210.71377563476562 243.28668212890625 373.52978515625 442.04168701171875 
3 993.285400390625 53.07341003417969 1062.7352294921875 184.55029296875 
3 1158.8951416015625 4.861850738525391 1198.3299560546875 92.67488098144531 
429
0 1586.069091796875 414.1002502441406 1863.97412109375 900.5403442382812 
1 1175.390625 261.79498291015625 1374.06982421875 658.8878784179688 
3 231.66883850097656 233.73150634765625 380.9715881347656 423.2914733886719 
3 1172.7110595703125 1.9952621459960938 1211.133544921875 91.85612487792969 
3 1016.8613891601562 52.00788879394531 1073.45263671875 171.42349243164062 
3 1841.2275390625 0.3728179931640625 1918.9150390625 138.11279296875 
430
0 1598.79296875 413.884765625 1872.5977783203125 894.2506103515625 
1 1190.5518798828125 262.03741455078125 1390.6934814453125 663.5337524414062 
3 1189.5919189453125 0.641754150390625 1225.6549072265625 91.14570617675781 
3 245.73648071289062 224.61029052734375 395.11053466796875 419.73443603515625 
3 1030.7442626953125 48.202056884765625 1086.772216796875 172.42808532714844 
3 155.4338836669922 144.42152404785156 214.2919921875 246.1094970703125 
3 1171.664794921875 0.0 1190.3382568359375 53.02732849121094 
431
0 1613.6427001953125 410.299072265625 1879.6903076171875 889.3365478515625 
1 1204.3768310546875 265.1832275390625 1402.7701416015625 668.728515625 
3 1202.08056640625 1.6244544982910156 1236.8154296875 90.96757507324219 
3 270.5362548828125 225.55340576171875 400.52252197265625 416.92352294921875 
3 1046.76953125 35.238800048828125 1100.209228515625 169.14138793945312 
432
1 1215.3563232421875 269.2122497558594 1422.4508056640625 671.2860107421875 
0 1637.4390869140625 408.49755859375 1886.042724609375 881.5770263671875 
3 1211.4141845703125 2.046558380126953 1249.3277587890625 92.83749389648438 
3 290.29608154296875 230.3358154296875 407.953857421875 411.57861328125 
3 1057.375244140625 45.33305358886719 1109.6624755859375 167.33078002929688 
433
1 1227.806640625 269.68939208984375 1432.1834716796875 674.9990844726562 
1 1663.329833984375 404.31689453125 1890.72412109375 864.3112182617188 
3 303.79144287109375 217.12911987304688 416.29254150390625 405.85650634765625 
3 1221.994140625 2.3852882385253906 1256.98388671875 91.29597473144531 
3 1068.2222900390625 39.528900146484375 1123.25244140625 170.72988891601562 
434
1 1241.2034912109375 270.11383056640625 1447.211181640625 676.734375 
1 1666.0 397.98431396484375 1898.612060546875 852.0233154296875 
3 312.35675048828125 220.87530517578125 433.4105529785156 404.42431640625 
3 1230.7049560546875 1.2516860961914062 1270.14453125 91.09312438964844 
3 1081.1009521484375 45.276390075683594 1132.80126953125 164.86900329589844 
435
1 1253.69677734375 273.5267333984375 1455.434326171875 683.5244750976562 
1 1669.6707763671875 396.884521484375 1904.846923828125 835.390869140625 
3 321.1523742675781 208.23960876464844 464.20843505859375 403.70587158203125 
3 1243.1279296875 2.234405517578125 1279.7489013671875 90.92561340332031 
3 1094.70361328125 37.905723571777344 1146.4466552734375 162.76260375976562 
436
3 335.8828125 202.65505981445312 493.2086181640625 402.8876953125 
1 1266.59375 274.91229248046875 1463.8411865234375 686.7217407226562 
1 1670.65234375 391.14483642578125 1910.2447509765625 825.3241577148438 
3 1251.1636962890625 0.5058517456054688 1290.674072265625 90.88052368164062 
3 1101.6917724609375 43.020965576171875 1149.6788330078125 163.41848754882812 
437
1 1271.2586669921875 278.0948486328125 1474.84619140625 691.5192260742188 
1 1668.017822265625 390.8373107910156 1912.1221923828125 815.6344604492188 
3 348.8883361816406 199.65757751464844 516.7132568359375 404.1311340332031 
3 1259.811279296875 0.5685577392578125 1297.83642578125 89.9056167602539 
3 1110.1827392578125 42.0185546875 1168.6680908203125 162.9949951171875 
438
1 1278.6363525390625 280.78131103515625 1487.1639404296875 694.2536010742188 
1 1653.2138671875 389.0985412597656 1915.491455078125 823.2305297851562 
3 1268.50537109375 1.4877090454101562 1303.018310546875 89.7510986328125 
3 1115.6422119140625 42.417633056640625 1167.4884033203125 164.15570068359375 
3 368.30499267578125 202.2875213623047 531.8746337890625 404.27264404296875 
439
1 1642.597412109375 389.9070739746094 1919.3963623046875 828.2343139648438 
3 373.7217712402344 194.21702575683594 546.2279663085938 400.4775390625 
1 1294.6334228515625 282.86968994140625 1493.1749267578125 697.547607421875 
3 1276.792236328125 0.9136123657226562 1312.9493408203125 88.47059631347656 
3 1130.624755859375 41.44306945800781 1208.070556640625 163.0215301513672 
3 1129.27001953125 43.07429504394531 1169.179443359375 164.1876983642578 
440
1 1631.9859619140625 392.81842041015625 1926.943603515625 833.594970703125 
3 394.04278564453125 191.54522705078125 561.8746948242188 401.3258972167969 
1 1312.6953125 285.406494140625 1515.3599853515625 702.2838134765625 
3 1139.867431640625 40.63250732421875 1220.0123291015625 164.74639892578125 
3 1288.6220703125 0.15355682373046875 1325.02392578125 87.70100402832031 
3 909.2833251953125 0.06378173828125 926.535400390625 34.05602264404297 
441
3 406.40753173828125 188.88711547851562 573.8323364257812 396.2586669921875 
1 1624.4058837890625 394.240478515625 1930.5362548828125 838.02685546875 
1 1324.3092041015625 287.5341796875 1523.353271484375 701.34765625 
3 1298.4835205078125 0.0 1335.0457763671875 86.34196472167969 
3 1149.275146484375 38.40264129638672 1231.287109375 164.63040161132812 
442
3 420.6912841796875 184.46121215820312 582.7134399414062 393.61273193359375 
1 1624.39990234375 396.66375732421875 1935.4620361328125 843.7828369140625 
1 1335.3829345703125 291.4794921875 1538.16064453125 709.72705078125 
3 1159.309814453125 36.63645935058594 1241.3565673828125 165.3730010986328 
3 1310.1011962890625 0.0 1345.3515625 84.07195281982422 
443
1 1629.56787109375 397.8863220214844 1936.535400390625 850.6467895507812 
1 1339.501220703125 295.628662109375 1546.63427734375 716.0546875 
3 434.80682373046875 182.5506134033203 591.8056030273438 393.34112548828125 
3 1317.885009765625 0.0 1355.281494140625 84.2728271484375 
3 1167.404541015625 33.88737487792969 1249.9100341796875 165.87933349609375 
444
3 447.218505859375 179.75820922851562 597.1817626953125 384.656005859375 
1 1347.349365234375 299.9815673828125 1554.39990234375 721.6331787109375 
1 1636.537353515625 402.10064697265625 1937.018798828125 849.5836791992188 
3 1174.3797607421875 35.3983154296875 1253.361328125 164.14173889160156 
3 1323.3138427734375 0.0 1362.639892578125 83.87178039550781 
445
1 1647.297607421875 403.916015625 1941.93798828125 842.6381225585938 
3 460.38287353515625 174.18499755859375 598.6168823242188 377.80194091796875 
1 1355.05810546875 302.4996032714844 1568.305908203125 723.610595703125 
3 1182.8077392578125 34.4508056640625 1261.3887939453125 164.24679565429688 
3 1333.1201171875 0.0 1369.7568359375 84.48638153076172 
3 254.47463989257812 115.13880920410156 297.82196044921875 206.88287353515625 
446
1 1657.086669921875 403.6017150878906 1947.285400390625 831.929931640625 
3 473.9453430175781 170.114501953125 609.5833740234375 371.607666015625 
1 1364.8704833984375 305.9097900390625 1576.98681640625 725.3274536132812 
3 1191.1837158203125 34.35673522949219 1265.6654052734375 161.30160522460938 
3 1340.593017578125 0.068328857421875 1376.790283203125 84.47639465332031 
3 260.3889465332031 113.39999389648438 313.8168640136719 211.31964111328125 
447
1 1664.8046875 405.09771728515625 1951.81982421875 820.5491333007812 
3 489.77655029296875 171.0302276611328 610.4576416015625 364.0535888671875 
1 1372.767822265625 310.9269714355469 1587.2850341796875 732.3600463867188 
3 1202.8873291015625 34.20648956298828 1274.8568115234375 157.1843719482422 
3 1347.3721923828125 0.06418609619140625 1386.0179443359375 85.2276382446289 
448
1 1673.3297119140625 405.7003173828125 1956.713623046875 820.5028076171875 
3 497.5583801269531 163.23248291015625 617.076904296875 360.00537109375 
1 1381.359375 315.1673583984375 1597.6187744140625 739.8546142578125 
3 1354.640625 0.0 1393.65673828125 85.97216796875 
3 1213.3199462890625 31.063308715820312 1278.5164794921875 157.7126922607422 
3 268.2200012207031 109.12541198730469 326.167236328125 221.16558837890625 
449
1 1392.773193359375 317.1885070800781 1612.3001708984375 743.1416015625 
1 1683.0262451171875 405.5374755859375 1964.2935791015625 804.2996215820312 
3 509.8291015625 161.42608642578125 626.3427734375 360.64337158203125 
3 1361.3499755859375 0.0 1406.077880859375 86.19013977050781 
3 1229.4844970703125 34.00946044921875 1292.587646484375 159.2876434326172 
450
3 521.7778930664062 159.20294189453125 653.3134765625 362.59320068359375 
1 1691.06494140625 406.6357421875 1970.564453125 808.374755859375 
1 1397.1649169921875 320.89349365234375 1618.552001953125 746.4757080078125 
3 1369.3310546875 0.0 1415.5263671875 87.88050079345703 
3 1239.1807861328125 31.227630615234375 1301.78955078125 173.56924438476562 
451
1 1700.263916015625 405.65814208984375 1980.8707275390625 812.6160888671875 
3 538.6405639648438 156.50677490234375 684.5113525390625 359.746337890625 
1 1404.361328125 325.61993408203125 1630.3245849609375 753.5577392578125 
3 1377.2197265625 0.0 1423.4913330078125 83.58680725097656 
3 1246.6322021484375 26.826889038085938 1311.8770751953125 155.19076538085938 
452
1 1710.4234619140625 405.3343811035156 1988.4276123046875 820.1207885742188 
1 1420.3133544921875 330.1925048828125 1645.829833984375 758.714599609375 
3 553.2764892578125 154.61669921875 707.6216430664062 358.9042663574219 
3 1387.3681640625 0.0 1431.6181640625 84.9947509765625 
3 1261.7816162109375 31.789535522460938 1320.63134765625 154.652587890625 
3 1503.312255859375 14.844345092773438 1526.2083740234375 91.69148254394531 
453
1 1720.9512939453125 405.6732177734375 1997.743408203125 825.8350830078125 
1 1433.7066650390625 333.61102294921875 1657.2139892578125 763.931884765625 
3 570.6016845703125 157.22702026367188 720.6448364257812 358.7046813964844 
3 1393.8426513671875 0.0 1437.5828857421875 83.80368041992188 
3 1271.7979736328125 32.72576141357422 1321.802001953125 155.5718994140625 
3 1507.7437744140625 15.054786682128906 1533.3985595703125 102.16195678710938 
454
1 1728.8031005859375 405.8125 2005.474365234375 831.5721435546875 
3 580.37060546875 153.52735900878906 741.8333129882812 358.0959777832031 
1 1447.8671875 337.8441162109375 1673.376708984375 768.4669799804688 
3 1399.5042724609375 0.0 1443.18798828125 83.34318542480469 
3 1273.6143798828125 29.95831298828125 1335.505126953125 154.50656127929688 
3 0.14733314514160156 267.3789367675781 59.054500579833984 377.41986083984375 
3 2144.83642578125 0.7588119506835938 2241.8154296875 156.467529296875 
455
1 1738.22412109375 408.0603332519531 2014.241943359375 836.7189331054688 
1 1458.68115234375 344.3076477050781 1692.1412353515625 772.3134765625 
3 594.2169799804688 152.1625518798828 753.3914794921875 357.5083312988281 
3 1407.4962158203125 0.0 1450.4061279296875 83.90660095214844 
3 1283.8905029296875 30.87055206298828 1337.1724853515625 155.54913330078125 
3 0.08114051818847656 260.47381591796875 63.4334716796875 373.0922546386719 
3 0.7949285507202148 161.1182861328125 39.15485382080078 220.87042236328125 
3 1514.227294921875 6.838958740234375 1547.6141357421875 104.6845703125 
456
1 1746.06396484375 409.73370361328125 2021.1766357421875 842.4500732421875 
1 1467.858154296875 347.11688232421875 1706.303955078125 775.915283203125 
3 604.5114135742188 148.23196411132812 757.53759765625 354.32476806640625 
3 1294.96435546875 31.325851440429688 1355.450439453125 155.48281860351562 
3 1414.3914794921875 0.0 1455.57861328125 81.99546813964844 
3 2401.20263671875 72.57559967041016 2451.498046875 190.1223907470703 
3 1514.3447265625 8.436408996582031 1555.1025390625 118.34344482421875 
3 0.2574729919433594 250.75888061523438 64.86529541015625 372.7563171386719 
3 1347.0107421875 0.0 1370.374755859375 54.27220916748047 
457
1 1757.1103515625 414.1709289550781 2030.9742431640625 849.2471923828125 
1 1476.7269287109375 351.30950927734375 1721.4202880859375 785.44140625 
3 616.8089599609375 146.30313110351562 754.8126220703125 350.8638916015625 
3 1302.0711669921875 30.713043212890625 1365.3275146484375 155.02517700195312 
3 1424.7667236328125 0.0 1468.2984619140625 81.18406677246094 
3 1520.8299560546875 3.846435546875 1564.1859130859375 120.07272338867188 
3 10.905181884765625 158.51222229003906 47.51869583129883 217.02293395996094 
3 0.08846759796142578 250.93304443359375 69.22350311279297 370.15887451171875 
458
1 1766.8104248046875 417.24322509765625 2037.82080078125 855.885009765625 
1 1483.660888671875 357.6429443359375 1734.2095947265625 792.4388427734375 
3 1431.6533203125 0.0 1475.235595703125 83.11811828613281 
3 1309.4993896484375 30.182167053222656 1373.6158447265625 157.34783935546875 
3 1524.882080078125 9.262237548828125 1569.4073486328125 123.61724853515625 
3 626.719970703125 141.90203857421875 788.9904174804688 351.0407409667969 
3 15.436229705810547 155.01370239257812 52.55125427246094 213.3906707763672 
3 0.24420547485351562 246.57632446289062 72.86138916015625 372.79522705078125 
459
1 1776.8182373046875 421.4100341796875 2049.935546875 861.8577270507812 
1 1493.668212890625 362.51953125 1748.3067626953125 791.9686279296875 
3 1530.476806640625 10.009712219238281 1577.726318359375 127.64129638671875 
3 1318.9942626953125 31.488075256347656 1381.8193359375 158.254150390625 
3 1444.277099609375 0.0 1483.8973388671875 82.8055419921875 
3 0.541107177734375 228.67459106445312 76.84785461425781 370.49761962890625 
3 635.3560180664062 137.55160522460938 794.8809204101562 346.9620056152344 
3 21.987285614013672 151.5824737548828 61.357669830322266 210.77838134765625 
3 636.251708984375 140.9538116455078 786.7985229492188 347.0790710449219 
460
0 1786.47802734375 423.953857421875 2060.0078125 866.9924926757812 
1 1506.0926513671875 366.5037841796875 1763.4423828125 801.4719848632812 
3 1533.9755859375 10.660530090332031 1584.4970703125 125.99118041992188 
3 1327.9344482421875 29.373580932617188 1389.5157470703125 161.28298950195312 
3 1447.009521484375 0.0 1492.1480712890625 81.54115295410156 
3 0.1400299072265625 222.91278076171875 83.30560302734375 368.81756591796875 
3 27.73561668395996 151.3232879638672 64.78962707519531 210.20758056640625 
3 640.8009033203125 136.71327209472656 766.9672241210938 336.91290283203125 
461
0 1795.2607421875 425.30816650390625 2073.04296875 872.4330444335938 
1 1515.4935302734375 371.16302490234375 1779.47802734375 796.67041015625 
3 1540.7567138671875 10.976524353027344 1593.033935546875 129.3621826171875 
3 1456.983154296875 0.0 1502.2525634765625 83.02564239501953 
3 1338.158203125 30.229568481445312 1393.9329833984375 156.79196166992188 
3 0.0 226.073486328125 89.42298126220703 365.3380126953125 
3 34.7677116394043 150.82781982421875 71.83851623535156 210.2369384765625 
3 678.7861328125 208.67962646484375 777.5121459960938 332.2350769042969 
3 646.7451782226562 156.47439575195312 793.939208984375 331.6705627441406 
462
0 1805.2650146484375 426.30120849609375 2085.9697265625 876.1538696289062 
1 1527.1624755859375 374.0821228027344 1796.574951171875 806.2163696289062 
3 0.0 224.20477294921875 100.10388946533203 360.0420227050781 
3 1465.8402099609375 0.0 1511.363525390625 84.13722229003906 
3 1547.3074951171875 12.444168090820312 1602.954345703125 130.48434448242188 
3 690.8279418945312 125.638671875 795.8170166015625 329.1864013671875 
3 1347.9564208984375 26.175918579101562 1404.90234375 159.57962036132812 
3 904.6978759765625 0.415130615234375 919.3438720703125 27.585311889648438 
463
0 1818.572509765625 426.43902587890625 2100.036376953125 878.426513671875 
1 1536.2672119140625 378.427490234375 1817.53076171875 813.427734375 
3 1554.2139892578125 13.07928466796875 1609.946044921875 132.66424560546875 
3 1476.9239501953125 0.0 1518.72119140625 82.58836364746094 
3 5.894023895263672 223.93463134765625 109.6585693359375 362.42315673828125 
3 1357.181396484375 28.384254455566406 1411.755615234375 160.61326599121094 
3 704.9166259765625 125.66749572753906 793.4679565429688 325.58905029296875 
464
1 1549.086181640625 384.3178405761719 1835.899169921875 829.03369140625 
0 1829.829833984375 430.25152587890625 2115.60546875 881.2015380859375 
3 1563.5 14.016387939453125 1618.028076171875 134.18893432617188 
3 1370.49755859375 28.814727783203125 1424.8646240234375 158.75070190429688 
3 1486.7069091796875 0.0 1527.9014892578125 83.31423950195312 
3 16.381919860839844 220.91705322265625 100.82003784179688 359.89520263671875 
3 17.0955810546875 221.533447265625 117.9708251953125 359.9001770019531 
465
1 1555.5133056640625 388.987548828125 1852.9146728515625 829.504150390625 
0 1836.0567626953125 432.3989562988281 2134.21533203125 885.4310302734375 
3 1570.7276611328125 9.765724182128906 1625.404296875 137.14605712890625 
3 1380.968994140625 28.332687377929688 1431.697265625 156.31661987304688 
3 1495.8675537109375 0.0 1532.591064453125 83.00033569335938 
3 20.01049041748047 217.61932373046875 131.2488555908203 356.189208984375 
3 757.0205078125 199.18919372558594 821.9629516601562 323.55279541015625 
466
1 1566.807861328125 397.19622802734375 1872.9976806640625 839.4647216796875 
0 1854.39892578125 436.9557189941406 2155.81982421875 890.1256103515625 
3 28.063201904296875 215.93301391601562 140.21983337402344 352.8907470703125 
3 1578.77783203125 9.823104858398438 1635.3782958984375 135.1633758544922 
3 1506.6363525390625 0.0 1541.4925537109375 83.1562728881836 
3 1392.42138671875 31.765457153320312 1445.4046630859375 151.78970336914062 
3 67.53360748291016 140.97616577148438 104.44068908691406 197.1667022705078 
467
1 1574.538818359375 401.95501708984375 1890.14013671875 847.4232788085938 
0 1860.4552001953125 440.8876037597656 2176.40283203125 894.022705078125 
3 1586.0643310546875 9.556480407714844 1643.300537109375 137.5884552001953 
3 35.3548698425293 212.67173767089844 148.3545684814453 353.3763427734375 
3 1515.239501953125 0.15914154052734375 1550.0926513671875 83.08915710449219 
3 74.45087432861328 139.36685180664062 111.44915771484375 195.73609924316406 
3 1403.54052734375 26.066207885742188 1457.853271484375 149.03109741210938 
3 1403.4705810546875 24.542396545410156 1459.048583984375 191.7169952392578 
468
0 1874.905029296875 445.046630859375 2193.6162109375 897.6229248046875 
1 1583.5799560546875 408.9830322265625 1903.14697265625 852.7374267578125 
3 1592.0650634765625 9.135910034179688 1647.209228515625 138.49386596679688 
3 39.61846923828125 212.91880798339844 151.79676818847656 354.9615478515625 
3 1521.0899658203125 0.008312225341796875 1556.21142578125 83.9655990600586 
3 770.3768920898438 117.68446350097656 905.5631713867188 326.49725341796875 
3 1407.7640380859375 27.691368103027344 1465.097412109375 137.80599975585938 
3 1407.171875 25.598960876464844 1466.8240966796875 194.24496459960938 
3 76.98280334472656 139.4215545654297 113.39616394042969 193.67666625976562 
469
1 1591.1943359375 414.0857238769531 1922.887451171875 858.1730346679688 
0 1892.7701416015625 450.51800537109375 2207.697509765625 899.519287109375 
3 1595.0257568359375 10.068252563476562 1652.9185791015625 139.8312225341797 
3 1525.14013671875 0.3678016662597656 1561.70556640625 86.0619888305664 
3 1413.6927490234375 25.371841430664062 1463.184326171875 138.81016540527344 
3 43.964698791503906 213.32882690429688 154.02442932128906 336.9842834472656 
3 769.8858642578125 119.07403564453125 913.128173828125 328.005126953125 
3 79.80734252929688 137.88275146484375 117.34654235839844 192.1766815185547 
470
0 1890.9991455078125 454.357177734375 2222.2294921875 900.1417236328125 
1 1600.823974609375 421.54229736328125 1932.966552734375 865.0276489257812 
3 1599.3955078125 12.237236022949219 1656.988525390625 144.16555786132812 
3 797.002197265625 117.7403564453125 918.1672973632812 326.02716064453125 
3 1531.248291015625 0.46929931640625 1566.7674560546875 85.79678344726562 
3 48.424171447753906 213.24786376953125 156.45223999023438 353.6573181152344 
3 1420.2655029296875 29.01490020751953 1478.3568115234375 143.70135498046875 
3 84.05199432373047 136.357666015625 121.01604461669922 190.9482879638672 
471
0 1903.962158203125 461.3404846191406 2236.3701171875 903.23193359375 
0 1605.8489990234375 430.0963134765625 1953.083984375 866.2083740234375 
3 1603.680908203125 11.829170227050781 1665.011962890625 143.56512451171875 
3 1537.417236328125 0.2589302062988281 1576.2657470703125 84.45552825927734 
3 53.530189514160156 209.95040893554688 160.66921997070312 337.1697998046875 
3 1428.09619140625 25.524856567382812 1487.5006103515625 153.11077880859375 
3 808.5069580078125 117.5169677734375 904.49462890625 325.8677673339844 
3 807.8460693359375 116.16781616210938 931.4777221679688 325.8828125 
472
0 1922.775390625 467.1946105957031 2249.78515625 905.3406982421875 
3 1603.7559814453125 13.476829528808594 1669.7845458984375 145.12342834472656 
0 1622.21728515625 437.51495361328125 1967.902587890625 873.86279296875 
3 58.95564270019531 205.81423950195312 163.65093994140625 333.94989013671875 
3 1544.5640869140625 0.0 1582.30712890625 84.32064819335938 
3 1436.028564453125 25.00763702392578 1496.162109375 143.24148559570312 
3 815.0258178710938 114.1644287109375 943.9484252929688 323.62957763671875 
3 815.420654296875 112.23268127441406 906.945556640625 323.24005126953125 
473
0 1919.8775634765625 474.8709716796875 2265.967041015625 908.7998046875 
0 1631.252197265625 445.7135314941406 1988.735595703125 872.5523681640625 
3 67.15360260009766 201.18508911132812 170.35728454589844 348.08123779296875 
3 1612.06298828125 16.50145721435547 1679.2034912109375 151.8296661376953 
3 1555.425537109375 0.0 1592.9866943359375 84.65718841552734 
3 1447.1466064453125 30.29779052734375 1507.605224609375 142.65371704101562 
3 819.1155395507812 110.8597412109375 952.6319580078125 323.0733642578125 
3 818.9412841796875 111.11181640625 923.1365966796875 321.6629638671875 
474
0 1946.91064453125 482.006103515625 2279.1328125 917.8123779296875 
0 1637.946044921875 453.6246337890625 2007.81103515625 892.2874145507812 
3 1614.7054443359375 20.460983276367188 1684.30078125 155.4640350341797 
3 1563.1549072265625 0.0 1600.248046875 84.46197509765625 
3 71.5242691040039 201.19973754882812 173.62347412109375 348.57958984375 
3 1455.9188232421875 27.98309326171875 1516.345703125 149.8638458251953 
3 836.8292236328125 110.05369567871094 928.9733276367188 323.33734130859375 
475
0 1954.618896484375 490.162109375 2294.0537109375 925.5131225585938 
0 1646.419921875 462.1925048828125 2026.8616943359375 903.1102905273438 
3 1623.687744140625 23.514556884765625 1687.9718017578125 152.75454711914062 
3 1572.736572265625 0.42748260498046875 1610.466796875 87.17164611816406 
3 1466.5677490234375 27.454132080078125 1522.5714111328125 148.1019287109375 
3 80.55918884277344 196.8125457763672 178.85780334472656 342.62860107421875 
3 860.3555908203125 107.93693542480469 940.3027954101562 301.4010009765625 
476
0 1964.9476318359375 496.57440185546875 2311.030517578125 933.234619140625 
0 1656.0181884765625 468.0671081542969 2042.894775390625 901.3341674804688 
3 1628.0301513671875 23.466827392578125 1692.8543701171875 163.7395782470703 
3 84.88394927978516 198.2230224609375 182.37791442871094 331.78790283203125 
3 1474.487548828125 29.975051879882812 1534.6405029296875 151.1850128173828 
3 1581.5975341796875 0.2976036071777344 1619.4013671875 87.19895935058594 
3 874.4883422851562 103.580810546875 966.0069580078125 303.21478271484375 
3 116.75525665283203 122.776123046875 162.4535675048828 185.0456085205078 
477
0 1976.677490234375 504.8438720703125 2326.70556640625 941.75341796875 
0 1669.00341796875 476.11669921875 2065.42041015625 920.6278686523438 
3 92.13374328613281 193.47547912597656 189.47207641601562 325.80523681640625 
3 1637.4674072265625 24.614913940429688 1700.47265625 156.35433959960938 
3 1486.3284912109375 36.24851989746094 1543.5755615234375 149.51171875 
3 1590.1507568359375 0.0 1629.5936279296875 87.12765502929688 
3 886.5816650390625 101.166748046875 971.3395385742188 301.80072021484375 
478
0 1985.6038818359375 511.98785400390625 2342.413818359375 949.1199951171875 
0 1678.2327880859375 484.713134765625 2082.626953125 918.6151123046875 
3 98.3468017578125 189.91064453125 189.13575744628906 328.1514892578125 
3 1644.83544921875 24.90130615234375 1706.1832275390625 156.666015625 
3 1597.4093017578125 0.522796630859375 1637.6822509765625 87.41123962402344 
3 1493.493896484375 30.38916015625 1551.8646240234375 150.40545654296875 
3 897.81005859375 96.73695373535156 985.0592041015625 295.6451416015625 
479
0 1993.5166015625 519.0634765625 2354.922119140625 955.9053344726562 
0 1684.690185546875 492.01458740234375 2098.941162109375 925.6531372070312 
3 1648.8193359375 23.905059814453125 1709.5653076171875 159.8345489501953 
3 102.4410400390625 185.88412475585938 191.44850158691406 334.34332275390625 
3 1602.766357421875 0.1248321533203125 1644.3692626953125 87.9063491821289 
3 1499.7801513671875 30.778640747070312 1556.389892578125 153.6724395751953 
3 0.0941915512084961 422.4882507324219 52.860504150390625 575.469482421875 
3 476.9185791015625 70.60806274414062 523.2979125976562 142.08566284179688 
3 133.77195739746094 119.07537841796875 175.055419921875 172.9932098388672 
480
0 2001.605224609375 525.565673828125 2370.054931640625 963.1412963867188 
0 1691.26220703125 498.47412109375 2114.085693359375 927.5734252929688 
3 106.1950454711914 185.8133544921875 197.29696655273438 331.0787658691406 
3 1651.8101806640625 23.988189697265625 1714.253662109375 160.54905700683594 
3 1607.3394775390625 1.1684417724609375 1648.0321044921875 87.60416412353516 
3 1505.155517578125 30.60223388671875 1558.225341796875 152.66387939453125 
3 477.6345520019531 69.98735046386719 526.8308715820312 144.425048828125 
3 911.291748046875 95.54580688476562 1006.3788452148438 254.72286987304688 
3 0.1952495574951172 417.88104248046875 51.62175750732422 577.1389770507812 
481
0 2010.058349609375 531.10791015625 2381.247314453125 969.0888671875 
0 1696.892333984375 503.92218017578125 2127.70166015625 945.5494384765625 
3 106.15380859375 185.60287475585938 198.0639190673828 331.1335144042969 
3 1652.662109375 23.46184539794922 1716.0145263671875 160.19461059570312 
3 1510.4622802734375 31.760910034179688 1565.2491455078125 151.38133239746094 
3 1611.9332275390625 1.7469444274902344 1653.5440673828125 87.84468841552734 
3 920.9171752929688 95.52610778808594 1019.4285278320312 253.5643310546875 
3 478.76904296875 71.78610229492188 527.3421020507812 144.7958984375 
482
0 2018.918212890625 538.6651000976562 2394.351806640625 975.1444091796875 
0 1704.6422119140625 510.2412109375 2142.408203125 950.2100830078125 
3 1654.344970703125 22.307052612304688 1720.8013916015625 170.8728485107422 
3 111.01470947265625 184.73573303222656 199.76133728027344 327.22998046875 
3 1514.6337890625 33.279762268066406 1579.8194580078125 153.35540771484375 
3 1613.514892578125 1.4954643249511719 1662.137451171875 87.29849243164062 
3 933.9588623046875 95.20881652832031 1022.05078125 251.37384033203125 
3 478.0719909667969 69.86026763916016 532.0526733398438 141.53489685058594 
483
0 1715.14453125 517.8824462890625 2158.40283203125 956.159912109375 
0 2025.5513916015625 544.121337890625 2406.71923828125 983.332763671875 
3 114.98927307128906 184.194091796875 205.02536010742188 325.812744140625 
3 1657.504150390625 24.376632690429688 1727.1319580078125 161.70645141601562 
3 1518.585693359375 32.535919189453125 1583.2679443359375 155.3252716064453 
3 1621.450439453125 2.414997100830078 1664.0125732421875 86.99456787109375 
3 146.13836669921875 115.03054809570312 188.6068115234375 174.53009033203125 
484
0 1718.867431640625 526.6763305664062 2175.15380859375 969.7561645507812 
0 2033.2001953125 552.4195556640625 2417.27294921875 989.5106201171875 
3 1661.0694580078125 23.931320190429688 1733.1136474609375 169.57037353515625 
3 119.16462707519531 182.20828247070312 207.97311401367188 319.8346252441406 
3 1527.54345703125 32.68950653076172 1595.301513671875 156.0626220703125 
3 1628.0257568359375 4.928462982177734 1670.2301025390625 88.37248229980469 
3 964.1273193359375 95.41172790527344 1054.57373046875 243.80242919921875 
485
0 2041.0528564453125 557.8994140625 2427.648681640625 997.613037109375 
0 1732.1767578125 536.2015991210938 2190.244140625 975.0968017578125 
3 1662.6009521484375 24.29967498779297 1739.17041015625 166.08322143554688 
3 123.11309051513672 178.72491455078125 207.7171630859375 316.105712890625 
3 1535.976806640625 33.734466552734375 1603.6558837890625 158.48114013671875 
3 1632.98828125 4.778415679931641 1679.6278076171875 88.98169708251953 
3 498.6034240722656 66.20077514648438 542.02734375 135.13002014160156 
3 974.8184204101562 96.34649658203125 1077.096435546875 247.9290771484375 
486
0 1735.172607421875 541.7366333007812 2208.21240234375 985.5316162109375 
0 2049.425537109375 562.9642333984375 2438.556884765625 1003.749267578125 
3 1665.48486328125 24.886199951171875 1742.556640625 167.97146606445312 
3 126.45148468017578 177.935791015625 212.23587036132812 317.564453125 
3 1543.6279296875 28.215194702148438 1608.9073486328125 156.59817504882812 
3 986.4217529296875 94.72586059570312 1083.798583984375 249.49038696289062 
3 1643.3143310546875 3.2150230407714844 1687.285888671875 90.35748291015625 
3 493.83270263671875 65.02629089355469 544.052001953125 133.53762817382812 
487
0 1746.15966796875 549.6558837890625 2222.069580078125 985.01904296875 
0 2057.952392578125 568.1353759765625 2450.94970703125 1009.169189453125 
3 1670.8603515625 26.824874877929688 1746.2796630859375 171.43572998046875 
3 1650.48046875 2.5854415893554688 1691.637939453125 88.12744140625 
3 130.04852294921875 178.6896514892578 216.8429412841797 322.51751708984375 
3 1551.7767333984375 33.9691162109375 1609.8521728515625 156.76321411132812 
488
0 2069.453369140625 574.4737548828125 2461.87646484375 1019.047607421875 
0 1754.1632080078125 558.391845703125 2239.63623046875 991.7467041015625 
3 1673.3984375 30.554306030273438 1751.364013671875 180.14907836914062 
3 134.90220642089844 178.03001403808594 219.96737670898438 319.6789855957031 
3 1558.9163818359375 29.62744903564453 1618.47216796875 159.04611206054688 
3 1658.8197021484375 4.006305694580078 1698.861572265625 89.4655532836914 
3 1011.8309326171875 94.12783813476562 1104.019775390625 254.26516723632812 
489
0 2079.7431640625 581.55126953125 2472.350830078125 1026.7598876953125 
0 1762.0343017578125 567.6957397460938 2255.36572265625 1003.561767578125 
3 1677.04931640625 33.35687255859375 1757.5361328125 176.4878692626953 
3 142.53244018554688 175.92776489257812 225.00338745117188 317.31207275390625 
3 1022.10009765625 93.42234802246094 1114.17431640625 257.6543884277344 
3 1566.4027099609375 31.474624633789062 1624.6026611328125 163.3760223388672 
3 1668.4063720703125 4.3530426025390625 1710.41357421875 89.08401489257812 
3 505.6351318359375 63.61708068847656 560.4378662109375 140.73098754882812 
490
0 1769.8477783203125 576.777587890625 2274.3359375 1011.3173828125 
0 2086.76806640625 588.6199340820312 2485.1708984375 1032.62451171875 
3 1685.3621826171875 37.170387268066406 1766.3917236328125 189.6318817138672 
3 1575.279296875 36.22758483886719 1631.96142578125 163.71826171875 
3 149.04513549804688 174.7362823486328 228.760009765625 316.3551940917969 
3 1042.8699951171875 91.33080291748047 1126.2613525390625 254.8375244140625 
3 1680.17138671875 4.483608245849609 1716.5697021484375 91.23296356201172 
3 515.2918701171875 62.62432098388672 563.6472778320312 143.06228637695312 
491
0 1781.166015625 585.7034301757812 2289.958984375 1022.654052734375 
0 2094.606201171875 594.4156494140625 2496.007080078125 1035.943115234375 
3 1579.0657958984375 34.86125183105469 1644.7608642578125 158.3438720703125 
3 1688.7181396484375 37.96275329589844 1771.1466064453125 186.81704711914062 
3 149.68572998046875 173.40264892578125 231.54867553710938 310.58544921875 
3 1685.7789306640625 3.87298583984375 1724.6934814453125 91.63027954101562 
3 1052.9766845703125 88.60206604003906 1137.3892822265625 257.4434814453125 
492
0 1788.990234375 593.2697143554688 2305.3427734375 1025.164306640625 
0 2102.89208984375 599.504638671875 2506.65087890625 1041.036865234375 
3 1691.9552001953125 41.124244689941406 1774.89111328125 201.77439880371094 
3 151.89065551757812 173.20733642578125 233.53125 312.7085876464844 
3 1584.31494140625 35.76922607421875 1647.743408203125 162.23712158203125 
3 1690.3802490234375 5.124179840087891 1729.5313720703125 85.45333099365234 
3 1063.9456787109375 86.68495178222656 1149.783447265625 258.9207763671875 
493
0 1797.6739501953125 601.1913452148438 2321.560302734375 1035.8671875 
0 2111.143798828125 605.0057983398438 2519.0830078125 1052.8878173828125 
3 1698.0587158203125 41.242218017578125 1778.3638916015625 186.1591339111328 
3 154.24874877929688 173.14227294921875 239.57981872558594 313.14990234375 
3 1589.9700927734375 33.88417053222656 1656.9410400390625 155.99774169921875 
3 1698.541748046875 5.1520843505859375 1733.60498046875 85.466064453125 
3 1075.15966796875 84.20346069335938 1156.4766845703125 260.1943359375 
494
0 1809.934814453125 612.706787109375 2339.888427734375 1043.467041015625 
0 2118.213134765625 613.211669921875 2531.318115234375 1062.636962890625 
3 1594.96435546875 36.03330993652344 1662.196533203125 155.617919921875 
3 1085.506591796875 83.29779815673828 1165.968505859375 264.1258239746094 
3 158.88162231445312 172.61471557617188 245.50450134277344 312.52435302734375 
3 1702.5643310546875 45.15227508544922 1784.3187255859375 197.35780334472656 
3 1705.560791015625 7.563507080078125 1741.3314208984375 85.35582733154297 
495
0 1817.4727783203125 622.2039184570312 2353.746826171875 1050.2958984375 
0 2125.962890625 621.05224609375 2542.863037109375 1071.4635009765625 
3 163.67601013183594 169.36268615722656 246.95364379882812 311.1328430175781 
3 1096.03955078125 82.86412048339844 1172.5252685546875 263.55914306640625 
3 1599.767822265625 38.748329162597656 1670.97265625 155.7783660888672 
3 1705.317138671875 46.04865264892578 1788.745361328125 190.71934509277344 
3 1710.516845703125 7.8037567138671875 1750.3785400390625 86.79299926757812 
496
0 1831.5205078125 632.4732666015625 2376.26025390625 1055.415283203125 
0 2135.156982421875 627.7415161132812 2556.6396484375 1076.18896484375 
3 167.68505859375 169.26806640625 250.69436645507812 310.5494384765625 
3 1108.209228515625 82.7967529296875 1181.114501953125 265.3658142089844 
3 1606.56005859375 37.91188049316406 1675.6002197265625 155.31463623046875 
3 1718.0260009765625 7.0076751708984375 1756.819091796875 76.69879913330078 
3 1713.3651123046875 42.35479736328125 1796.5439453125 190.0430908203125 
3 535.3772583007812 59.55451965332031 583.7784423828125 128.52145385742188 
497
0 2142.730224609375 638.537353515625 2558.651611328125 1076.6400146484375 
0 1846.305419921875 644.6341552734375 2393.543701171875 1055.563232421875 
3 1719.468994140625 42.64710998535156 1804.8482666015625 209.2322540283203 
3 1121.6319580078125 83.19519805908203 1202.5244140625 269.47296142578125 
3 169.42315673828125 168.5524444580078 253.25416564941406 310.9959716796875 
3 1613.2064208984375 38.977874755859375 1682.57958984375 156.292724609375 
3 1725.225341796875 6.991828918457031 1763.4837646484375 82.33718872070312 
498
0 2150.98876953125 645.93505859375 2558.80810546875 1076.4383544921875 
0 1861.0496826171875 658.1316528320312 2414.922607421875 1068.541748046875 
3 1725.4422607421875 41.56977081298828 1808.4931640625 191.73861694335938 
3 1130.4757080078125 83.8272933959961 1223.75830078125 268.5970764160156 
3 1621.4544677734375 38.64192199707031 1688.52685546875 154.79840087890625 
3 173.77896118164062 165.51168823242188 256.97821044921875 305.56884765625 
3 1732.4595947265625 6.566135406494141 1772.5250244140625 74.03871154785156 
499
1 2159.169677734375 657.3511352539062 2558.97021484375 1077.6358642578125 
0 1889.468505859375 671.9555053710938 2436.908935546875 1070.3291015625 
3 1629.7462158203125 41.108055114746094 1698.6400146484375 156.36769104003906 
3 1146.8021240234375 85.48590850830078 1245.826171875 273.3299560546875 
3 177.9793701171875 162.2145233154297 260.69610595703125 302.3824462890625 
3 1733.311767578125 44.3262939453125 1815.7835693359375 198.4203643798828 
3 1736.720458984375 11.509227752685547 1780.5347900390625 86.2594985961914 
500
0 2174.26220703125 665.2586669921875 2559.0869140625 1076.9962158203125 
3 181.2621307373047 161.1934051513672 264.883056640625 300.611328125 
3 1740.59912109375 44.812767028808594 1819.8756103515625 199.0977020263672 
3 1157.8193359375 85.11846923828125 1260.562255859375 272.8798828125 
3 1638.582275390625 40.361053466796875 1706.692138671875 154.6682586669922 
0 1908.0396728515625 687.079345703125 2455.65380859375 1071.62646484375 
3 1746.03076171875 4.9747772216796875 1790.4229736328125 85.1591567993164 
3 230.5321807861328 92.9210205078125 262.3318176269531 154.92239379882812 
501
0 2187.230224609375 672.115478515625 2559.007080078125 1076.2142333984375 
3 1745.7564697265625 44.001800537109375 1824.538330078125 203.35623168945312 
0 1914.7862548828125 701.6981201171875 2472.654541015625 1068.6802978515625 
3 1166.073486328125 84.65972137451172 1267.61328125 273.20880126953125 
3 184.85130310058594 157.42356872558594 266.906005859375 291.3039855957031 
3 1644.9896240234375 39.414833068847656 1711.3876953125 155.77493286132812 
3 1751.921630859375 7.221149444580078 1792.6573486328125 80.96446228027344 
3 232.3313446044922 91.67088317871094 266.3577880859375 148.06211853027344 
502
3 1743.5950927734375 46.59441375732422 1829.3399658203125 220.37591552734375 
3 1168.8304443359375 85.43084716796875 1278.5010986328125 276.0245666503906 
3 188.55267333984375 158.68490600585938 271.8443603515625 298.6370544433594 
3 1652.3970947265625 39.71751403808594 1717.6407470703125 156.7011260986328 
0 2201.975341796875 676.439697265625 2558.945068359375 1076.470703125 
0 1927.367919921875 718.9799194335938 2493.923583984375 1066.5546875 
3 1758.72607421875 11.86038589477539 1799.8465576171875 73.51981353759766 
3 408.3988342285156 44.783790588378906 460.6715087890625 124.74263000488281 
503
3 1746.3760986328125 46.008392333984375 1832.9439697265625 218.19065856933594 
3 1660.1314697265625 35.90374755859375 1724.6722412109375 158.41717529296875 
0 1933.5498046875 735.129150390625 2518.133056640625 1073.416748046875 
3 1172.573974609375 83.67701721191406 1284.381591796875 276.6528625488281 
3 190.33465576171875 157.30209350585938 274.0912170410156 295.91253662109375 
3 2228.681640625 684.2659912109375 2558.919189453125 1077.0316162109375 
3 1764.990234375 10.81406021118164 1807.6529541015625 66.59303283691406 
504
3 1746.7105712890625 49.84593200683594 1839.2108154296875 228.86627197265625 
3 1186.5501708984375 84.34715270996094 1292.395751953125 279.22784423828125 
3 1668.8565673828125 40.32135009765625 1731.6385498046875 157.96640014648438 
3 193.2685089111328 157.2075653076172 280.6877746582031 295.7333679199219 
0 1946.3712158203125 756.5548095703125 2537.77490234375 1073.513916015625 
0 2240.2197265625 694.1063842773438 2558.84375 1076.5020751953125 
3 1769.16357421875 12.79537582397461 1809.6624755859375 71.81607055664062 
505
3 1750.342041015625 52.50616455078125 1843.9488525390625 228.298095703125 
1 1944.22900390625 777.0276489257812 2549.96484375 1078.2423095703125 
3 1675.295654296875 39.922393798828125 1736.7581787109375 157.00717163085938 
3 1201.395751953125 83.11528015136719 1301.213623046875 278.1311950683594 
3 198.48233032226562 153.87347412109375 283.5536193847656 290.2955627441406 
3 1775.7449951171875 6.0521087646484375 1819.1378173828125 68.70320129394531 
1 2247.365966796875 808.3270874023438 2558.770751953125 1077.921630859375 
506
3 1755.639892578125 56.030914306640625 1847.1751708984375 237.27874755859375 
3 1219.632568359375 82.11414337158203 1311.30078125 275.1824645996094 
3 1682.73046875 36.864097595214844 1741.112548828125 159.97650146484375 
3 199.08946228027344 153.844482421875 287.7955322265625 288.25128173828125 
1 1951.037353515625 795.9718627929688 2558.854736328125 1077.4273681640625 
3 1784.4080810546875 9.406414031982422 1823.9794921875 67.89186096191406 
3 570.3829956054688 45.430747985839844 625.3598022460938 117.59976196289062 
507
1 1954.8468017578125 821.522705078125 2558.93505859375 1078.1900634765625 
3 1758.1055908203125 56.67936706542969 1848.967041015625 244.51995849609375 
3 202.37783813476562 153.48910522460938 292.3562927246094 287.559326171875 
3 1234.8465576171875 79.6160888671875 1322.876220703125 272.7555847167969 
3 1687.5625 36.53074645996094 1746.1812744140625 160.3074951171875 
3 1788.4486083984375 2.9505577087402344 1828.5430908203125 66.70367431640625 
508
3 1762.332763671875 60.36199188232422 1849.201416015625 247.46273803710938 
3 202.01785278320312 153.34652709960938 297.1595458984375 288.15264892578125 
3 1690.3831787109375 36.77842712402344 1750.5062255859375 160.7400665283203 
3 1243.7474365234375 76.89356994628906 1333.6942138671875 270.85711669921875 
0 1958.964599609375 840.64453125 2558.111083984375 1076.8699951171875 
3 1790.2861328125 8.836593627929688 1831.1231689453125 68.58377075195312 
3 574.6531372070312 42.29216003417969 626.2366943359375 121.0863037109375 
3 644.965576171875 10.6712646484375 683.6624145507812 71.73331451416016 
509
3 1766.7523193359375 61.9091796875 1852.8701171875 252.65936279296875 
3 207.12469482421875 153.1002960205078 305.5129699707031 289.61376953125 
3 1697.199951171875 32.02294921875 1755.8753662109375 161.1354217529297 
3 1254.4696044921875 77.46292114257812 1334.7642822265625 273.20416259765625 
3 1794.91650390625 14.314888000488281 1836.1392822265625 71.20565795898438 
1 1978.790771484375 835.7453002929688 2559.2744140625 1077.087890625 
510
3 208.29559326171875 153.29962158203125 308.5141906738281 290.8177490234375 
3 1771.25732421875 61.66754913330078 1854.39208984375 250.660400390625 
3 1702.189453125 36.07489013671875 1761.2176513671875 159.16217041015625 
3 1263.7296142578125 75.93574523925781 1349.681396484375 270.64697265625 
3 1796.2474365234375 13.681228637695312 1840.77294921875 68.96632385253906 
0 2121.958984375 853.3951416015625 2558.37841796875 1076.3355712890625 
