0
1
2
3
4
5
6
7
8
9
10
11
12
13
14
15
16
17
18
19
20
21
22
23
24
25
26
27
28
29
30
31
32
33
34
35
36
37
38
39
40
41
42
43
44
45
46
47
48
49
50
51
52
53
54
55
56
57
58
59
60
61
62
63
64
65
66
67
68
69
70
71
72
73
74
75
76
77
78
79
80
81
82
83
84
85
86
87
88
89
90
91
92
93
94
95
96
97
98
99
100
101
102
103
104
105
106
107
108
109
110
111
112
3 0.19607162475585938 828.0482788085938 159.61061096191406 983.2100830078125 
113
3 0.16183853149414062 814.3939819335938 158.69049072265625 981.452392578125 
3 0.0098724365234375 814.5171508789062 96.04253387451172 955.927978515625 
114
3 0.0 806.5579833984375 99.95309448242188 973.7325439453125 
115
3 0.31409454345703125 786.3875732421875 198.40074157714844 984.6218872070312 
116
3 0.0 775.0615844726562 259.0545349121094 975.3861083984375 
117
0 0.0 755.3818359375 277.72064208984375 963.6424560546875 
118
0 0.0 740.5433349609375 296.55645751953125 938.8013916015625 
119
0 0.0 725.0429077148438 315.26806640625 920.8759155273438 
120
0 1.21337890625 698.4517211914062 318.9749755859375 910.6415405273438 
121
0 0.864837646484375 686.0264282226562 335.25640869140625 904.9453735351562 
122
0 0.8340911865234375 669.73486328125 351.626220703125 901.139892578125 
123
0 0.2961883544921875 651.3543701171875 363.64013671875 895.0718994140625 
3 0.3892822265625 859.4769897460938 179.49176025390625 973.296630859375 
124
0 0.2740936279296875 632.3875122070312 371.5328674316406 895.78515625 
0 2.4552459716796875 753.1799926757812 371.4080810546875 897.2783813476562 
125
0 0.0 718.5194702148438 382.5999755859375 897.9654541015625 
126
0 0.922821044921875 599.9267578125 397.5682373046875 952.1986694335938 
127
0 0.5349273681640625 586.2283935546875 399.875 893.6096801757812 
128
0 0.0 580.08349609375 394.3974609375 889.500732421875 
129
0 1.2718353271484375 568.483154296875 391.3126525878906 909.923095703125 
130
0 0.0 558.9261474609375 388.4853515625 910.3270874023438 
131
0 0.5240325927734375 753.4884033203125 273.6211242675781 984.9278564453125 
0 1.1755828857421875 551.9964599609375 385.9355163574219 894.0491333007812 
0 0.6888580322265625 552.0638427734375 386.07073974609375 894.209716796875 
132
0 0.301727294921875 544.3058471679688 389.41265869140625 900.0376586914062 
1 0.103668212890625 742.7490844726562 490.53570556640625 1019.750732421875 
2 1.47747802734375 544.97412109375 489.2354431152344 1020.8463134765625 
133
1 0.0 720.0120849609375 491.93927001953125 1021.189697265625 
0 0.146240234375 540.8424682617188 387.2171936035156 896.0026245117188 
134
2 1.0647125244140625 534.7996826171875 489.2540588378906 1020.2685546875 
1 0.0 728.3651733398438 491.84185791015625 1021.2724609375 
135
1 0.0 669.5739135742188 491.52691650390625 1021.2047119140625 
3 0.304840087890625 527.0469970703125 260.321044921875 761.2095947265625 
136
1 0.1583251953125 668.5972900390625 490.5821533203125 1021.62744140625 
0 0.42706298828125 515.2916870117188 394.96966552734375 888.93994140625 
3 0.4000244140625 514.2971801757812 285.20928955078125 760.2199096679688 
137
0 0.742095947265625 665.62744140625 452.0079345703125 977.7872314453125 
0 0.6916961669921875 508.34375 422.0452880859375 893.9647216796875 
138
1 1.1487579345703125 657.3744506835938 492.10723876953125 1020.07470703125 
0 0.0 506.68212890625 445.2635803222656 885.0430908203125 
139
0 1.26446533203125 499.41583251953125 468.35498046875 870.7102661132812 
1 0.40472412109375 643.4352416992188 493.0118103027344 1019.579833984375 
140
0 0.97454833984375 493.5653076171875 490.0272216796875 860.8460693359375 
1 0.0 638.2971801757812 510.6965026855469 1020.865234375 
141
1 0.0 639.7037963867188 521.8988037109375 1019.8839111328125 
0 0.720001220703125 491.42584228515625 471.0745849609375 828.9730224609375 
142
1 0.31329345703125 632.8736572265625 523.6394653320312 1018.5953369140625 
0 0.20745849609375 486.826904296875 514.2297973632812 809.0987548828125 
143
0 0.0 481.6719970703125 526.1686401367188 796.3394165039062 
1 1.70208740234375 632.1251831054688 524.8536987304688 1014.6259765625 
2 1.121795654296875 480.671630859375 527.3809814453125 1017.041748046875 
144
0 0.66558837890625 620.642822265625 527.6544189453125 1003.38671875 
0 0.0 478.02398681640625 534.0838623046875 786.4547119140625 
145
0 3.658477783203125 611.6334228515625 529.1600952148438 1006.21435546875 
1 5.05352783203125 475.12640380859375 540.0628662109375 779.44482421875 
146
0 7.78863525390625 604.3328857421875 535.1438598632812 993.42724609375 
1 14.66412353515625 472.0773620605469 542.0235595703125 777.5442504882812 
147
0 13.26470947265625 594.369140625 532.3655395507812 982.6570434570312 
0 28.22320556640625 463.5272216796875 540.812255859375 781.7954711914062 
148
0 20.5267333984375 586.50146484375 529.3795166015625 968.9574584960938 
0 41.7215576171875 458.2868347167969 541.7003784179688 787.3896484375 
149
0 26.969970703125 580.0572509765625 536.560546875 954.720947265625 
0 56.0772705078125 457.0111083984375 547.1494750976562 790.0020751953125 
150
0 38.66644287109375 571.2459716796875 544.456787109375 940.7730712890625 
0 65.89776611328125 451.1224060058594 547.5826416015625 790.8267822265625 
151
0 47.420318603515625 566.9224853515625 561.3533325195312 931.4481811523438 
0 77.17475891113281 448.7676696777344 551.45166015625 789.4465942382812 
152
0 57.6331787109375 558.3802490234375 585.191650390625 932.3441162109375 
0 90.34194946289062 440.1420593261719 551.8232421875 785.6906127929688 
153
0 67.85772705078125 553.3606567382812 608.2861328125 933.2403564453125 
1 95.66305541992188 436.878173828125 557.0438232421875 778.651123046875 
1 96.592041015625 437.11761474609375 455.20587158203125 667.3392944335938 
154
0 77.87734985351562 549.5853271484375 628.2855224609375 929.02197265625 
1 103.28851318359375 432.0809326171875 457.402099609375 643.69482421875 
155
0 92.65481567382812 545.1890258789062 649.8658447265625 928.44384765625 
1 110.28375244140625 428.6523742675781 548.9479370117188 773.4658813476562 
156
0 105.32452392578125 532.970947265625 667.34033203125 929.728759765625 
1 117.14328002929688 423.1673889160156 549.430908203125 769.3712768554688 
157
0 119.73687744140625 529.437255859375 686.639892578125 927.0277099609375 
1 125.22590637207031 415.9273681640625 550.9119873046875 767.0112915039062 
158
0 135.03594970703125 522.9730224609375 700.0795288085938 924.133056640625 
1 126.34170532226562 411.08905029296875 550.5711669921875 766.2603759765625 
159
0 149.56231689453125 516.8472900390625 707.28125 925.7681884765625 
1 133.244873046875 409.4444885253906 537.837890625 742.9976196289062 
160
0 166.98556518554688 514.6951904296875 716.468017578125 925.9742431640625 
1 142.0303497314453 405.11175537109375 551.828369140625 748.99560546875 
161
0 179.98101806640625 511.764404296875 718.9525146484375 924.989990234375 
1 145.9971923828125 401.22528076171875 559.48779296875 730.3946533203125 
162
0 198.64971923828125 500.6461181640625 726.7516479492188 920.5227661132812 
1 154.91864013671875 400.0583801269531 596.379638671875 711.79736328125 
163
0 216.43875122070312 494.94268798828125 736.4927368164062 921.26904296875 
1 163.73939514160156 395.05938720703125 617.5184936523438 686.202880859375 
164
0 234.31283569335938 496.2855224609375 742.3015747070312 909.9470825195312 
1 174.75961303710938 388.030517578125 623.1089477539062 681.8824462890625 
165
0 250.06216430664062 479.8814697265625 743.3860473632812 915.53125 
1 182.55152893066406 389.502685546875 622.9021606445312 677.1600341796875 
166
0 265.22540283203125 482.2003173828125 744.8992919921875 904.5361938476562 
1 189.5360870361328 383.5592346191406 649.9710693359375 676.0380859375 
167
0 279.46795654296875 471.841064453125 745.67724609375 888.5889282226562 
1 199.78836059570312 382.1618957519531 656.7740478515625 673.3717041015625 
168
0 289.21759033203125 466.29119873046875 745.2368774414062 874.1925659179688 
1 209.85655212402344 376.8211364746094 490.9227294921875 575.6728515625 
1 393.428466796875 514.4957275390625 667.7080688476562 685.6585693359375 
1 394.3223876953125 515.9537963867188 667.1846313476562 682.3388061523438 
169
0 301.11541748046875 474.7744140625 746.2982177734375 874.4222412109375 
1 218.41558837890625 372.42095947265625 664.3869018554688 682.373779296875 
1 219.409423828125 373.11688232421875 494.53204345703125 569.7548828125 
170
0 309.61346435546875 465.32598876953125 747.114990234375 861.9259643554688 
1 228.39892578125 369.3798828125 503.09588623046875 565.3575439453125 
171
0 318.68756103515625 444.16766357421875 746.0142822265625 856.6806030273438 
1 239.91815185546875 365.07666015625 507.0169372558594 553.69091796875 
1 240.0663604736328 364.513671875 554.7467041015625 587.2135009765625 
172
0 325.83636474609375 439.708251953125 747.2015991210938 856.7808837890625 
1 250.48606872558594 359.589111328125 521.538330078125 552.4526977539062 
1 251.79290771484375 359.80474853515625 670.3709106445312 669.23046875 
173
0 331.3057556152344 433.9669189453125 749.240966796875 855.795166015625 
2 260.66070556640625 351.7099304199219 530.4337158203125 548.60009765625 
174
0 340.33087158203125 427.39892578125 747.509033203125 856.689208984375 
2 271.9139709472656 346.7921447753906 543.5253295898438 540.6739501953125 
1 274.24298095703125 346.60845947265625 663.07470703125 671.4652099609375 
175
0 345.66839599609375 429.10736083984375 747.106201171875 854.330322265625 
2 282.8758544921875 338.4146423339844 551.8087158203125 538.7667846679688 
176
0 354.2418212890625 420.2105712890625 745.7615966796875 855.13037109375 
2 293.73736572265625 333.70703125 559.8525390625 522.2298583984375 
1 294.39501953125 332.7676696777344 664.2010498046875 665.6705322265625 
177
0 360.7964782714844 412.28765869140625 746.46923828125 853.8572998046875 
2 301.88543701171875 330.3301696777344 566.5941162109375 521.575927734375 
0 303.8829345703125 331.7294616699219 745.3023681640625 853.61962890625 
178
0 372.44927978515625 408.2306823730469 753.8604736328125 853.9137573242188 
2 312.7136535644531 324.6947326660156 575.236572265625 524.0342407226562 
179
0 383.9237060546875 406.3905029296875 768.1726684570312 853.5978393554688 
2 318.56719970703125 320.1077880859375 583.3383178710938 523.4810180664062 
180
0 391.63641357421875 398.54638671875 785.4461059570312 853.8084106445312 
2 322.65545654296875 316.02813720703125 589.984375 516.5258178710938 
181
0 401.9221496582031 401.90869140625 796.8897094726562 854.091796875 
2 333.94091796875 311.95184326171875 596.807373046875 514.1884765625 
182
0 412.992919921875 392.89111328125 805.4798583984375 855.541748046875 
2 343.42584228515625 306.2882385253906 603.5948486328125 506.7169189453125 
183
0 424.8343200683594 388.087158203125 812.40576171875 854.4224243164062 
2 349.32952880859375 301.8935852050781 609.8473510742188 506.12689208984375 
184
0 433.56768798828125 384.89007568359375 820.2960205078125 853.3939208984375 
2 355.71405029296875 299.1550598144531 616.4200439453125 501.65911865234375 
185
0 442.9392395019531 390.59332275390625 815.691162109375 850.72900390625 
2 362.6900939941406 295.0239562988281 620.471923828125 504.9962158203125 
186
0 453.5010986328125 374.6704406738281 818.0633544921875 847.6820068359375 
2 371.3194885253906 293.38134765625 625.5999755859375 506.39215087890625 
0 374.1180419921875 293.46343994140625 819.2340087890625 846.4931640625 
187
0 380.8586730957031 290.8546447753906 820.5081787109375 837.5242309570312 
2 378.10382080078125 290.92144775390625 630.2540893554688 496.16351318359375 
0 459.3251953125 381.30511474609375 819.81494140625 838.3998413085938 
188
0 466.62274169921875 363.9810485839844 818.715576171875 828.261474609375 
2 385.81671142578125 286.0875549316406 636.547607421875 488.9591064453125 
189
0 475.6465148925781 365.2509765625 818.8428344726562 818.2230224609375 
2 391.72039794921875 283.54437255859375 643.883544921875 482.53369140625 
190
0 486.3179931640625 354.9718933105469 820.5791625976562 801.2046508789062 
2 400.73944091796875 281.4764404296875 650.8392333984375 516.60205078125 
191
0 493.3839111328125 349.5976867675781 818.6663818359375 790.4332275390625 
2 409.93353271484375 278.1505126953125 657.1777954101562 519.0244750976562 
192
1 498.390380859375 344.1512451171875 825.3735961914062 779.8927001953125 
2 418.03521728515625 275.84332275390625 661.5283813476562 527.3514404296875 
1 418.8927307128906 277.45782470703125 666.3971557617188 673.8635864257812 
193
1 506.9560852050781 334.31787109375 831.0887451171875 763.3963012695312 
1 427.8472900390625 274.6070556640625 671.9014892578125 676.93603515625 
2 427.74658203125 272.929443359375 665.6585083007812 525.59130859375 
194
1 515.1920166015625 333.6387939453125 842.055908203125 749.1610717773438 
1 437.933837890625 270.58197021484375 678.9118041992188 678.2271118164062 
195
1 521.1361083984375 326.7340087890625 862.3741455078125 739.041015625 
1 446.9341735839844 268.7799377441406 683.8575439453125 674.6744384765625 
196
1 526.7546997070312 319.4380187988281 882.6784057617188 735.0028076171875 
1 456.8441467285156 265.7110595703125 689.4112548828125 674.5687255859375 
197
1 533.1629028320312 314.83856201171875 902.3558349609375 731.9835815429688 
1 470.1873779296875 261.58087158203125 703.1619873046875 676.2241821289062 
198
1 541.8350219726562 313.05731201171875 922.1849365234375 738.1038208007812 
1 477.781005859375 257.267333984375 708.4193115234375 673.8447265625 
199
1 548.0797119140625 310.9366760253906 936.017822265625 732.8404541015625 
1 489.32049560546875 255.242431640625 713.7843627929688 671.4021606445312 
200
1 545.087646484375 303.20977783203125 950.919677734375 732.1044921875 
1 500.3406982421875 251.3299560546875 700.2672729492188 671.5330810546875 
201
1 567.4646606445312 299.755126953125 959.654296875 732.609130859375 
1 510.0125732421875 243.959716796875 725.0799560546875 663.5989990234375 
202
1 579.9576416015625 295.1434020996094 969.9666748046875 733.6861572265625 
1 517.6458740234375 240.56494140625 692.8564453125 655.00927734375 
203
1 583.03076171875 298.7386474609375 977.6656494140625 734.2158203125 
1 525.9737548828125 236.08917236328125 706.0980224609375 643.3096923828125 
204
1 587.8442993164062 294.0472717285156 985.281005859375 736.506103515625 
1 534.9373168945312 233.6956787109375 709.2138671875 634.57373046875 
205
1 603.6452026367188 295.6897888183594 987.8263549804688 733.2449951171875 
1 542.6854858398438 229.48260498046875 700.0040893554688 622.9624633789062 
206
1 619.9590454101562 291.65582275390625 990.3778686523438 731.30615234375 
1 551.7596435546875 224.37744140625 724.0562744140625 616.034912109375 
207
1 625.711181640625 288.25341796875 992.815673828125 696.0990600585938 
1 558.6084594726562 221.0496826171875 719.271240234375 602.1575317382812 
208
1 637.7265625 282.09686279296875 996.22705078125 726.36962890625 
1 563.2584838867188 218.00643920898438 724.1700439453125 596.909423828125 
209
1 658.473876953125 279.4717102050781 1000.3583984375 723.99658203125 
1 568.339599609375 214.2706298828125 756.9344482421875 590.7783203125 
210
1 674.7109375 274.6158142089844 1002.060546875 715.379638671875 
1 574.8642578125 212.18463134765625 768.5542602539062 589.9107666015625 
211
1 689.5 270.16552734375 1002.5091552734375 705.0980224609375 
1 581.323974609375 208.26007080078125 785.0906982421875 598.5546264648438 
212
1 696.3720703125 265.971435546875 1001.9645385742188 686.2026977539062 
1 585.247314453125 207.30758666992188 797.3329467773438 599.50341796875 
213
1 709.28173828125 263.170654296875 1001.3416137695312 675.5337524414062 
1 591.247314453125 205.14111328125 807.7083129882812 593.1935424804688 
214
1 716.3900146484375 261.1095275878906 1001.1635131835938 670.4720458984375 
1 595.570068359375 202.03024291992188 814.972412109375 597.0408935546875 
215
1 723.8077392578125 254.4678955078125 1001.732421875 648.3967895507812 
1 601.0366821289062 200.0874481201172 826.3644409179688 600.8949584960938 
216
1 731.8438110351562 250.413330078125 1000.7254638671875 649.3788452148438 
1 605.7380981445312 197.1768341064453 823.3075561523438 600.2694091796875 
217
1 737.3090209960938 246.62265014648438 1000.2996826171875 645.0343627929688 
1 610.9622192382812 195.7565155029297 831.1051635742188 600.071533203125 
218
1 741.8008422851562 241.34988403320312 1000.3927001953125 646.8019409179688 
1 615.5770263671875 192.95848083496094 837.8514404296875 599.5942993164062 
219
1 752.0628662109375 236.45062255859375 1000.5509033203125 647.0869750976562 
1 621.8757934570312 190.01104736328125 844.9959716796875 598.0498046875 
220
1 764.1939086914062 234.93475341796875 1000.1819458007812 646.7655029296875 
1 627.3785400390625 187.61105346679688 846.3762817382812 596.810791015625 
221
1 768.4321899414062 233.48028564453125 1001.033203125 644.1893310546875 
1 632.9967041015625 186.3499755859375 843.0941162109375 597.9808349609375 
222
1 775.7437744140625 231.1622314453125 999.9898681640625 645.56396484375 
1 639.3326416015625 184.03704833984375 838.9183349609375 598.5377807617188 
223
1 784.0750732421875 226.36895751953125 1006.005859375 643.44189453125 
1 644.67236328125 182.81695556640625 863.1964111328125 595.2076416015625 
224
1 792.5386962890625 222.75518798828125 1016.8483276367188 641.3174438476562 
1 650.296630859375 180.74200439453125 884.76025390625 588.7800903320312 
225
1 657.3613891601562 178.61904907226562 886.6898193359375 589.7755737304688 
1 800.927734375 222.5045166015625 1007.4888916015625 641.52490234375 
226
1 663.7691650390625 175.671630859375 892.7920532226562 590.8895263671875 
1 806.6087646484375 219.84918212890625 1003.7064819335938 641.2451171875 
227
1 670.361083984375 170.98809814453125 890.9833984375 589.547607421875 
1 811.8522338867188 215.45523071289062 1027.8338623046875 638.8876342773438 
228
1 675.2171630859375 166.63986206054688 890.9684448242188 584.6395263671875 
1 818.9808349609375 211.12210083007812 1024.027587890625 634.772216796875 
229
1 679.060302734375 163.6678466796875 891.8894653320312 584.0307006835938 
1 823.70947265625 207.5012664794922 1036.6446533203125 625.8681030273438 
230
1 828.5724487304688 202.60279846191406 1035.435302734375 619.978515625 
1 681.9898681640625 157.77911376953125 893.6264038085938 576.7040405273438 
231
1 686.226806640625 154.05194091796875 892.0557861328125 571.36083984375 
1 831.933837890625 197.8344268798828 1035.75146484375 603.6446533203125 
232
1 689.5369873046875 150.001708984375 891.6502075195312 558.2611083984375 
1 835.537109375 192.4082489013672 1035.41748046875 591.915771484375 
233
1 841.5721435546875 189.7711181640625 1041.7578125 577.353515625 
1 695.0401611328125 148.177978515625 892.6497192382812 554.2352294921875 
234
1 842.2588500976562 184.04498291015625 1047.2625732421875 564.6932373046875 
2 698.8859252929688 145.83544921875 896.1078491210938 541.0823974609375 
235
2 843.2268676757812 178.98922729492188 1051.899169921875 550.0951538085938 
2 702.7423706054688 142.0393829345703 904.976318359375 528.9957885742188 
236
2 846.802734375 174.49114990234375 1061.3692626953125 537.98046875 
2 705.2242431640625 139.97219848632812 911.91064453125 520.1459350585938 
237
2 706.8390502929688 136.4961395263672 918.1962890625 515.5472412109375 
2 850.5963745117188 171.760498046875 1064.85546875 519.1309814453125 
238
2 853.6326904296875 168.55801391601562 1067.792724609375 536.52197265625 
2 710.7976684570312 135.921630859375 923.7437133789062 511.93841552734375 
239
2 858.4300537109375 165.19259643554688 1072.516845703125 534.998291015625 
2 713.6256713867188 134.1734619140625 934.584228515625 510.79461669921875 
240
2 717.536865234375 131.56150817871094 944.7745361328125 507.836669921875 
2 861.8260498046875 160.693115234375 1081.008056640625 527.79345703125 
241
2 720.5026245117188 129.54835510253906 953.7232055664062 502.96142578125 
2 867.1842041015625 159.342529296875 1088.2955322265625 515.9700927734375 
242
2 724.0718994140625 128.24388122558594 966.717041015625 501.9456787109375 
2 871.8590698242188 157.85675048828125 1108.908447265625 496.4837646484375 
243
2 728.388916015625 126.66162109375 968.7505493164062 501.76727294921875 
2 878.42333984375 155.1416015625 1112.722412109375 511.263671875 
244
2 732.17138671875 124.18717956542969 971.9465942382812 500.1146240234375 
2 883.1842041015625 153.5159454345703 1118.4537353515625 500.7825927734375 
245
2 737.6350708007812 125.57417297363281 975.7313232421875 502.74169921875 
2 890.748779296875 151.40077209472656 1131.034423828125 492.7750244140625 
246
2 742.303955078125 124.53520202636719 972.8857421875 506.82611083984375 
2 896.8395385742188 148.6663818359375 1136.4952392578125 492.92047119140625 
247
2 748.103759765625 121.913330078125 975.1504516601562 507.3828125 
2 904.658935546875 148.65782165527344 1136.9075927734375 534.0742797851562 
248
2 912.3160400390625 144.59432983398438 1122.891357421875 533.007568359375 
2 753.8841552734375 120.9195556640625 978.052001953125 504.36395263671875 
249
2 758.579833984375 119.42489624023438 980.474365234375 498.98101806640625 
2 919.7467041015625 141.9844512939453 1124.60302734375 532.842041015625 
2 919.0707397460938 142.96958923339844 1125.1795654296875 533.0501708984375 
250
2 927.7473754882812 140.08741760253906 1122.8487548828125 524.2970581054688 
2 764.332763671875 118.2427978515625 987.5803833007812 497.5579833984375 
251
2 935.7042846679688 136.87977600097656 1123.7208251953125 519.6957397460938 
2 768.5156860351562 115.3538818359375 990.3057861328125 494.3095703125 
252
2 943.1698608398438 132.6405029296875 1123.8935546875 514.8543701171875 
2 775.2679443359375 111.61459350585938 989.2776489257812 490.90240478515625 
253
2 780.3424682617188 106.47036743164062 997.616943359375 484.50262451171875 
2 948.4443969726562 130.13156127929688 1124.0198974609375 497.13641357421875 
254
2 784.0812377929688 103.77542114257812 992.6378784179688 474.571533203125 
2 954.2200317382812 126.24540710449219 1125.073974609375 482.55841064453125 
255
2 789.9785766601562 100.77043151855469 994.8064575195312 469.6459655761719 
2 959.1961669921875 121.53900146484375 1125.4215087890625 472.0123596191406 
256
2 793.9641723632812 98.65530395507812 999.59521484375 461.083251953125 
2 964.98486328125 116.91020202636719 1126.007568359375 459.5368347167969 
257
2 798.7699584960938 95.36166381835938 1001.452392578125 452.5729064941406 
2 968.7568969726562 113.21522521972656 1128.457275390625 459.01806640625 
258
2 802.1314697265625 94.05189514160156 1000.712646484375 438.18536376953125 
2 971.2283325195312 108.7203369140625 1129.7208251953125 446.5537109375 
259
2 806.1807250976562 93.18661499023438 1000.8050537109375 434.1793518066406 
2 974.9799194335938 108.82098388671875 1133.276123046875 442.17413330078125 
260
2 809.0814208984375 89.91828918457031 1000.759521484375 428.578125 
2 979.0684814453125 107.08648681640625 1135.7718505859375 437.4564208984375 
261
2 812.432861328125 88.61260986328125 1000.741455078125 428.7655944824219 
2 981.4481811523438 105.44268798828125 1137.1751708984375 432.7857971191406 
262
2 814.7642822265625 87.42433166503906 1002.344970703125 429.1590270996094 
2 984.3638916015625 105.03959655761719 1138.6346435546875 429.01654052734375 
263
2 818.04638671875 86.12831115722656 1004.3402099609375 431.94500732421875 
2 985.314208984375 102.47454833984375 1139.6492919921875 430.44647216796875 
264
2 821.2462768554688 84.88575744628906 1005.6392822265625 430.2343444824219 
2 987.179931640625 102.40188598632812 1141.358154296875 432.3385925292969 
265
2 822.070068359375 83.59323120117188 1005.31591796875 430.62872314453125 
2 988.6240844726562 99.73904418945312 1142.3336181640625 431.7477722167969 
266
2 825.7676391601562 83.15379333496094 1007.9942016601562 430.6523742675781 
2 989.7201538085938 98.74942016601562 1142.8724365234375 429.15765380859375 
267
2 826.559814453125 82.14952087402344 1009.135009765625 428.917236328125 
2 992.9249877929688 97.01657104492188 1143.253662109375 426.2099304199219 
268
2 829.2371826171875 80.34515380859375 1012.496826171875 429.850341796875 
2 993.708251953125 96.640380859375 1143.8172607421875 422.17913818359375 
269
2 831.93505859375 80.71879577636719 1013.7314453125 427.43780517578125 
2 993.0535888671875 93.75640869140625 1144.4139404296875 433.08502197265625 
270
2 833.8746337890625 80.65888977050781 1014.505615234375 426.8680419921875 
2 993.6746826171875 94.46101379394531 1144.715087890625 434.5812072753906 
271
2 835.2213134765625 79.87965393066406 1014.2634887695312 427.2734069824219 
2 993.46240234375 95.27545166015625 1144.77978515625 429.2057800292969 
272
2 836.4844360351562 79.05784606933594 1013.7481689453125 428.9109802246094 
2 994.6160888671875 95.01853942871094 1144.9576416015625 436.38287353515625 
273
2 838.4063720703125 77.50772094726562 1015.8723754882812 425.4783935546875 
2 994.8265991210938 93.60406494140625 1145.1673583984375 434.30084228515625 
274
2 840.4993896484375 75.81300354003906 1018.6005859375 424.5960693359375 
2 992.7939453125 93.18211364746094 1144.2684326171875 435.1214904785156 
275
2 841.487060546875 74.24818420410156 1018.6588745117188 423.0114440917969 
2 991.7626342773438 91.97735595703125 1144.4556884765625 429.7409973144531 
276
2 842.830078125 72.66694641113281 1019.93408203125 423.23077392578125 
2 991.6686401367188 90.40327453613281 1143.900634765625 425.8184509277344 
277
2 994.450439453125 88.22088623046875 1146.0146484375 417.69873046875 
2 843.030029296875 70.59846496582031 1021.546142578125 419.08953857421875 
278
2 992.2184448242188 84.96173095703125 1144.1861572265625 408.99395751953125 
2 843.3853149414062 68.19931030273438 1021.80615234375 410.96392822265625 
279
2 844.6197509765625 67.074951171875 1018.0797119140625 406.2749328613281 
2 991.4953002929688 84.50239562988281 1147.4783935546875 377.0810852050781 
280
2 845.9060668945312 64.54866027832031 1019.4993896484375 402.7204284667969 
2 990.3352661132812 81.24630737304688 1151.0867919921875 374.859375 
281
2 846.28466796875 62.91204833984375 1022.5323486328125 399.55389404296875 
2 990.651123046875 78.42184448242188 1151.8236083984375 380.1427001953125 
282
2 989.50439453125 77.30934143066406 1154.4647216796875 376.93902587890625 
2 846.21728515625 61.63908386230469 1024.663818359375 383.13043212890625 
283
2 847.9892578125 60.99365234375 1025.728271484375 382.1510925292969 
2 989.8326416015625 75.19306945800781 1159.3193359375 378.450927734375 
284
2 849.3599853515625 60.50262451171875 1025.791015625 377.566650390625 
2 989.105712890625 73.58230590820312 1158.678466796875 378.84515380859375 
285
2 850.290283203125 58.10173034667969 1028.1414794921875 376.6043395996094 
2 989.2782592773438 72.52326965332031 1159.82080078125 377.2698669433594 
286
2 851.4491577148438 56.283721923828125 1031.765869140625 374.5146484375 
2 989.470703125 70.89517211914062 1158.8155517578125 375.3040466308594 
287
2 853.2535400390625 55.93403625488281 1035.54296875 374.9930725097656 
2 989.434814453125 70.27664184570312 1161.654052734375 370.995361328125 
288
2 855.1817016601562 55.00140380859375 1034.2337646484375 371.36865234375 
2 991.4197998046875 70.0533447265625 1174.01611328125 372.2725524902344 
289
2 855.9735107421875 54.06597900390625 1039.13232421875 372.16033935546875 
2 993.848388671875 69.78775024414062 1183.1968994140625 371.84466552734375 
290
2 857.5220947265625 54.05781555175781 1038.718994140625 370.0067443847656 
2 997.3573608398438 65.68580627441406 1186.483642578125 375.70526123046875 
291
2 998.735595703125 64.27973937988281 1178.716796875 374.44281005859375 
2 858.7061157226562 54.025787353515625 1041.0360107421875 373.0535888671875 
292
2 860.8869018554688 53.938690185546875 1041.704833984375 372.7742004394531 
2 1003.0538330078125 63.907928466796875 1187.4681396484375 374.4309387207031 
293
2 862.8659057617188 52.81257629394531 1042.5562744140625 374.237060546875 
2 1003.3026733398438 63.780609130859375 1188.0831298828125 374.5926513671875 
294
2 1006.2080688476562 61.67071533203125 1185.3499755859375 375.69195556640625 
2 865.82958984375 51.576385498046875 1044.2962646484375 370.132568359375 
295
2 1011.2361450195312 62.05397033691406 1183.0225830078125 375.8612976074219 
2 868.13525390625 52.222503662109375 1049.9161376953125 370.46630859375 
296
2 1014.813720703125 63.570709228515625 1180.08203125 375.1325378417969 
2 869.4237060546875 52.61407470703125 1042.4765625 369.54949951171875 
297
2 1018.942138671875 61.7642822265625 1184.42626953125 375.2703552246094 
2 873.8887329101562 52.203857421875 1040.3885498046875 369.23553466796875 
298
2 876.4735717773438 49.750885009765625 1039.3427734375 369.81134033203125 
2 1022.9615478515625 62.643096923828125 1176.5001220703125 374.8450012207031 
299
2 878.290283203125 49.165802001953125 1038.0858154296875 365.6270446777344 
2 1025.946044921875 62.57218933105469 1178.19970703125 375.002685546875 
300
2 882.2820434570312 48.0235595703125 1039.3551025390625 361.1430358886719 
2 1033.52294921875 60.991302490234375 1178.641845703125 375.2895812988281 
301
2 885.7617797851562 46.66535949707031 1042.4229736328125 357.0717468261719 
2 1036.71337890625 58.46368408203125 1177.8033447265625 368.4208984375 
302
2 886.2249145507812 42.518310546875 1044.2845458984375 354.528076171875 
2 1042.91943359375 54.94464111328125 1179.9393310546875 368.8152770996094 
303
2 888.945068359375 40.70274353027344 1048.4169921875 350.8087463378906 
2 1047.4705810546875 54.335845947265625 1181.68359375 358.4490661621094 
304
2 890.9541015625 38.4901123046875 1051.9561767578125 348.895751953125 
2 1051.70361328125 53.162994384765625 1184.9488525390625 356.31500244140625 
305
2 893.2101440429688 38.403106689453125 1056.9432373046875 350.62579345703125 
2 1051.7926025390625 47.301727294921875 1185.1551513671875 350.8194580078125 
306
2 895.3833618164062 37.43731689453125 1058.4718017578125 338.7532958984375 
2 1040.909423828125 42.911468505859375 1187.7989501953125 344.7969970703125 
2 1057.543212890625 46.699615478515625 1187.735595703125 344.7886047363281 
307
2 897.7550659179688 37.1680908203125 1062.192626953125 335.2301025390625 
2 1058.450927734375 44.24195861816406 1189.3026123046875 341.06982421875 
308
2 899.2301025390625 35.47760009765625 1064.1439208984375 331.9485778808594 
2 1046.9857177734375 35.60270690917969 1188.806396484375 334.13873291015625 
309
2 899.5242919921875 33.662261962890625 1065.8675537109375 328.6381530761719 
2 1052.3792724609375 30.389968872070312 1189.5394287109375 333.4093017578125 
310
2 901.0242309570312 33.14295959472656 1068.709716796875 331.8599853515625 
2 1061.6795654296875 34.889892578125 1190.0679931640625 329.8296203613281 
2 1058.5955810546875 31.425262451171875 1190.0794677734375 329.45611572265625 
311
2 901.8119506835938 33.02471923828125 1069.20166015625 327.6502380371094 
2 1065.914306640625 40.11857604980469 1191.629638671875 328.45404052734375 
312
2 902.515869140625 32.189300537109375 1067.150634765625 326.9581604003906 
2 1064.228271484375 34.011688232421875 1192.5633544921875 325.7723693847656 
2 1065.46044921875 38.702392578125 1192.8978271484375 325.87408447265625 
313
2 906.4514770507812 31.829833984375 1070.485595703125 325.682373046875 
2 1065.79833984375 30.179397583007812 1193.690673828125 325.4200439453125 
314
2 907.7943725585938 29.60906982421875 1072.860107421875 326.3403015136719 
3 1071.245361328125 29.655548095703125 1193.87744140625 320.0578308105469 
315
3 1071.2178955078125 39.15325927734375 1193.9490966796875 320.53985595703125 
2 904.215576171875 28.6778564453125 1073.1483154296875 324.0377502441406 
316
2 1070.7862548828125 40.71272277832031 1194.7374267578125 324.56561279296875 
2 908.7353515625 28.475814819335938 1071.177734375 324.46044921875 
317
2 1070.38623046875 37.58447265625 1195.060791015625 323.14739990234375 
2 911.2125854492188 28.4268798828125 1070.489990234375 323.9033508300781 
318
2 1070.8056640625 37.18504333496094 1194.875244140625 323.090087890625 
3 914.179443359375 28.624832153320312 1069.322265625 321.9010009765625 
319
2 1071.803466796875 36.1820068359375 1194.6175537109375 325.92950439453125 
2 914.0330200195312 28.434707641601562 1068.56005859375 323.9349060058594 
320
2 1068.5147705078125 38.038848876953125 1193.895751953125 325.23516845703125 
2 917.7245483398438 28.522232055664062 1069.0712890625 322.81951904296875 
321
2 1067.526123046875 39.307952880859375 1192.95751953125 324.6484375 
2 919.3670654296875 28.360610961914062 1069.9161376953125 323.55810546875 
322
2 1065.763427734375 39.14990234375 1191.3646240234375 324.657470703125 
2 920.5474853515625 28.292083740234375 1070.0018310546875 323.35357666015625 
323
2 1065.9278564453125 39.16242980957031 1188.9549560546875 325.29534912109375 
2 921.6360473632812 27.3553466796875 1069.004150390625 323.20782470703125 
324
2 1063.197021484375 39.0361328125 1188.2410888671875 325.094970703125 
2 922.9910278320312 25.553970336914062 1066.004638671875 322.3492736816406 
325
2 1061.7916259765625 39.50714111328125 1186.30419921875 325.3551940917969 
2 924.0819091796875 25.53692626953125 1066.552001953125 322.4330139160156 
326
3 924.5682373046875 23.412918090820312 1063.6763916015625 316.7643127441406 
2 1058.5509033203125 39.3992919921875 1185.847900390625 325.8795166015625 
327
3 926.0570678710938 21.8414306640625 1063.15478515625 311.5072937011719 
2 1039.7275390625 38.587158203125 1185.2506103515625 326.69390869140625 
328
3 926.7662963867188 20.075332641601562 1062.1705322265625 302.61578369140625 
3 1049.6883544921875 37.67706298828125 1186.5579833984375 316.1751708984375 
329
3 927.2906494140625 18.3055419921875 1064.42626953125 298.0191650390625 
3 1046.279052734375 36.872467041015625 1179.349365234375 315.77752685546875 
3 1041.400634765625 36.08988952636719 1180.406005859375 315.9388122558594 
330
3 928.248291015625 17.272689819335938 1068.174560546875 291.5504150390625 
3 1037.5810546875 34.67144775390625 1182.6929931640625 311.7701416015625 
331
3 930.85498046875 16.82208251953125 1069.079833984375 283.59466552734375 
3 1040.69775390625 34.29278564453125 1180.957275390625 308.5012512207031 
3 931.4082641601562 18.374725341796875 1068.303955078125 283.56646728515625 
332
3 932.1353759765625 15.912200927734375 1071.163818359375 280.33184814453125 
3 1046.083984375 34.44163513183594 1180.499755859375 307.5025634765625 
3 1046.6910400390625 33.230743408203125 1180.244384765625 307.98028564453125 
333
3 933.1256713867188 15.148681640625 1070.9224853515625 279.0576171875 
3 1040.7294921875 32.9202880859375 1180.9853515625 302.91259765625 
334
3 933.1400146484375 14.041412353515625 1072.5928955078125 282.2227783203125 
3 1044.9649658203125 33.258148193359375 1181.39990234375 288.1440734863281 
335
3 934.085693359375 13.452911376953125 1072.8975830078125 283.755859375 
3 1044.9564208984375 31.817230224609375 1182.7958984375 291.9712219238281 
336
3 934.7265625 12.624237060546875 1073.172119140625 281.663818359375 
3 1044.0189208984375 30.685714721679688 1183.01806640625 292.6706237792969 
337
3 935.3466186523438 12.215377807617188 1076.095458984375 283.0601806640625 
3 1045.1422119140625 30.404388427734375 1183.958251953125 291.3765563964844 
338
3 936.0810546875 11.960098266601562 1078.7803955078125 280.4359436035156 
3 1045.30859375 30.460357666015625 1183.2347412109375 292.02899169921875 
339
3 936.1776733398438 12.157928466796875 1080.9913330078125 278.223876953125 
3 1044.6971435546875 30.35284423828125 1183.618408203125 293.76513671875 
340
3 937.27685546875 11.316925048828125 1085.94677734375 277.292236328125 
3 1047.337646484375 28.744522094726562 1190.1492919921875 294.1870422363281 
3 1045.12890625 28.470535278320312 1188.069091796875 293.60186767578125 
341
3 937.7551879882812 11.106903076171875 1085.115478515625 276.86810302734375 
3 1047.77978515625 28.873153686523438 1193.295166015625 295.2878723144531 
342
3 1050.4251708984375 29.037857055664062 1191.1214599609375 290.13543701171875 
3 1047.939208984375 28.43206787109375 1189.7430419921875 289.2020568847656 
3 939.2855224609375 10.707122802734375 1087.704833984375 276.87548828125 
343
3 1052.3253173828125 28.2822265625 1207.580810546875 291.68792724609375 
3 941.52783203125 10.484710693359375 1089.229248046875 275.2386779785156 
344
3 1054.723388671875 27.48291015625 1206.9700927734375 290.5012512207031 
3 945.2291870117188 10.015838623046875 1089.5611572265625 276.5999450683594 
345
3 1054.735107421875 26.488632202148438 1207.77392578125 290.3013916015625 
3 946.239013671875 8.984054565429688 1088.3837890625 276.3394470214844 
3 945.4497680664062 8.037750244140625 1089.178466796875 274.9405517578125 
346
3 1055.0830078125 27.111251831054688 1211.693359375 291.2373962402344 
3 947.8800659179688 9.707656860351562 1088.1085205078125 275.66888427734375 
347
3 1060.4483642578125 26.713119506835938 1211.2239990234375 291.6864318847656 
3 951.0615234375 8.67376708984375 1086.4588623046875 278.8871154785156 
348
3 953.1478271484375 8.254379272460938 1088.3780517578125 277.61529541015625 
3 1062.8275146484375 25.941253662109375 1214.4974365234375 291.24786376953125 
349
3 1067.3665771484375 25.594146728515625 1213.908203125 288.4092102050781 
3 956.3858642578125 8.598472595214844 1087.0882568359375 276.4854431152344 
350
3 958.7144775390625 8.665374755859375 1085.762451171875 272.8313903808594 
3 1063.381103515625 25.538787841796875 1215.8082275390625 290.2847900390625 
351
3 960.4522094726562 7.586578369140625 1088.2874755859375 270.4329528808594 
3 1068.1226806640625 25.467193603515625 1219.0509033203125 289.86767578125 
352
3 963.005615234375 5.5410919189453125 1093.6563720703125 266.9424743652344 
3 1072.1024169921875 24.518157958984375 1220.629638671875 289.6138000488281 
353
3 965.616943359375 4.0846099853515625 1101.81103515625 261.3137512207031 
3 1079.56103515625 24.20355224609375 1220.1639404296875 288.54669189453125 
354
3 967.3856201171875 2.721282958984375 1099.5601806640625 263.7196350097656 
3 1078.3631591796875 24.851837158203125 1220.3919677734375 289.9438781738281 
355
3 1076.037353515625 24.83074951171875 1220.095458984375 289.4403381347656 
356
3 1081.300048828125 24.489349365234375 1220.5859375 290.22314453125 
3 971.7352294921875 2.1823272705078125 1105.0093994140625 259.606201171875 
357
3 973.1456298828125 0.7806777954101562 1102.5479736328125 248.5419921875 
3 1089.498046875 22.77032470703125 1222.6690673828125 286.00494384765625 
3 1091.9521484375 23.374374389648438 1222.2926025390625 285.94781494140625 
358
3 973.976318359375 0.38425445556640625 1104.703857421875 247.09225463867188 
3 1093.685546875 22.705856323242188 1221.8575439453125 285.1925354003906 
359
3 975.8263549804688 0.12966156005859375 1107.3233642578125 249.34576416015625 
3 1102.62548828125 23.09814453125 1221.06591796875 289.21478271484375 
360
3 977.3857421875 0.0 1108.92626953125 251.35238647460938 
3 1108.40576171875 20.947776794433594 1220.18603515625 286.7099609375 
3 1107.4644775390625 20.89910888671875 1221.0498046875 287.0592041015625 
361
3 1107.76416015625 19.484909057617188 1221.87939453125 281.09637451171875 
3 979.7901000976562 0.0 1111.00439453125 246.29598999023438 
362
3 1109.578125 19.350486755371094 1222.7578125 280.7800598144531 
3 981.8701171875 0.0 1113.3634033203125 250.291259765625 
363
3 982.2590942382812 0.0 1113.3740234375 248.18338012695312 
3 1110.7762451171875 18.239959716796875 1224.813232421875 281.23455810546875 
364
3 1111.7755126953125 16.377418518066406 1226.4168701171875 277.3520202636719 
3 984.5420532226562 0.0 1116.6485595703125 247.97467041015625 
365
3 985.62744140625 0.0 1119.4410400390625 245.76739501953125 
3 1111.6693115234375 15.937141418457031 1230.564208984375 278.5330505371094 
366
3 985.5427856445312 0.0 1118.906494140625 245.71292114257812 
3 1112.3035888671875 15.342636108398438 1231.11376953125 277.4844665527344 
367
3 987.5004272460938 0.0 1118.753662109375 246.43115234375 
3 1113.8629150390625 15.170791625976562 1232.9996337890625 276.3355712890625 
368
3 1116.8505859375 14.226814270019531 1233.77978515625 277.7655029296875 
3 989.2566528320312 0.0 1122.787841796875 247.18301391601562 
369
3 1118.3966064453125 13.937461853027344 1233.8212890625 272.3704528808594 
3 989.8779296875 0.0 1131.9056396484375 246.16580200195312 
370
3 991.3372802734375 0.0 1140.6866455078125 245.0604248046875 
3 1121.196533203125 12.217239379882812 1236.9273681640625 272.17169189453125 
3 1121.283203125 13.217056274414062 1236.3565673828125 270.6992492675781 
371
3 1121.5174560546875 12.314628601074219 1236.421142578125 274.96221923828125 
3 992.4515380859375 0.0 1139.81494140625 245.36395263671875 
372
3 1121.342529296875 11.265167236328125 1236.67041015625 273.54034423828125 
3 994.1104736328125 0.0 1136.8118896484375 246.16317749023438 
373
3 1123.1273193359375 11.5447998046875 1237.8408203125 273.88916015625 
3 996.114013671875 0.0 1137.8565673828125 246.28103637695312 
374
3 1125.1065673828125 10.472869873046875 1238.654052734375 270.2230224609375 
3 997.0574951171875 0.0 1138.0531005859375 244.03689575195312 
375
3 1124.308349609375 10.978240966796875 1238.232421875 272.3307189941406 
3 997.7198486328125 0.0 1137.300048828125 244.59881591796875 
376
3 1124.3717041015625 11.423004150390625 1238.6839599609375 268.7503662109375 
3 1000.8568115234375 0.0 1126.9320068359375 243.62356567382812 
377
3 1125.457275390625 10.600982666015625 1238.7825927734375 265.21466064453125 
3 1002.1934814453125 0.0 1135.80712890625 243.72250366210938 
378
3 1125.3206787109375 10.119781494140625 1239.027587890625 263.85052490234375 
3 1005.4150390625 0.2592620849609375 1132.224365234375 241.16693115234375 
379
3 1124.310791015625 10.0352783203125 1236.93408203125 264.64959716796875 
3 1006.43017578125 0.0 1137.85546875 240.57583618164062 
380
3 1120.8885498046875 9.700958251953125 1236.346923828125 263.2081604003906 
3 1010.3925170898438 0.0 1130.75732421875 240.5015869140625 
381
3 1117.1258544921875 9.561614990234375 1236.5791015625 263.3284912109375 
3 1010.97900390625 0.0 1135.5350341796875 240.36444091796875 
382
3 1014.7434692382812 0.0 1136.1761474609375 240.61666870117188 
3 1114.91796875 8.9576416015625 1235.9638671875 263.1241149902344 
383
3 1015.4450073242188 0.0 1129.143310546875 236.44894409179688 
3 1114.869140625 8.99822998046875 1234.388916015625 259.8788757324219 
384
3 1018.115478515625 0.0 1132.85400390625 237.9825439453125 
3 1112.4053955078125 9.312164306640625 1233.0721435546875 260.79571533203125 
385
3 1019.0792846679688 0.0 1132.7550048828125 230.90298461914062 
3 1114.3118896484375 9.634246826171875 1232.6956787109375 259.77410888671875 
386
3 1022.190185546875 0.0 1133.4200439453125 226.8695068359375 
3 1114.3231201171875 10.275360107421875 1231.9552001953125 258.63592529296875 
387
3 1111.7611083984375 11.253738403320312 1230.6712646484375 261.6460876464844 
3 1022.6658935546875 0.3461456298828125 1135.2296142578125 223.75631713867188 
388
3 1109.9111328125 9.848602294921875 1227.218505859375 260.09393310546875 
3 1025.0899658203125 0.353759765625 1135.5374755859375 225.24880981445312 
389
3 1110.62060546875 9.4442138671875 1225.084716796875 261.2424621582031 
3 1026.9638671875 0.21076202392578125 1137.6654052734375 220.2625732421875 
390
3 1110.548828125 8.7861328125 1225.4759521484375 250.7493896484375 
3 1028.6756591796875 0.08576202392578125 1136.5516357421875 219.17042541503906 
391
3 1111.57861328125 8.09039306640625 1225.2435302734375 249.13766479492188 
3 1029.732421875 0.0 1137.8831787109375 222.27096557617188 
392
3 1110.90673828125 8.601654052734375 1223.9854736328125 249.03036499023438 
3 1030.454833984375 0.0 1136.75830078125 228.60592651367188 
393
3 1109.7691650390625 8.86328125 1222.793701171875 246.02194213867188 
3 1031.0262451171875 0.0 1139.80810546875 225.62802124023438 
394
3 1031.7301025390625 0.0 1142.067626953125 226.65826416015625 
3 1110.6951904296875 9.261138916015625 1222.591796875 239.12030029296875 
395
3 1107.347900390625 8.65191650390625 1220.98193359375 239.88424682617188 
3 1032.7196044921875 0.0 1139.3529052734375 223.78192138671875 
396
3 1107.617431640625 8.553863525390625 1220.6717529296875 237.04745483398438 
3 1033.484375 0.0 1139.017578125 225.51092529296875 
397
3 1108.7548828125 8.666900634765625 1220.290283203125 234.89846801757812 
3 1034.3056640625 0.0 1139.7705078125 226.86871337890625 
398
3 1109.6800537109375 8.579315185546875 1221.0333251953125 234.03543090820312 
3 1034.1324462890625 0.0 1139.7376708984375 228.13836669921875 
399
3 1110.337890625 7.1903533935546875 1220.90380859375 231.72702026367188 
3 1034.72412109375 0.0 1138.281005859375 228.109619140625 
400
3 1112.2376708984375 6.4706573486328125 1221.1982421875 229.46014404296875 
3 1034.791748046875 0.0 1139.8988037109375 227.73245239257812 
401
3 1113.1856689453125 6.722381591796875 1221.206787109375 237.153076171875 
3 1035.811767578125 0.0 1140.9788818359375 227.9388427734375 
402
3 1111.8509521484375 5.931640625 1220.8717041015625 234.83908081054688 
3 1036.1334228515625 0.0 1140.1451416015625 227.9329833984375 
403
3 1116.82177734375 3.600860595703125 1221.1280517578125 231.89132690429688 
3 1036.81396484375 0.0 1139.927978515625 228.3189697265625 
404
3 1035.722412109375 0.0 1141.669921875 229.6038818359375 
3 1119.1217041015625 4.244720458984375 1219.8043212890625 227.0162353515625 
405
3 1124.2867431640625 4.904022216796875 1218.1563720703125 222.83941650390625 
3 1036.0128173828125 0.0 1142.271484375 231.48809814453125 
406
3 1036.17236328125 0.0 1141.92822265625 231.10055541992188 
3 1124.532470703125 4.54901123046875 1218.23486328125 227.85736083984375 
407
3 1036.8358154296875 0.0 1141.2510986328125 228.72894287109375 
3 1125.4661865234375 3.1479644775390625 1218.4097900390625 236.81942749023438 
408
3 1036.2078857421875 0.0 1140.173095703125 231.2294921875 
3 1127.42236328125 3.6523284912109375 1217.725830078125 239.58840942382812 
409
3 1129.092529296875 4.308250427246094 1217.75390625 241.90545654296875 
3 1036.2835693359375 0.26236724853515625 1140.95263671875 232.605712890625 
410
3 1036.516845703125 0.5679397583007812 1141.35888671875 234.03543090820312 
3 1129.83642578125 4.132850646972656 1217.5694580078125 239.84829711914062 
411
3 1131.929443359375 2.8071823120117188 1217.64697265625 236.3802490234375 
3 1036.8486328125 0.432586669921875 1140.885498046875 233.45474243164062 
412
3 1132.017578125 2.42822265625 1219.5517578125 236.90933227539062 
3 1036.429443359375 0.4925079345703125 1142.57421875 231.68331909179688 
413
3 1036.154296875 0.7111740112304688 1144.695068359375 230.59637451171875 
3 1132.4827880859375 1.638458251953125 1219.991943359375 235.08743286132812 
414
3 1132.77099609375 0.65362548828125 1220.559326171875 234.03884887695312 
3 1036.3052978515625 0.9242935180664062 1145.6131591796875 229.6943359375 
415
3 1133.7698974609375 0.35772705078125 1220.8741455078125 242.0147705078125 
3 1036.51123046875 0.38623046875 1145.184814453125 230.68026733398438 
416
3 1036.2496337890625 0.15468597412109375 1145.1285400390625 229.47683715820312 
3 1135.072998046875 0.085235595703125 1221.53515625 238.8814697265625 
3 1134.92041015625 0.0 1221.293701171875 237.60147094726562 
417
3 1036.1669921875 0.9028091430664062 1146.1636962890625 228.81976318359375 
3 1135.72216796875 0.4345703125 1220.94140625 229.8455810546875 
418
3 1036.0230712890625 1.1288223266601562 1146.640869140625 230.44039916992188 
3 1135.514404296875 0.4960174560546875 1220.6922607421875 231.27053833007812 
419
3 1135.8568115234375 0.9601898193359375 1222.0633544921875 233.31134033203125 
3 1036.128173828125 0.53033447265625 1147.812744140625 230.51193237304688 
420
3 1036.3533935546875 0.16745758056640625 1146.925048828125 230.53216552734375 
3 1134.936279296875 0.795166015625 1223.80078125 233.30584716796875 
421
3 1035.6448974609375 0.47597503662109375 1147.3109130859375 229.09100341796875 
3 1134.24169921875 0.8707199096679688 1222.93505859375 228.91220092773438 
422
3 1135.349853515625 0.49509429931640625 1222.81689453125 223.06634521484375 
3 1035.424072265625 1.038818359375 1149.3680419921875 228.0751953125 
423
3 1135.4093017578125 0.399932861328125 1223.2886962890625 221.40267944335938 
3 1035.4732666015625 0.46619415283203125 1149.0958251953125 229.62591552734375 
3 1035.392578125 0.992706298828125 1149.064208984375 229.22482299804688 
424
3 1036.3359375 0.321319580078125 1146.94677734375 230.06005859375 
3 1136.2801513671875 0.23494720458984375 1224.1082763671875 223.69903564453125 
425
3 1035.1806640625 0.31391143798828125 1147.68017578125 228.06808471679688 
3 1134.2225341796875 0.11179351806640625 1222.3790283203125 218.53970336914062 
426
3 1035.5657958984375 0.7072219848632812 1147.638916015625 228.389404296875 
3 1134.7159423828125 0.0714874267578125 1222.1514892578125 218.8908233642578 
427
3 1036.214599609375 0.7654571533203125 1146.6005859375 228.6080322265625 
3 1136.2301025390625 0.2555084228515625 1221.78564453125 218.6661376953125 
428
3 1036.4573974609375 0.6366348266601562 1145.875244140625 229.83731079101562 
3 1137.6265869140625 0.44770050048828125 1223.561279296875 220.15048217773438 
429
3 1035.873779296875 0.43282318115234375 1146.534912109375 229.28424072265625 
3 1136.6317138671875 0.363189697265625 1220.5789794921875 218.6766357421875 
430
3 1036.01220703125 0.8967132568359375 1148.158935546875 228.5203857421875 
3 1135.45263671875 0.36124420166015625 1219.4493408203125 218.599365234375 
431
3 1036.14599609375 0.9103546142578125 1149.556396484375 228.321044921875 
3 1136.55615234375 0.3225555419921875 1219.549560546875 218.7406005859375 
432
3 1138.09228515625 0.11660003662109375 1220.2325439453125 221.38958740234375 
3 1036.6455078125 0.5021743774414062 1150.2401123046875 230.70181274414062 
433
3 1035.9517822265625 0.564849853515625 1150.2288818359375 229.56155395507812 
3 1136.683837890625 0.04474639892578125 1219.69287109375 220.30767822265625 
434
3 1136.250244140625 0.0 1219.610107421875 218.34617614746094 
3 1036.0865478515625 0.7873306274414062 1151.26171875 228.764892578125 
3 1036.068603515625 0.6495895385742188 1151.3900146484375 228.21148681640625 
435
3 1036.1395263671875 0.5815811157226562 1151.8773193359375 227.35504150390625 
3 1136.2623291015625 0.0 1219.4066162109375 218.7379150390625 
436
3 1036.282470703125 0.32202911376953125 1152.32470703125 229.456787109375 
3 1137.383544921875 0.0813140869140625 1219.318359375 219.60272216796875 
437
3 1136.6575927734375 0.17676544189453125 1219.0369873046875 219.41409301757812 
3 1035.8013916015625 0.47336578369140625 1152.2449951171875 229.11279296875 
438
3 1035.7574462890625 0.7695770263671875 1152.5201416015625 228.12442016601562 
3 1136.036376953125 0.0 1218.851318359375 219.3502197265625 
439
3 1035.9940185546875 0.7129592895507812 1152.4146728515625 228.1015625 
3 1135.550048828125 0.0 1218.8895263671875 219.64434814453125 
440
3 1036.4044189453125 0.5192413330078125 1153.1937255859375 229.177734375 
3 1136.0289306640625 0.1323394775390625 1218.6561279296875 219.7693328857422 
441
3 1035.961669921875 0.4297332763671875 1152.7696533203125 228.65838623046875 
3 1135.43603515625 0.24669647216796875 1218.299072265625 219.18650817871094 
442
3 1036.4154052734375 0.57318115234375 1152.98681640625 228.4508056640625 
3 1135.3145751953125 0.0496673583984375 1218.12646484375 219.0044403076172 
443
3 1036.507568359375 0.8290176391601562 1153.178466796875 228.00552368164062 
3 1135.364013671875 0.0 1219.0433349609375 220.08120727539062 
444
3 1036.4462890625 0.6532211303710938 1153.5081787109375 228.89938354492188 
3 1135.6722412109375 0.05290985107421875 1219.0797119140625 219.32659912109375 
445
3 1036.64501953125 0.46932220458984375 1152.94677734375 229.6861572265625 
3 1135.3228759765625 0.35227203369140625 1218.4195556640625 220.3173828125 
446
3 1036.2379150390625 0.5904388427734375 1152.999267578125 229.2340087890625 
3 1135.837158203125 0.0 1218.2520751953125 219.10888671875 
447
3 1036.30908203125 0.723480224609375 1153.231689453125 228.18499755859375 
3 1135.6497802734375 0.0 1218.7227783203125 220.02383422851562 
448
3 1036.2598876953125 0.6010284423828125 1153.7354736328125 228.84823608398438 
3 1135.7489013671875 0.0 1218.799072265625 219.80157470703125 
449
3 1036.4163818359375 0.28806304931640625 1154.6383056640625 229.48764038085938 
3 1135.328369140625 0.199493408203125 1217.9815673828125 221.15399169921875 
450
3 1035.807373046875 0.5273513793945312 1154.9808349609375 229.17498779296875 
3 1135.9659423828125 0.0 1218.046630859375 220.6534423828125 
451
3 1035.9290771484375 0.541961669921875 1155.6324462890625 228.68267822265625 
3 1135.749267578125 0.0 1218.4539794921875 220.15341186523438 
452
3 1035.7506103515625 0.47937774658203125 1156.00244140625 228.64971923828125 
3 1135.551513671875 0.0 1218.4708251953125 219.68658447265625 
453
3 1036.1031494140625 0.5116119384765625 1155.88037109375 229.60986328125 
3 1136.23876953125 0.3030548095703125 1217.9039306640625 221.27969360351562 
454
3 1035.780029296875 0.4638824462890625 1156.0081787109375 228.77188110351562 
3 1135.77294921875 0.0 1217.1123046875 218.32298278808594 
455
3 1035.7496337890625 0.526031494140625 1156.041748046875 228.18997192382812 
3 1135.8465576171875 0.0 1217.539306640625 218.8874969482422 
456
3 1035.767822265625 0.375091552734375 1156.29150390625 228.15536499023438 
3 1136.208740234375 0.063873291015625 1218.2318115234375 219.2293243408203 
457
3 1036.414794921875 0.397705078125 1155.867431640625 228.35513305664062 
3 1137.140869140625 0.36133575439453125 1217.9622802734375 219.63748168945312 
458
3 1035.5242919921875 0.39757537841796875 1156.13134765625 227.819091796875 
3 1137.1168212890625 0.449920654296875 1217.5904541015625 218.09976196289062 
459
3 1035.5697021484375 0.35048675537109375 1156.199951171875 227.92523193359375 
3 1137.900146484375 0.29254913330078125 1218.249267578125 218.433837890625 
460
3 1035.509521484375 0.3112335205078125 1156.2828369140625 227.18106079101562 
3 1137.9864501953125 0.1859283447265625 1218.51904296875 218.85629272460938 
461
3 1035.866943359375 0.39353179931640625 1156.26123046875 228.150146484375 
3 1137.9388427734375 0.0 1218.2152099609375 220.41055297851562 
462
3 1035.5740966796875 0.455596923828125 1155.9879150390625 227.96435546875 
3 1137.761474609375 0.3448028564453125 1217.6588134765625 217.55738830566406 
463
3 1035.51318359375 0.4813690185546875 1155.82958984375 227.05157470703125 
3 1137.8717041015625 0.1360321044921875 1218.220458984375 217.44097900390625 
464
3 1035.6026611328125 0.383880615234375 1155.84228515625 227.18032836914062 
3 1138.1763916015625 0.0913543701171875 1218.043212890625 217.3375244140625 
465
3 1035.77099609375 0.14440155029296875 1155.8568115234375 227.64208984375 
3 1138.4691162109375 0.0 1217.854736328125 218.20909118652344 
466
3 1035.808837890625 0.08121490478515625 1155.9078369140625 227.30322265625 
3 1137.9381103515625 0.04547119140625 1217.7686767578125 219.34564208984375 
467
3 1035.76025390625 0.4299774169921875 1155.7127685546875 227.39627075195312 
3 1137.9737548828125 0.3230743408203125 1218.2139892578125 218.26918029785156 
468
3 1035.632080078125 0.28665924072265625 1155.7392578125 227.64227294921875 
3 1137.6788330078125 0.08056640625 1218.157470703125 218.84597778320312 
469
3 1035.8770751953125 0.27025604248046875 1155.41357421875 228.17681884765625 
3 1138.475341796875 0.0 1218.087158203125 220.64227294921875 
470
3 1036.2689208984375 0.16536712646484375 1155.5986328125 228.17111206054688 
3 1138.081298828125 0.0 1217.8575439453125 221.4134521484375 
471
3 1035.6392822265625 0.0 1155.4000244140625 227.60653686523438 
3 1137.6622314453125 0.0 1217.9112548828125 218.3678436279297 
472
3 1035.7734375 0.0 1155.9794921875 227.65097045898438 
3 1136.8121337890625 0.0 1217.799560546875 218.79830932617188 
473
3 1035.451416015625 0.0 1156.176513671875 227.9151611328125 
3 1136.770751953125 0.0 1217.8643798828125 219.0916748046875 
474
3 1036.4765625 0.081939697265625 1156.78466796875 227.5545654296875 
3 1137.722412109375 0.0 1217.5972900390625 220.76458740234375 
475
3 1035.29833984375 0.27191162109375 1156.6666259765625 226.86370849609375 
3 1137.1986083984375 0.0 1217.524658203125 218.5796661376953 
476
3 1035.4307861328125 0.21450042724609375 1157.3250732421875 226.41265869140625 
3 1137.268310546875 0.0 1217.8489990234375 218.82107543945312 
477
3 1035.4034423828125 0.249847412109375 1157.3985595703125 226.26040649414062 
3 1137.6651611328125 0.0 1218.0367431640625 219.74169921875 
478
3 1036.0711669921875 0.6425704956054688 1157.3646240234375 227.39886474609375 
3 1136.934326171875 0.0 1217.725341796875 220.92254638671875 
479
3 1035.12841796875 0.3885040283203125 1157.636962890625 227.67041015625 
3 1137.06787109375 0.0 1218.1304931640625 221.09112548828125 
480
3 1035.14453125 0.2657318115234375 1157.5689697265625 226.72216796875 
3 1137.1419677734375 0.0 1218.3240966796875 219.87115478515625 
481
3 1035.215576171875 0.2969512939453125 1157.66162109375 227.14907836914062 
3 1137.021240234375 0.0 1218.4169921875 219.85533142089844 
482
3 1035.862548828125 0.2083282470703125 1156.3741455078125 228.35873413085938 
3 1136.5880126953125 0.0 1218.5958251953125 224.47314453125 
483
3 1035.028076171875 0.31118011474609375 1156.1474609375 227.23040771484375 
3 1136.104248046875 0.0 1217.979736328125 221.123291015625 
484
3 1035.301025390625 0.1948699951171875 1156.284423828125 227.18344116210938 
3 1136.15380859375 0.0 1218.54833984375 221.24127197265625 
485
3 1035.4364013671875 0.0 1157.186279296875 227.01898193359375 
3 1135.98583984375 0.0 1218.9202880859375 219.78041076660156 
486
3 1036.4072265625 0.06862640380859375 1157.1173095703125 228.39044189453125 
3 1135.62939453125 0.0 1218.9554443359375 222.99618530273438 
487
3 1037.089111328125 0.0404815673828125 1154.8721923828125 227.21878051757812 
3 1134.1849365234375 0.0 1219.4901123046875 222.84939575195312 
488
3 1037.3297119140625 0.0 1155.888916015625 225.99462890625 
3 1134.1807861328125 0.0 1220.01611328125 221.4305419921875 
489
3 1037.5257568359375 0.0 1157.2244873046875 226.10601806640625 
3 1134.374755859375 0.0 1222.1622314453125 222.0518798828125 
490
3 1037.8248291015625 0.31606292724609375 1157.09619140625 225.69503784179688 
3 1132.910400390625 0.37474822998046875 1225.88720703125 219.47488403320312 
491
3 1038.1124267578125 0.6441116333007812 1157.9930419921875 228.02279663085938 
3 1132.3873291015625 0.8618240356445312 1228.5250244140625 223.10140991210938 
492
3 1037.1640625 0.29926300048828125 1158.9698486328125 226.9176025390625 
3 1131.2843017578125 0.7616195678710938 1230.2425537109375 218.7227783203125 
493
3 1037.2674560546875 0.29895782470703125 1157.9654541015625 225.93356323242188 
3 1130.9091796875 0.9025344848632812 1232.1741943359375 216.94546508789062 
494
3 1037.931396484375 0.4249267578125 1157.554931640625 226.11920166015625 
3 1131.2279052734375 1.1043930053710938 1236.2049560546875 215.80682373046875 
495
3 1038.37939453125 0.7335662841796875 1157.47265625 228.59661865234375 
3 1130.36474609375 1.483612060546875 1236.2783203125 230.965576171875 
496
3 1036.89208984375 0.588897705078125 1158.30419921875 227.22659301757812 
3 1130.9697265625 1.0378646850585938 1236.46826171875 215.23648071289062 
497
3 1036.7259521484375 0.6676254272460938 1158.171142578125 225.47955322265625 
3 1131.0401611328125 0.44222259521484375 1239.6328125 210.43307495117188 
498
3 1036.5263671875 0.7667083740234375 1157.7244873046875 225.51577758789062 
3 1131.11328125 0.0532073974609375 1240.71728515625 209.00186157226562 
499
3 1039.5899658203125 0.45987701416015625 1155.480712890625 226.017578125 
3 1130.664306640625 0.6158065795898438 1240.7188720703125 210.80300903320312 
500
3 1038.4427490234375 0.6123580932617188 1157.97314453125 227.25216674804688 
3 1131.031494140625 0.7031097412109375 1238.961669921875 212.08367919921875 
501
3 1037.472900390625 0.6238784790039062 1157.8392333984375 226.62576293945312 
3 1132.357421875 0.7563323974609375 1239.1470947265625 199.57363891601562 
502
3 1037.597412109375 0.5145721435546875 1157.3812255859375 226.84640502929688 
3 1132.55126953125 0.5368804931640625 1236.7781982421875 201.27813720703125 
503
3 1039.5421142578125 0.229339599609375 1160.1422119140625 229.05377197265625 
3 1133.7115478515625 0.41845703125 1234.1021728515625 201.6496124267578 
504
3 1038.3143310546875 0.48563385009765625 1158.4774169921875 229.35409545898438 
3 1134.77978515625 0.3212890625 1231.77099609375 209.81629943847656 
505
3 1037.921630859375 0.5260009765625 1157.281005859375 228.23684692382812 
3 1137.8477783203125 1.10406494140625 1232.388427734375 215.76641845703125 
506
3 1038.082275390625 0.26818084716796875 1158.689208984375 228.044677734375 
3 1140.96484375 0.8911361694335938 1231.62451171875 213.87066650390625 
507
3 1039.4205322265625 0.3188934326171875 1158.267578125 230.92156982421875 
3 1140.692626953125 1.19195556640625 1231.4588623046875 213.323486328125 
508
3 1038.3304443359375 0.34366607666015625 1155.9671630859375 230.4840087890625 
3 1141.924560546875 0.6447525024414062 1232.00732421875 213.5136260986328 
509
3 1038.3009033203125 0.12679290771484375 1158.154541015625 229.116455078125 
3 1143.953125 0.39273834228515625 1232.845458984375 215.24081420898438 
510
3 1037.83203125 0.0 1159.8609619140625 228.24996948242188 
3 1142.438720703125 0.57525634765625 1233.6201171875 217.01254272460938 
511
3 1038.79541015625 0.0 1159.885498046875 231.48504638671875 
3 1144.917236328125 0.31964111328125 1234.2310791015625 215.05517578125 
512
3 1037.664306640625 0.0845794677734375 1159.1767578125 231.38128662109375 
3 1147.71044921875 0.19632720947265625 1234.1405029296875 213.55563354492188 
513
3 1037.14013671875 0.0 1159.2230224609375 228.22845458984375 
3 1148.5128173828125 0.19133758544921875 1234.2086181640625 213.6065673828125 
514
3 1036.9556884765625 0.0 1159.88232421875 227.80838012695312 
3 1150.841064453125 0.0 1235.0439453125 212.84304809570312 
515
3 1036.8966064453125 0.1340179443359375 1159.81884765625 228.96316528320312 
3 1152.902587890625 0.10986328125 1236.57568359375 211.9498291015625 
516
3 1037.5328369140625 0.37328338623046875 1158.9320068359375 230.2379150390625 
3 1153.94970703125 0.0 1237.6845703125 211.75672912597656 
517
3 1036.47998046875 0.10614776611328125 1159.82958984375 227.39434814453125 
3 1155.3458251953125 0.0 1239.07470703125 210.60684204101562 
518
3 1036.7559814453125 0.0 1159.7923583984375 226.96896362304688 
3 1153.566650390625 0.0 1242.9031982421875 211.17282104492188 
519
3 1036.9759521484375 0.10414886474609375 1158.1590576171875 227.345703125 
3 1156.2569580078125 0.0 1243.8056640625 210.96463012695312 
520
3 1036.9683837890625 0.528900146484375 1158.8411865234375 227.08367919921875 
3 1151.98779296875 0.000457763671875 1245.1630859375 210.77342224121094 
521
3 1036.2000732421875 0.7215576171875 1159.021728515625 226.76611328125 
3 1154.054443359375 0.246856689453125 1246.149658203125 210.96145629882812 
522
3 1036.937255859375 0.0 1158.4281005859375 226.59353637695312 
3 1157.1209716796875 0.0 1246.4732666015625 211.75936889648438 
523
3 1037.0899658203125 0.0 1158.5465087890625 226.88650512695312 
3 1156.81201171875 0.0 1247.8931884765625 212.09449768066406 
524
3 1037.423828125 0.0 1157.8603515625 226.3980712890625 
3 1160.3448486328125 0.0 1248.3782958984375 212.79898071289062 
525
3 1036.5291748046875 0.31285858154296875 1158.38134765625 226.5279541015625 
3 1162.5538330078125 0.0 1249.1954345703125 212.00355529785156 
526
3 1036.692626953125 0.112152099609375 1158.22265625 226.89453125 
3 1164.2109375 0.0 1250.821533203125 212.79408264160156 
527
3 1037.0169677734375 0.0 1157.930908203125 226.66043090820312 
3 1164.2493896484375 0.0 1252.5130615234375 212.5921630859375 
528
3 1037.7288818359375 0.6746902465820312 1157.6778564453125 227.21951293945312 
3 1162.748779296875 0.0 1253.4886474609375 212.74356079101562 
529
3 1036.716064453125 0.8344497680664062 1156.0703125 226.72702026367188 
3 1165.7066650390625 0.0 1253.59326171875 212.44384765625 
530
3 1036.968017578125 0.40959930419921875 1155.4222412109375 226.62112426757812 
3 1166.627685546875 0.0 1254.29736328125 212.32310485839844 
531
3 1037.603271484375 0.06134796142578125 1155.2764892578125 226.88946533203125 
3 1166.8370361328125 0.0 1254.92431640625 213.8326416015625 
532
3 1038.5362548828125 0.6621551513671875 1154.826904296875 226.96463012695312 
3 1166.7119140625 0.0 1256.5562744140625 211.82656860351562 
533
3 1036.8985595703125 0.7671356201171875 1153.8448486328125 227.3748779296875 
3 1166.3004150390625 0.0 1255.893310546875 212.4337615966797 
534
3 1037.5439453125 0.9435806274414062 1153.9267578125 228.52032470703125 
3 1166.9798583984375 0.0 1256.27880859375 214.22654724121094 
535
3 1038.08251953125 0.683563232421875 1154.45361328125 228.8297119140625 
3 1109.372314453125 0.0 1255.5972900390625 217.59878540039062 
3 1164.8660888671875 0.4113006591796875 1255.0902099609375 215.38035583496094 
536
3 1038.5625 0.31810760498046875 1154.46044921875 228.33013916015625 
537
3 1037.9871826171875 0.6114578247070312 1154.0751953125 227.66903686523438 
3 1116.73681640625 0.0 1255.5400390625 214.4413604736328 
538
3 1038.2239990234375 0.37271881103515625 1154.004638671875 229.07354736328125 
3 1116.080322265625 0.0 1253.636474609375 216.21388244628906 
539
3 1040.114990234375 0.0 1152.8651123046875 230.1475830078125 
3 1162.36376953125 0.0 1252.6922607421875 218.32420349121094 
540
3 1041.344482421875 0.0 1151.75537109375 230.25338745117188 
3 1162.06103515625 0.0 1251.6312255859375 217.76695251464844 
3 1123.5479736328125 0.0 1252.178466796875 219.68484497070312 
541
3 1040.9093017578125 0.1539154052734375 1152.361572265625 229.78680419921875 
3 1161.4052734375 0.0 1251.7060546875 217.8861846923828 
542
3 1037.5484619140625 0.36328125 1151.8870849609375 230.18948364257812 
3 1161.6905517578125 0.0 1249.884033203125 216.19964599609375 
543
3 1036.2073974609375 0.106475830078125 1153.5706787109375 230.67794799804688 
3 1160.046630859375 0.0 1249.3721923828125 216.57061767578125 
544
3 1035.71728515625 0.5418624877929688 1153.9344482421875 230.2242431640625 
3 1158.324462890625 0.0 1249.0777587890625 217.7357940673828 
545
3 1035.9871826171875 0.6097030639648438 1152.915771484375 228.97787475585938 
3 1148.4771728515625 0.0 1248.268310546875 218.07408142089844 
546
3 1034.0859375 0.6406402587890625 1149.1422119140625 227.760986328125 
3 1147.4698486328125 0.0 1246.159912109375 217.98391723632812 
547
3 1034.4248046875 1.5841217041015625 1149.5614013671875 227.12542724609375 
3 1146.03515625 0.0 1244.606201171875 218.2799072265625 
548
3 1034.791259765625 0.6182403564453125 1149.5054931640625 227.13046264648438 
3 1140.585693359375 0.60040283203125 1244.659912109375 217.84608459472656 
549
3 1035.0843505859375 1.0073089599609375 1151.75244140625 229.13214111328125 
3 1136.5126953125 0.26324462890625 1241.4862060546875 217.39755249023438 
550
3 1034.687744140625 0.61529541015625 1150.6754150390625 228.587646484375 
3 1145.5328369140625 0.51171875 1240.13232421875 218.56167602539062 
551
3 1035.3765869140625 0.9536819458007812 1150.48681640625 228.2108154296875 
3 1146.046142578125 0.0 1237.312255859375 217.01809692382812 
552
3 1036.049560546875 0.6128768920898438 1148.564453125 227.87005615234375 
3 1145.493896484375 0.7851638793945312 1236.0775146484375 216.22137451171875 
553
3 1036.385986328125 1.37945556640625 1148.5916748046875 229.39517211914062 
3 1143.3026123046875 2.1712875366210938 1236.652099609375 216.42300415039062 
554
3 1037.6087646484375 1.6972732543945312 1149.2781982421875 228.38565063476562 
3 1144.309814453125 0.0 1236.265869140625 214.5521240234375 
555
3 1037.9442138671875 1.7099990844726562 1147.9962158203125 227.7357177734375 
3 1143.526611328125 0.0 1235.948486328125 214.42495727539062 
556
3 1038.17724609375 1.01922607421875 1150.809326171875 227.71487426757812 
3 1142.97021484375 0.8953933715820312 1235.076416015625 213.7635498046875 
557
3 1038.7967529296875 1.3496017456054688 1149.22216796875 228.49444580078125 
3 1141.7977294921875 0.35616302490234375 1235.035400390625 210.95596313476562 
558
3 1038.573486328125 1.2574539184570312 1145.4647216796875 227.61883544921875 
3 1141.0841064453125 0.06280517578125 1235.024169921875 212.2705841064453 
559
3 1140.086181640625 0.00508880615234375 1234.47119140625 213.50247192382812 
3 1040.10400390625 1.7680511474609375 1145.6063232421875 227.4765625 
560
3 1138.3665771484375 0.0 1235.351806640625 214.75897216796875 
3 1041.4381103515625 1.0727767944335938 1146.796630859375 227.62002563476562 
561
3 1136.5189208984375 0.0 1235.1737060546875 211.12278747558594 
3 1043.1011962890625 1.3477325439453125 1145.845458984375 229.88589477539062 
562
3 1136.363037109375 0.0 1235.4783935546875 211.72064208984375 
3 1045.794189453125 0.9012680053710938 1145.38525390625 229.03662109375 
563
3 1046.788330078125 0.6434783935546875 1146.614990234375 227.50390625 
3 1135.7125244140625 0.0 1236.9429931640625 212.35183715820312 
564
3 1047.4381103515625 0.43842315673828125 1145.4862060546875 229.8406982421875 
3 1136.182373046875 0.0 1239.5699462890625 207.7151641845703 
565
3 1050.1234130859375 0.8291854858398438 1145.226806640625 229.54830932617188 
3 1135.55908203125 0.0 1239.8341064453125 214.26058959960938 
566
3 1050.8193359375 0.40386962890625 1146.9796142578125 228.760009765625 
3 1135.90234375 0.0 1240.4383544921875 215.3013458251953 
567
3 1136.2186279296875 0.0 1240.0023193359375 214.41847229003906 
3 1054.616455078125 0.15847015380859375 1148.1190185546875 227.77655029296875 
568
3 1135.4718017578125 1.0996475219726562 1242.1395263671875 215.78799438476562 
3 1055.9185791015625 0.0 1146.1988525390625 228.68463134765625 
569
3 1135.3753662109375 0.0 1245.5316162109375 211.21412658691406 
3 1058.8326416015625 0.0 1146.2225341796875 227.81106567382812 
570
3 1135.1605224609375 0.0 1245.23388671875 210.2012481689453 
3 1060.3057861328125 0.0 1147.8648681640625 228.37142944335938 
571
3 1134.8486328125 0.0 1245.651611328125 211.8897705078125 
3 1060.718017578125 0.0 1148.8768310546875 227.50582885742188 
572
3 1061.2950439453125 0.15154266357421875 1146.449462890625 227.44589233398438 
3 1135.653564453125 0.0 1250.012939453125 209.6646728515625 
573
3 1135.73486328125 0.0 1250.9356689453125 208.68894958496094 
3 1060.0540771484375 0.36904144287109375 1147.1368408203125 228.47998046875 
574
3 1059.86572265625 0.5853271484375 1147.43408203125 226.32305908203125 
575
3 1060.1865234375 0.38262939453125 1145.3741455078125 226.07040405273438 
576
3 1137.7335205078125 2.6782608032226562 1255.4423828125 211.94830322265625 
3 1059.9249267578125 0.6356887817382812 1142.5550537109375 224.19390869140625 
577
3 1138.7608642578125 2.040618896484375 1256.740478515625 212.01043701171875 
3 1058.7496337890625 0.5339889526367188 1143.213134765625 225.3778076171875 
578
3 1139.854248046875 0.1533203125 1260.1541748046875 214.58023071289062 
3 1058.4273681640625 0.49494171142578125 1144.210693359375 229.36822509765625 
579
3 1142.5531005859375 0.6981277465820312 1262.916015625 213.45278930664062 
3 1058.5784912109375 1.3379974365234375 1143.1458740234375 228.95803833007812 
580
3 1143.05810546875 0.7802047729492188 1264.5390625 213.21853637695312 
3 1058.6397705078125 0.4903106689453125 1140.6484375 226.49172973632812 
581
3 1146.3355712890625 0.5734481811523438 1263.552734375 215.39503479003906 
3 1057.951416015625 0.0 1142.0479736328125 229.43789672851562 
582
3 1148.0189208984375 0.04473114013671875 1263.639404296875 215.27099609375 
3 1057.449462890625 0.0 1141.6102294921875 229.701904296875 
583
3 1150.771240234375 0.8449172973632812 1262.4158935546875 219.249267578125 
3 1056.575927734375 0.0 1140.63623046875 230.60296630859375 
584
3 1154.230224609375 0.6976699829101562 1264.903076171875 220.597900390625 
3 1056.1353759765625 0.0 1139.3172607421875 225.93511962890625 
585
3 1054.037109375 0.7231597900390625 1140.1422119140625 228.52923583984375 
3 1158.6815185546875 0.0 1269.5238037109375 222.107177734375 
586
3 1053.9013671875 0.0 1140.2657470703125 229.58224487304688 
3 1163.4442138671875 0.0 1269.872802734375 221.91937255859375 
587
3 1053.078125 0.0 1141.0921630859375 228.60147094726562 
3 1165.035400390625 0.0 1268.6552734375 220.66305541992188 
588
3 1050.622314453125 0.581878662109375 1144.42236328125 228.3831787109375 
3 1160.3397216796875 0.0 1270.534912109375 220.71502685546875 
589
3 1049.7716064453125 1.23773193359375 1144.604736328125 228.34286499023438 
3 1155.469970703125 0.0 1273.7371826171875 221.69000244140625 
590
3 1047.7357177734375 0.25933837890625 1148.0030517578125 228.93927001953125 
3 1154.7945556640625 0.0 1277.6136474609375 222.29281616210938 
591
3 1168.4801025390625 0.1795196533203125 1279.664306640625 220.97821044921875 
3 1046.341064453125 0.5244140625 1142.224609375 227.55111694335938 
592
3 1044.6336669921875 1.095458984375 1144.8853759765625 227.5679931640625 
3 1171.51513671875 0.0 1284.1505126953125 219.5604248046875 
593
3 1041.19873046875 0.0 1142.478759765625 226.26580810546875 
3 1041.37158203125 0.0 1141.892333984375 227.0965576171875 
3 1179.11279296875 0.0 1288.017822265625 220.00628662109375 
594
3 1040.119873046875 0.927825927734375 1143.629638671875 226.14205932617188 
3 1185.17822265625 0.0 1288.48095703125 221.40457153320312 
595
3 1038.052734375 0.0 1141.70361328125 223.53109741210938 
3 1186.49609375 0.0 1293.2176513671875 221.14169311523438 
596
3 1036.2332763671875 0.0 1144.908203125 226.04754638671875 
3 1194.491455078125 0.0 1296.7353515625 221.16510009765625 
597
3 1034.5447998046875 0.0 1141.939453125 226.41937255859375 
3 1200.1268310546875 0.0403289794921875 1300.04638671875 220.30575561523438 
598
3 1033.03759765625 0.0 1136.435546875 226.92816162109375 
3 1202.393310546875 1.8397216796875 1300.806396484375 222.41375732421875 
599
3 1030.9981689453125 0.0 1134.746826171875 229.2630615234375 
3 1205.1885986328125 1.2588424682617188 1303.697265625 227.4647216796875 
600
3 1030.26318359375 1.3568572998046875 1134.7496337890625 229.63113403320312 
3 1207.73291015625 2.5382461547851562 1306.1077880859375 222.93002319335938 
601
3 1027.3690185546875 1.6845779418945312 1131.780029296875 226.60751342773438 
3 1212.765625 2.5950546264648438 1310.6651611328125 228.29202270507812 
602
3 1026.146484375 0.0 1130.8021240234375 228.47052001953125 
3 1215.397705078125 4.409141540527344 1313.81689453125 230.95217895507812 
603
3 1025.966552734375 1.3576889038085938 1130.3121337890625 229.55892944335938 
3 1219.156982421875 3.5619735717773438 1316.6192626953125 232.45712280273438 
604
3 1022.705810546875 2.1238479614257812 1130.2791748046875 228.36859130859375 
3 1222.748046875 2.954620361328125 1318.6029052734375 236.71817016601562 
605
3 1022.3696899414062 1.9875335693359375 1130.2945556640625 229.51962280273438 
3 1226.5728759765625 7.24273681640625 1323.26806640625 238.58245849609375 
606
3 1022.5717163085938 0.0 1130.0653076171875 230.06234741210938 
3 1230.1077880859375 8.61041259765625 1330.87255859375 239.952880859375 
607
3 1021.920654296875 0.0 1129.4017333984375 233.2799072265625 
3 1233.57470703125 9.82318115234375 1333.101806640625 245.90960693359375 
608
3 1238.109619140625 13.660980224609375 1341.3447265625 250.86990356445312 
3 1019.03125 1.0837249755859375 1128.67724609375 235.04180908203125 
609
3 1018.9263916015625 0.0 1127.715576171875 233.50537109375 
3 1241.7904052734375 12.913185119628906 1342.7880859375 251.02801513671875 
610
3 1018.6134033203125 0.0 1128.192138671875 232.34103393554688 
3 1245.65380859375 14.560462951660156 1354.567138671875 252.39794921875 
611
3 1018.263427734375 0.0 1128.650634765625 229.51162719726562 
3 1249.1556396484375 13.140312194824219 1357.7200927734375 251.07220458984375 
612
3 1017.1775512695312 0.5811691284179688 1129.334716796875 229.83755493164062 
3 1256.54443359375 12.261795043945312 1362.9322509765625 250.021728515625 
613
3 1015.3614501953125 0.99688720703125 1129.18359375 228.39413452148438 
3 1260.7138671875 12.431427001953125 1365.45751953125 245.27685546875 
614
3 1014.9696044921875 0.0 1128.6014404296875 226.15264892578125 
3 1263.569091796875 12.609085083007812 1382.9898681640625 242.36123657226562 
615
3 1015.1135864257812 0.0 1129.9755859375 229.99920654296875 
3 1270.385986328125 11.491012573242188 1388.7464599609375 244.21701049804688 
616
3 1274.080322265625 9.6302490234375 1394.580810546875 244.34988403320312 
3 1014.550048828125 1.711151123046875 1129.958251953125 229.58935546875 
617
3 1278.288330078125 9.713623046875 1400.9930419921875 245.46063232421875 
3 1013.7468872070312 1.3727035522460938 1131.47607421875 229.47494506835938 
618
3 1285.4586181640625 9.4554443359375 1411.3673095703125 247.15972900390625 
3 1012.0401000976562 0.0 1132.1944580078125 230.13766479492188 
619
3 1010.7572021484375 0.0 1132.217041015625 230.009521484375 
3 1290.462890625 10.50860595703125 1416.9287109375 247.59765625 
620
3 1291.544677734375 13.209579467773438 1427.0963134765625 248.76568603515625 
3 1009.9197998046875 0.0 1132.3480224609375 229.91143798828125 
621
3 1292.408447265625 14.909072875976562 1435.905029296875 250.0357666015625 
3 1010.8025512695312 0.0 1132.0390625 229.33041381835938 
622
3 1293.26220703125 17.73822021484375 1454.13427734375 250.36819458007812 
3 1009.6791381835938 0.0 1132.3507080078125 229.34710693359375 
3 1011.0442504882812 0.0 1132.6871337890625 228.78082275390625 
623
3 1293.4044189453125 19.136878967285156 1465.6263427734375 253.96746826171875 
3 1009.18310546875 1.2336273193359375 1132.6241455078125 229.74099731445312 
624
3 1294.082275390625 19.323944091796875 1455.6162109375 259.2665710449219 
3 1008.088623046875 0.2661285400390625 1132.6396484375 228.8055419921875 
3 1006.5493774414062 0.0 1132.0377197265625 229.56329345703125 
625
3 1295.11083984375 21.4525146484375 1474.900390625 261.7705383300781 
3 1006.814453125 0.08762359619140625 1133.517333984375 228.513671875 
3 1005.8076171875 3.1502609252929688 1133.95166015625 228.97509765625 
626
3 1006.0156860351562 0.0 1132.9664306640625 228.9564208984375 
3 1297.494384765625 22.041885375976562 1475.417236328125 264.9280700683594 
627
3 1006.3282470703125 0.0 1133.55908203125 228.348876953125 
3 1300.103515625 23.066375732421875 1478.69189453125 265.72845458984375 
628
3 1305.2205810546875 22.104522705078125 1481.1339111328125 264.2425537109375 
3 1006.8212280273438 0.0 1133.2392578125 229.017822265625 
629
3 1007.6735229492188 0.0 1134.1981201171875 232.4083251953125 
3 1313.987060546875 22.69732666015625 1485.0958251953125 264.20050048828125 
3 1359.1488037109375 22.53406524658203 1485.2901611328125 260.09906005859375 
630
3 1009.4024658203125 0.333465576171875 1136.472412109375 234.11932373046875 
3 1326.2939453125 22.740219116210938 1489.6005859375 264.1321105957031 
631
3 1340.6505126953125 21.726211547851562 1495.8853759765625 264.26519775390625 
3 1011.0325927734375 0.0 1141.2940673828125 233.3897705078125 
632
3 1354.7774658203125 20.86456298828125 1498.3251953125 262.7213439941406 
3 1013.6004028320312 0.0 1143.8900146484375 232.10821533203125 
633
3 1370.8067626953125 19.22290802001953 1503.1314697265625 262.8641662597656 
3 1014.4308471679688 0.0 1146.905029296875 232.040283203125 
634
3 1387.04736328125 20.13062286376953 1507.85986328125 266.0678405761719 
3 1017.7107543945312 0.6109237670898438 1158.4609375 235.9923095703125 
635
3 1394.4281005859375 19.221694946289062 1505.17578125 269.7207946777344 
3 1018.5101318359375 0.146270751953125 1163.0811767578125 235.82315063476562 
636
3 1021.8086547851562 0.832611083984375 1184.973876953125 235.1763916015625 
3 1398.2261962890625 18.14056396484375 1511.138671875 273.81732177734375 
637
3 1402.328125 19.640365600585938 1521.22265625 280.2718811035156 
3 1026.3704833984375 1.7842330932617188 1196.42041015625 238.10311889648438 
638
3 1030.4832763671875 2.4603118896484375 1205.209716796875 240.15652465820312 
3 1407.1029052734375 22.123504638671875 1523.779541015625 283.91729736328125 
639
3 1034.217041015625 2.8057403564453125 1208.512451171875 241.37005615234375 
3 1410.19921875 25.0401611328125 1527.81494140625 286.0540771484375 
640
3 1036.24462890625 2.5834884643554688 1211.769287109375 242.68728637695312 
3 1415.6099853515625 25.710899353027344 1531.3134765625 288.4598083496094 
641
3 1037.650146484375 3.49005126953125 1212.1287841796875 244.46002197265625 
3 1420.3211669921875 29.715362548828125 1537.383544921875 298.58929443359375 
642
3 1036.9603271484375 4.8615875244140625 1212.3409423828125 244.5693359375 
3 1421.8341064453125 32.38421630859375 1539.61376953125 300.1978759765625 
3 1421.537109375 33.38319396972656 1539.7509765625 299.4569396972656 
643
3 1426.908447265625 34.06977844238281 1542.947509765625 307.91375732421875 
3 1035.477783203125 4.020103454589844 1212.9876708984375 245.45083618164062 
644
3 1035.4544677734375 2.6802597045898438 1214.9532470703125 243.8214111328125 
3 1428.0997314453125 36.12109375 1545.9830322265625 307.936767578125 
645
3 1428.87158203125 38.284576416015625 1546.435302734375 308.9688720703125 
3 1038.3779296875 2.3344573974609375 1214.368896484375 245.46185302734375 
646
3 1063.098876953125 1.6171951293945312 1216.072998046875 246.48037719726562 
3 1433.4339599609375 39.369598388671875 1549.490966796875 308.5858459472656 
647
3 1064.7652587890625 1.2488555908203125 1216.350830078125 245.93707275390625 
3 1435.359375 40.248504638671875 1560.65625 305.56005859375 
648
3 1068.085205078125 0.06539154052734375 1215.7197265625 245.92367553710938 
3 1439.57763671875 39.55033874511719 1565.810791015625 305.1147155761719 
649
3 1439.45556640625 39.5528564453125 1570.9111328125 303.7559814453125 
3 1076.4144287109375 0.0 1216.1591796875 244.81954956054688 
650
3 1083.35302734375 0.11956024169921875 1216.5863037109375 245.54144287109375 
3 1441.058349609375 40.401275634765625 1575.8389892578125 294.1598815917969 
651
3 1091.8651123046875 0.0 1217.4552001953125 245.11090087890625 
3 1442.032470703125 40.792510986328125 1574.0859375 305.087890625 
652
3 1444.38037109375 41.034393310546875 1584.40673828125 308.02252197265625 
3 1097.80810546875 0.0 1222.5390625 245.56005859375 
653
3 1445.7550048828125 43.782806396484375 1584.7398681640625 314.2476806640625 
3 1101.5648193359375 0.0 1224.544677734375 247.35028076171875 
654
2 1446.2781982421875 46.5496826171875 1589.856689453125 325.2890930175781 
3 1104.9176025390625 0.0 1229.3062744140625 243.6812744140625 
655
2 1448.235595703125 47.3033447265625 1591.131591796875 330.579833984375 
3 1110.435302734375 0.0 1231.835693359375 250.40359497070312 
656
2 1448.801513671875 49.727142333984375 1593.9749755859375 336.36767578125 
3 1114.429931640625 0.0 1235.876953125 254.433837890625 
657
2 1449.5977783203125 54.4322509765625 1596.4727783203125 342.8139343261719 
3 1118.3265380859375 0.0 1238.942138671875 261.0633239746094 
658
2 1449.6312255859375 55.52134704589844 1598.8934326171875 346.33648681640625 
3 1123.3165283203125 0.3955078125 1242.06591796875 260.9885559082031 
659
2 1451.407958984375 58.25970458984375 1603.2208251953125 346.3389587402344 
3 1126.7528076171875 1.363983154296875 1246.5965576171875 266.6861572265625 
3 1127.0562744140625 0.431427001953125 1246.430908203125 267.626220703125 
660
3 1131.234375 0.454071044921875 1249.8226318359375 264.8590087890625 
2 1449.0076904296875 58.038299560546875 1608.418701171875 345.8382568359375 
661
2 1442.76171875 59.220947265625 1612.5196533203125 346.0104675292969 
3 1135.7274169921875 1.250091552734375 1261.33056640625 265.5852355957031 
662
2 1429.9549560546875 61.07533264160156 1615.8428955078125 344.5311279296875 
3 1142.3538818359375 1.8825912475585938 1263.0367431640625 264.0544738769531 
663
2 1421.301513671875 60.72987365722656 1617.4874267578125 345.2684020996094 
3 1145.800537109375 2.206207275390625 1276.7852783203125 268.28997802734375 
664
2 1410.7176513671875 60.101226806640625 1620.148193359375 347.04205322265625 
3 1151.8841552734375 3.8524551391601562 1282.002685546875 268.44525146484375 
665
2 1403.0933837890625 60.10883331298828 1619.064208984375 346.87628173828125 
3 1157.314208984375 6.2728729248046875 1283.9908447265625 270.3737487792969 
666
2 1397.6209716796875 62.499969482421875 1616.106201171875 346.6949157714844 
3 1162.1712646484375 7.599853515625 1283.75439453125 270.3343505859375 
667
2 1391.174072265625 61.75477600097656 1613.8890380859375 355.7113952636719 
3 1167.0460205078125 8.30706787109375 1288.55908203125 274.67108154296875 
668
2 1386.0047607421875 61.525970458984375 1608.330810546875 359.22021484375 
3 1170.8125 8.155868530273438 1292.091064453125 276.68634033203125 
669
2 1382.6961669921875 66.40461730957031 1601.937744140625 359.24969482421875 
3 1173.26513671875 9.0802001953125 1291.5958251953125 276.0935974121094 
670
2 1376.3558349609375 68.3778076171875 1593.979736328125 365.4268493652344 
3 1177.394775390625 8.057464599609375 1293.6824951171875 274.9684753417969 
671
2 1371.77783203125 70.91851806640625 1586.6563720703125 368.50048828125 
3 1186.765869140625 7.814605712890625 1297.788818359375 276.80621337890625 
672
2 1367.4974365234375 73.3975830078125 1580.0849609375 379.76348876953125 
3 1193.2587890625 9.06610107421875 1301.121337890625 275.3189697265625 
673
2 1352.704833984375 77.69882202148438 1571.6732177734375 381.7984619140625 
3 1195.99365234375 5.3358612060546875 1306.595458984375 274.63421630859375 
674
2 1348.0633544921875 81.41592407226562 1566.8404541015625 388.07122802734375 
3 1203.0009765625 7.410858154296875 1312.4072265625 275.2853088378906 
675
3 1208.3663330078125 6.8303985595703125 1316.397216796875 274.58349609375 
2 1327.7669677734375 83.8916015625 1564.1422119140625 387.35894775390625 
676
3 1213.072998046875 6.203590393066406 1323.98046875 267.75360107421875 
2 1326.5675048828125 87.158203125 1565.5 391.4940185546875 
677
3 1216.490966796875 6.755088806152344 1329.6097412109375 269.3725891113281 
2 1329.8741455078125 91.31686401367188 1562.7181396484375 383.05718994140625 
678
2 1337.906005859375 92.97674560546875 1563.3780517578125 377.73516845703125 
3 1222.9228515625 5.975189208984375 1340.3377685546875 272.1768798828125 
679
2 1336.5438232421875 92.35797119140625 1558.7655029296875 385.8739013671875 
3 1229.5469970703125 6.805450439453125 1346.019287109375 271.237060546875 
3 1228.8486328125 8.133087158203125 1345.9447021484375 272.64898681640625 
680
2 1279.3953857421875 93.48956298828125 1551.6390380859375 384.096923828125 
3 1234.6739501953125 5.35748291015625 1366.248779296875 272.392578125 
681
3 1239.7484130859375 8.612258911132812 1372.0682373046875 276.5798034667969 
2 1296.5548095703125 93.09971618652344 1536.3646240234375 381.47784423828125 
682
3 1246.747314453125 9.454849243164062 1380.6099853515625 279.1235656738281 
2 1292.4683837890625 91.95375061035156 1521.211181640625 381.23846435546875 
683
3 1249.1270751953125 11.49493408203125 1378.571533203125 281.10943603515625 
2 1352.6343994140625 91.40988159179688 1504.5667724609375 382.86566162109375 
684
2 1350.659423828125 90.13041687011719 1503.03173828125 394.93560791015625 
3 1248.529541015625 11.405181884765625 1373.738525390625 273.3770446777344 
685
3 1250.89404296875 15.00762939453125 1376.212890625 278.2877502441406 
2 1335.232177734375 94.26374816894531 1502.47509765625 400.48931884765625 
686
3 1252.6331787109375 16.479354858398438 1384.6458740234375 278.1871643066406 
2 1315.6148681640625 95.13014221191406 1500.2862548828125 377.2490539550781 
687
3 1252.9957275390625 18.500823974609375 1392.2264404296875 277.54925537109375 
2 1252.6044921875 98.27685546875 1499.658203125 410.16265869140625 
688
2 1321.176025390625 103.42266845703125 1497.6265869140625 406.822021484375 
3 1253.9189453125 18.414321899414062 1406.08447265625 284.35711669921875 
689
2 1255.3238525390625 106.28450012207031 1493.076416015625 431.6664733886719 
3 1297.7144775390625 18.220672607421875 1418.6185302734375 177.4327392578125 
690
2 1262.5770263671875 112.0650634765625 1490.0145263671875 434.64794921875 
3 1306.533935546875 18.519126892089844 1424.675048828125 168.8116455078125 
691
2 1270.605224609375 116.60263061523438 1484.27294921875 430.1288146972656 
3 1313.07861328125 17.929458618164062 1432.0972900390625 177.43905639648438 
692
2 1278.8646240234375 120.25341796875 1476.7274169921875 447.0260314941406 
3 1320.391845703125 16.763198852539062 1437.515380859375 214.808349609375 
693
3 1325.5166015625 15.584014892578125 1441.35546875 234.66171264648438 
2 1282.3643798828125 124.20330810546875 1467.9947509765625 467.36395263671875 
694
3 1326.5904541015625 15.319618225097656 1449.463623046875 251.26565551757812 
2 1141.5458984375 129.27984619140625 1456.5611572265625 459.58477783203125 
695
3 1333.8427734375 14.511489868164062 1456.318359375 284.04229736328125 
2 1134.216064453125 132.50930786132812 1444.96630859375 470.26824951171875 
696
3 1337.5096435546875 12.850250244140625 1466.834716796875 301.718994140625 
2 1130.147705078125 133.46340942382812 1429.021240234375 458.48028564453125 
697
3 1343.719970703125 13.79388427734375 1473.524658203125 302.39617919921875 
2 1127.7333984375 134.34658813476562 1409.6494140625 454.8216552734375 
698
3 1347.7359619140625 13.601760864257812 1482.6610107421875 305.9130554199219 
2 1121.5592041015625 135.9984130859375 1393.6885986328125 463.7200927734375 
699
2 1109.9749755859375 133.68795776367188 1376.3013916015625 470.1744384765625 
3 1352.1846923828125 13.878982543945312 1489.0418701171875 312.2337646484375 
700
2 1103.9444580078125 133.62835693359375 1365.4287109375 465.0089111328125 
3 1357.7762451171875 13.625839233398438 1494.5367431640625 308.5406494140625 
701
3 1362.61376953125 15.6622314453125 1503.4324951171875 313.48858642578125 
2 1097.288818359375 134.9730682373047 1356.6280517578125 464.28277587890625 
702
3 1367.5257568359375 17.607040405273438 1512.0054931640625 318.0211181640625 
2 1092.021728515625 139.48321533203125 1348.6595458984375 460.7550964355469 
703
3 1374.1163330078125 19.28076171875 1516.324951171875 319.89373779296875 
2 1085.5928955078125 142.26002502441406 1342.4306640625 466.097412109375 
704
2 1377.68994140625 20.226776123046875 1522.6959228515625 322.491455078125 
2 1070.247314453125 145.83697509765625 1340.8148193359375 466.99090576171875 
705
2 1380.920166015625 21.805068969726562 1525.564453125 323.688720703125 
2 1163.064697265625 154.32257080078125 1341.3380126953125 465.67626953125 
2 1064.380859375 152.5015869140625 1340.82080078125 466.1276550292969 
706
2 1385.0516357421875 22.9461669921875 1530.1424560546875 325.9515380859375 
2 1061.1319580078125 159.62948608398438 1340.11181640625 487.47381591796875 
707
2 1055.656982421875 162.81201171875 1341.18994140625 506.3577880859375 
2 1389.18359375 25.089614868164062 1535.7132568359375 325.557373046875 
708
2 1392.3316650390625 25.322113037109375 1540.2261962890625 326.9892883300781 
2 1047.8868408203125 166.4217529296875 1334.859130859375 515.9981079101562 
709
2 1037.877685546875 171.93179321289062 1333.139404296875 524.022216796875 
3 1392.432861328125 25.917388916015625 1541.651123046875 320.5121154785156 
710
2 1031.2608642578125 179.17825317382812 1330.2738037109375 534.2040405273438 
2 1395.234375 27.363357543945312 1540.0628662109375 322.4775390625 
711
2 1019.3297729492188 182.80282592773438 1313.8883056640625 537.8143310546875 
2 1399.0391845703125 28.419952392578125 1541.7979736328125 322.24725341796875 
712
2 1014.9118041992188 185.0908203125 1320.4686279296875 542.933349609375 
3 1404.6776123046875 28.692855834960938 1543.5030517578125 321.809326171875 
713
3 1411.73095703125 28.895477294921875 1546.0821533203125 321.82379150390625 
2 1009.923583984375 190.34426879882812 1241.3201904296875 541.6834716796875 
714
2 1001.8409423828125 191.83685302734375 1304.362548828125 537.7862548828125 
3 1419.4163818359375 29.712692260742188 1549.4014892578125 321.9801025390625 
715
2 1424.6728515625 30.4754638671875 1553.309814453125 322.7789306640625 
2 996.8977661132812 192.51170349121094 1286.1455078125 536.3531494140625 
716
2 1429.2239990234375 30.613555908203125 1562.958251953125 323.2137451171875 
2 993.7854614257812 191.48251342773438 1260.462158203125 525.3642578125 
717
3 1431.22802734375 30.25384521484375 1563.9913330078125 321.59320068359375 
2 989.4580078125 194.68247985839844 1236.1793212890625 520.448486328125 
718
2 1433.6009521484375 29.525283813476562 1567.1842041015625 322.896484375 
2 973.501220703125 194.47219848632812 1200.777099609375 513.8560791015625 
719
2 957.40087890625 199.7777099609375 1200.97119140625 517.599853515625 
2 1437.6270751953125 30.12359619140625 1570.6826171875 324.5860595703125 
720
2 943.75732421875 202.02850341796875 1202.251220703125 550.5853271484375 
2 1437.9537353515625 29.535888671875 1575.1282958984375 328.3135986328125 
721
1 929.9239501953125 207.3856658935547 1200.6466064453125 583.2410888671875 
2 1441.81494140625 30.4422607421875 1579.770263671875 325.54779052734375 
722
1 916.0408935546875 215.1465606689453 1197.4940185546875 599.1734619140625 
2 1443.75927734375 31.708053588867188 1584.558349609375 326.564208984375 
723
1 902.4479370117188 222.0723876953125 1191.8994140625 611.0596313476562 
2 1445.3558349609375 32.49089050292969 1590.60595703125 329.83831787109375 
724
1 888.1005859375 230.25927734375 1181.60791015625 622.4486083984375 
2 1448.2928466796875 32.727386474609375 1597.6453857421875 332.9971923828125 
725
1 873.5055541992188 238.60354614257812 1171.164306640625 634.90576171875 
2 1449.251708984375 34.11341857910156 1602.964111328125 334.84588623046875 
726
1 862.5277099609375 247.46011352539062 1162.39794921875 639.2064208984375 
2 1451.5213623046875 35.02729797363281 1608.7532958984375 338.2704772949219 
727
1 848.635009765625 254.2353515625 1141.984375 648.5347900390625 
2 1452.7294921875 36.773223876953125 1615.0826416015625 342.353515625 
728
2 1453.37890625 37.49909973144531 1621.9652099609375 343.4815368652344 
1 835.6483764648438 258.1290283203125 1128.267578125 656.3603515625 
729
1 821.0022583007812 264.245361328125 1124.876220703125 656.0029296875 
2 1456.4925537109375 38.794708251953125 1628.00390625 346.58636474609375 
730
2 1456.2901611328125 38.9603271484375 1633.9873046875 346.1510314941406 
1 807.4655151367188 269.7041015625 1129.739501953125 655.9052124023438 
731
2 1455.4825439453125 39.56486511230469 1638.966064453125 348.5740966796875 
1 793.3212890625 274.82373046875 1056.120361328125 655.603271484375 
732
2 1454.6636962890625 39.577301025390625 1645.677490234375 351.60150146484375 
1 776.6000366210938 277.2772216796875 1033.244384765625 654.7762451171875 
733
1 758.3974609375 280.438720703125 1054.49951171875 654.985595703125 
2 1454.5087890625 41.06098937988281 1650.8189697265625 352.0906677246094 
734
1 741.9642944335938 283.4116516113281 1031.4969482421875 655.136962890625 
2 1457.3450927734375 41.61747741699219 1655.68408203125 350.7130432128906 
735
1 725.3566284179688 286.41644287109375 1010.7415161132812 655.3890991210938 
2 1457.4674072265625 41.50901794433594 1660.666748046875 350.1264953613281 
736
2 1460.701904296875 42.91044616699219 1664.7784423828125 352.3165283203125 
1 710.6722412109375 290.0716552734375 1008.0093994140625 654.0003662109375 
737
2 1464.63232421875 43.400604248046875 1667.8519287109375 350.5458068847656 
1 693.5008544921875 296.9537658691406 1007.3609619140625 655.1109619140625 
738
1 676.5420532226562 305.1795654296875 1006.995361328125 667.70751953125 
2 1467.050537109375 44.59783935546875 1671.4400634765625 351.5028381347656 
739
1 657.4315185546875 312.0213623046875 1007.0370483398438 687.4872436523438 
2 1471.083251953125 45.932342529296875 1673.9461669921875 357.2771301269531 
740
1 636.4945068359375 321.47283935546875 1007.6265869140625 701.13818359375 
2 1476.48974609375 47.195343017578125 1676.3314208984375 354.69219970703125 
741
1 618.2492065429688 330.4563903808594 1005.462158203125 712.0530395507812 
2 1479.252197265625 47.34693908691406 1676.7723388671875 361.7650146484375 
742
1 598.0870361328125 342.12811279296875 1004.236328125 718.1928100585938 
2 1481.2208251953125 50.08732604980469 1677.699462890625 370.30126953125 
743
1 581.262451171875 349.2568664550781 1007.8947143554688 722.3717041015625 
2 1482.69921875 50.927459716796875 1677.689208984375 367.4759521484375 
744
1 561.8939208984375 355.6256408691406 998.2080688476562 725.8350219726562 
2 1485.22412109375 51.54573059082031 1676.2060546875 372.51678466796875 
745
1 539.5614013671875 362.03387451171875 994.062255859375 726.223876953125 
2 1483.108642578125 54.1201171875 1673.9822998046875 375.09857177734375 
746
1 518.1553344726562 368.4522399902344 976.9991455078125 726.369873046875 
2 1476.57763671875 56.7857666015625 1671.487060546875 378.42236328125 
747
1 498.9910583496094 373.08966064453125 955.41015625 681.9930419921875 
2 1469.875732421875 58.707794189453125 1669.74658203125 391.97589111328125 
748
1 477.08502197265625 375.63092041015625 932.9498901367188 681.6950073242188 
2 1466.149169921875 60.83660888671875 1664.9759521484375 391.301513671875 
749
1 456.548828125 379.54644775390625 905.7979736328125 691.62060546875 
2 1464.917724609375 64.23918151855469 1660.630615234375 390.7309875488281 
750
1 435.48944091796875 384.6815490722656 878.9705810546875 710.258056640625 
2 1460.4732666015625 66.69715881347656 1654.770751953125 399.3464660644531 
751
1 414.322509765625 389.4714660644531 849.3699951171875 724.813232421875 
2 1461.691650390625 69.77117919921875 1649.07421875 400.06170654296875 
752
1 397.5599365234375 396.43798828125 822.6251220703125 753.6380615234375 
2 1458.0989990234375 73.0302734375 1643.0565185546875 401.77227783203125 
753
0 382.4832763671875 403.1880187988281 810.0593872070312 785.0545654296875 
2 1449.6356201171875 74.76922607421875 1635.3486328125 400.92962646484375 
754
2 1444.1597900390625 78.7650146484375 1627.956298828125 404.54742431640625 
0 361.3095397949219 413.9796447753906 806.8571166992188 784.8153686523438 
755
2 1436.8509521484375 79.44598388671875 1619.1331787109375 405.73486328125 
0 348.4458312988281 426.65838623046875 805.0234985351562 783.4461669921875 
756
0 333.57818603515625 440.38299560546875 794.3279418945312 860.748291015625 
2 1429.7618408203125 79.16758728027344 1614.265380859375 403.26263427734375 
757
0 319.8973083496094 453.8990478515625 807.240478515625 877.9547119140625 
2 1421.0606689453125 80.84101867675781 1609.4285888671875 408.535400390625 
758
2 1414.8958740234375 80.59121704101562 1605.74658203125 418.07672119140625 
0 301.0115966796875 469.49908447265625 810.6195068359375 889.0150146484375 
759
2 1405.9664306640625 81.75445556640625 1601.301025390625 415.1341857910156 
0 288.856689453125 482.8455810546875 808.8148193359375 868.6136474609375 
760
0 270.78533935546875 493.8250732421875 798.3780517578125 902.9015502929688 
2 1398.87744140625 81.50856018066406 1596.755615234375 424.74420166015625 
761
0 254.3126983642578 506.253662109375 673.8314208984375 903.2479248046875 
2 1390.7806396484375 81.38516235351562 1591.9464111328125 417.7781677246094 
762
2 1384.2626953125 82.76187133789062 1588.58740234375 408.155517578125 
0 236.8271484375 515.565185546875 757.9647827148438 905.0713500976562 
763
0 217.44503784179688 526.173583984375 734.2775268554688 903.4681396484375 
2 1378.995361328125 84.21438598632812 1584.936279296875 413.315185546875 
764
0 198.5233154296875 531.414794921875 709.4212036132812 903.9257202148438 
2 1371.41162109375 84.42720031738281 1582.9205322265625 434.7596740722656 
765
0 176.34820556640625 541.589111328125 685.55322265625 905.4331665039062 
2 1367.35986328125 86.15242004394531 1579.04150390625 439.21282958984375 
766
0 154.28863525390625 549.7335205078125 659.67529296875 867.3875122070312 
2 1362.4022216796875 86.93800354003906 1576.26708984375 446.90802001953125 
767
2 1358.96923828125 89.8328857421875 1571.4090576171875 453.90936279296875 
0 132.59823608398438 556.25634765625 655.1954345703125 901.6588134765625 
768
0 108.9630126953125 565.2368774414062 653.3478393554688 903.1162109375 
2 1355.7464599609375 91.3756103515625 1567.2130126953125 460.51348876953125 
769
2 1351.9273681640625 97.14775085449219 1563.599365234375 467.2464599609375 
0 92.63153076171875 578.1593017578125 638.3565673828125 900.426025390625 
770
2 1348.344482421875 103.31893920898438 1556.5743408203125 472.3391418457031 
0 73.706298828125 589.312744140625 654.2444458007812 896.9287719726562 
771
2 1346.3079833984375 107.21603393554688 1550.4305419921875 478.14471435546875 
0 58.99322509765625 605.6008911132812 651.6366577148438 944.113525390625 
772
2 1341.8187255859375 110.4990234375 1543.5987548828125 480.4219970703125 
0 40.307037353515625 619.7303466796875 664.934326171875 972.9955444335938 
773
0 27.912384033203125 638.656494140625 662.8150634765625 994.99560546875 
2 1339.76953125 115.29367065429688 1535.9815673828125 487.221923828125 
774
0 12.508514404296875 652.4300537109375 663.37890625 1003.5662841796875 
2 1339.0111083984375 118.9749755859375 1527.57666015625 500.4405517578125 
775
2 1339.6396484375 122.8443603515625 1519.4010009765625 498.364501953125 
0 1.470001220703125 665.8467407226562 660.7467041015625 991.68896484375 
776
0 0.324249267578125 677.58935546875 655.7864990234375 970.2716674804688 
2 1341.159423828125 124.13995361328125 1511.0753173828125 498.11016845703125 
777
0 0.068206787109375 695.092529296875 645.4244995117188 963.644775390625 
2 1340.485107421875 126.74507141113281 1503.2342529296875 491.2440185546875 
778
0 0.5833740234375 705.7267456054688 635.4022827148438 963.7386474609375 
2 1332.271484375 127.97979736328125 1494.9019775390625 506.9871826171875 
779
0 0.893798828125 715.4008178710938 615.493896484375 959.204345703125 
2 1326.765625 130.93272399902344 1489.3680419921875 503.87774658203125 
780
0 0.5523681640625 733.464111328125 592.4351196289062 975.7530517578125 
2 1318.563232421875 130.72767639160156 1482.2850341796875 503.229736328125 
781
2 1309.0126953125 132.04750061035156 1473.7047119140625 495.3023681640625 
0 0.0599365234375 755.0465087890625 560.884765625 978.208740234375 
782
2 1300.0010986328125 132.1889190673828 1464.8468017578125 504.30657958984375 
783
2 1288.2313232421875 133.25927734375 1457.8477783203125 504.1385498046875 
784
2 1278.0419921875 132.7039794921875 1450.189697265625 492.51373291015625 
785
2 1270.50927734375 134.8970489501953 1441.3419189453125 503.1512451171875 
786
2 1263.175048828125 136.96121215820312 1434.6297607421875 504.241943359375 
787
2 1250.6824951171875 141.401123046875 1426.6322021484375 509.9462890625 
788
2 1233.8984375 145.59039306640625 1417.9776611328125 522.0096435546875 
789
2 1206.993408203125 149.82423400878906 1413.9024658203125 530.7949829101562 
790
2 1180.677490234375 156.05499267578125 1413.0277099609375 543.0650634765625 
791
2 1165.138427734375 161.79400634765625 1410.364990234375 549.83203125 
792
1 1180.186279296875 165.6337127685547 1407.0113525390625 557.2265625 
793
1 1157.1341552734375 172.3843231201172 1406.217529296875 572.3449096679688 
794
1 1152.296142578125 176.04669189453125 1404.30029296875 582.1520385742188 
795
1 1149.007080078125 180.081298828125 1399.5943603515625 583.5814208984375 
796
1 1132.703857421875 181.5802001953125 1393.31787109375 582.9736328125 
797
1 1118.780029296875 184.76846313476562 1386.306640625 578.3688354492188 
798
1 1104.1087646484375 184.41372680664062 1378.273193359375 569.3948974609375 
799
1 1089.7672119140625 185.64138793945312 1361.975341796875 564.8438720703125 
800
1 1076.925048828125 187.174072265625 1346.193603515625 566.0662231445312 
801
1 1065.44140625 188.52569580078125 1325.6759033203125 563.045654296875 
802
1 1054.137939453125 188.51806640625 1306.251953125 566.0927734375 
803
1 1043.1541748046875 189.29588317871094 1282.067626953125 575.194580078125 
804
1 1029.7913818359375 191.3278350830078 1264.13232421875 596.8875732421875 
805
1 1020.6024780273438 195.1389617919922 1253.93896484375 608.3406982421875 
806
1 1009.1063842773438 199.67030334472656 1247.88671875 618.9390258789062 
807
1 997.320068359375 205.96641540527344 1233.4676513671875 648.992919921875 
808
1 984.7750854492188 209.4768829345703 1231.3341064453125 659.2063598632812 
809
1 972.3170166015625 216.45147705078125 1232.2977294921875 666.6548461914062 
810
1 960.3253173828125 224.30648803710938 1231.255126953125 659.7232666015625 
811
1 948.5050048828125 233.18328857421875 1229.09521484375 671.0516357421875 
812
1 934.9984741210938 239.7945556640625 1229.1790771484375 689.783447265625 
813
1 919.3742065429688 246.88833618164062 1224.1529541015625 692.4537353515625 
814
1 904.8455810546875 251.38217163085938 1216.57666015625 694.4036865234375 
815
1 886.7435302734375 256.6953125 1209.6259765625 696.7437133789062 
816
1 871.579345703125 259.23394775390625 1196.697021484375 696.9263916015625 
817
1 856.273681640625 263.02984619140625 1184.2138671875 701.759521484375 
818
1 841.392578125 266.6293640136719 1166.6077880859375 704.190185546875 
819
1 826.69140625 268.28021240234375 1150.8006591796875 701.2491455078125 
820
1 811.0535888671875 268.40875244140625 1128.6943359375 705.4367065429688 
821
1 796.6817626953125 270.24859619140625 1106.51220703125 697.7413330078125 
822
1 782.0415649414062 271.7408447265625 1086.3883056640625 698.8887329101562 
823
1 766.4450073242188 274.77716064453125 1062.5345458984375 699.52978515625 
824
1 750.0302734375 277.265625 1062.941650390625 695.037353515625 
825
1 736.3426513671875 282.2978515625 1062.7625732421875 696.6480712890625 
826
1 721.6931762695312 286.10479736328125 1063.4266357421875 700.0589599609375 
827
1 706.596923828125 294.3687744140625 1062.932373046875 713.4061279296875 
828
1 688.7620849609375 302.0641174316406 1062.2352294921875 723.75830078125 
829
1 674.4561767578125 308.283935546875 1062.3636474609375 730.793212890625 
830
1 657.1917724609375 316.84588623046875 1062.5423583984375 735.8760986328125 
831
1 637.9097900390625 325.0580139160156 1062.6724853515625 744.4913940429688 
832
1 617.8118896484375 331.56109619140625 1061.7369384765625 746.8619384765625 
833
1 599.8585205078125 337.01702880859375 1060.670166015625 749.9853515625 
834
1 577.8826904296875 342.0506591796875 1057.170166015625 755.0065307617188 
835
1 558.454833984375 348.0588684082031 1053.94580078125 750.150634765625 
836
1 533.9072875976562 349.92779541015625 1043.8380126953125 739.0966796875 
837
1 513.9658203125 352.05218505859375 1038.49658203125 740.8389892578125 
838
1 494.574951171875 353.9415283203125 1021.1024780273438 740.7791748046875 
839
1 478.1958312988281 355.41754150390625 1006.81005859375 740.5029907226562 
840
1 458.0162353515625 354.5137939453125 986.7101440429688 740.5699462890625 
841
1 442.10931396484375 356.2746276855469 960.456298828125 737.5933837890625 
842
1 426.0538635253906 358.2565612792969 934.9307861328125 738.63671875 
843
1 409.2347412109375 358.9266052246094 909.8864135742188 753.8875732421875 
844
1 393.33612060546875 361.2995910644531 885.94970703125 754.1715087890625 
845
0 380.1123046875 364.43072509765625 850.1244506835938 783.6439208984375 
846
0 364.9957580566406 368.02227783203125 832.587890625 793.58935546875 
847
0 351.44354248046875 374.10064697265625 831.7286376953125 799.46875 
848
0 339.3424072265625 379.67083740234375 831.0296020507812 825.6798095703125 
849
0 326.11248779296875 387.10552978515625 830.05810546875 835.7966918945312 
850
0 314.9503173828125 396.20135498046875 827.727783203125 845.1215209960938 
851
0 301.37799072265625 403.53289794921875 828.0465087890625 846.2012939453125 
852
0 288.9774169921875 413.96417236328125 826.3067016601562 841.3164672851562 
853
0 273.16156005859375 422.8221435546875 829.0469970703125 851.7742919921875 
854
0 260.67950439453125 432.3097229003906 825.5343017578125 852.8358154296875 
855
0 245.15972900390625 442.4384460449219 817.9700927734375 847.027099609375 
856
0 228.11431884765625 450.29595947265625 812.730712890625 861.8240966796875 
857
0 208.78240966796875 459.0968017578125 807.7857666015625 860.5355224609375 
858
0 190.0811767578125 466.3907775878906 785.099609375 856.0715942382812 
859
0 173.02227783203125 471.55499267578125 760.00146484375 858.252197265625 
860
0 157.41180419921875 475.6684265136719 744.6690063476562 853.8106689453125 
861
0 137.959228515625 479.01580810546875 713.4435424804688 854.912353515625 
862
0 120.72811889648438 483.41357421875 686.7662963867188 855.950927734375 
863
0 106.7830810546875 487.2271728515625 663.453369140625 857.1328735351562 
864
0 91.19729614257812 487.3834228515625 639.5494384765625 857.3560791015625 
865
0 77.2982177734375 494.1279296875 613.735107421875 868.91357421875 
866
0 62.82550048828125 499.90582275390625 609.1236572265625 860.0730590820312 
867
0 49.4351806640625 504.16168212890625 608.700927734375 871.1821899414062 
868
0 37.53753662109375 509.85357666015625 608.1052856445312 856.979736328125 
869
0 27.014892578125 517.2599487304688 608.7871704101562 868.751708984375 
870
0 14.186798095703125 527.1519775390625 608.6636352539062 887.7532348632812 
871
0 2.767364501953125 536.2242431640625 609.825439453125 915.03515625 
872
0 0.06256103515625 543.5057373046875 609.572021484375 917.254150390625 
873
0 0.0 554.915283203125 609.802978515625 927.9896240234375 
874
0 0.583892822265625 565.9692993164062 610.367919921875 928.876708984375 
875
0 0.4813232421875 574.7007446289062 604.5057373046875 932.6647338867188 
876
0 0.29827880859375 576.6204223632812 598.55810546875 934.7025146484375 
877
0 0.477691650390625 590.0682373046875 589.2743530273438 928.2349853515625 
878
0 0.6170654296875 614.7138671875 578.6771240234375 933.6346435546875 
879
0 0.697967529296875 635.908203125 565.702880859375 938.7176513671875 
880
0 0.5751953125 644.652099609375 541.044189453125 942.5479736328125 
881
0 0.8603515625 648.96484375 538.0064697265625 939.1500854492188 
882
0 0.62451171875 653.1781005859375 513.5927734375 940.6458129882812 
883
0 0.8682861328125 661.2807006835938 487.84002685546875 949.9183959960938 
884
0 0.79815673828125 662.9183349609375 452.9158020019531 955.6555786132812 
885
0 1.04010009765625 671.0104370117188 433.54608154296875 973.849609375 
886
0 0.57635498046875 681.2644653320312 408.4200439453125 971.1558227539062 
887
0 0.6240081787109375 690.953125 407.88427734375 966.7291259765625 
888
0 0.658050537109375 704.136474609375 403.7501220703125 973.3804931640625 
889
0 0.7174224853515625 718.418701171875 404.93072509765625 976.3944091796875 
890
0 0.720306396484375 734.7564697265625 408.0752258300781 976.54345703125 
891
0 1.3303985595703125 750.5089111328125 405.0923156738281 981.5409545898438 
892
0 0.91455078125 763.270751953125 405.1460266113281 981.8245849609375 
893
0 0.799224853515625 780.379638671875 404.17523193359375 984.1968994140625 
894
0 0.9262542724609375 798.664306640625 402.0162353515625 986.0232543945312 
895
0 0.6589508056640625 814.1876831054688 386.4177551269531 984.1972045898438 
896
0 0.5099029541015625 832.4852294921875 372.56640625 984.6322021484375 
897
898
899
900
901
902
903
904
905
906
907
908
909
910
911
912
913
914
915
916
917
918
919
920
921
922
923
924
925
926
927
928
929
930
931
932
933
934
935
936
937
938
939
940
941
942
943
944
945
946
947
948
949
950
951
952
953
954
955
956
957
958
959
960
