0
3 267.3357238769531 132.7250213623047 360.2331237792969 274.0437927246094 
2 1775.4892578125 110.146484375 1907.4390869140625 333.8254089355469 
3 1925.2882080078125 30.086509704589844 1970.7821044921875 110.90316772460938 
3 1821.1142578125 49.72449493408203 1883.9130859375 144.13124084472656 
3 1509.1883544921875 79.48375701904297 1585.1466064453125 263.6405029296875 
1
2 1782.0389404296875 108.83944702148438 1907.6883544921875 334.669921875 
3 272.8926086425781 132.8234100341797 361.1827697753906 272.41943359375 
3 1929.8778076171875 31.333450317382812 1976.7459716796875 112.09613037109375 
3 1499.7967529296875 77.83468627929688 1600.2120361328125 263.4130859375 
3 1828.050537109375 50.30762481689453 1890.51416015625 135.28602600097656 
3 1828.0789794921875 50.55370330810547 1890.0938720703125 116.3172607421875 
2
2 1784.357177734375 109.4669189453125 1906.1021728515625 338.57379150390625 
3 1524.34228515625 81.06021118164062 1601.119384765625 266.1517028808594 
3 275.0024719238281 133.9463653564453 364.14312744140625 272.29840087890625 
3 1934.080078125 29.49712371826172 1983.8145751953125 112.95730590820312 
3 1835.06103515625 49.60950469970703 1895.3096923828125 139.28799438476562 
3 1835.486328125 49.845703125 1895.215576171875 118.59619140625 
3
2 1788.9288330078125 114.00689697265625 1905.6746826171875 342.7915954589844 
3 278.7162780761719 133.67648315429688 364.8198547363281 269.23040771484375 
3 1940.0045166015625 33.169715881347656 1986.8387451171875 113.55952453613281 
3 1528.4251708984375 82.37915802001953 1614.6949462890625 266.8264465332031 
3 1842.5968017578125 49.61598205566406 1899.45263671875 121.98915100097656 
3 2016.047607421875 38.061126708984375 2043.7938232421875 88.62907409667969 
3 634.9061889648438 34.5552978515625 667.8226928710938 72.45182037353516 
4
2 1792.0799560546875 112.32406616210938 1906.359130859375 345.46600341796875 
3 280.14410400390625 133.95172119140625 368.51593017578125 269.973388671875 
3 1943.7774658203125 33.296051025390625 1992.197998046875 114.86412048339844 
3 1535.4183349609375 82.41584777832031 1616.1256103515625 264.665283203125 
3 1846.821533203125 50.06781005859375 1904.9993896484375 120.28123474121094 
3 0.12729835510253906 388.4825439453125 27.5284423828125 462.2537841796875 
5
2 1791.7015380859375 113.49369812011719 1908.582275390625 350.5465087890625 
3 281.9393005371094 133.287353515625 370.3885192871094 270.743408203125 
3 1949.2945556640625 36.16456604003906 1997.8131103515625 115.19790649414062 
3 1532.7855224609375 81.10079956054688 1629.300537109375 268.26495361328125 
3 1853.9466552734375 49.39576721191406 1910.464111328125 144.36502075195312 
3 338.44207763671875 69.61131286621094 370.1072692871094 116.98397827148438 
6
2 1788.791259765625 111.67720031738281 1912.04443359375 351.61700439453125 
3 284.724365234375 129.92596435546875 373.4027404785156 267.12103271484375 
3 1860.2098388671875 49.96271514892578 1916.5159912109375 148.52854919433594 
3 1957.903564453125 34.73533630371094 2006.75 115.45355224609375 
3 1545.2242431640625 85.3133316040039 1638.6319580078125 263.830078125 
3 342.2581787109375 65.62091064453125 373.2359313964844 115.09364318847656 
7
2 1789.1995849609375 113.86669921875 1914.529541015625 357.2886962890625 
3 291.52545166015625 128.67556762695312 372.82843017578125 264.56939697265625 
3 1965.2615966796875 28.132591247558594 2013.4287109375 116.9188232421875 
3 1554.51904296875 85.11112976074219 1644.2060546875 265.0433044433594 
3 1864.8016357421875 52.35084533691406 1923.94873046875 155.3647918701172 
8
2 1785.8720703125 114.84841918945312 1916.6905517578125 361.1401672363281 
3 1974.9588623046875 29.687637329101562 2019.990478515625 117.31376647949219 
3 1873.7100830078125 52.77678680419922 1929.68603515625 163.27676391601562 
3 1561.70556640625 84.95003509521484 1653.8370361328125 257.3298034667969 
3 296.949462890625 127.76678466796875 370.5394287109375 257.83331298828125 
9
2 1785.4510498046875 114.49948120117188 1917.03759765625 359.276123046875 
3 1571.8204345703125 85.769287109375 1668.80078125 258.5461730957031 
3 295.12060546875 127.28565979003906 374.70648193359375 260.9937438964844 
3 1877.77392578125 54.56708526611328 1935.24609375 169.8371124267578 
3 1983.146240234375 30.501174926757812 2025.760986328125 118.43046569824219 
3 354.64080810546875 63.09532928466797 382.82354736328125 111.31880187988281 
10
2 1781.5634765625 118.75228881835938 1916.272705078125 363.5777893066406 
3 1566.4718017578125 86.09268951416016 1671.7694091796875 259.92333984375 
3 298.342041015625 126.82537841796875 377.76318359375 262.0715637207031 
3 1991.06298828125 29.909591674804688 2031.3731689453125 119.4254150390625 
3 1881.9071044921875 55.54692840576172 1940.9759521484375 169.37130737304688 
11
2 1777.6995849609375 121.98538208007812 1916.195556640625 366.2198486328125 
3 1582.8299560546875 85.28753662109375 1682.799560546875 260.76434326171875 
3 303.2868347167969 123.73655700683594 384.56195068359375 260.760986328125 
3 1888.915283203125 57.592750549316406 1944.3944091796875 166.6157989501953 
3 1995.95654296875 29.792953491210938 2039.216552734375 119.27449035644531 
12
2 1775.9683837890625 124.98675537109375 1916.18603515625 368.495361328125 
3 1593.54296875 86.43636322021484 1689.5609130859375 262.5545959472656 
3 303.6842956542969 123.57357788085938 389.3200378417969 259.5844421386719 
3 2004.215087890625 35.532012939453125 2041.8546142578125 118.1639404296875 
3 1890.093994140625 58.713470458984375 1946.565673828125 167.85060119628906 
3 612.01416015625 79.14542388916016 664.8689575195312 146.24746704101562 
13
2 1773.18212890625 127.66497802734375 1914.6722412109375 368.9808349609375 
3 308.736083984375 123.71780395507812 389.6631774902344 260.05975341796875 
3 1605.119873046875 82.36544799804688 1694.4451904296875 263.07696533203125 
3 1886.54248046875 58.342620849609375 1956.0159912109375 171.47584533691406 
3 2008.7359619140625 37.421173095703125 2048.764404296875 119.27879333496094 
3 2467.51416015625 110.0728759765625 2511.882080078125 223.78790283203125 
3 366.36883544921875 58.621063232421875 394.6742858886719 107.26261901855469 
3 2535.665771484375 153.1689453125 2558.896728515625 216.41854858398438 
14
2 1770.0718994140625 129.10972595214844 1914.5010986328125 369.59185791015625 
3 1615.434326171875 80.91815948486328 1700.1055908203125 262.07171630859375 
3 309.62701416015625 120.70729064941406 392.357666015625 255.01669311523438 
3 1894.806884765625 58.66450500488281 1959.059326171875 172.2459716796875 
3 2013.810546875 38.06471252441406 2056.080810546875 119.41525268554688 
3 672.8343505859375 35.38458251953125 727.4203491210938 181.91873168945312 
15
2 1764.625732421875 132.42555236816406 1912.7894287109375 372.245361328125 
3 310.83624267578125 119.080322265625 393.14947509765625 252.85256958007812 
3 1627.650146484375 80.87397766113281 1705.266845703125 261.5977783203125 
3 1898.9776611328125 57.70976257324219 1967.64111328125 172.7220916748047 
3 2017.3150634765625 40.55421447753906 2058.20458984375 121.25288391113281 
16
2 1758.3031005859375 133.67384338378906 1907.1396484375 372.5337219238281 
3 1638.68310546875 81.5145263671875 1711.685791015625 261.83929443359375 
3 311.73968505859375 118.56912231445312 396.09906005859375 251.4471435546875 
3 1899.0550537109375 59.53583526611328 1968.05126953125 172.9219970703125 
3 2021.2119140625 41.818992614746094 2060.96728515625 122.97862243652344 
17
3 1636.4041748046875 83.77330780029297 1712.902587890625 262.8736572265625 
3 2017.9964599609375 40.49415588378906 2060.0869140625 123.11604309082031 
2 1749.80615234375 135.7676239013672 1897.467529296875 373.21826171875 
3 312.46368408203125 121.17863464355469 392.2159729003906 254.88592529296875 
3 1898.871826171875 57.83970642089844 1971.6121826171875 172.51568603515625 
18
2 1740.9556884765625 134.22811889648438 1889.04443359375 372.6581726074219 
3 1637.035888671875 86.0085220336914 1714.2427978515625 262.8673095703125 
3 1896.070068359375 58.072021484375 1971.89404296875 171.2574005126953 
3 307.77435302734375 123.58189392089844 391.5582275390625 257.0498962402344 
3 2015.6048583984375 40.96424865722656 2057.821533203125 123.32490539550781 
19
2 1734.111328125 133.5436248779297 1883.63330078125 372.53778076171875 
3 1632.0330810546875 86.59590148925781 1715.8741455078125 263.6111145019531 
3 305.96807861328125 123.30963134765625 390.3196105957031 259.174560546875 
3 1896.5986328125 57.355934143066406 1969.8016357421875 171.98866271972656 
3 2015.1021728515625 41.55778503417969 2057.39990234375 123.66221618652344 
3 670.297607421875 35.029441833496094 726.4432373046875 159.7611846923828 
20
2 1731.955322265625 129.36184692382812 1873.5184326171875 372.5906066894531 
3 1637.568359375 87.05450439453125 1718.556396484375 263.8359069824219 
3 1900.632568359375 56.990997314453125 1970.1068115234375 170.8158721923828 
3 2016.7830810546875 40.861907958984375 2059.06640625 123.31085205078125 
3 307.2487487792969 122.73774719238281 386.52099609375 260.43536376953125 
3 669.9259033203125 32.36927795410156 725.4584350585938 166.90159606933594 
21
2 1731.3662109375 125.35385131835938 1866.887939453125 370.9986877441406 
3 1638.7705078125 87.13794708251953 1715.6322021484375 262.4253234863281 
3 1900.5008544921875 56.594154357910156 1971.39404296875 169.3469696044922 
3 2017.9510498046875 41.22039031982422 2060.080322265625 122.51806640625 
3 308.5141296386719 122.70527648925781 391.0834655761719 260.55364990234375 
3 667.8436889648438 30.99633026123047 724.4258422851562 169.44093322753906 
22
2 1730.8160400390625 123.30386352539062 1857.628662109375 370.23736572265625 
3 1640.421630859375 86.68565368652344 1721.3975830078125 262.233642578125 
3 1906.9678955078125 55.51427459716797 1971.6683349609375 169.65370178222656 
3 306.4679260253906 125.68118286132812 388.13153076171875 261.2579345703125 
3 2017.9779052734375 41.38672637939453 2060.24072265625 121.01699829101562 
3 2067.32666015625 53.573516845703125 2107.14111328125 167.87460327148438 
3 0.07548999786376953 394.98529052734375 31.03915786743164 576.2473754882812 
23
2 1728.594970703125 122.61990356445312 1852.4921875 370.12481689453125 
3 1642.4967041015625 85.42813110351562 1728.9632568359375 260.6140441894531 
3 1909.5050048828125 53.402099609375 1971.382568359375 170.9383544921875 
3 2021.3212890625 39.8114013671875 2061.10791015625 121.71493530273438 
3 307.42279052734375 124.45916748046875 391.57879638671875 261.1015625 
3 667.48046875 31.446624755859375 724.088134765625 167.78790283203125 
24
2 1718.5552978515625 121.49072265625 1845.061279296875 371.66595458984375 
3 1645.8232421875 83.29194641113281 1732.0653076171875 260.5727233886719 
3 308.0290832519531 125.66413879394531 387.26861572265625 260.72528076171875 
3 1912.3277587890625 54.19715118408203 1974.87353515625 170.45086669921875 
3 2023.559814453125 40.58990478515625 2063.947509765625 121.12550354003906 
3 2469.097900390625 104.68656921386719 2516.27392578125 223.1715087890625 
3 667.8540649414062 31.0653076171875 725.5892944335938 173.5775604248047 
3 667.6530151367188 31.396392822265625 723.7379760742188 111.90567016601562 
25
2 1709.09814453125 122.28988647460938 1838.2130126953125 369.796875 
3 1651.39404296875 82.12307739257812 1737.81201171875 255.5565185546875 
3 1916.038330078125 57.00934600830078 1976.129150390625 169.02891540527344 
3 308.3535461425781 123.49252319335938 392.7707824707031 260.3547668457031 
3 2030.5068359375 39.430389404296875 2067.70263671875 121.52505493164062 
3 2025.3360595703125 38.84642791748047 2066.7841796875 121.90812683105469 
3 2070.246337890625 48.363494873046875 2112.924072265625 167.95697021484375 
26
2 1696.734619140625 126.11886596679688 1832.88623046875 370.42999267578125 
3 1661.609375 81.41724395751953 1741.935302734375 249.28704833984375 
3 1918.9788818359375 57.04457092285156 1980.595458984375 168.37237548828125 
3 309.3819885253906 123.0645751953125 391.4792175292969 258.8078308105469 
3 2031.1251220703125 39.7601318359375 2071.879150390625 121.82176208496094 
3 308.5656433105469 123.14614868164062 392.6829833984375 261.0291748046875 
27
2 1680.939697265625 129.71522521972656 1827.052978515625 371.4064636230469 
3 1921.3023681640625 56.484535217285156 1983.8193359375 169.5218505859375 
3 310.15228271484375 123.20745849609375 393.74066162109375 260.2420959472656 
3 2032.33056640625 42.3897705078125 2072.49169921875 124.0252685546875 
3 1668.6220703125 81.14787292480469 1740.7611083984375 247.50765991210938 
3 311.2987060546875 123.17755126953125 392.7655334472656 256.4103698730469 
28
2 1632.3487548828125 132.25828552246094 1817.7515869140625 410.5999450683594 
3 1921.842041015625 55.76703643798828 1984.17529296875 170.39169311523438 
3 1669.2540283203125 77.81163024902344 1744.090576171875 246.96148681640625 
3 314.8106384277344 123.15061950683594 393.5198059082031 258.772216796875 
3 2031.965087890625 43.90769958496094 2072.56494140625 123.45486450195312 
3 0.1032247543334961 391.5011291503906 51.78407287597656 518.1494750976562 
3 2072.868408203125 53.96765899658203 2114.5498046875 172.00526428222656 
29
2 1613.397705078125 135.86566162109375 1809.316162109375 414.6368408203125 
3 1923.21923828125 56.871826171875 1984.919677734375 169.55056762695312 
3 1670.3065185546875 74.91957092285156 1745.66845703125 245.8553466796875 
3 315.5525817871094 130.76068115234375 384.41644287109375 236.17523193359375 
3 2029.7684326171875 44.17713928222656 2076.722412109375 123.58267211914062 
3 2074.0537109375 54.12443542480469 2111.81982421875 168.9757537841797 
3 372.7172546386719 59.584381103515625 402.82843017578125 105.07322692871094 
30
2 1602.90869140625 143.38778686523438 1800.59619140625 416.8586730957031 
3 1923.3995361328125 57.407684326171875 1985.8792724609375 167.50242614746094 
3 315.225341796875 122.55279541015625 392.94891357421875 259.5064697265625 
3 2031.13671875 43.35997009277344 2077.725341796875 122.61824035644531 
3 0.16566181182861328 376.5317077636719 71.8061752319336 499.5843505859375 
3 1670.92041015625 75.4620132446289 1742.0892333984375 245.23782348632812 
3 373.45281982421875 59.89442443847656 401.6523132324219 106.0806884765625 
31
2 1596.5723876953125 137.64505004882812 1790.7125244140625 419.0855407714844 
3 1923.1627197265625 58.27044677734375 1987.5816650390625 167.67137145996094 
3 312.89508056640625 122.79203796386719 393.873291015625 258.52813720703125 
3 2031.3985595703125 43.45208740234375 2077.738037109375 123.184814453125 
3 1671.2562255859375 76.98712158203125 1766.083984375 245.67605590820312 
3 373.2732238769531 59.62335205078125 400.702392578125 105.10116577148438 
3 2072.609619140625 54.27851867675781 2116.496826171875 174.37440490722656 
3 0.2567329406738281 376.3394775390625 70.22904968261719 499.8594970703125 
3 0.14504623413085938 517.505859375 34.58625030517578 603.6746826171875 
32
2 1588.86865234375 139.3107147216797 1785.1451416015625 421.51617431640625 
3 1924.44580078125 60.00250244140625 1987.99755859375 169.88009643554688 
3 312.8699951171875 122.62222290039062 393.3158874511719 258.7607421875 
3 2036.6805419921875 43.95460510253906 2080.874755859375 124.98939514160156 
3 0.26928234100341797 381.89459228515625 72.27513122558594 601.1538696289062 
3 1670.56640625 79.9417953491211 1757.2581787109375 246.69546508789062 
3 2071.6943359375 51.11676025390625 2127.92822265625 176.32833862304688 
3 373.865966796875 59.28959655761719 400.48699951171875 104.9052734375 
3 2073.374755859375 53.60908508300781 2139.1005859375 176.59695434570312 
33
2 1588.7454833984375 139.9968719482422 1775.120361328125 423.325439453125 
3 1924.56787109375 59.44026184082031 1988.408447265625 170.54196166992188 
3 316.5644836425781 121.93759155273438 391.8350830078125 257.9878845214844 
3 2033.192626953125 43.84355163574219 2080.87646484375 124.65278625488281 
3 0.17563724517822266 389.6081848144531 76.39274597167969 592.070068359375 
3 2070.9619140625 50.00819396972656 2129.878173828125 177.46466064453125 
34
2 1588.459228515625 138.16372680664062 1764.93115234375 423.3760986328125 
3 1924.584228515625 57.79283142089844 1989.56396484375 169.17369079589844 
3 313.9391174316406 120.81723022460938 391.0577087402344 256.8896484375 
3 2033.1427001953125 42.769447326660156 2082.826416015625 123.64376831054688 
3 313.6094970703125 121.74574279785156 388.91339111328125 258.98370361328125 
3 2071.27099609375 53.45135498046875 2137.284912109375 178.230712890625 
3 0.3118896484375 524.8151245117188 89.28983306884766 587.074951171875 
3 1699.1561279296875 82.23186492919922 1771.154541015625 167.495361328125 
35
2 1588.0701904296875 135.75845336914062 1748.81640625 422.5171813964844 
3 1926.9644775390625 57.94947052001953 1990.654296875 168.34051513671875 
3 313.8240966796875 121.04180908203125 389.0900573730469 256.6111145019531 
3 2038.4376220703125 41.74186706542969 2084.852294921875 122.410888671875 
3 313.3704833984375 121.65022277832031 387.765869140625 256.4600830078125 
3 2067.865234375 51.541595458984375 2133.179931640625 179.3357391357422 
3 0.1582183837890625 379.28973388671875 95.27786254882812 584.590576171875 
36
2 1587.693359375 130.87454223632812 1736.867919921875 424.12548828125 
3 1930.1728515625 56.37945556640625 1991.310791015625 167.86593627929688 
3 315.96905517578125 120.88911437988281 391.47686767578125 256.1143798828125 
3 0.10948944091796875 379.6317138671875 101.62229919433594 584.8519287109375 
3 2040.49609375 45.43534851074219 2088.89990234375 123.58267211914062 
3 1697.4951171875 78.28065490722656 1782.1845703125 231.06161499023438 
3 2066.9833984375 52.574859619140625 2128.9755859375 180.41412353515625 
37
2 1588.3836669921875 127.79269409179688 1726.9981689453125 424.0155029296875 
3 1934.848876953125 56.46318817138672 1992.5986328125 166.0792236328125 
3 318.18121337890625 120.56620788574219 391.75396728515625 256.2277526855469 
3 1696.7266845703125 80.831298828125 1787.721435546875 233.5950927734375 
3 2044.7374267578125 41.584197998046875 2088.801025390625 122.76068115234375 
3 2066.4033203125 49.784942626953125 2127.258544921875 182.9664764404297 
3 0.4136390686035156 497.4349365234375 97.69102478027344 584.4750366210938 
38
2 1588.2161865234375 124.57955932617188 1717.988037109375 424.11383056640625 
3 1936.387451171875 55.99371337890625 1995.124755859375 166.2940216064453 
3 317.768798828125 121.3326416015625 392.23138427734375 257.2071228027344 
3 2046.721435546875 40.75543975830078 2091.75537109375 125.92195129394531 
3 1704.212158203125 73.92554473876953 1788.2105712890625 234.26217651367188 
39
2 1587.6934814453125 122.22979736328125 1710.4500732421875 426.0970764160156 
3 1941.489990234375 54.89234161376953 1995.728759765625 164.67727661132812 
3 1705.2723388671875 80.42443084716797 1794.6038818359375 235.23196411132812 
3 319.93853759765625 121.98539733886719 392.1143493652344 258.66912841796875 
3 2050.698486328125 40.81407165527344 2094.365966796875 128.79623413085938 
3 0.0855865478515625 403.3726501464844 98.44256591796875 584.0597534179688 
40
2 1577.57958984375 125.17550659179688 1701.38720703125 435.9998779296875 
3 1945.0218505859375 56.30089569091797 2000.289306640625 167.2819366455078 
3 321.4920959472656 122.08415222167969 396.4164733886719 257.5540771484375 
3 2054.602294921875 41.95191955566406 2097.098388671875 129.2158203125 
3 1697.6351318359375 65.62861633300781 1801.5115966796875 240.47247314453125 
3 0.0341644287109375 452.2940673828125 99.45292663574219 580.760009765625 
3 2068.77587890625 53.20648193359375 2131.43310546875 183.84996032714844 
41
2 1559.93603515625 125.33575439453125 1693.9979248046875 441.079833984375 
3 1947.6099853515625 53.782257080078125 2000.5997314453125 168.44561767578125 
3 1702.8277587890625 55.660072326660156 1806.1204833984375 237.10174560546875 
3 324.69183349609375 121.753173828125 394.3890686035156 256.9494323730469 
3 2059.2060546875 43.09889221191406 2098.9765625 131.61138916015625 
3 0.0 445.1888427734375 90.33287048339844 579.6993408203125 
3 2068.2783203125 53.67632293701172 2121.79150390625 185.0098876953125 
42
2 1539.970947265625 125.71832275390625 1684.2362060546875 426.5453186035156 
3 1946.4239501953125 52.870849609375 2000.185546875 169.13717651367188 
3 322.4831848144531 122.70799255371094 397.5370178222656 258.8147888183594 
3 0.0 429.9359130859375 98.46472930908203 606.3106079101562 
3 2057.62744140625 41.83897399902344 2100.231689453125 131.48460388183594 
3 1710.4227294921875 59.12226867675781 1810.8575439453125 236.99948120117188 
3 2067.165283203125 59.2716064453125 2118.862548828125 183.693359375 
3 55.334205627441406 347.9779052734375 128.85171508789062 477.4873046875 
43
3 1717.6986083984375 49.402923583984375 1813.7823486328125 233.9315185546875 
3 1945.461181640625 53.80048370361328 2000.9503173828125 166.31146240234375 
3 321.36981201171875 122.60638427734375 393.778564453125 258.5953063964844 
3 0.0 376.5374755859375 97.5030288696289 596.9110107421875 
3 0.3089599609375 261.924560546875 144.5065155029297 470.7529602050781 
3 2056.32373046875 40.96067810058594 2100.867919921875 129.95899963378906 
2 1519.705078125 128.13958740234375 1671.4886474609375 422.7166442871094 
3 2066.642578125 57.788909912109375 2124.516845703125 182.13742065429688 
3 2480.29296875 113.63026428222656 2525.904541015625 228.29852294921875 
2 1520.2265625 128.06686401367188 1671.197265625 421.65643310546875 
44
2 1498.3409423828125 128.8551788330078 1658.241943359375 421.53082275390625 
3 0.12335968017578125 388.58612060546875 99.53289794921875 588.8644409179688 
3 1941.423095703125 50.012725830078125 2000.2855224609375 166.2893829345703 
3 321.1689147949219 123.60284423828125 392.78076171875 259.55340576171875 
3 1706.3570556640625 45.765663146972656 1813.872314453125 231.06451416015625 
3 0.24090576171875 260.5408935546875 163.1274871826172 466.61041259765625 
3 2055.171630859375 40.79454040527344 2100.89208984375 128.1209259033203 
3 622.9263305664062 78.10869598388672 676.012939453125 145.6197052001953 
3 0.0 262.2545166015625 161.6395263671875 463.57598876953125 
45
2 1479.26171875 135.08056640625 1647.26611328125 422.08367919921875 
3 0.075408935546875 382.1096496582031 118.62042236328125 582.807861328125 
3 1941.1549072265625 54.253082275390625 1999.866455078125 166.68885803222656 
3 320.68719482421875 123.47088623046875 392.66259765625 259.59930419921875 
3 0.48506927490234375 257.7264404296875 189.31414794921875 463.3475341796875 
3 1716.5245361328125 46.95036315917969 1815.1484375 232.29010009765625 
3 2054.147216796875 39.906593322753906 2106.417724609375 183.09368896484375 
3 2055.457275390625 41.271270751953125 2100.855224609375 125.50129699707031 
46
2 1462.6083984375 137.68133544921875 1642.12890625 422.2840270996094 
3 0.2763328552246094 379.6492919921875 144.9105987548828 583.4740600585938 
3 0.37276458740234375 254.4561767578125 205.26373291015625 467.30816650390625 
3 1938.68359375 55.14086151123047 1998.45947265625 166.53134155273438 
3 308.68341064453125 122.1893310546875 395.342041015625 259.66583251953125 
3 1725.2781982421875 50.55364227294922 1816.62255859375 233.37286376953125 
3 308.5610046386719 122.91891479492188 393.64215087890625 257.046630859375 
3 2052.80078125 50.720733642578125 2101.17919921875 183.7025146484375 
3 1413.8587646484375 0.0 1447.6009521484375 58.41625213623047 
47
2 1446.5244140625 142.33526611328125 1637.457763671875 422.2509460449219 
3 1939.316162109375 56.777732849121094 1999.50439453125 166.6173858642578 
3 7.559173583984375 252.27987670898438 217.15171813964844 456.5390930175781 
3 1722.6019287109375 49.296791076660156 1821.6392822265625 234.1812744140625 
3 308.3351745605469 122.88284301757812 395.63201904296875 258.9708251953125 
3 309.1896057128906 123.34646606445312 395.1337890625 259.0112609863281 
3 0.14257049560546875 374.234375 146.28408813476562 584.08203125 
3 2051.5830078125 45.260162353515625 2104.018798828125 183.6435546875 
3 1413.35302734375 0.0 1446.29052734375 57.93262481689453 
3 2474.97998046875 121.51411437988281 2521.80322265625 228.18621826171875 
48
2 1433.2757568359375 142.8479461669922 1635.6483154296875 420.75909423828125 
3 14.839309692382812 248.26528930664062 228.32968139648438 454.70166015625 
3 1938.822998046875 56.9395751953125 1998.4117431640625 165.33657836914062 
3 308.91387939453125 122.70297241210938 395.3011474609375 259.2589111328125 
3 309.7546691894531 123.2462158203125 395.23431396484375 259.1317443847656 
3 1726.3504638671875 50.18891143798828 1820.0374755859375 235.94189453125 
3 2051.829833984375 53.67921447753906 2104.49755859375 183.5010528564453 
3 0.03832244873046875 374.0979309082031 105.79460906982422 586.4656372070312 
3 2475.1962890625 121.97596740722656 2520.975341796875 227.53948974609375 
49
2 1423.1400146484375 142.51968383789062 1628.1798095703125 414.3737487792969 
3 26.449798583984375 249.62091064453125 231.76083374023438 466.17877197265625 
3 1940.2266845703125 57.18717956542969 2002.466552734375 165.30389404296875 
3 315.5493469238281 122.69844055175781 394.94879150390625 258.93426513671875 
3 1731.875732421875 48.46296691894531 1824.94970703125 235.11544799804688 
3 2054.870361328125 52.302330017089844 2108.779052734375 183.38592529296875 
3 0.07238292694091797 348.3995361328125 97.54057312011719 585.8404541015625 
3 0.031951904296875 343.3211669921875 205.95245361328125 560.186767578125 
50
2 1414.229736328125 142.4468994140625 1612.6810302734375 416.3543395996094 
3 34.71064758300781 248.85455322265625 233.621337890625 453.546875 
3 1940.832275390625 55.53294372558594 2005.2481689453125 165.1990966796875 
3 316.6579284667969 122.84695434570312 395.4071044921875 258.81549072265625 
3 1735.9366455078125 49.40184020996094 1828.6064453125 235.6546630859375 
3 2055.14013671875 51.48951721191406 2108.3330078125 182.99864196777344 
3 316.6387023925781 123.81582641601562 393.2451171875 258.492919921875 
3 0.08087158203125 361.24102783203125 99.84423065185547 585.69775390625 
3 0.0 318.90252685546875 207.38221740722656 557.9276123046875 
3 370.623291015625 54.897979736328125 397.2708740234375 102.28433227539062 
51
2 1406.7388916015625 137.8413848876953 1589.6676025390625 405.2538757324219 
3 43.98078155517578 246.31698608398438 237.54754638671875 452.8631896972656 
3 1941.1678466796875 57.46778869628906 2005.7974853515625 164.96047973632812 
3 316.0230712890625 123.11578369140625 395.72662353515625 258.6323547363281 
3 1739.3590087890625 55.08631896972656 1828.6468505859375 233.1748046875 
3 0.0 316.71453857421875 217.40834045410156 585.654296875 
3 2055.219970703125 46.2618408203125 2108.2451171875 182.7347412109375 
3 0.0 321.48126220703125 102.07598876953125 585.3375244140625 
52
2 1403.1478271484375 133.8138427734375 1556.4803466796875 406.9247741699219 
3 54.52465057373047 244.88009643554688 239.29310607910156 452.01434326171875 
3 1941.0743408203125 56.46730041503906 2007.81591796875 166.58724975585938 
3 1740.9913330078125 55.73365020751953 1826.2335205078125 232.7396240234375 
3 0.763275146484375 314.7618713378906 234.86102294921875 584.8167724609375 
3 314.4864196777344 123.03482055664062 398.2829895019531 258.6483154296875 
3 2054.297119140625 46.84619140625 2109.63330078125 181.6336669921875 
3 1412.4814453125 0.0 1443.7738037109375 56.088287353515625 
53
2 1395.49560546875 130.53652954101562 1543.587646484375 408.60858154296875 
3 1741.0994873046875 50.31611633300781 1825.069580078125 230.8280029296875 
3 1941.825927734375 54.37562561035156 2009.50439453125 165.5662078857422 
3 314.6193542480469 122.89895629882812 395.6029357910156 258.20977783203125 
3 61.281211853027344 241.42510986328125 239.03271484375 454.418701171875 
3 9.18585205078125 310.5291748046875 238.26280212402344 575.4036865234375 
3 2053.712158203125 48.54277038574219 2109.757568359375 182.7405548095703 
3 1411.570068359375 0.0 1443.0721435546875 56.806922912597656 
54
2 1390.4775390625 126.6949462890625 1526.6993408203125 409.3553466796875 
3 68.17497253417969 237.89352416992188 237.5048065185547 451.71197509765625 
3 1940.962158203125 50.94157409667969 2008.525146484375 164.48931884765625 
3 314.76202392578125 123.14054870605469 399.62286376953125 258.4349060058594 
3 16.95520782470703 307.2994384765625 235.83224487304688 572.8123168945312 
3 2053.79541015625 47.37983703613281 2107.276123046875 185.0614471435547 
3 1746.23583984375 52.12773132324219 1823.415771484375 224.6556396484375 
3 1408.69091796875 0.0 1438.7750244140625 54.81822967529297 
3 674.1732177734375 42.852027893066406 728.3629150390625 165.6599884033203 
3 618.8919677734375 76.24508666992188 672.57080078125 145.25912475585938 
55
3 27.745361328125 304.56805419921875 236.56805419921875 530.5599975585938 
2 1384.0716552734375 126.36550903320312 1512.3587646484375 403.595947265625 
3 77.15354919433594 237.06439208984375 232.00506591796875 451.6943054199219 
3 1940.637939453125 46.09387969970703 2005.81005859375 164.91244506835938 
3 315.0986328125 123.38619995117188 395.0179748535156 258.624755859375 
3 2053.47607421875 41.29560089111328 2108.163818359375 186.63571166992188 
3 1749.9752197265625 55.20259094238281 1820.901123046875 223.67684936523438 
3 1408.5318603515625 0.0 1441.4642333984375 51.88258361816406 
56
2 1366.3023681640625 125.994873046875 1497.53955078125 402.2599182128906 
3 34.278926849365234 294.94671630859375 234.45211791992188 531.9432983398438 
3 312.83172607421875 124.00347900390625 390.6200256347656 259.18353271484375 
3 81.2265853881836 231.94830322265625 233.21499633789062 448.3089599609375 
3 1941.2974853515625 46.95216369628906 2008.07177734375 162.27459716796875 
3 1750.6551513671875 56.11198425292969 1826.772705078125 220.3807373046875 
3 2053.421875 42.44038391113281 2107.834716796875 193.54855346679688 
3 2053.62646484375 42.212799072265625 2107.50927734375 194.19290161132812 
57
3 45.07241439819336 292.7264404296875 232.94851684570312 531.2091064453125 
2 1347.504638671875 126.343994140625 1484.6402587890625 403.98223876953125 
3 1942.318603515625 49.70844268798828 2008.3553466796875 163.13735961914062 
3 308.11175537109375 125.8328857421875 390.586181640625 260.6461181640625 
3 2053.234130859375 40.00480651855469 2105.525146484375 190.33349609375 
3 1752.766357421875 60.88523864746094 1821.294189453125 219.85488891601562 
3 2052.725341796875 39.501739501953125 2107.29931640625 190.68313598632812 
3 86.47362518310547 229.88961791992188 230.22036743164062 452.42144775390625 
3 463.37017822265625 32.22522735595703 486.90570068359375 72.7566909790039 
3 309.00555419921875 125.64497375488281 391.2768249511719 259.20147705078125 
3 1405.2982177734375 0.0 1438.5615234375 54.0946044921875 
58
3 309.9634704589844 125.665771484375 388.7631530761719 259.9443359375 
3 50.04937744140625 286.91839599609375 233.9716339111328 536.5191040039062 
2 1331.9892578125 128.77801513671875 1470.6236572265625 405.2550354003906 
3 1946.447021484375 49.623329162597656 2008.293212890625 162.44187927246094 
3 90.40402221679688 226.35244750976562 228.92236328125 446.44012451171875 
3 1753.3453369140625 56.90605163574219 1827.607177734375 219.1418914794922 
3 2052.59765625 39.425697326660156 2106.044189453125 188.09336853027344 
3 1404.7100830078125 0.0 1438.62646484375 52.50053405761719 
59
3 55.98432922363281 285.473876953125 234.9796142578125 532.3043212890625 
2 1313.200439453125 132.609619140625 1461.4830322265625 402.33184814453125 
3 309.6598205566406 125.12118530273438 389.0072021484375 259.71160888671875 
3 1948.2003173828125 48.738067626953125 2007.736328125 161.75132751464844 
3 1752.8016357421875 58.36463928222656 1829.7593994140625 218.28021240234375 
3 98.4134521484375 222.9786376953125 253.548583984375 452.0888366699219 
3 2051.716064453125 39.310760498046875 2105.915283203125 190.73187255859375 
60
3 60.18492889404297 278.8384094238281 234.10133361816406 531.6144409179688 
2 1297.0191650390625 137.948486328125 1456.544189453125 402.5072326660156 
3 1753.056640625 63.190277099609375 1833.06591796875 216.60716247558594 
3 1948.647705078125 49.07402038574219 2008.14208984375 160.86062622070312 
3 106.49748229980469 222.21548461914062 278.3936767578125 447.32183837890625 
3 308.48223876953125 126.04315185546875 389.9343566894531 259.6692199707031 
3 2051.142333984375 45.70269775390625 2101.5810546875 193.41090393066406 
61
3 72.8837890625 275.7748718261719 239.998046875 532.9859008789062 
2 1286.2857666015625 142.48446655273438 1448.0494384765625 400.90423583984375 
3 111.81693267822266 219.1418914794922 301.81982421875 441.33935546875 
3 1751.579833984375 61.23894500732422 1835.525146484375 215.35812377929688 
3 1948.322265625 48.40870666503906 2008.72021484375 160.35348510742188 
3 307.8702392578125 125.6318359375 386.7667541503906 259.1705322265625 
3 2051.201416015625 76.34727478027344 2096.50927734375 192.6285400390625 
62
3 84.18733215332031 274.457275390625 265.94366455078125 532.7442626953125 
3 1752.3218994140625 62.94841766357422 1836.2412109375 213.94664001464844 
3 121.37809753417969 219.22232055664062 315.948486328125 435.1136474609375 
2 1270.76416015625 145.45565795898438 1438.0330810546875 399.0923767089844 
3 1949.0948486328125 48.9278564453125 2009.324951171875 159.92034912109375 
3 307.6228942871094 125.04695129394531 387.1897888183594 258.689697265625 
3 2049.529541015625 78.15331268310547 2095.857177734375 191.324951171875 
63
3 90.29828643798828 272.39044189453125 289.46820068359375 532.4459838867188 
3 308.3626403808594 123.59652709960938 386.3276062011719 259.4217224121094 
3 1752.201171875 63.00360107421875 1838.7320556640625 209.14859008789062 
3 1948.5318603515625 49.069297790527344 2009.47021484375 160.581787109375 
3 129.9390411376953 218.883544921875 332.4418029785156 433.6171875 
2 1180.429443359375 147.5153350830078 1423.59130859375 481.53472900390625 
3 2047.05224609375 77.21011352539062 2096.361083984375 187.8489990234375 
3 2046.932861328125 48.89257049560547 2100.875732421875 186.85617065429688 
3 456.7200622558594 33.590301513671875 478.61041259765625 71.19324493408203 
64
3 103.53400421142578 271.0153503417969 304.58917236328125 533.2379760742188 
3 308.14227294921875 124.25166320800781 387.6812438964844 259.7013854980469 
3 140.64015197753906 218.94288635253906 341.21795654296875 432.4468994140625 
3 1755.4034423828125 64.90025329589844 1839.9718017578125 207.5154266357422 
3 1949.4864501953125 50.02543640136719 2009.41650390625 160.54583740234375 
2 1171.7218017578125 147.4810028076172 1378.9383544921875 479.6585693359375 
3 2044.2830810546875 48.391937255859375 2101.5322265625 188.84619140625 
65
3 114.0286636352539 270.7315979003906 311.8034362792969 533.2179565429688 
3 306.8990478515625 125.90634155273438 388.1952209472656 261.3319396972656 
2 1175.9473876953125 146.98638916015625 1359.376220703125 477.868408203125 
3 150.6157989501953 220.05938720703125 348.16766357421875 429.6706848144531 
3 1754.4996337890625 61.60272216796875 1840.2691650390625 204.02996826171875 
3 1949.05859375 50.78874206542969 2008.56787109375 159.52178955078125 
3 2041.6265869140625 54.42332458496094 2099.877197265625 189.8922576904297 
66
3 124.34101867675781 270.94659423828125 327.8139953613281 532.5232543945312 
3 306.7886047363281 125.98960876464844 387.71240234375 261.48004150390625 
2 1177.9539794921875 146.59571838378906 1332.8486328125 482.84521484375 
3 1753.9591064453125 57.414100646972656 1843.6529541015625 203.9783935546875 
3 1948.8382568359375 52.046356201171875 2008.4801025390625 157.65325927734375 
3 159.93736267089844 219.76393127441406 352.14434814453125 427.28759765625 
3 2038.3853759765625 43.32025146484375 2100.897216796875 192.9117889404297 
67
3 135.07159423828125 269.4634094238281 332.39068603515625 532.7088012695312 
2 1177.20703125 143.97450256347656 1313.595947265625 482.481689453125 
3 306.5091857910156 125.7354736328125 387.00335693359375 261.3269348144531 
3 171.68405151367188 218.57376098632812 352.47772216796875 427.0602722167969 
3 1949.356689453125 52.33454132080078 2008.2393798828125 158.4629669189453 
3 1756.96923828125 63.419212341308594 1844.262939453125 204.01324462890625 
3 2035.897705078125 53.22410583496094 2098.90478515625 191.52554321289062 
3 611.83642578125 79.74501037597656 662.0350952148438 146.6748809814453 
68
3 144.363037109375 266.7655029296875 336.74957275390625 532.382568359375 
2 1170.6080322265625 141.07025146484375 1296.59716796875 483.109130859375 
3 306.19049072265625 125.9541015625 385.4940185546875 261.2347106933594 
3 1949.074951171875 50.91505432128906 2008.4163818359375 159.3206787109375 
3 1758.2762451171875 62.514007568359375 1849.14892578125 204.53237915039062 
3 180.16201782226562 216.407958984375 351.43603515625 428.3697509765625 
3 2028.68505859375 49.34291076660156 2098.001708984375 193.5835723876953 
3 179.08740234375 216.98377990722656 350.42144775390625 427.02105712890625 
69
3 155.4739990234375 263.8447570800781 342.953125 530.9649658203125 
3 305.193603515625 126.47280883789062 384.79962158203125 261.9248046875 
3 191.1421661376953 214.3121795654297 347.72021484375 426.091796875 
3 1758.13623046875 62.957069396972656 1849.671630859375 205.34439086914062 
2 1154.7030029296875 138.21029663085938 1279.4124755859375 482.14569091796875 
3 1948.1304931640625 50.040740966796875 2007.1590576171875 159.46246337890625 
3 2022.250732421875 54.11302185058594 2096.287353515625 195.72174072265625 
3 2462.562744140625 107.76336669921875 2509.239013671875 224.02587890625 
70
3 166.92626953125 260.8900451660156 345.95953369140625 528.6516723632812 
2 1136.754638671875 134.7579345703125 1265.0106201171875 481.8023681640625 
3 304.8693542480469 126.8001708984375 384.5810241699219 262.1611633300781 
3 1757.09619140625 62.69389343261719 1851.7882080078125 206.5701904296875 
3 1948.99072265625 48.685142517089844 2006.99462890625 156.9656524658203 
3 199.12008666992188 210.07061767578125 346.8504943847656 428.17816162109375 
3 2020.347900390625 55.73005676269531 2096.547119140625 194.84625244140625 
71
3 177.52169799804688 257.543212890625 344.6865234375 517.7177734375 
2 1121.0977783203125 133.75216674804688 1254.6910400390625 491.29296875 
3 1764.475341796875 61.36944580078125 1852.3922119140625 204.04116821289062 
3 305.1855163574219 127.31312561035156 383.1537780761719 262.3368835449219 
3 2019.4219970703125 67.08497619628906 2093.68994140625 195.6696319580078 
3 1950.3192138671875 49.1907958984375 2007.94482421875 156.4452362060547 
3 204.9706268310547 204.89080810546875 345.82293701171875 423.73779296875 
72
2 1102.4915771484375 134.71873474121094 1239.1705322265625 498.5003662109375 
3 1771.0963134765625 62.215972900390625 1853.471923828125 203.774169921875 
3 183.3734130859375 253.96011352539062 343.26739501953125 509.99884033203125 
3 304.2637939453125 127.02694702148438 383.5718994140625 262.1949157714844 
3 2020.0372314453125 66.36370849609375 2091.318115234375 195.67434692382812 
3 1950.856201171875 49.493408203125 2009.0677490234375 157.34967041015625 
3 208.39013671875 203.64862060546875 346.69805908203125 426.74310302734375 
3 208.13780212402344 202.2066650390625 324.1642761230469 312.537109375 
73
2 1086.8656005859375 138.24285888671875 1237.5645751953125 505.4560546875 
3 1775.4451904296875 62.35209655761719 1855.8953857421875 202.97537231445312 
3 193.0152587890625 249.66073608398438 341.53594970703125 491.713623046875 
3 2018.6463623046875 68.33746337890625 2090.406982421875 196.1318817138672 
3 1952.9730224609375 49.45817565917969 2009.9783935546875 157.15753173828125 
3 304.84344482421875 126.92935180664062 383.3876037597656 261.851318359375 
3 217.25942993164062 197.60101318359375 333.4798889160156 420.66943359375 
74
2 1052.5792236328125 141.0929412841797 1237.588623046875 511.5728759765625 
3 1778.3482666015625 61.92083740234375 1856.244384765625 202.4273681640625 
3 200.8842010498047 240.86126708984375 348.56475830078125 483.7525634765625 
3 1954.6436767578125 49.97216796875 2009.0740966796875 153.99453735351562 
3 2019.3026123046875 68.02235412597656 2089.95166015625 196.54725646972656 
3 304.6756286621094 127.45982360839844 382.8763427734375 261.43170166015625 
3 230.58360290527344 194.84732055664062 349.0438537597656 408.59466552734375 
75
2 1007.532958984375 147.00146484375 1237.213134765625 511.8592529296875 
3 1783.275390625 62.28131103515625 1858.8028564453125 202.78834533691406 
3 1955.600830078125 49.903472900390625 2008.902587890625 154.12571716308594 
3 2019.617431640625 68.23133850097656 2089.703125 196.35977172851562 
3 209.7798309326172 235.93585205078125 367.6776123046875 478.1920166015625 
3 305.2337341308594 126.685791015625 382.93939208984375 261.1180114746094 
3 237.52642822265625 191.6339111328125 381.6932067871094 406.41107177734375 
3 2062.942626953125 44.97135925292969 2100.27685546875 91.85862731933594 
76
2 971.255126953125 150.3983917236328 1236.5286865234375 512.8110961914062 
3 218.55064392089844 234.91378784179688 370.8092041015625 473.9927673339844 
3 1957.529052734375 49.667274475097656 2008.4591064453125 155.15121459960938 
3 305.818359375 125.71041870117188 384.98895263671875 261.6248779296875 
3 2021.917724609375 69.04653930664062 2089.90185546875 197.64059448242188 
3 1787.7421875 62.920562744140625 1848.4058837890625 202.87646484375 
3 249.164306640625 191.39938354492188 410.9068603515625 409.5589599609375 
3 2063.767578125 45.65769958496094 2101.424072265625 96.662109375 
77
2 949.0497436523438 154.5111541748047 1232.5384521484375 512.34375 
3 228.3350067138672 233.52755737304688 392.0008239746094 478.08941650390625 
3 306.806640625 125.66322326660156 385.9860534667969 261.026611328125 
3 2021.7562255859375 69.13554382324219 2090.647216796875 197.42654418945312 
3 1959.11865234375 49.167083740234375 2009.0819091796875 155.4928741455078 
3 254.5900115966797 192.88262939453125 437.802490234375 405.5321044921875 
3 1787.7987060546875 63.701377868652344 1853.671630859375 203.6778106689453 
78
2 934.587158203125 158.14295959472656 1227.8057861328125 513.781494140625 
3 238.4273681640625 232.11505126953125 424.25347900390625 475.4954528808594 
3 306.9321594238281 125.63087463378906 387.60064697265625 260.7135925292969 
3 2023.5682373046875 68.20970153808594 2091.384765625 197.02374267578125 
3 1791.079345703125 63.817535400390625 1849.9371337890625 202.3400421142578 
3 1960.911865234375 49.809242248535156 2011.583984375 155.52651977539062 
3 2066.564208984375 45.28248596191406 2104.41845703125 96.58842468261719 
3 1961.522216796875 50.08335876464844 2012.1322021484375 155.507568359375 
3 267.96441650390625 189.9217529296875 371.91900634765625 300.44451904296875 
79
2 931.85595703125 161.9547119140625 1221.31689453125 518.9503784179688 
3 247.1659698486328 231.672119140625 439.4718017578125 475.8580322265625 
3 2023.3741455078125 68.3704605102539 2090.407470703125 197.113525390625 
3 306.2384033203125 126.65223693847656 389.7429504394531 261.14495849609375 
3 306.552001953125 125.20269775390625 391.3482971191406 260.72967529296875 
3 273.28851318359375 192.7790069580078 472.7804260253906 395.3626403808594 
3 1960.8150634765625 50.06475067138672 2012.1207275390625 154.32876586914062 
3 1790.036376953125 63.491676330566406 1860.47509765625 202.42938232421875 
3 1790.3194580078125 63.048675537109375 1851.265625 202.7365264892578 
3 2068.037841796875 43.396331787109375 2104.83544921875 95.22187805175781 
3 1961.45947265625 50.12919616699219 2012.561279296875 154.300048828125 
80
2 927.883544921875 163.89923095703125 1212.219482421875 522.1526489257812 
3 257.80828857421875 232.45452880859375 457.95330810546875 475.8397216796875 
3 1789.6021728515625 62.69635009765625 1867.8193359375 199.32644653320312 
3 2023.4483642578125 67.2920150756836 2089.579345703125 198.31997680664062 
3 306.44580078125 125.29975891113281 381.8826599121094 260.1006774902344 
3 1961.088623046875 49.89208221435547 2012.577880859375 153.70245361328125 
3 285.1497802734375 190.63046264648438 472.38433837890625 394.5653381347656 
3 2067.293212890625 41.59407043457031 2105.34716796875 100.70843505859375 
3 1960.539306640625 50.09248352050781 2012.408447265625 153.63885498046875 
3 286.13677978515625 190.44261169433594 409.0267028808594 299.7980651855469 
81
3 1790.6229248046875 62.89152526855469 1868.240966796875 198.77911376953125 
3 2021.6766357421875 66.84900665283203 2088.691162109375 198.217041015625 
2 925.8256225585938 166.052734375 1190.7186279296875 523.2747802734375 
3 1960.669921875 49.650062561035156 2011.6873779296875 153.53994750976562 
3 304.96380615234375 125.16748046875 376.12371826171875 256.66973876953125 
3 296.2376403808594 190.38116455078125 475.2015075683594 393.0539245605469 
3 267.8486328125 229.36895751953125 464.1979064941406 476.99066162109375 
3 2069.425537109375 41.539031982421875 2105.04931640625 104.1361083984375 
3 269.44549560546875 229.77923583984375 464.0877685546875 476.60888671875 
82
2 914.9482421875 165.951171875 1146.480224609375 523.5364379882812 
3 1792.7669677734375 62.66621398925781 1867.7806396484375 198.516845703125 
3 2020.946044921875 64.71710205078125 2088.218017578125 200.5228271484375 
3 1960.1680908203125 49.58966827392578 2012.0701904296875 153.38735961914062 
3 278.7452087402344 229.14862060546875 471.9985046386719 480.68621826171875 
3 305.43756103515625 125.61166381835938 366.9205017089844 239.18215942382812 
3 305.3293762207031 125.44195556640625 389.9640808105469 245.17446899414062 
83
2 895.1187744140625 165.51547241210938 1135.832763671875 523.1469116210938 
3 288.99774169921875 229.748291015625 472.45684814453125 472.099853515625 
3 2019.665283203125 64.68567657470703 2085.998779296875 204.31724548339844 
3 1795.1915283203125 62.17620849609375 1868.4212646484375 195.08963012695312 
3 1958.3607177734375 49.827232360839844 2012.717041015625 153.98118591308594 
3 312.1046447753906 186.6361083984375 468.8961486816406 393.35736083984375 
3 0.09759521484375 404.1580810546875 22.823471069335938 578.8967895507812 
84
2 874.0430297851562 163.78382873535156 1084.44921875 522.679443359375 
3 301.03009033203125 227.35568237304688 478.0776062011719 460.5413818359375 
3 2021.98095703125 64.82945251464844 2084.439208984375 203.1402587890625 
3 1959.10888671875 50.029571533203125 2012.267822265625 153.2049560546875 
3 1798.23974609375 61.54441833496094 1870.10009765625 194.3212432861328 
3 316.7027587890625 183.66842651367188 466.8018798828125 392.7356872558594 
3 304.4193115234375 125.97036743164062 363.120361328125 212.38702392578125 
85
2 853.2919311523438 163.04220581054688 1073.7740478515625 522.3660278320312 
3 2019.4239501953125 64.11709594726562 2085.583984375 204.93930053710938 
3 309.3838195800781 224.5379638671875 464.48974609375 462.94500732421875 
3 1800.611083984375 59.53538513183594 1871.15869140625 192.17758178710938 
3 1959.7630615234375 50.406150817871094 2011.8160400390625 150.51651000976562 
3 328.0995788574219 180.1072998046875 466.4435729980469 390.0854797363281 
3 303.8906555175781 126.15786743164062 352.8724670410156 214.21170043945312 
86
2 833.6408081054688 162.58367919921875 1042.8779296875 522.3563232421875 
3 2017.203125 66.1658706665039 2085.69384765625 205.36305236816406 
3 319.37225341796875 219.59164428710938 466.9271545410156 453.6343994140625 
3 1959.8211669921875 50.5897216796875 2010.99755859375 151.98936462402344 
3 1803.07373046875 57.942138671875 1873.228271484375 190.72723388671875 
3 303.14056396484375 125.88040161132812 351.3089599609375 214.3795166015625 
3 335.8038330078125 175.9135284423828 464.784912109375 389.1144714355469 
87
3 325.2099914550781 213.9720458984375 471.0297546386719 449.7019348144531 
3 2018.3681640625 68.13365173339844 2085.318115234375 205.21775817871094 
3 1803.204833984375 55.925880432128906 1873.490234375 189.24411010742188 
3 1959.915771484375 50.89988708496094 2011.5048828125 152.21487426757812 
2 813.9520263671875 162.99972534179688 1043.2197265625 522.9404296875 
3 348.7908935546875 170.51190185546875 466.334716796875 385.8228759765625 
3 304.2398376464844 126.37283325195312 355.2362060546875 213.12893676757812 
88
3 336.0380859375 211.82980346679688 469.8818359375 442.32666015625 
3 2020.0655517578125 71.65674591064453 2084.94970703125 207.4927978515625 
3 1802.3607177734375 53.31370544433594 1878.16259765625 188.95889282226562 
2 797.127685546875 164.85720825195312 1001.6969604492188 522.7656860351562 
3 1959.2220458984375 51.842613220214844 2012.051513671875 152.31044006347656 
3 359.3799743652344 167.44813537597656 468.18609619140625 385.6654052734375 
3 303.9360046386719 126.59759521484375 362.7746887207031 265.0337219238281 
3 303.2862548828125 126.26087951660156 361.0596618652344 218.03465270996094 
89
2 761.7483520507812 168.12713623046875 1002.38623046875 522.74365234375 
3 347.84710693359375 201.58828735351562 466.84368896484375 431.5707702636719 
3 2019.656982421875 71.65856170654297 2084.459228515625 207.9623260498047 
3 1803.043701171875 50.39387512207031 1881.3665771484375 188.45758056640625 
3 1959.7052001953125 51.66639709472656 2012.1336669921875 150.614990234375 
3 302.573974609375 125.4888916015625 362.88385009765625 263.767333984375 
3 368.38116455078125 163.8287353515625 469.4374084472656 380.9150390625 
90
3 303.0877990722656 126.75733947753906 366.1435546875 262.57281494140625 
3 2019.44482421875 72.83253479003906 2082.210205078125 207.83897399902344 
3 356.3003845214844 200.46615600585938 474.9595947265625 430.1882629394531 
3 1802.607177734375 52.60591125488281 1880.4024658203125 188.58355712890625 
3 1958.8944091796875 51.465431213378906 2011.9754638671875 150.05545043945312 
2 729.3860473632812 173.88356018066406 1003.681640625 522.8239135742188 
2 729.9124145507812 173.5745849609375 1041.10107421875 523.0608520507812 
3 376.666259765625 161.22158813476562 478.985595703125 278.9237976074219 
91
2 703.0299072265625 179.15016174316406 999.3330078125 522.8966064453125 
3 365.6749267578125 197.13246154785156 477.4685363769531 432.2119140625 
3 2017.3792724609375 73.44517517089844 2082.34912109375 207.6978759765625 
3 302.6533203125 127.6087646484375 371.4864807128906 261.2508239746094 
3 1803.2901611328125 52.87891387939453 1879.83349609375 188.446533203125 
3 1957.8662109375 50.82746124267578 2011.355712890625 149.76504516601562 
3 387.1251220703125 161.65216064453125 520.0914916992188 388.46453857421875 
92
2 683.0504150390625 186.37356567382812 995.42578125 523.1895141601562 
3 2015.8800048828125 73.16183471679688 2081.689208984375 207.34054565429688 
3 372.69061279296875 198.27188110351562 484.31219482421875 433.0081787109375 
3 1804.079833984375 54.26927185058594 1881.451904296875 187.5084991455078 
3 1956.0501708984375 49.57957458496094 2011.263671875 149.2954559326172 
3 394.33795166015625 160.78343200683594 544.811767578125 389.730224609375 
3 302.0448913574219 128.72061157226562 373.66064453125 261.22509765625 
3 394.62994384765625 162.0635986328125 544.662109375 386.6286926269531 
93
2 666.4251708984375 192.68679809570312 992.2471923828125 526.1549072265625 
3 1803.0714111328125 57.89874267578125 1880.7841796875 187.02346801757812 
3 2012.09326171875 71.79849243164062 2081.751953125 207.25779724121094 
3 301.57769775390625 129.08380126953125 376.71856689453125 262.1329650878906 
3 1953.653076171875 50.507789611816406 2012.3876953125 145.73580932617188 
3 402.07159423828125 161.2701873779297 569.7286376953125 387.7845458984375 
3 383.04815673828125 196.20175170898438 537.2880249023438 433.4247131347656 
3 661.1984252929688 38.86930847167969 716.4590454101562 114.9617919921875 
94
2 651.1483764648438 199.516357421875 988.9559326171875 529.5073852539062 
3 2011.95361328125 68.56573486328125 2076.703125 207.4915313720703 
3 1802.591064453125 59.064613342285156 1877.1773681640625 187.55389404296875 
3 1953.5523681640625 50.31126403808594 2012.3076171875 145.99322509765625 
3 300.2645263671875 129.29388427734375 382.90936279296875 263.705810546875 
3 389.6849060058594 196.61968994140625 562.0922241210938 432.75958251953125 
3 414.231689453125 162.0948486328125 587.4833984375 383.47454833984375 
95
1 639.754150390625 202.69680786132812 982.1400146484375 531.4703369140625 
3 2010.095703125 69.66886901855469 2076.63134765625 207.03594970703125 
3 1802.895263671875 58.28526306152344 1877.239013671875 187.1928253173828 
3 300.5233459472656 129.47430419921875 385.271728515625 263.654052734375 
3 1953.6624755859375 49.502952575683594 2011.8599853515625 145.71115112304688 
3 396.68304443359375 197.90737915039062 575.029296875 432.24261474609375 
3 424.21588134765625 161.99954223632812 587.144287109375 373.9554138183594 
96
1 627.3237915039062 206.49282836914062 964.31884765625 532.0164794921875 
3 2005.4573974609375 70.3950424194336 2075.13427734375 207.82315063476562 
3 1801.9732666015625 59.08802795410156 1875.7633056640625 187.56829833984375 
3 299.9591369628906 129.20054626464844 382.9025573730469 264.09979248046875 
3 1954.978271484375 51.308990478515625 2007.7449951171875 145.3619842529297 
3 401.1864929199219 198.79360961914062 600.9407958984375 431.7115173339844 
3 432.8974609375 162.372802734375 605.4949951171875 381.26934814453125 
3 404.984619140625 196.38949584960938 601.2437133789062 428.23272705078125 
3 435.5112609863281 161.2032012939453 560.2579345703125 269.8424377441406 
97
1 614.3233642578125 206.6383819580078 937.3851928710938 531.50537109375 
3 2001.90966796875 70.0156478881836 2075.9384765625 207.70631408691406 
3 1802.603759765625 60.12129211425781 1878.2430419921875 187.3075714111328 
3 300.1353759765625 129.27816772460938 383.9239807128906 263.98101806640625 
3 1955.4849853515625 51.74755096435547 2006.265380859375 145.69627380371094 
3 417.0013732910156 196.73849487304688 595.4783325195312 433.107421875 
3 441.0211486816406 161.98043823242188 609.0421752929688 389.1145935058594 
3 416.18670654296875 197.4275665283203 598.630126953125 434.20220947265625 
3 444.08489990234375 161.19654846191406 569.696533203125 275.32177734375 
98
1 615.2938842773438 207.80235290527344 910.8511962890625 532.8976440429688 
3 1997.8695068359375 69.42745971679688 2074.181640625 206.34634399414062 
3 1802.7548828125 55.902679443359375 1879.34033203125 184.74148559570312 
3 299.9964294433594 129.44561767578125 378.8258361816406 263.4832458496094 
3 426.4147644042969 196.10272216796875 599.5560302734375 431.8805236816406 
3 1956.5662841796875 48.261932373046875 2007.947021484375 144.67001342773438 
3 453.66644287109375 162.59967041015625 600.6074829101562 374.9923400878906 
99
1 587.2522583007812 208.40078735351562 879.7706298828125 534.6931762695312 
3 1992.868408203125 69.63611602783203 2072.127197265625 206.541259765625 
3 1805.922119140625 54.848846435546875 1879.1727294921875 183.856689453125 
3 298.46514892578125 129.16058349609375 379.1123046875 263.98016357421875 
3 1955.6773681640625 49.10957336425781 2008.21533203125 144.29013061523438 
3 436.2963562011719 196.7899627685547 600.373779296875 427.1428527832031 
3 465.0919494628906 160.69435119628906 605.0400390625 376.8331604003906 
3 440.2843017578125 195.03338623046875 596.2925415039062 422.5984191894531 
3 466.3340148925781 158.9333953857422 587.6090698242188 276.72930908203125 
100
2 580.146240234375 206.0391387939453 847.887939453125 529.8516235351562 
3 1990.751708984375 69.97663879394531 2070.9912109375 205.35305786132812 
3 297.9852294921875 129.4577178955078 376.8039855957031 263.3955383300781 
3 1806.35546875 55.07420349121094 1879.7960205078125 181.23532104492188 
3 449.69293212890625 191.74716186523438 604.6234741210938 431.04443359375 
3 1955.5128173828125 49.05755615234375 2007.353759765625 146.30908203125 
3 476.5311279296875 156.6068572998047 636.4740600585938 359.42242431640625 
3 453.2237548828125 190.5797119140625 599.8763427734375 422.6491394042969 
101
1 562.2752685546875 206.6336669921875 816.0985107421875 533.120849609375 
3 1985.0013427734375 70.64547729492188 2067.53662109375 207.4346466064453 
3 297.36895751953125 129.50852966308594 376.2694396972656 263.87213134765625 
3 1810.2265625 53.8734130859375 1881.445556640625 179.91944885253906 
3 469.3224792480469 188.50262451171875 597.775146484375 416.7320556640625 
3 1955.57958984375 51.26166534423828 2006.290771484375 145.35623168945312 
3 484.6384582519531 153.092529296875 617.82861328125 373.2144775390625 
102
1 551.7531127929688 204.8201141357422 785.0030517578125 537.6478881835938 
3 296.6924133300781 129.38685607910156 374.5680847167969 263.86614990234375 
3 1982.8636474609375 72.76789855957031 2065.353515625 207.8233642578125 
3 1814.5230712890625 55.13700866699219 1882.906494140625 179.2467803955078 
3 480.6240234375 185.1621856689453 592.0992431640625 421.53570556640625 
3 1953.79833984375 52.1378173828125 2005.7672119140625 144.2574920654297 
3 494.58416748046875 148.6626739501953 601.09716796875 363.37933349609375 
103
1 535.85400390625 202.7559051513672 755.49609375 546.325927734375 
3 1818.296142578125 52.62913513183594 1884.6390380859375 179.0264434814453 
3 295.41790771484375 128.93643188476562 374.3171691894531 264.16845703125 
3 1978.938720703125 73.84351348876953 2060.9541015625 208.2715606689453 
3 488.5211181640625 179.7799072265625 593.8716430664062 412.2213134765625 
3 1951.7435302734375 50.188072204589844 2005.137451171875 143.93292236328125 
3 502.373046875 149.47213745117188 549.7369995117188 215.46737670898438 
104
1 526.6907348632812 201.4402618408203 754.1452026367188 551.673095703125 
3 1822.7403564453125 52.19081115722656 1885.5562744140625 177.6271514892578 
3 293.97723388671875 129.16775512695312 371.525390625 264.1620788574219 
3 1978.8443603515625 74.68853759765625 2057.630615234375 207.91873168945312 
3 1950.957275390625 50.082176208496094 2003.6549072265625 144.02853393554688 
3 496.4430847167969 176.85842895507812 596.7350463867188 413.29876708984375 
105
1 513.2740478515625 192.4158172607422 754.0989990234375 552.5325927734375 
3 294.2942810058594 129.42730712890625 369.36248779296875 263.7884216308594 
3 1977.022705078125 74.90943908691406 2057.3037109375 207.80615234375 
3 1826.9937744140625 51.23426818847656 1885.86376953125 177.0834503173828 
3 1951.2021484375 49.18048095703125 2003.6531982421875 145.62750244140625 
3 514.7271728515625 142.73678588867188 567.9574584960938 216.62388610839844 
3 2447.846435546875 107.84230041503906 2492.127197265625 219.15255737304688 
106
1 489.7747497558594 206.63243103027344 752.786865234375 554.4974365234375 
3 293.1883544921875 129.715576171875 369.52593994140625 263.9886474609375 
3 1830.310546875 50.94677734375 1888.033935546875 177.13760375976562 
3 1975.790771484375 75.90434265136719 2053.717041015625 208.0370330810547 
3 1951.412353515625 49.82014465332031 2003.78271484375 145.2508544921875 
3 596.6489868164062 81.36393737792969 648.686279296875 147.93832397460938 
3 525.6224365234375 139.80419921875 635.8529052734375 264.7973327636719 
3 2447.3681640625 109.21348571777344 2492.70849609375 219.2263946533203 
107
3 1975.4276123046875 75.48532104492188 2051.43701171875 208.11727905273438 
1 483.35943603515625 204.19493103027344 751.4708862304688 552.3519287109375 
3 292.5444641113281 129.7528076171875 369.4433288574219 264.14453125 
3 1831.4312744140625 53.24688720703125 1888.5203857421875 178.72308349609375 
3 1950.6263427734375 50.315589904785156 2003.18408203125 144.45870971679688 
3 596.0775756835938 80.65447998046875 649.0341186523438 149.04464721679688 
3 1568.821044921875 12.86508560180664 1599.9735107421875 70.97976684570312 
3 473.4801025390625 171.63284301757812 650.0468139648438 360.5610046386719 
3 541.7074584960938 136.64447021484375 647.9335327148438 256.2115173339844 
3 1549.1885986328125 10.84035873413086 1575.7437744140625 70.71554565429688 
108
1 468.9134521484375 216.14706420898438 750.3659057617188 551.0118408203125 
3 1975.6646728515625 74.95365142822266 2049.4169921875 207.48255920410156 
3 1833.8555908203125 50.43927764892578 1890.17822265625 177.8512725830078 
3 292.35296630859375 129.6923828125 369.46173095703125 264.20184326171875 
3 1975.0914306640625 75.12236022949219 2049.931640625 207.80160522460938 
3 1952.100341796875 47.79529571533203 2003.9844970703125 144.79214477539062 
3 595.66064453125 80.59687805175781 648.906005859375 148.86538696289062 
3 535.5443725585938 172.59454345703125 700.5575561523438 364.388671875 
3 1568.53173828125 12.9512939453125 1600.18701171875 70.87016296386719 
109
1 448.4862365722656 220.21588134765625 750.653564453125 550.4697265625 
3 1975.5224609375 73.92433166503906 2048.175537109375 207.4753875732422 
3 289.34490966796875 129.74400329589844 369.38641357421875 264.9404602050781 
3 1833.57861328125 51.37046813964844 1891.1746826171875 177.7347412109375 
3 1951.5499267578125 45.644920349121094 2002.1348876953125 146.7268829345703 
2 545.3321533203125 177.58642578125 723.4791870117188 382.0064697265625 
3 548.7350463867188 173.4153594970703 712.6892700195312 346.0034484863281 
3 563.7714233398438 139.76358032226562 717.0213623046875 338.87591552734375 
3 2054.394287109375 46.043121337890625 2078.090087890625 85.50581359863281 
110
1 440.9025573730469 226.0242919921875 744.4714965820312 550.03564453125 
3 1973.2738037109375 71.25243377685547 2045.3065185546875 207.57400512695312 
3 1833.4046630859375 52.01643371582031 1892.2740478515625 175.8430938720703 
3 288.10369873046875 129.07101440429688 368.65032958984375 264.52154541015625 
3 1951.700439453125 45.322166442871094 2000.45166015625 143.57107543945312 
2 558.8200073242188 174.95156860351562 728.1679077148438 378.6312255859375 
111
1 428.4062194824219 231.28924560546875 737.0849609375 551.3770141601562 
3 1971.13232421875 70.21721649169922 2044.708251953125 208.9794921875 
3 289.6978759765625 130.0727996826172 367.9002990722656 265.1768798828125 
2 570.9743041992188 170.2108154296875 738.836669921875 380.3565673828125 
3 1833.5423583984375 52.738075256347656 1892.7091064453125 176.10433959960938 
3 1952.195556640625 45.551055908203125 2000.33203125 149.79856872558594 
3 593.184326171875 83.45597839355469 643.3150024414062 151.1707763671875 
3 2052.15869140625 37.6646728515625 2077.700439453125 85.80780029296875 
112
1 412.44390869140625 232.36944580078125 713.9677734375 550.8905029296875 
3 1970.239990234375 69.77099609375 2043.842041015625 210.22286987304688 
3 289.2213134765625 129.2800750732422 367.3962097167969 265.0163879394531 
3 1834.4739990234375 53.268768310546875 1891.7537841796875 176.25869750976562 
2 575.2059326171875 172.121337890625 749.3837890625 385.749755859375 
3 1952.58935546875 44.947959899902344 2001.59423828125 146.1953887939453 
2 574.7254638671875 170.69635009765625 749.0753173828125 386.43994140625 
3 2052.689697265625 37.78230285644531 2078.118896484375 85.08124542236328 
113
1 398.5500183105469 233.62368774414062 694.5987548828125 551.201171875 
2 564.1044921875 171.73130798339844 749.48583984375 397.6796875 
3 1969.9229736328125 71.07957458496094 2041.7574462890625 213.06045532226562 
3 288.0638122558594 130.57273864746094 367.6854553222656 265.5540771484375 
3 1834.569580078125 53.89759063720703 1892.4981689453125 176.00413513183594 
3 1952.32568359375 46.01471710205078 1999.400390625 144.695556640625 
3 326.619384765625 56.76708984375 363.1265563964844 107.514404296875 
3 2050.179443359375 38.78368377685547 2075.8291015625 86.9808578491211 
114
3 384.7537536621094 235.693603515625 667.6854248046875 550.1510620117188 
2 582.8092651367188 166.72666931152344 750.3098754882812 393.476806640625 
3 1968.6636962890625 69.49816131591797 2040.855224609375 214.77793884277344 
3 287.74688720703125 131.06466674804688 369.094482421875 265.971435546875 
3 1835.12548828125 52.006065368652344 1895.1435546875 174.91714477539062 
3 1954.2412109375 44.631675720214844 1999.0655517578125 146.39218139648438 
3 325.5106201171875 54.350982666015625 363.0322570800781 107.18852233886719 
115
3 374.13470458984375 234.99539184570312 637.4320678710938 552.4224243164062 
2 598.3136596679688 164.3521270751953 750.1116333007812 391.001953125 
3 1968.40234375 70.70246124267578 2040.228759765625 216.736083984375 
3 1838.1619873046875 50.77626037597656 1896.288330078125 173.89022827148438 
3 1954.848388671875 43.922218322753906 1999.3721923828125 145.75611877441406 
3 290.36767578125 132.49493408203125 370.47552490234375 266.8986511230469 
3 321.28436279296875 57.428199768066406 364.32635498046875 108.57315063476562 
3 650.5132446289062 44.51023864746094 703.0338745117188 178.52008056640625 
116
3 361.5828857421875 232.92840576171875 610.1736450195312 550.5469970703125 
3 1969.9576416015625 71.07981872558594 2039.6549072265625 217.03622436523438 
2 615.9015502929688 160.3677978515625 750.4414672851562 381.8648681640625 
3 288.4919738769531 131.63072204589844 362.364990234375 266.6635437011719 
3 1840.5006103515625 50.45378875732422 1899.180419921875 169.6894989013672 
3 1954.246826171875 41.628326416015625 1999.603759765625 142.1510009765625 
117
3 350.3406982421875 231.14508056640625 582.0238037109375 549.8233642578125 
3 1970.47705078125 72.41602325439453 2038.418212890625 218.76144409179688 
2 633.80322265625 155.61929321289062 744.0676879882812 380.3153381347656 
3 1841.140380859375 50.359962463378906 1900.4627685546875 167.17176818847656 
3 1955.1065673828125 42.49919128417969 1997.5059814453125 141.33148193359375 
3 289.4474182128906 132.49508666992188 361.11346435546875 267.49945068359375 
3 318.4699401855469 57.699073791503906 355.356201171875 108.73153686523438 
118
3 341.5101623535156 229.54510498046875 563.8624267578125 551.0589599609375 
2 642.917236328125 149.14671325683594 749.00927734375 377.9370422363281 
3 1969.28076171875 72.32476806640625 2040.0517578125 218.57435607910156 
3 1844.1988525390625 48.22675323486328 1904.5848388671875 167.7002410888672 
3 1956.2294921875 40.92432403564453 1997.842529296875 141.44036865234375 
3 319.4930114746094 53.843772888183594 353.99871826171875 110.18247985839844 
3 649.970947265625 46.530357360839844 708.5894775390625 163.70700073242188 
119
3 331.40655517578125 229.51705932617188 563.5801391601562 551.4461669921875 
2 652.1365966796875 146.66152954101562 765.3919677734375 378.3653259277344 
3 1968.2470703125 73.43560028076172 2039.42138671875 220.83590698242188 
3 1846.05126953125 47.75398254394531 1906.6484375 168.34730529785156 
3 1955.63818359375 41.901092529296875 1997.3065185546875 141.23446655273438 
3 316.2913513183594 53.99104309082031 350.8682861328125 111.81454467773438 
3 287.7079772949219 131.52426147460938 357.6249694824219 283.99169921875 
120
3 318.0198669433594 233.60305786132812 564.1116333007812 550.5621948242188 
2 663.1881713867188 145.27554321289062 778.3545532226562 377.8623352050781 
3 1969.0264892578125 74.21306610107422 2039.2269287109375 221.330078125 
3 1848.2371826171875 47.2969970703125 1909.5218505859375 167.94613647460938 
3 1955.4984130859375 43.28053283691406 1996.335205078125 140.96389770507812 
3 286.01611328125 129.7286376953125 352.09429931640625 263.81243896484375 
3 652.0643920898438 47.90858459472656 701.428955078125 149.591064453125 
3 393.16925048828125 49.853515625 416.9647216796875 101.2353515625 
3 316.1603088378906 54.68724060058594 348.9501953125 112.07699584960938 
121
3 309.3358459472656 236.51376342773438 563.847900390625 551.03857421875 
2 672.7899169921875 145.7788848876953 804.620361328125 378.40252685546875 
3 1847.3291015625 46.332855224609375 1915.73388671875 167.02719116210938 
3 1969.7838134765625 74.12521362304688 2038.2249755859375 222.4759521484375 
3 286.2130432128906 130.4084014892578 355.7979736328125 251.4525146484375 
3 1956.1329345703125 45.15740966796875 1996.0926513671875 142.885498046875 
3 313.7836608886719 55.046478271484375 346.6257629394531 113.11354064941406 
3 391.8174743652344 44.505897521972656 416.80548095703125 102.765380859375 
122
3 302.760986328125 242.96697998046875 564.1257934570312 551.1531982421875 
3 1846.7607421875 46.869354248046875 1923.1502685546875 167.81689453125 
3 1968.7491455078125 74.97683715820312 2037.5933837890625 222.59927368164062 
2 682.1832885742188 144.5523681640625 831.57958984375 377.24560546875 
3 285.8749694824219 129.96530151367188 353.32110595703125 245.76773071289062 
3 1955.86083984375 46.16114044189453 1995.5697021484375 142.46221923828125 
3 311.0373840332031 55.09278106689453 344.958984375 112.25152587890625 
123
3 289.1894836425781 247.20660400390625 563.7207641601562 551.0999145507812 
3 1846.7196044921875 48.05711364746094 1923.8046875 167.9422607421875 
2 693.2501831054688 147.07098388671875 849.216552734375 377.83526611328125 
3 1965.5338134765625 75.921630859375 2036.7264404296875 222.94674682617188 
3 285.4335632324219 129.5600128173828 356.2640075683594 253.711181640625 
3 1955.9498291015625 47.79606628417969 1993.56298828125 146.53125 
3 311.403564453125 54.64533996582031 343.06951904296875 113.16563415527344 
3 714.7269897460938 63.91358947753906 761.206298828125 151.92025756835938 
3 651.1914672851562 47.715911865234375 700.4290161132812 171.25869750976562 
3 591.8960571289062 82.11515045166016 641.5702514648438 150.7753143310547 
124
3 282.78631591796875 251.26071166992188 564.143798828125 549.9986572265625 
2 700.509033203125 143.59976196289062 863.7947998046875 377.6631164550781 
3 1847.74365234375 49.55397033691406 1921.1884765625 167.18304443359375 
3 1963.4722900390625 76.81529235839844 2034.113037109375 223.10598754882812 
3 285.1101379394531 129.24026489257812 367.03399658203125 263.28167724609375 
3 1956.554443359375 46.733734130859375 1996.831787109375 149.0341033935547 
3 311.31494140625 55.04999542236328 343.0515441894531 107.81130981445312 
3 719.3099975585938 94.73219299316406 800.7444458007812 225.34298706054688 
3 650.6929931640625 50.39666748046875 701.0428466796875 161.53036499023438 
3 592.2967529296875 81.83441162109375 642.7445068359375 150.38504028320312 
125
3 272.1238098144531 250.509765625 560.586181640625 549.8702392578125 
2 699.5213623046875 143.6727294921875 873.1177978515625 376.8882751464844 
3 1848.3671875 49.69122314453125 1919.01123046875 167.32025146484375 
3 1960.5064697265625 76.32701110839844 2033.828125 222.55438232421875 
3 284.0501708984375 129.31080627441406 369.3667907714844 264.9641418457031 
3 1954.7225341796875 46.61192321777344 1998.8839111328125 145.23692321777344 
3 310.8897705078125 56.46650695800781 342.6686096191406 108.02238464355469 
126
3 262.44171142578125 252.8931884765625 558.4173583984375 550.6080322265625 
2 700.99267578125 139.60545349121094 882.3795776367188 378.2765197753906 
3 1848.5772705078125 50.39558410644531 1918.1005859375 167.20950317382812 
3 1958.3271484375 75.0859375 2032.5543212890625 222.46807861328125 
3 284.17279052734375 129.67852783203125 370.29083251953125 263.8265686035156 
3 1953.9334716796875 45.62324523925781 1997.32177734375 152.89073181152344 
3 745.941162109375 106.94361877441406 816.4102783203125 222.35708618164062 
3 310.47808837890625 59.81317901611328 343.1824035644531 111.1312255859375 
127
2 706.575927734375 141.17190551757812 887.6497192382812 375.23980712890625 
3 253.4342498779297 253.7978515625 550.1246337890625 550.566162109375 
3 1956.7294921875 74.59657287597656 2031.40478515625 222.43798828125 
3 1849.2979736328125 50.778717041015625 1917.8365478515625 166.87359619140625 
3 284.132080078125 129.52490234375 369.6814270019531 263.6157531738281 
3 1953.426513671875 46.83258819580078 1997.7698974609375 153.33502197265625 
3 755.5496826171875 104.7149658203125 828.4276733398438 203.14309692382812 
128
2 713.96923828125 138.71922302246094 884.67919921875 372.8860778808594 
3 243.20462036132812 254.60330200195312 537.69091796875 549.5716552734375 
3 1953.583740234375 74.8396224975586 2030.82177734375 222.5362548828125 
3 1850.015869140625 51.36320495605469 1919.0096435546875 167.1309814453125 
3 284.1444091796875 129.6307373046875 369.7201843261719 264.1916198730469 
3 1952.9793701171875 52.81572723388672 2000.12060546875 158.54306030273438 
3 1953.27294921875 48.69951629638672 1998.50830078125 157.00721740722656 
3 767.9136352539062 103.87004089355469 839.8746948242188 202.47976684570312 
129
3 231.67041015625 255.53192138671875 521.5949096679688 551.3638916015625 
2 731.43408203125 138.00244140625 888.1752319335938 369.0661926269531 
3 1949.59375 74.03266143798828 2029.5911865234375 222.22555541992188 
3 1850.29541015625 51.443626403808594 1920.4852294921875 166.3582305908203 
3 284.37744140625 130.00875854492188 368.2730712890625 264.3389892578125 
3 764.7218627929688 105.09686279296875 858.0534057617188 209.04324340820312 
130
3 1945.5081787109375 72.09053039550781 2028.4364013671875 221.60968017578125 
2 749.2581176757812 133.8172607421875 891.5411376953125 361.6082763671875 
3 222.15460205078125 256.90625 494.0838928222656 538.1445922851562 
3 1853.716796875 50.94286346435547 1922.2421875 165.9786376953125 
3 284.7123718261719 130.0078582763672 366.130615234375 265.29425048828125 
3 786.4952392578125 100.60330200195312 863.3745727539062 216.6292724609375 
131
3 212.86062622070312 256.02447509765625 477.93505859375 537.7304077148438 
3 1940.048583984375 71.94474792480469 2027.5091552734375 222.2496337890625 
2 768.7835693359375 130.40818786621094 893.681396484375 355.7017822265625 
3 1854.8687744140625 51.89924621582031 1924.288818359375 164.1754150390625 
3 285.82470703125 130.59774780273438 366.0240478515625 265.56201171875 
3 796.9816284179688 98.78631591796875 891.5206298828125 222.04507446289062 
132
3 206.77365112304688 253.93927001953125 458.92169189453125 534.9393310546875 
3 1936.212646484375 73.61431121826172 2025.033935546875 223.019775390625 
3 285.89239501953125 131.30001831054688 368.1516418457031 265.7331848144531 
2 789.0342407226562 131.54922485351562 907.9642333984375 352.0919189453125 
3 1858.6318359375 51.657257080078125 1925.6656494140625 163.37754821777344 
133
3 1930.4156494140625 74.26729583740234 2024.200927734375 223.34963989257812 
3 195.55291748046875 251.66650390625 435.68603515625 536.9191284179688 
2 801.8023071289062 123.37786865234375 922.8876342773438 346.8791198730469 
3 286.27606201171875 130.87335205078125 369.7978820800781 265.89501953125 
3 1863.5438232421875 54.77635955810547 1928.3544921875 164.02378845214844 
3 309.64617919921875 60.594139099121094 339.31439208984375 115.62796020507812 
134
3 1925.552734375 72.81829071044922 2021.210205078125 223.60504150390625 
3 286.1431884765625 130.70643615722656 370.70184326171875 265.91741943359375 
3 189.03878784179688 249.84860229492188 423.51824951171875 539.1881103515625 
3 1868.411376953125 47.54682159423828 1930.399658203125 162.93045043945312 
2 809.43603515625 118.82858276367188 933.4571533203125 344.1418762207031 
3 308.98114013671875 59.65083312988281 336.950927734375 114.98245239257812 
135
3 1926.6614990234375 74.05218505859375 2019.796875 223.98983764648438 
3 172.82861328125 249.27239990234375 406.177734375 542.381103515625 
3 285.9316101074219 130.8712158203125 370.6435241699219 265.82244873046875 
3 1872.35595703125 45.399566650390625 1932.80712890625 162.39474487304688 
2 817.5676879882812 119.74444580078125 923.1266479492188 340.2954406738281 
3 308.4671325683594 58.953704833984375 335.66180419921875 114.38511657714844 
136
3 1926.6412353515625 75.02392578125 2017.2138671875 223.836669921875 
3 162.6781005859375 249.54071044921875 402.9930419921875 546.2742309570312 
3 285.5730895996094 130.21585083007812 370.2490234375 265.74560546875 
3 1874.3070068359375 45.43640899658203 1934.1307373046875 161.67665100097656 
2 828.51953125 124.86039733886719 954.518798828125 342.30194091796875 
3 307.61895751953125 60.14006805419922 334.69384765625 114.2047119140625 
2 823.1831665039062 91.24787902832031 956.1898803710938 338.3034973144531 
3 645.4862060546875 34.99836730957031 703.1939086914062 113.68978881835938 
137
3 156.8026123046875 250.39682006835938 406.5373840332031 548.9224243164062 
3 1927.051025390625 69.18350219726562 2017.006103515625 224.48226928710938 
3 285.0517578125 130.03347778320312 369.5477294921875 265.6069030761719 
3 1876.654296875 45.34413146972656 1936.833740234375 162.91464233398438 
2 838.0147094726562 117.97052001953125 965.8980712890625 341.4722900390625 
3 307.3338317871094 59.76654052734375 334.791748046875 113.28031921386719 
138
3 153.24081420898438 254.34317016601562 407.32293701171875 551.2572021484375 
3 1927.06689453125 69.53057861328125 2014.85302734375 225.099853515625 
3 285.0818786621094 129.79379272460938 369.07843017578125 265.6709289550781 
3 1885.047607421875 57.522483825683594 1936.7889404296875 163.57711791992188 
2 842.9857177734375 122.19546508789062 970.7034301757812 342.7014465332031 
3 843.412841796875 90.5715103149414 972.4094848632812 185.50994873046875 
139
3 143.67440795898438 257.659423828125 406.0799560546875 553.1510009765625 
3 283.4273986816406 129.3251953125 369.9403381347656 264.86761474609375 
3 1927.357421875 70.13445281982422 2013.860107421875 225.31103515625 
3 1887.646728515625 50.303131103515625 1941.287109375 165.1156005859375 
2 847.8803100585938 120.2347412109375 981.7620849609375 338.4984436035156 
3 2445.955810546875 108.5560302734375 2492.16064453125 218.72988891601562 
3 852.8134155273438 90.93435668945312 975.2525634765625 181.07962036132812 
140
3 133.4834442138672 263.0816345214844 407.3382263183594 558.2431030273438 
3 283.76971435546875 129.4366455078125 370.370849609375 264.6974182128906 
3 1926.8673095703125 70.95700073242188 2013.195556640625 225.46292114257812 
3 1888.3658447265625 58.35325622558594 1941.7913818359375 164.85009765625 
2 849.5255737304688 121.98831176757812 1016.8346557617188 340.54693603515625 
3 865.1049194335938 90.61456298828125 990.2578735351562 181.9712371826172 
3 1384.6944580078125 0.037441253662109375 1419.577880859375 56.33563232421875 
3 2446.55908203125 108.05589294433594 2492.372802734375 219.05941772460938 
141
3 127.380615234375 267.1049499511719 404.4269714355469 558.5384521484375 
3 1927.21826171875 72.08547973632812 2009.5216064453125 225.44244384765625 
3 284.2597961425781 129.74118041992188 370.81732177734375 264.250244140625 
2 849.7637939453125 122.0965576171875 1027.139404296875 338.5391540527344 
3 1889.4671630859375 51.005821228027344 1944.642333984375 164.7813262939453 
3 879.6649780273438 88.30951690673828 998.8760375976562 181.71212768554688 
2 849.6878662109375 122.076904296875 1026.468017578125 337.233154296875 
3 595.7001953125 80.87986755371094 649.4829711914062 149.49685668945312 
3 2447.14208984375 109.65951538085938 2492.65869140625 219.1406707763672 
3 1383.198486328125 0.0 1417.9608154296875 55.67431640625 
142
3 116.49517822265625 270.8454284667969 409.74652099609375 557.9388427734375 
3 1927.2779541015625 72.91922760009766 2008.3314208984375 225.7216796875 
2 853.1023559570312 121.01544189453125 1031.0328369140625 336.1424255371094 
3 284.8511657714844 129.89785766601562 369.7578125 263.99346923828125 
3 1890.328857421875 52.5909423828125 1945.8065185546875 164.60049438476562 
3 891.8228149414062 88.20851135253906 1003.24658203125 181.64793395996094 
3 1381.6463623046875 0.0 1418.0247802734375 58.50123596191406 
3 595.4971923828125 82.11042785644531 649.2794189453125 148.76693725585938 
3 2447.23046875 109.4427490234375 2492.623046875 219.16717529296875 
3 648.1834106445312 36.055213928222656 706.267333984375 114.60488891601562 
143
3 109.61469268798828 273.3127746582031 407.443359375 558.5653076171875 
2 866.14501953125 117.86932373046875 1030.8359375 329.91595458984375 
3 1926.3348388671875 74.50476837158203 2007.606201171875 226.05728149414062 
3 285.4591369628906 129.7293701171875 369.1521301269531 264.11199951171875 
3 1891.77978515625 52.53565216064453 1946.998291015625 164.10134887695312 
3 1379.3524169921875 0.0 1414.9246826171875 60.58903503417969 
3 902.7506103515625 85.49678039550781 958.1493530273438 205.20108032226562 
3 1557.6741943359375 5.566474914550781 1585.815185546875 74.84773254394531 
3 2447.362548828125 108.44229125976562 2492.630126953125 218.57656860351562 
3 647.7704467773438 35.30683898925781 706.7548828125 115.37033081054688 
144
3 100.80709838867188 277.8736267089844 404.0572509765625 558.3841552734375 
3 1925.6915283203125 75.92904663085938 2006.659423828125 227.81396484375 
2 878.4749755859375 118.73434448242188 1031.8623046875 329.039306640625 
3 287.459228515625 129.39712524414062 369.9043273925781 263.6558837890625 
3 1893.9676513671875 51.28974914550781 1947.937255859375 163.16322326660156 
3 908.9867553710938 81.97286987304688 986.3356323242188 203.01708984375 
3 1380.7196044921875 0.0 1412.697998046875 59.88822937011719 
3 1558.167724609375 6.601310729980469 1585.8714599609375 76.16324615478516 
3 2447.524658203125 106.89094543457031 2492.0908203125 218.53692626953125 
145
3 90.45372009277344 281.0609436035156 396.4322204589844 560.5323486328125 
3 1925.5166015625 77.56343078613281 2005.4879150390625 229.87091064453125 
3 288.3578186035156 129.45652770996094 370.39727783203125 263.8939208984375 
2 907.3173217773438 113.55096435546875 1035.24609375 321.583740234375 
3 1380.4527587890625 0.0 1412.4498291015625 59.55217742919922 
3 915.0252685546875 79.82402038574219 979.9423217773438 204.22369384765625 
3 1894.6776123046875 51.68162536621094 1949.9627685546875 163.38690185546875 
3 1894.1600341796875 52.73445129394531 1949.4862060546875 163.88221740722656 
3 2447.83642578125 106.73550415039062 2491.89892578125 219.19097900390625 
3 1557.9302978515625 8.22647476196289 1586.0191650390625 76.49656677246094 
146
3 77.31007385253906 281.96990966796875 384.8537292480469 546.1353759765625 
3 1925.323486328125 78.23021697998047 2005.9847412109375 231.37890625 
3 289.0743408203125 129.16329956054688 371.5575256347656 263.18798828125 
2 934.7740478515625 110.54196166992188 1037.1353759765625 320.5216064453125 
3 1898.1728515625 48.273956298828125 1953.112548828125 161.35789489746094 
3 923.3982543945312 76.78018188476562 984.3701171875 203.3060760498047 
3 1380.5576171875 0.0 1412.2965087890625 59.1051025390625 
147
3 65.95663452148438 282.3592834472656 372.1479187011719 555.059326171875 
3 1927.2919921875 79.12372589111328 2005.986083984375 235.2392578125 
3 289.4794006347656 129.0433807373047 371.5375061035156 263.4704284667969 
2 944.6298217773438 106.56341552734375 1036.91650390625 319.9313659667969 
3 1900.6541748046875 49.61265563964844 1953.7010498046875 160.12384033203125 
3 1380.353759765625 0.0 1411.97119140625 65.22256469726562 
3 931.4954833984375 73.36483001708984 995.5952758789062 204.02520751953125 
148
3 52.030120849609375 282.28436279296875 356.1654052734375 557.1012573242188 
3 1926.5673828125 78.62568664550781 2006.781982421875 236.90042114257812 
3 291.023681640625 129.166748046875 372.6485290527344 263.3309020996094 
2 956.98388671875 103.58367919921875 1039.7642822265625 319.3168029785156 
3 1903.6812744140625 46.81816101074219 1956.105224609375 159.56393432617188 
3 1381.1370849609375 0.0 1411.2606201171875 65.4849624633789 
3 938.8056640625 73.37409973144531 1003.2125244140625 211.972412109375 
3 1981.9476318359375 48.80601501464844 2024.4154052734375 107.84315490722656 
3 2448.078369140625 106.02302551269531 2493.285888671875 218.17372131347656 
149
3 41.77372741699219 282.479736328125 334.7822265625 560.722900390625 
3 291.4796447753906 128.96719360351562 373.4591064453125 264.02276611328125 
3 1928.8446044921875 77.79830932617188 2007.0567626953125 238.95220947265625 
2 965.1558837890625 104.06893920898438 1045.6890869140625 319.2121887207031 
3 1907.7635498046875 47.37641906738281 1956.447265625 161.7194366455078 
3 1379.3497314453125 0.0 1410.5167236328125 66.17608642578125 
3 948.4280395507812 73.01631164550781 1012.7215576171875 284.87548828125 
3 1981.294921875 49.672088623046875 2025.43212890625 111.36376953125 
150
3 34.725685119628906 281.5235290527344 314.237060546875 552.5358276367188 
3 293.6449279785156 129.1471710205078 372.85162353515625 263.39471435546875 
3 1925.7000732421875 78.68760681152344 2008.40478515625 239.605224609375 
3 1910.403564453125 46.02244567871094 1960.1444091796875 161.08050537109375 
3 955.5678100585938 74.09034729003906 1018.9111328125 283.4377136230469 
3 1378.918212890625 0.0 1411.02978515625 65.55838012695312 
3 1980.4871826171875 42.87559509277344 2025.2088623046875 167.4520721435547 
2 974.732421875 100.77926635742188 1086.1466064453125 313.6496276855469 
2 974.3606567382812 100.81631469726562 1086.4566650390625 317.30035400390625 
3 2449.495361328125 105.64527893066406 2494.206298828125 219.22390747070312 
151
3 293.28619384765625 128.88250732421875 373.42877197265625 263.379150390625 
3 27.309280395507812 283.0415344238281 286.73931884765625 543.060791015625 
3 1926.1990966796875 79.55990600585938 2008.534423828125 240.67889404296875 
3 1910.9019775390625 46.34666442871094 1961.4317626953125 161.75588989257812 
3 957.9428100585938 76.96443176269531 1030.5311279296875 288.01318359375 
3 1379.031982421875 0.0 1410.50048828125 66.57386779785156 
3 986.5744018554688 101.41159057617188 1103.4368896484375 295.14385986328125 
3 1979.5791015625 43.03350830078125 2025.87646484375 165.56317138671875 
3 1980.2513427734375 43.63191223144531 2026.0062255859375 124.1243896484375 
3 2449.556640625 105.93141174316406 2494.286865234375 219.4073486328125 
152
3 294.4667663574219 128.52264404296875 373.7476806640625 262.898193359375 
3 18.564971923828125 282.26214599609375 255.8119354248047 540.0897216796875 
2 990.953369140625 102.33746337890625 1107.5367431640625 317.9831848144531 
3 1920.6226806640625 81.43643188476562 2008.64697265625 241.31915283203125 
3 1912.41064453125 45.14628601074219 1965.7276611328125 160.15298461914062 
3 1981.3475341796875 42.21357727050781 2026.2493896484375 171.60250854492188 
3 1378.5802001953125 0.0 1409.30224609375 65.97801208496094 
3 955.5567016601562 76.12699127197266 1038.7923583984375 298.7685546875 
3 2450.911376953125 104.42347717285156 2495.14208984375 219.33802795410156 
3 1561.078369140625 11.67038345336914 1590.47119140625 75.84146881103516 
153
3 294.8558654785156 128.7745819091797 373.7878112792969 263.1828918457031 
3 9.105194091796875 281.7832336425781 252.24703979492188 542.4815063476562 
2 997.8240356445312 105.17893981933594 1113.269287109375 319.29193115234375 
3 1924.439208984375 83.38489532470703 2007.7962646484375 243.4910888671875 
3 1912.802490234375 46.10431671142578 1966.696533203125 160.4666748046875 
3 1377.54736328125 0.0 1409.624267578125 63.62908935546875 
3 958.5057373046875 78.41275024414062 1045.364013671875 287.6859130859375 
3 1981.324462890625 42.56243896484375 2028.38037109375 168.55691528320312 
3 2451.322998046875 105.7252197265625 2495.2158203125 219.21243286132812 
154
3 295.1218566894531 128.36619567871094 375.65045166015625 262.930419921875 
2 997.878662109375 103.93191528320312 1138.9771728515625 320.63623046875 
3 2.0251312255859375 282.7973327636719 250.8889923095703 555.7879028320312 
3 1925.4686279296875 85.40933227539062 2007.7464599609375 243.2314453125 
3 1915.474853515625 46.3818359375 1968.7501220703125 160.37091064453125 
3 1980.89404296875 42.298431396484375 2029.6632080078125 141.0037078857422 
3 991.6033935546875 77.95660400390625 1057.22607421875 231.55044555664062 
3 1376.3870849609375 0.0 1409.77099609375 60.99365234375 
3 651.25634765625 36.587799072265625 708.4513549804688 120.55319213867188 
155
3 294.7706604003906 128.4390869140625 375.74578857421875 263.09454345703125 
2 999.3564453125 103.77365112304688 1145.4849853515625 318.9971008300781 
3 0.043212890625 286.1627197265625 249.90652465820312 557.341552734375 
3 1922.738525390625 89.114990234375 2006.668212890625 243.56915283203125 
3 1916.579345703125 46.17424774169922 1972.1529541015625 161.0056610107422 
3 1375.892333984375 0.0 1408.4283447265625 62.231292724609375 
3 999.9192504882812 77.67648315429688 1067.949462890625 233.6468505859375 
3 1981.9638671875 44.56419372558594 2030.43310546875 138.8209228515625 
3 651.0377807617188 35.777130126953125 708.6629638671875 122.3131103515625 
156
3 295.1987609863281 128.10586547851562 376.36810302734375 262.8489685058594 
3 1920.1524658203125 85.09619903564453 2004.036376953125 243.44158935546875 
3 0.0 289.575927734375 251.45858764648438 555.6800537109375 
3 1376.783935546875 0.0 1408.453857421875 66.03047180175781 
3 1012.6551513671875 77.28980255126953 1076.6080322265625 227.20770263671875 
3 1916.4989013671875 47.866004943847656 1972.1285400390625 163.17811584472656 
3 1983.014404296875 48.84376525878906 2030.1336669921875 145.68374633789062 
2 1003.2516479492188 105.79237365722656 1155.2509765625 320.33184814453125 
3 1028.775146484375 105.01577758789062 1152.125244140625 285.80902099609375 
157
3 295.1217041015625 128.19305419921875 376.66094970703125 262.82171630859375 
3 1920.4248046875 82.34492492675781 2003.792724609375 243.12115478515625 
3 0.0 293.76324462890625 252.3235321044922 554.9505004882812 
3 1916.9764404296875 46.88855743408203 1972.93798828125 165.1268768310547 
3 1376.544921875 0.0 1408.2412109375 64.86611938476562 
3 1985.748779296875 46.320281982421875 2031.3310546875 135.8932647705078 
2 989.187744140625 104.15695190429688 1160.73193359375 317.38739013671875 
3 1022.6854248046875 76.72711944580078 1085.3406982421875 221.90060424804688 
3 1036.71435546875 103.78732299804688 1158.1566162109375 292.48431396484375 
3 651.1920166015625 34.839599609375 709.543212890625 120.14628601074219 
158
3 295.82464599609375 127.99588012695312 377.1123962402344 262.7444763183594 
3 1920.345458984375 82.22969055175781 2002.1971435546875 243.1236572265625 
3 0.5623779296875 309.15234375 251.36761474609375 556.0241088867188 
3 1047.580810546875 102.05029296875 1163.1817626953125 292.2273254394531 
3 1375.429443359375 0.0 1407.690673828125 65.77389526367188 
3 1987.4029541015625 44.01569366455078 2032.6571044921875 135.10006713867188 
3 1031.7342529296875 74.264892578125 1096.0850830078125 242.3636474609375 
3 1918.2786865234375 56.92250061035156 1969.420654296875 165.92001342773438 
3 651.3328247070312 33.661460876464844 709.485595703125 120.46597290039062 
159
3 1052.145263671875 98.05599975585938 1168.249267578125 293.88385009765625 
3 1918.049072265625 81.20747375488281 2000.431884765625 243.43389892578125 
3 296.31915283203125 127.75494384765625 377.31640625 262.55548095703125 
3 0.107574462890625 303.24578857421875 254.04156494140625 570.8650512695312 
3 1988.3170166015625 47.13836669921875 2032.880859375 133.14500427246094 
3 1375.087646484375 0.0 1408.4932861328125 64.30039978027344 
3 1040.7225341796875 69.72370910644531 1102.66796875 203.59100341796875 
3 651.3646240234375 33.38482666015625 709.4517822265625 120.87905883789062 
160
3 1053.27685546875 96.11029052734375 1179.53271484375 302.9617919921875 
3 296.997802734375 127.78439331054688 377.3217468261719 262.56817626953125 
3 1916.4464111328125 81.29771423339844 1999.7613525390625 243.631591796875 
3 0.101287841796875 307.3059387207031 254.55923461914062 572.8078002929688 
3 1989.1544189453125 42.40187072753906 2033.3243408203125 133.27529907226562 
3 1374.7147216796875 0.0 1409.0328369140625 65.70060729980469 
3 1046.929931640625 66.73383331298828 1111.1163330078125 266.62030029296875 
3 1046.7708740234375 66.20123291015625 1110.7540283203125 212.02810668945312 
3 651.040283203125 32.61341857910156 709.5403442382812 120.12159729003906 
3 2164.590576171875 52.783966064453125 2193.54541015625 83.84026336669922 
161
3 1068.64013671875 91.33171844482422 1190.336181640625 299.52984619140625 
3 1912.179931640625 79.69707489013672 1996.96533203125 243.92330932617188 
3 296.9268798828125 127.61909484863281 377.8778381347656 262.7108459472656 
3 1053.3858642578125 64.43421936035156 1118.2525634765625 273.35516357421875 
3 1988.6328125 35.832679748535156 2034.3104248046875 134.25302124023438 
3 0.5020751953125 341.509033203125 247.62069702148438 575.5572509765625 
3 1374.866455078125 0.0 1408.0650634765625 65.68724060058594 
3 651.8251342773438 33.563133239746094 709.8195190429688 119.41384887695312 
162
3 1083.4578857421875 88.36344909667969 1209.929443359375 294.11309814453125 
3 1906.8096923828125 78.34089660644531 1996.561279296875 244.0616455078125 
3 296.94439697265625 127.51394653320312 378.1855163574219 263.0379333496094 
3 1063.985107421875 62.900238037109375 1127.18994140625 266.7758483886719 
3 0.2157135009765625 344.67205810546875 239.62237548828125 579.1273803710938 
3 1989.517333984375 39.335594177246094 2035.8690185546875 132.88104248046875 
3 1373.9976806640625 0.0 1405.6571044921875 66.29595947265625 
3 651.2655029296875 32.956321716308594 709.6719360351562 120.5042724609375 
163
3 1899.1710205078125 78.62155151367188 1995.826416015625 243.1329345703125 
3 1094.26123046875 86.89905548095703 1223.57763671875 295.1300048828125 
3 297.50299072265625 127.51274108886719 379.2103271484375 263.2841491699219 
3 1068.6986083984375 62.63267517089844 1133.6002197265625 276.84442138671875 
3 0.24890899658203125 347.4734191894531 236.92886352539062 577.513671875 
3 1373.2572021484375 0.0 1404.4083251953125 66.40789794921875 
3 1990.2410888671875 40.154457092285156 2035.6685791015625 131.26158142089844 
164
3 1891.08984375 73.55561065673828 1992.886474609375 243.1710205078125 
3 1102.8829345703125 83.00950622558594 1244.83642578125 293.8428955078125 
3 1072.4029541015625 62.033966064453125 1140.759033203125 275.8689880371094 
3 297.4133605957031 127.75758361816406 379.91656494140625 263.4810485839844 
3 1372.375244140625 0.0 1402.60009765625 66.24271392822266 
3 0.29395294189453125 348.6875 220.73561096191406 576.8599853515625 
3 1989.989990234375 38.896568298339844 2039.017822265625 131.82337951660156 
3 650.7709350585938 32.394989013671875 709.8809814453125 120.58775329589844 
165
3 1884.6370849609375 78.36465454101562 1992.181396484375 243.83660888671875 
3 1107.1539306640625 82.12344360351562 1257.3675537109375 292.04217529296875 
3 1079.1173095703125 61.61650085449219 1151.891845703125 279.4508056640625 
3 1371.63330078125 0.0 1402.4130859375 66.43128204345703 
3 297.778564453125 127.59619140625 380.3752746582031 263.5985107421875 
3 1989.7750244140625 49.786712646484375 2041.5809326171875 130.69927978515625 
3 298.2144470214844 127.59133911132812 380.5200500488281 263.44268798828125 
3 1564.885009765625 10.887325286865234 1605.737060546875 76.1944580078125 
3 651.2561645507812 32.69209289550781 709.9983520507812 120.38638305664062 
166
3 1115.85595703125 85.30013275146484 1272.2666015625 288.2712097167969 
3 1880.01025390625 78.40802001953125 1987.798828125 244.45797729492188 
3 298.1107177734375 127.91500854492188 380.4195861816406 263.62469482421875 
3 1081.68017578125 62.73634338378906 1155.60595703125 280.50494384765625 
3 1370.6795654296875 0.0 1402.7427978515625 66.97892761230469 
3 1992.578125 42.30743408203125 2041.72314453125 130.982421875 
3 1946.1533203125 45.135292053222656 1986.593017578125 108.6851806640625 
3 1564.4537353515625 10.18927001953125 1606.1302490234375 76.71843719482422 
167
3 1120.0689697265625 86.85444641113281 1285.12646484375 287.84259033203125 
3 1879.233642578125 82.19728088378906 1986.103759765625 244.77230834960938 
3 297.7493896484375 127.52862548828125 381.0325012207031 263.7145080566406 
3 1081.6121826171875 62.40583801269531 1162.980712890625 283.64453125 
3 1370.544677734375 0.0 1402.2684326171875 66.8337173461914 
3 1989.1805419921875 41.328514099121094 2041.9832763671875 130.87229919433594 
3 1944.100341796875 45.16815185546875 1988.927978515625 108.58735656738281 
168
3 1127.56982421875 86.86954498291016 1288.5311279296875 288.088134765625 
3 1878.514892578125 78.28911590576172 1983.298583984375 245.12838745117188 
3 1369.8724365234375 0.0 1402.8907470703125 67.33087158203125 
3 297.5305480957031 127.83160400390625 380.8084411621094 264.0777893066406 
3 1990.3297119140625 42.82640838623047 2041.5760498046875 131.10552978515625 
3 1084.021240234375 67.2813720703125 1171.744140625 275.92620849609375 
3 298.07147216796875 128.1588897705078 380.99139404296875 263.50811767578125 
169
3 1128.072265625 87.57792663574219 1297.82861328125 288.0808410644531 
3 1874.8297119140625 82.48465728759766 1980.4757080078125 245.15573120117188 
3 297.62359619140625 127.73895263671875 381.25927734375 263.9635009765625 
3 1368.730712890625 0.0 1403.05810546875 66.5998764038086 
3 1107.4134521484375 66.06328582763672 1179.53564453125 214.70986938476562 
3 1990.943603515625 40.939788818359375 2039.9246826171875 129.1610107421875 
3 1084.826904296875 64.92534637451172 1179.8895263671875 277.3497619628906 
3 0.0 408.8819580078125 115.17195129394531 579.793212890625 
3 650.8336181640625 33.140045166015625 710.1124267578125 124.85359191894531 
170
3 1127.6043701171875 88.51604461669922 1303.0750732421875 285.34613037109375 
3 1874.80712890625 84.65438842773438 1977.3560791015625 245.84930419921875 
3 297.9299621582031 127.84805297851562 381.3358459472656 263.738525390625 
3 1368.3358154296875 0.0 1402.921630859375 67.28456115722656 
3 1114.190673828125 66.0016860961914 1186.929931640625 214.93077087402344 
3 0.08395767211914062 401.64764404296875 106.66583251953125 587.6012573242188 
3 1992.6414794921875 41.23755645751953 2040.52099609375 129.22494506835938 
3 1951.2320556640625 45.83619689941406 1992.6162109375 112.22775268554688 
3 651.0792236328125 34.081764221191406 709.8114624023438 125.04273986816406 
171
3 298.39373779296875 128.15347290039062 381.9580078125 263.5126037597656 
3 1874.76220703125 84.20941162109375 1975.792236328125 245.58868408203125 
3 1128.1904296875 88.61848449707031 1309.5867919921875 284.1370544433594 
3 1367.415283203125 0.0 1402.0994873046875 67.65919494628906 
3 0.013980865478515625 396.00897216796875 108.20311737060547 593.8076171875 
3 1948.728515625 45.663169860839844 1992.594482421875 114.31904602050781 
3 1994.413330078125 38.57591247558594 2039.592529296875 128.95782470703125 
3 1124.5228271484375 66.93476867675781 1196.6842041015625 214.67056274414062 
3 1081.102783203125 67.22610473632812 1283.268310546875 281.98779296875 
3 650.3765869140625 33.27415466308594 709.7200927734375 123.45747375488281 
172
3 1126.9429931640625 87.78779602050781 1314.1407470703125 283.9757995605469 
3 297.9113464355469 128.3657684326172 381.5119323730469 263.4486083984375 
3 1874.9541015625 83.36874389648438 1973.7427978515625 245.67330932617188 
3 1367.16357421875 0.0 1401.6751708984375 67.77615356445312 
3 1134.649169921875 65.57685089111328 1205.668701171875 220.751220703125 
3 0.0 418.92877197265625 107.05595397949219 582.1084594726562 
3 1994.9488525390625 40.44581604003906 2042.4970703125 129.1425018310547 
3 1948.0482177734375 49.14414978027344 1992.635498046875 127.231689453125 
3 651.0179443359375 35.06877136230469 709.3836059570312 123.81074523925781 
173
3 298.3678283691406 128.39573669433594 382.13934326171875 263.6522521972656 
3 1874.3262939453125 83.40814208984375 1969.78125 245.09027099609375 
3 1367.2982177734375 0.0 1399.9765625 67.30224609375 
3 1137.6995849609375 87.9234848022461 1327.696533203125 284.7720947265625 
3 0.0 418.3919372558594 107.6981201171875 587.7001953125 
3 1995.775390625 39.53302001953125 2045.8419189453125 128.73910522460938 
3 1143.1915283203125 63.15507507324219 1213.160888671875 219.09518432617188 
3 1947.4921875 55.20613098144531 1992.9251708984375 133.462890625 
3 0.08121681213378906 523.9111328125 39.8224983215332 605.4652709960938 
3 651.096435546875 35.544158935546875 708.9772338867188 121.45578002929688 
174
3 298.171875 128.52679443359375 381.6965637207031 263.4338684082031 
3 1148.1805419921875 86.4739761352539 1338.1380615234375 281.27838134765625 
3 1874.444580078125 82.88208770751953 1966.185791015625 244.59783935546875 
3 1155.4207763671875 63.52069854736328 1219.6632080078125 215.8346710205078 
3 1998.25439453125 43.63714599609375 2045.1522216796875 129.6165008544922 
3 1368.1683349609375 0.0 1397.6961669921875 67.24472045898438 
3 0.15996551513671875 420.8552551269531 108.13059997558594 603.5179443359375 
3 1949.9417724609375 48.81317138671875 1993.86669921875 136.7678985595703 
3 651.2266845703125 36.12992858886719 709.0133056640625 121.44461059570312 
175
3 1874.2672119140625 82.26138305664062 1962.8223876953125 245.11517333984375 
3 297.8673095703125 128.50531005859375 381.15728759765625 263.53900146484375 
3 1951.083251953125 48.768638610839844 1994.6951904296875 142.84689331054688 
3 1999.7720947265625 43.90525817871094 2044.6717529296875 129.75607299804688 
3 1367.9027099609375 0.0 1396.7274169921875 66.83773803710938 
3 1161.7628173828125 59.431976318359375 1225.525390625 219.81256103515625 
3 1169.6806640625 84.03813171386719 1342.7869873046875 278.31402587890625 
176
3 1873.51318359375 82.10906982421875 1961.092529296875 246.09970092773438 
3 1189.626220703125 80.12020874023438 1348.9415283203125 278.148681640625 
3 297.8539123535156 128.41708374023438 381.0478820800781 263.69329833984375 
3 1170.2235107421875 57.486419677734375 1232.3211669921875 242.6341552734375 
3 2001.0224609375 43.70880126953125 2044.8310546875 130.09811401367188 
3 1951.74072265625 47.847145080566406 1996.453369140625 145.00466918945312 
3 1367.63525390625 0.0 1396.455810546875 67.47039794921875 
3 651.0774536132812 36.551971435546875 708.9463500976562 121.0902099609375 
177
3 1872.6302490234375 82.37680053710938 1960.9178466796875 247.67825317382812 
3 1210.9073486328125 78.34947967529297 1357.009765625 278.68511962890625 
3 297.4681701660156 128.66746520996094 379.90728759765625 263.7923583984375 
3 1176.7674560546875 54.04913330078125 1240.6065673828125 257.7366638183594 
3 1367.1209716796875 0.0 1397.1002197265625 67.4326171875 
3 1952.859375 48.002174377441406 1996.2266845703125 146.28990173339844 
3 2001.0640869140625 43.27952575683594 2044.4942626953125 130.10276794433594 
178
3 1869.718017578125 81.46510314941406 1958.7086181640625 250.02850341796875 
3 1225.3997802734375 75.04308319091797 1357.4051513671875 279.73223876953125 
3 297.8745422363281 128.62994384765625 379.7510070800781 263.7316589355469 
3 1183.78369140625 53.93517303466797 1246.5238037109375 257.35650634765625 
3 1953.14404296875 45.38134765625 1996.900634765625 147.003173828125 
3 1366.951904296875 0.0 1396.623291015625 67.60079956054688 
3 2001.376220703125 43.86529541015625 2045.5323486328125 130.59375 
179
3 1867.634033203125 81.93701171875 1957.978271484375 251.8414306640625 
3 1237.3629150390625 75.13166046142578 1355.68994140625 284.5152587890625 
3 297.9413757324219 128.7765655517578 379.18792724609375 263.73974609375 
3 1190.03466796875 54.49262237548828 1255.8199462890625 258.0683898925781 
3 1953.4481201171875 46.04899597167969 1997.6505126953125 148.88865661621094 
3 1366.3046875 0.0 1396.1524658203125 67.66304016113281 
3 2000.8453369140625 43.86186218261719 2045.5126953125 130.20082092285156 
3 0.452850341796875 501.34259033203125 105.54908752441406 580.04638671875 
180
3 1866.0921630859375 81.9946060180664 1957.0648193359375 254.90390014648438 
3 1245.1785888671875 73.27567291259766 1349.3126220703125 277.7300720214844 
3 298.03594970703125 128.8179168701172 379.15716552734375 263.73834228515625 
3 1194.379150390625 54.716339111328125 1266.5869140625 257.7787780761719 
3 1366.6053466796875 0.0 1396.2291259765625 67.56095886230469 
3 1953.626708984375 50.982635498046875 2000.1505126953125 149.3446807861328 
3 2000.6334228515625 44.234527587890625 2045.1080322265625 129.59780883789062 
3 0.374114990234375 505.79730224609375 95.60116577148438 578.55859375 
181
3 1862.813720703125 82.22374725341797 1956.334228515625 255.55239868164062 
3 1248.913330078125 74.09868621826172 1349.2930908203125 280.8662109375 
3 298.13006591796875 128.83224487304688 378.1358642578125 263.7539978027344 
3 1193.5771484375 54.738136291503906 1270.2076416015625 257.4103698730469 
3 1954.24658203125 45.04313659667969 2003.125732421875 149.79124450683594 
3 2000.4462890625 43.14209747314453 2046.6317138671875 129.91421508789062 
3 1366.202392578125 0.0 1395.5224609375 67.5256118774414 
3 0.44232177734375 514.2218627929688 85.98092651367188 579.3900756835938 
182
3 1862.2568359375 82.5836181640625 1957.0185546875 256.8716125488281 
3 1252.3482666015625 75.4201431274414 1352.8846435546875 280.9356994628906 
3 298.0348205566406 128.8563690185547 378.5115051269531 263.6194763183594 
3 1196.353759765625 55.1925048828125 1277.2037353515625 257.47637939453125 
3 1955.0003662109375 50.01043701171875 2000.51025390625 148.26966857910156 
3 1366.5269775390625 0.0 1395.2379150390625 65.88906860351562 
3 2000.3687744140625 43.75065612792969 2046.7188720703125 128.88259887695312 
3 0.5296554565429688 520.9760131835938 83.0352783203125 580.78271484375 
3 1566.4326171875 5.196693420410156 1594.570556640625 75.87278747558594 
183
3 1861.2381591796875 85.17034912109375 1957.6790771484375 257.3735046386719 
3 1198.2098388671875 58.148048400878906 1285.383544921875 257.5506286621094 
3 1250.593505859375 79.36860656738281 1366.01171875 281.664306640625 
3 298.22003173828125 128.79666137695312 379.2593994140625 263.65008544921875 
3 1954.0511474609375 47.648948669433594 2004.3966064453125 148.9752197265625 
3 2001.8861083984375 43.36260986328125 2048.3583984375 130.0654754638672 
3 1366.662353515625 0.0 1395.453125 65.8707046508789 
3 0.09894943237304688 524.9684448242188 66.66519165039062 583.2224731445312 
3 1566.5623779296875 4.832366943359375 1595.9371337890625 75.06182861328125 
184
3 1858.821044921875 85.401611328125 1956.9415283203125 258.78131103515625 
3 1250.0450439453125 81.41241455078125 1372.1912841796875 282.84942626953125 
3 298.2293395996094 128.88949584960938 379.5509338378906 263.6164855957031 
3 1198.0216064453125 57.60552978515625 1291.8795166015625 257.1142883300781 
3 1954.3331298828125 47.1380615234375 2005.2869873046875 148.17803955078125 
3 1366.9332275390625 0.0 1397.1907958984375 68.09203338623047 
3 2002.7816162109375 43.329750061035156 2048.97265625 129.1854705810547 
3 1565.713623046875 5.0556182861328125 1599.5299072265625 74.8647232055664 
185
3 1858.730224609375 85.98492431640625 1955.98046875 261.5636291503906 
3 1197.468505859375 57.81261444091797 1302.1280517578125 258.15203857421875 
3 298.3059387207031 128.79074096679688 380.4175109863281 263.54449462890625 
3 1956.815185546875 47.84138488769531 2005.33447265625 147.51133728027344 
3 1255.6416015625 81.50439453125 1375.87841796875 276.31884765625 
3 2004.4976806640625 43.543128967285156 2048.73291015625 129.2169189453125 
3 1367.3521728515625 0.0 1398.47021484375 67.84391784667969 
186
3 1858.4169921875 86.57452392578125 1954.4625244140625 262.7605895996094 
3 298.511962890625 128.82313537597656 379.5883483886719 263.5357666015625 
3 1201.2584228515625 58.63352966308594 1309.951416015625 255.16546630859375 
3 1265.9134521484375 82.39613342285156 1388.4840087890625 276.6494445800781 
3 1958.25439453125 47.43061828613281 2006.418212890625 147.07310485839844 
3 2005.0892333984375 43.50315856933594 2048.44140625 128.8218994140625 
3 1367.545166015625 0.0 1399.537841796875 68.53097534179688 
187
3 1857.5767822265625 87.0122299194336 1953.6483154296875 263.45831298828125 
3 1260.3037109375 83.09477996826172 1396.025390625 281.9892272949219 
3 298.2513732910156 128.48081970214844 380.24273681640625 263.4291076660156 
3 1208.7193603515625 59.00892639160156 1320.2806396484375 252.614013671875 
3 1958.4725341796875 48.64942169189453 2007.0185546875 147.3072509765625 
3 2003.64892578125 40.85668182373047 2048.674560546875 128.28683471679688 
3 1367.9901123046875 0.0 1399.727783203125 68.6312255859375 
188
3 1855.9327392578125 87.46522521972656 1951.4127197265625 263.75775146484375 
3 298.330322265625 128.69580078125 379.7489929199219 263.4671630859375 
3 1275.6773681640625 82.09172058105469 1405.3577880859375 272.5463562011719 
3 1958.99365234375 51.939125061035156 2006.2381591796875 147.4557342529297 
3 2003.3052978515625 40.044219970703125 2048.696044921875 129.16000366210938 
3 1233.8719482421875 58.63702392578125 1327.159423828125 231.12118530273438 
3 1368.705322265625 0.0 1400.1170654296875 68.48628234863281 
189
3 1854.72509765625 87.84548950195312 1949.2646484375 263.7657775878906 
3 298.2625427246094 128.4335479736328 379.9024353027344 263.405029296875 
3 1240.8453369140625 57.733306884765625 1335.736083984375 234.188720703125 
3 2006.2503662109375 40.936851501464844 2050.023193359375 128.58412170410156 
3 1307.713134765625 81.17375183105469 1412.7999267578125 252.64031982421875 
3 1959.2252197265625 51.096458435058594 2010.6258544921875 147.59814453125 
3 1369.333251953125 0.0 1401.5914306640625 68.75560760498047 
3 1959.6737060546875 51.06487274169922 2011.1507568359375 147.90480041503906 
190
3 1853.1322021484375 87.820556640625 1946.5855712890625 263.75860595703125 
3 298.36944580078125 128.7300262451172 379.5323181152344 263.32855224609375 
3 1250.931884765625 57.258697509765625 1341.730712890625 235.82855224609375 
3 1318.2391357421875 78.98342895507812 1417.4698486328125 250.81564331054688 
3 1959.210205078125 48.41223907470703 2011.37451171875 147.91612243652344 
3 2005.820068359375 41.10795593261719 2050.70263671875 127.16716003417969 
3 1369.0364990234375 0.0 1401.119873046875 69.1163330078125 
191
3 1851.7376708984375 87.56612396240234 1944.39794921875 263.97589111328125 
3 298.4247741699219 128.47760009765625 380.45233154296875 263.19049072265625 
3 1262.5299072265625 54.423187255859375 1347.6427001953125 233.36517333984375 
3 1329.4329833984375 76.42634582519531 1421.36572265625 247.03732299804688 
3 1958.7769775390625 51.92639923095703 2011.6065673828125 146.947265625 
3 2002.1318359375 42.154144287109375 2050.812744140625 127.06698608398438 
3 1369.443115234375 0.0 1401.539306640625 69.23361206054688 
3 1564.5745849609375 7.686458587646484 1596.9796142578125 74.43186950683594 
192
3 1851.3206787109375 87.38313293457031 1943.5828857421875 263.9383544921875 
3 298.3663024902344 128.65676879882812 379.9722900390625 263.2080078125 
3 1281.9002685546875 53.985687255859375 1353.85546875 234.40997314453125 
3 1339.2099609375 74.78984832763672 1425.647216796875 246.09469604492188 
3 1958.373046875 47.40998840332031 2015.8642578125 146.64724731445312 
3 1370.664306640625 0.0 1403.23046875 68.74711608886719 
3 2004.196533203125 42.737998962402344 2051.448974609375 125.4425048828125 
3 1564.62939453125 7.911094665527344 1608.5733642578125 74.42677307128906 
193
3 298.456298828125 128.69407653808594 380.00262451171875 263.05816650390625 
3 1849.061767578125 87.48052978515625 1941.017822265625 263.8435974121094 
3 1286.782958984375 51.62152099609375 1358.976318359375 233.47412109375 
3 1348.8040771484375 72.3816909790039 1427.1319580078125 262.3761901855469 
3 1961.8155517578125 48.493896484375 2015.989990234375 146.41690063476562 
3 2005.9886474609375 45.006385803222656 2050.083740234375 126.44210815429688 
3 1369.9970703125 0.7048568725585938 1405.512939453125 68.13520050048828 
3 1563.856201171875 8.814598083496094 1604.0211181640625 74.81214904785156 
194
3 1848.744873046875 87.1715087890625 1940.498779296875 263.7232971191406 
3 298.3605041503906 128.75665283203125 379.78656005859375 263.12786865234375 
3 1352.6201171875 71.15408325195312 1431.49951171875 266.3457946777344 
3 1291.175537109375 50.38337707519531 1364.8323974609375 236.28500366210938 
3 1962.55859375 55.55986022949219 2016.9774169921875 145.94772338867188 
3 1370.7926025390625 0.0 1405.3074951171875 68.15876770019531 
3 2008.7303466796875 47.42767333984375 2048.939208984375 125.64195251464844 
3 1563.50439453125 8.863208770751953 1601.166259765625 74.47432708740234 
195
3 1295.0806884765625 50.479148864746094 1372.3216552734375 238.63629150390625 
3 298.38427734375 128.62351989746094 379.6410217285156 262.9149475097656 
3 1846.834228515625 86.75370025634766 1937.4305419921875 263.3779296875 
3 1355.2059326171875 70.79158782958984 1436.8768310546875 258.2484436035156 
3 1965.377685546875 51.201271057128906 2016.6932373046875 144.56993103027344 
3 1370.9014892578125 0.0 1405.811767578125 68.88092803955078 
3 2005.979248046875 44.603973388671875 2050.411376953125 125.90605163574219 
3 1563.17822265625 10.041671752929688 1592.734375 74.4462890625 
196
3 1837.04296875 86.41287231445312 1936.712158203125 263.6200866699219 
3 1300.1097412109375 50.68617248535156 1379.3245849609375 238.91278076171875 
3 298.4703063964844 128.69290161132812 379.5484924316406 262.9083557128906 
3 1360.5455322265625 71.35865783691406 1445.298095703125 255.614013671875 
3 1969.86962890625 48.893310546875 2021.479248046875 143.9091796875 
3 1374.9805908203125 0.0 1410.9122314453125 69.19288635253906 
3 2012.3671875 46.604469299316406 2051.955322265625 125.59452819824219 
3 1563.3829345703125 11.18991470336914 1592.591064453125 75.01775360107422 
197
3 1825.8017578125 87.15426635742188 1933.1173095703125 264.12762451171875 
3 1307.6434326171875 50.97303009033203 1385.325439453125 236.9287109375 
3 298.3901062011719 128.9677734375 378.8389892578125 263.040283203125 
3 1363.0084228515625 72.66788482666016 1456.47705078125 256.07501220703125 
3 1971.0394287109375 48.91896057128906 2020.73486328125 144.0941619873047 
3 2010.730712890625 47.71910858154297 2054.167724609375 125.32989501953125 
3 1378.4720458984375 0.0 1418.9053955078125 69.09363555908203 
3 1563.372314453125 11.756000518798828 1593.5511474609375 76.17552185058594 
198
3 1818.1109619140625 87.99107360839844 1928.82763671875 265.1297912597656 
3 298.58758544921875 128.44459533691406 379.6275634765625 262.76904296875 
3 1312.2347412109375 53.40532684326172 1394.4537353515625 236.29031372070312 
3 1364.71630859375 73.88888549804688 1489.98291015625 258.57257080078125 
3 1973.822021484375 46.94892883300781 2021.267578125 143.4761962890625 
3 2009.298095703125 47.55558776855469 2054.34765625 125.33427429199219 
3 1381.5843505859375 0.4038581848144531 1419.072021484375 67.15510559082031 
3 1564.4482421875 12.327919006347656 1593.1253662109375 76.47895812988281 
199
3 1815.0921630859375 89.33183288574219 1925.408203125 264.163818359375 
3 1317.741943359375 53.340057373046875 1402.5797119140625 235.5106201171875 
3 1365.177978515625 77.00027465820312 1499.564453125 258.6167907714844 
3 298.2082824707031 129.11843872070312 378.5679016113281 263.0367431640625 
3 1975.1357421875 46.19337463378906 2022.37109375 144.22825622558594 
3 2011.0950927734375 50.56919860839844 2055.940673828125 124.97323608398438 
3 1564.1295166015625 14.575332641601562 1591.1942138671875 75.05558776855469 
3 1383.1124267578125 1.2872467041015625 1417.9080810546875 61.37461853027344 
3 1584.8773193359375 13.149085998535156 1608.905517578125 71.06809997558594 
200
3 1812.0128173828125 89.40354919433594 1924.23974609375 263.9156799316406 
3 1321.690185546875 53.680145263671875 1411.7567138671875 235.61968994140625 
3 298.5173034667969 128.58473205566406 379.4691162109375 262.8174743652344 
3 1372.2916259765625 77.52836608886719 1503.47314453125 255.38577270507812 
3 1975.355224609375 39.83453369140625 2025.7044677734375 144.65753173828125 
3 2012.216064453125 53.331565856933594 2057.849365234375 124.88191223144531 
3 1564.169677734375 13.121952056884766 1591.3958740234375 75.49868774414062 
3 1584.696044921875 14.093246459960938 1608.93994140625 71.15705871582031 
201
3 1811.8621826171875 89.92057800292969 1920.8355712890625 266.98199462890625 
3 1318.642578125 53.88885498046875 1419.231689453125 236.24591064453125 
3 298.2041015625 129.0364990234375 378.3321228027344 262.977294921875 
3 1374.8245849609375 78.31301879882812 1506.7799072265625 255.54989624023438 
3 1976.171875 42.537933349609375 2025.6402587890625 144.8972930908203 
3 2010.9432373046875 55.49314880371094 2058.311279296875 124.18278503417969 
202
3 1810.6798095703125 90.138427734375 1916.983154296875 269.20855712890625 
3 1319.350341796875 54.87409973144531 1425.9569091796875 238.88461303710938 
3 298.56170654296875 128.51409912109375 379.3350524902344 262.79449462890625 
3 1376.4698486328125 78.72032165527344 1502.9912109375 257.413818359375 
3 1977.8753662109375 26.730606079101562 2026.8212890625 144.61155700683594 
3 2011.7255859375 48.41908264160156 2059.0654296875 124.51376342773438 
203
3 1809.26416015625 91.46217346191406 1913.15380859375 268.97454833984375 
3 298.38580322265625 129.02944946289062 378.6154479980469 262.9220886230469 
3 1379.220458984375 79.90840148925781 1502.280029296875 255.28912353515625 
3 1325.7706298828125 53.528961181640625 1432.2447509765625 236.54147338867188 
3 1978.6668701171875 28.813079833984375 2026.817626953125 143.7313690185547 
3 2016.107666015625 50.36204528808594 2060.2822265625 123.64505004882812 
204
3 1340.07666015625 54.0863037109375 1439.3887939453125 234.15380859375 
3 298.3865966796875 128.78048706054688 378.69268798828125 262.8091125488281 
3 1807.1971435546875 91.62699890136719 1908.7191162109375 267.7000732421875 
3 1394.244140625 78.06121826171875 1501.4697265625 253.59402465820312 
3 1981.221435546875 30.205848693847656 2027.825439453125 144.27169799804688 
3 2013.1683349609375 50.14562225341797 2062.365478515625 123.79026794433594 
3 1582.014892578125 13.316993713378906 1609.0418701171875 70.86914825439453 
3 1386.7989501953125 0.980255126953125 1416.7274169921875 61.46979522705078 
205
3 1347.880615234375 56.7591552734375 1445.7996826171875 237.94528198242188 
3 298.278076171875 128.73043823242188 378.7443542480469 262.9678955078125 
3 1807.281005859375 91.16165161132812 1906.013916015625 269.2351989746094 
3 1408.2318115234375 77.28977966308594 1507.366455078125 253.8228759765625 
3 1984.083740234375 47.07421112060547 2026.86962890625 144.27853393554688 
3 2016.8939208984375 50.01881408691406 2062.249267578125 124.27287292480469 
3 1580.757568359375 13.162612915039062 1608.5643310546875 70.75558471679688 
3 1557.69384765625 13.300041198730469 1589.0357666015625 73.44920349121094 
206
3 1360.190185546875 50.24114990234375 1450.2315673828125 235.59893798828125 
3 298.22442626953125 128.71324157714844 378.7006530761719 262.88323974609375 
3 1420.633544921875 76.48822021484375 1511.8087158203125 252.39718627929688 
3 1807.135986328125 90.66026306152344 1904.13720703125 268.1600341796875 
3 1984.55224609375 40.04664611816406 2026.818115234375 144.1470184326172 
3 2019.1856689453125 46.49188232421875 2062.72265625 123.81352233886719 
3 1558.1571044921875 14.766921997070312 1587.45654296875 73.88921356201172 
3 1579.6771240234375 13.471382141113281 1608.7335205078125 71.59562683105469 
207
3 298.008544921875 128.55850219726562 378.9378356933594 262.64044189453125 
3 1432.70654296875 74.89078521728516 1518.848876953125 252.158203125 
3 1807.84375 90.7550277709961 1900.2928466796875 269.906982421875 
3 1375.3641357421875 48.04505157470703 1453.9873046875 233.630615234375 
3 2019.522216796875 46.545501708984375 2063.216552734375 123.98970031738281 
3 1985.1964111328125 27.239974975585938 2027.984375 144.0315399169922 
3 1389.915771484375 0.8300323486328125 1417.425537109375 68.93323516845703 
3 1579.49169921875 12.631782531738281 1608.7213134765625 70.40593719482422 
208
3 1447.3665771484375 72.59133911132812 1528.150146484375 252.88751220703125 
3 298.2112121582031 128.85035705566406 378.8592529296875 262.6868591308594 
3 1808.2591552734375 90.05296325683594 1898.5252685546875 268.51263427734375 
3 1386.2464599609375 47.7279052734375 1460.6575927734375 232.56790161132812 
3 1985.3494873046875 27.97882843017578 2029.1566162109375 143.6499481201172 
3 2021.45849609375 47.14202880859375 2063.39794921875 123.19575500488281 
3 1390.3016357421875 0.0 1417.603759765625 69.15896606445312 
3 1558.37353515625 13.838203430175781 1586.1480712890625 71.80782318115234 
209
3 1807.682861328125 90.12596130371094 1896.5269775390625 269.98193359375 
3 1460.888671875 71.50353240966797 1536.15185546875 252.63290405273438 
3 298.5077819824219 128.52879333496094 379.13665771484375 262.5262145996094 
3 1391.109619140625 47.75213623046875 1465.2501220703125 234.77212524414062 
3 1987.6751708984375 28.16193389892578 2029.9134521484375 142.16842651367188 
3 2023.0521240234375 48.02235412597656 2060.42333984375 123.13088989257812 
3 1390.51953125 0.10733413696289062 1418.546142578125 70.0043716430664 
3 1559.2840576171875 13.696525573730469 1585.7071533203125 71.281005859375 
210
3 1804.3458251953125 90.00611114501953 1894.267578125 269.50885009765625 
3 1396.506103515625 47.02802276611328 1470.4039306640625 233.38381958007812 
3 298.17926025390625 128.73606872558594 379.26019287109375 262.80157470703125 
3 1466.2529296875 70.87915802001953 1544.0433349609375 252.73562622070312 
3 1987.654052734375 37.28208923339844 2031.585693359375 141.02035522460938 
3 2025.3980712890625 49.24596405029297 2062.96337890625 123.1688232421875 
3 1390.830810546875 0.4005928039550781 1417.1566162109375 70.49705505371094 
3 1559.6063232421875 13.469375610351562 1585.8955078125 72.08075714111328 
3 1575.352294921875 13.041088104248047 1606.869140625 69.96870422363281 
211
3 1799.7584228515625 89.76956176757812 1892.6346435546875 269.1524658203125 
3 1466.0908203125 71.93370819091797 1554.1173095703125 252.87164306640625 
3 1400.583251953125 48.64154052734375 1477.8929443359375 233.697265625 
3 298.1915588378906 127.87249755859375 379.83441162109375 262.8304443359375 
3 1988.918212890625 33.25608825683594 2031.2489013671875 140.31829833984375 
3 2025.6595458984375 46.887603759765625 2064.52880859375 123.59732055664062 
3 1391.770751953125 0.0 1416.907470703125 70.47511291503906 
3 1560.52880859375 13.762619018554688 1586.33447265625 70.9429931640625 
212
3 1794.9462890625 89.897705078125 1891.308837890625 273.8703918457031 
3 1464.030029296875 74.24067687988281 1564.168212890625 253.60702514648438 
3 298.4315490722656 129.04098510742188 379.88543701171875 262.9804382324219 
3 1400.5262451171875 51.58489990234375 1483.2579345703125 233.78573608398438 
3 1988.421142578125 32.384033203125 2031.8695068359375 139.77919006347656 
3 2024.714111328125 47.229103088378906 2065.287353515625 123.87442016601562 
3 1391.417724609375 0.0 1417.2265625 70.75101470947266 
213
3 1466.873291015625 75.34960174560547 1570.66943359375 253.30816650390625 
3 1789.8773193359375 90.27143096923828 1889.2086181640625 275.89788818359375 
3 1399.9171142578125 49.92585754394531 1489.024658203125 234.39959716796875 
3 298.12396240234375 127.80804443359375 380.04498291015625 263.12713623046875 
3 1987.937744140625 30.2305908203125 2033.19140625 139.1470489501953 
3 2024.79052734375 46.01849365234375 2064.095947265625 124.05909729003906 
3 1394.8140869140625 0.0 1418.7423095703125 69.32070922851562 
214
3 1467.8896484375 76.48278045654297 1582.707763671875 254.12564086914062 
3 1786.3211669921875 90.93328857421875 1887.0140380859375 282.4721374511719 
3 298.73321533203125 129.037353515625 380.2501525878906 263.0381774902344 
3 1400.38330078125 48.4866943359375 1494.4293212890625 235.22967529296875 
3 1987.240234375 28.293060302734375 2034.3212890625 140.12623596191406 
3 2024.8243408203125 47.41822052001953 2065.4619140625 124.501953125 
3 1395.3056640625 0.06914901733398438 1420.28564453125 70.03453826904297 
215
3 1782.5723876953125 92.00732421875 1885.9873046875 284.0833740234375 
3 1400.823486328125 48.20732116699219 1504.9241943359375 232.32260131835938 
3 298.2191162109375 127.593017578125 379.8590087890625 262.96466064453125 
3 1988.5020751953125 27.971263885498047 2034.928955078125 140.65969848632812 
3 1470.3621826171875 78.80680847167969 1588.0810546875 252.904052734375 
3 2023.2216796875 46.0948486328125 2064.901123046875 123.73295593261719 
3 1396.2880859375 0.0 1419.63037109375 68.78956604003906 
216
3 1400.849609375 50.335426330566406 1510.195556640625 233.22967529296875 
3 1776.802490234375 94.84199523925781 1883.95556640625 284.8638916015625 
3 298.3262939453125 128.80636596679688 380.38525390625 263.1565246582031 
3 1472.5966796875 77.74363708496094 1593.6588134765625 255.88104248046875 
3 1988.79248046875 44.061492919921875 2034.587646484375 140.73785400390625 
3 2023.0279541015625 46.172996520996094 2065.640380859375 123.88038635253906 
3 1397.2313232421875 0.0 1420.4884033203125 70.20628356933594 
3 1397.775634765625 0.0 1423.776611328125 67.629150390625 
217
3 1775.3121337890625 94.98638916015625 1882.695556640625 287.9749450683594 
3 1477.5843505859375 79.22100830078125 1604.5084228515625 257.5595703125 
3 298.2168273925781 128.46630859375 380.16461181640625 262.8136291503906 
3 1404.5015869140625 49.2655029296875 1511.7208251953125 232.27188110351562 
3 1989.2764892578125 45.9161376953125 2034.3134765625 139.841796875 
3 1398.3182373046875 0.0 1420.230224609375 70.82979583740234 
3 2022.6524658203125 50.157958984375 2067.60888671875 124.0880126953125 
218
3 1769.1986083984375 97.93301391601562 1880.068115234375 288.6894226074219 
3 1482.73095703125 78.91972351074219 1606.5152587890625 256.1041259765625 
3 298.1868591308594 128.53042602539062 380.1755676269531 262.9992980957031 
3 1408.67041015625 50.35588073730469 1515.4415283203125 233.30337524414062 
3 1989.00830078125 45.814659118652344 2035.8116455078125 139.9744873046875 
3 1398.3350830078125 0.0 1420.33544921875 71.32838439941406 
3 2022.6934814453125 49.179649353027344 2066.77978515625 125.93247985839844 
219
3 1767.3203125 99.16183471679688 1878.111083984375 289.667236328125 
3 1496.453857421875 79.0029296875 1609.8099365234375 252.4105224609375 
3 298.3118591308594 128.62918090820312 380.55767822265625 263.1679382324219 
3 1417.5677490234375 46.117698669433594 1520.51611328125 230.75411987304688 
3 1989.3507080078125 50.49469757080078 2035.0386962890625 139.71420288085938 
3 1398.491455078125 0.0 1420.5225830078125 71.78194427490234 
3 2023.0286865234375 48.62324523925781 2065.8818359375 125.81661987304688 
3 2027.4921875 47.85394287109375 2069.974853515625 124.21945190429688 
220
3 1766.9310302734375 98.88923645019531 1876.1025390625 289.244384765625 
3 1504.3651123046875 78.40164947509766 1610.580078125 250.8436279296875 
3 298.1852111816406 128.41477966308594 380.5141296386719 263.10491943359375 
3 1426.9200439453125 47.096923828125 1526.810546875 225.41937255859375 
3 1988.42431640625 47.20549774169922 2036.822021484375 139.29641723632812 
3 1398.9173583984375 0.0 1421.2965087890625 71.26338195800781 
3 2027.1888427734375 47.21214294433594 2069.6279296875 123.83912658691406 
3 322.9801330566406 60.90032958984375 346.3671569824219 105.34107971191406 
221
3 1765.021728515625 99.74885559082031 1869.717529296875 290.29638671875 
3 1519.0755615234375 76.64595794677734 1611.1668701171875 249.98492431640625 
3 298.35711669921875 128.369384765625 380.52471923828125 263.3686828613281 
3 1438.34814453125 47.808929443359375 1534.7386474609375 221.6055908203125 
3 1989.2802734375 50.996376037597656 2036.1241455078125 139.3144989013672 
3 1399.260009765625 0.0 1423.01953125 71.65174865722656 
3 2031.8194580078125 48.16400146484375 2067.16064453125 122.84007263183594 
222
3 1762.96630859375 98.97377014160156 1864.68115234375 289.33465576171875 
3 298.43341064453125 128.33526611328125 380.5231018066406 263.3504638671875 
3 1529.860107421875 74.05004119873047 1613.002685546875 248.4869384765625 
3 1447.7255859375 46.32123565673828 1540.6795654296875 222.19140625 
3 1989.09423828125 44.88951110839844 2039.3739013671875 138.83799743652344 
3 1399.685302734375 0.0 1425.8897705078125 71.9097671508789 
3 2033.1373291015625 45.10829162597656 2069.22412109375 122.78273010253906 
3 2503.06201171875 275.33917236328125 2558.924072265625 415.0038146972656 
3 600.90234375 78.66999816894531 653.328125 147.9500732421875 
223
3 1759.6756591796875 97.74380493164062 1861.612548828125 289.44573974609375 
3 298.28070068359375 128.20480346679688 380.83245849609375 263.369384765625 
3 1539.4666748046875 73.95106506347656 1615.12744140625 248.8106689453125 
3 1461.347412109375 45.44682312011719 1546.824462890625 222.58172607421875 
3 1989.544189453125 46.175331115722656 2040.01806640625 138.11920166015625 
3 1399.9927978515625 0.0 1426.4041748046875 72.15303802490234 
3 2033.7523193359375 46.24324035644531 2069.7548828125 122.70584106445312 
3 2487.770263671875 275.070556640625 2558.873046875 413.67950439453125 
224
3 1756.3695068359375 95.34980773925781 1856.9564208984375 290.71112060546875 
3 298.21319580078125 128.1470489501953 380.9033203125 263.3725891113281 
3 1547.2572021484375 73.53484344482422 1618.1259765625 250.12774658203125 
3 1472.1630859375 43.353607177734375 1552.209228515625 222.37277221679688 
3 2473.91796875 261.905517578125 2558.995849609375 414.8125915527344 
3 1400.343994140625 0.0 1425.750732421875 71.8330078125 
3 2035.4735107421875 47.507713317871094 2072.37548828125 122.861328125 
3 1990.660400390625 47.85157775878906 2040.2974853515625 138.18704223632812 
3 1990.939453125 46.61457824707031 2040.047119140625 137.69664001464844 
225
3 298.21612548828125 128.2252655029297 380.5881652832031 263.50732421875 
3 1548.72509765625 72.79753112792969 1622.546875 249.77020263671875 
3 1757.015625 94.75225830078125 1853.8607177734375 289.9275207519531 
3 1476.1292724609375 43.63458251953125 1557.4842529296875 222.89254760742188 
3 1994.2926025390625 46.41754150390625 2039.9825439453125 135.9312286376953 
3 2462.90673828125 257.2063903808594 2558.821044921875 414.69647216796875 
3 2036.0743408203125 47.80863952636719 2071.248779296875 123.84982299804688 
3 1400.4305419921875 0.0 1425.9757080078125 71.80911254882812 
226
3 1753.5545654296875 94.79977416992188 1850.70458984375 288.97222900390625 
3 298.3075256347656 128.19496154785156 380.70660400390625 263.44696044921875 
3 1548.75927734375 73.38687133789062 1627.47607421875 247.53738403320312 
3 1478.9239501953125 41.73609924316406 1563.4560546875 223.49099731445312 
3 1994.7071533203125 45.87614440917969 2042.244384765625 135.39578247070312 
3 2452.387939453125 246.2994384765625 2558.858642578125 416.29052734375 
3 2038.59033203125 51.05723571777344 2072.960205078125 122.0225830078125 
3 1400.4732666015625 0.0 1425.9556884765625 71.71623229980469 
227
3 1744.111572265625 94.77967834472656 1847.0565185546875 289.60015869140625 
3 298.40643310546875 128.18765258789062 380.8540344238281 263.442138671875 
3 1481.342041015625 43.01533508300781 1568.75 224.59634399414062 
3 1549.220947265625 73.39739990234375 1647.8167724609375 248.04345703125 
3 1998.3724365234375 45.024559020996094 2041.279296875 135.06053161621094 
3 2450.25341796875 245.63345336914062 2558.895751953125 415.9769287109375 
3 1400.4505615234375 0.0 1426.1177978515625 71.31046295166016 
3 2037.280517578125 48.86412048339844 2073.205078125 121.67634582519531 
228
3 1735.077392578125 94.3466796875 1842.1646728515625 290.4569091796875 
3 298.3982849121094 128.2000732421875 380.6998291015625 263.55242919921875 
3 1549.314453125 76.46368408203125 1659.400146484375 247.6884765625 
3 1483.189208984375 44.69615936279297 1573.84375 223.20245361328125 
3 1998.5111083984375 47.06669616699219 2041.0062255859375 134.6729278564453 
3 2452.43408203125 242.87283325195312 2558.653564453125 415.0247802734375 
3 1400.339599609375 0.0 1426.2752685546875 71.54114532470703 
3 2036.786376953125 48.498443603515625 2074.18310546875 123.19526672363281 
229
3 1716.4210205078125 95.45730590820312 1837.265380859375 290.6786804199219 
3 1549.784912109375 78.67196655273438 1667.0546875 247.27880859375 
3 298.3155822753906 128.12338256835938 380.71368408203125 263.5302734375 
3 1482.4267578125 46.36205291748047 1580.3099365234375 222.457275390625 
3 2451.791015625 242.259765625 2558.79296875 414.36553955078125 
3 2000.607177734375 47.35075378417969 2041.36279296875 134.4031982421875 
3 1400.2310791015625 0.0 1427.503173828125 71.64917755126953 
3 2035.44873046875 46.90296936035156 2073.675537109375 121.58924865722656 
230
3 1707.734130859375 96.9278564453125 1832.6986083984375 290.3741455078125 
3 1548.87158203125 79.79541778564453 1669.8507080078125 247.06817626953125 
3 298.2904052734375 128.26986694335938 380.704833984375 263.689208984375 
3 1483.830810546875 51.4541015625 1584.727294921875 225.61978149414062 
3 2448.511474609375 239.31668090820312 2558.81884765625 414.5404357910156 
3 2002.748779296875 44.97850036621094 2042.695556640625 133.9987030029297 
3 1400.136474609375 0.0 1427.3924560546875 71.80644226074219 
3 2034.356201171875 48.201690673828125 2074.034423828125 121.89071655273438 
3 600.9806518554688 76.97798919677734 653.2413330078125 147.72645568847656 
231
3 1696.5765380859375 98.35537719726562 1827.6669921875 289.8807678222656 
3 1549.7626953125 80.41068267822266 1672.37890625 247.162353515625 
3 298.2450256347656 128.29373168945312 380.63836669921875 263.64947509765625 
3 1481.7589111328125 57.30143737792969 1588.852294921875 223.9808349609375 
3 2447.7451171875 237.82418823242188 2558.748046875 414.88922119140625 
3 2003.75634765625 43.55787658691406 2044.0506591796875 134.00164794921875 
3 1400.0240478515625 0.0 1427.7200927734375 71.7701416015625 
3 2034.821533203125 50.44402313232422 2072.764404296875 122.0242919921875 
3 600.9988403320312 76.64811706542969 653.2672729492188 147.73052978515625 
232
3 1691.476318359375 98.99845886230469 1821.2901611328125 289.7202453613281 
3 298.3001403808594 128.30093383789062 380.69061279296875 263.64007568359375 
3 1554.0517578125 81.75282287597656 1673.2911376953125 246.96368408203125 
3 1486.49462890625 55.60417175292969 1593.860107421875 218.9205780029297 
3 2448.315185546875 233.36212158203125 2558.48193359375 410.24957275390625 
3 1400.0072021484375 0.0 1427.2711181640625 71.32133483886719 
3 2004.951416015625 44.03649139404297 2046.0682373046875 134.3776397705078 
3 600.920166015625 76.49444580078125 653.2871704101562 147.68759155273438 
3 2034.2269287109375 50.40570831298828 2075.560791015625 121.93136596679688 
233
3 1706.0406494140625 100.89512634277344 1817.781494140625 289.7563781738281 
3 298.1446838378906 128.08944702148438 380.8512268066406 263.4992980957031 
3 1561.101806640625 80.46076965332031 1673.0592041015625 247.43316650390625 
3 1489.8018798828125 55.665863037109375 1602.05419921875 222.3536376953125 
3 2447.53759765625 230.4034423828125 2555.68310546875 405.0580749511719 
3 1400.0450439453125 0.0 1427.4293212890625 70.50103759765625 
3 2004.8907470703125 43.97438049316406 2046.0096435546875 134.66091918945312 
3 2034.4739990234375 47.29375457763672 2079.500244140625 122.19287109375 
3 2035.4593505859375 49.059715270996094 2077.57373046875 122.21562194824219 
3 600.99951171875 77.11617279052734 653.2330932617188 147.6363067626953 
234
3 1569.4560546875 78.72541809082031 1675.727294921875 247.31695556640625 
3 1704.3817138671875 102.82524108886719 1810.46533203125 289.4393310546875 
3 298.2401428222656 128.22085571289062 380.4103698730469 263.6308898925781 
3 1502.67333984375 54.34998321533203 1604.4818115234375 218.2366180419922 
3 2444.401123046875 228.84109497070312 2553.435302734375 398.91400146484375 
3 1400.2286376953125 0.0 1426.3193359375 69.60057830810547 
3 2005.4898681640625 43.584205627441406 2046.544677734375 134.95155334472656 
3 2035.2318115234375 46.679115295410156 2080.95068359375 121.98486328125 
3 601.0721435546875 76.70496368408203 653.259033203125 147.5583953857422 
235
3 1582.347900390625 77.58290100097656 1682.9208984375 247.06463623046875 
3 1692.10546875 102.66107177734375 1807.455810546875 289.3677062988281 
3 298.1431579589844 128.5325469970703 379.67498779296875 263.70281982421875 
3 1509.3212890625 53.4439697265625 1608.302978515625 214.180908203125 
3 2426.890625 226.924560546875 2546.332275390625 395.6162109375 
3 2006.0579833984375 42.05937194824219 2047.5892333984375 135.0602264404297 
3 1400.3551025390625 0.0 1425.829833984375 65.41665649414062 
3 2038.6676025390625 51.05181884765625 2081.49951171875 122.173095703125 
3 600.99072265625 76.59652709960938 653.3565673828125 147.90411376953125 
236
3 1693.469970703125 103.37919616699219 1802.5732421875 290.24127197265625 
3 1597.6627197265625 75.20843505859375 1687.39404296875 247.43109130859375 
3 298.1871337890625 128.10047912597656 381.05303955078125 263.2254333496094 
3 1519.97900390625 50.019866943359375 1607.87353515625 210.86331176757812 
3 2425.750732421875 224.97366333007812 2543.4287109375 390.24951171875 
3 2006.675537109375 40.44457244873047 2047.625244140625 134.5556640625 
3 1400.3912353515625 0.0 1426.3428955078125 65.22713470458984 
3 2039.484619140625 50.567230224609375 2082.324951171875 122.2523193359375 
237
3 1692.28662109375 102.95021057128906 1798.277587890625 289.9247741699219 
3 1615.0126953125 73.95307159423828 1689.94091796875 247.13412475585938 
3 298.1261291503906 128.40892028808594 379.6563720703125 263.54571533203125 
3 2425.536865234375 224.97616577148438 2538.11376953125 390.51080322265625 
3 2006.44189453125 39.49336242675781 2048.035400390625 134.69041442871094 
3 1400.27880859375 0.0 1425.4072265625 64.33275604248047 
3 1528.8880615234375 47.789581298828125 1608.4039306640625 207.46495056152344 
3 2038.108642578125 47.40081787109375 2083.8037109375 121.9818115234375 
3 600.9483032226562 77.02141571044922 653.1277465820312 147.72218322753906 
238
3 1622.5625 73.1517333984375 1697.1925048828125 246.2255859375 
3 298.36846923828125 128.24472045898438 380.05572509765625 263.5233459472656 
3 1690.2642822265625 102.94198608398438 1793.0283203125 289.62628173828125 
3 1539.3917236328125 47.13722229003906 1610.54052734375 207.83050537109375 
3 2418.8623046875 222.7791748046875 2534.84228515625 393.7344665527344 
3 2007.577880859375 44.49664306640625 2047.3822021484375 133.3333282470703 
3 1400.190185546875 0.0 1425.5657958984375 67.35466003417969 
3 2039.516845703125 48.48796844482422 2083.6630859375 122.14447021484375 
3 601.1737670898438 77.35061645507812 653.16064453125 147.65609741210938 
239
3 298.2659912109375 128.05694580078125 380.72943115234375 263.4585876464844 
3 1690.5482177734375 103.05584716796875 1785.460205078125 289.2046203613281 
3 1629.0169677734375 73.49696350097656 1705.6339111328125 248.00921630859375 
3 1544.17529296875 43.97908020019531 1614.175048828125 212.52040100097656 
3 2407.34423828125 222.803955078125 2531.773681640625 392.8480224609375 
3 2008.1051025390625 44.227806091308594 2046.8489990234375 132.6979522705078 
3 1400.0933837890625 0.0 1425.81982421875 69.614501953125 
3 2042.593994140625 50.846046447753906 2084.918212890625 120.94453430175781 
240
3 298.339111328125 128.26654052734375 380.2350158691406 263.4839782714844 
3 1629.807861328125 74.34867858886719 1710.7337646484375 247.18508911132812 
3 1690.3468017578125 103.137939453125 1782.4630126953125 286.0589599609375 
3 1547.05908203125 42.03205108642578 1618.37548828125 211.70220947265625 
3 2394.721435546875 222.1497802734375 2527.89501953125 390.325927734375 
3 2008.5406494140625 45.128387451171875 2047.0352783203125 131.97889709472656 
3 1400.103759765625 0.0 1425.560791015625 69.83106231689453 
3 2044.1934814453125 50.57294464111328 2086.596435546875 120.33413696289062 
3 601.22265625 76.86188507080078 653.1823120117188 147.484375 
241
3 1629.2987060546875 75.43254852294922 1712.6883544921875 247.3873291015625 
3 298.31298828125 128.17550659179688 380.809814453125 263.5145263671875 
3 1681.3365478515625 103.42108154296875 1779.7523193359375 286.6104736328125 
3 1545.5491943359375 41.65332794189453 1622.67041015625 211.66574096679688 
3 2381.9931640625 222.119384765625 2523.678955078125 390.34552001953125 
3 2008.69970703125 45.56713104248047 2048.026123046875 130.79591369628906 
3 1400.1539306640625 0.0 1425.937744140625 70.25285339355469 
3 2045.15087890625 50.998634338378906 2085.678955078125 121.84281921386719 
3 601.4636840820312 76.64720916748047 652.8422241210938 147.6288299560547 
242
3 1630.9407958984375 75.65995025634766 1717.6021728515625 247.74578857421875 
3 298.4071044921875 128.31439208984375 380.2799377441406 263.6269836425781 
3 1674.8812255859375 101.23440551757812 1776.4759521484375 302.55548095703125 
3 1545.1990966796875 43.67851257324219 1628.5218505859375 212.89193725585938 
3 2373.04052734375 220.625244140625 2512.923583984375 390.40740966796875 
3 2008.797607421875 48.45497131347656 2047.5220947265625 130.36293029785156 
3 1400.2039794921875 0.0 1425.39404296875 69.94572448730469 
3 2047.3746337890625 51.754608154296875 2083.1455078125 121.32772827148438 
3 601.2098388671875 76.75431060791016 653.1846313476562 147.6556396484375 
243
3 298.440185546875 128.21873474121094 380.1351623535156 263.63336181640625 
3 1666.8402099609375 100.85813903808594 1772.2630615234375 307.49371337890625 
3 1629.02392578125 74.24794006347656 1724.345703125 247.4300537109375 
3 1546.46923828125 47.22247314453125 1632.369384765625 212.3575439453125 
3 2368.25146484375 219.81324768066406 2510.0263671875 390.1026611328125 
3 2008.181884765625 46.45365905761719 2049.8994140625 130.99717712402344 
3 1400.1097412109375 0.0 1425.1468505859375 68.95435333251953 
3 2046.88916015625 49.96318817138672 2085.436767578125 121.84025573730469 
3 601.252685546875 76.41795349121094 653.1314086914062 147.59449768066406 
244
3 298.3445739746094 128.1253662109375 381.11297607421875 263.5080261230469 
3 1546.3275146484375 49.447715759277344 1645.540283203125 212.9482421875 
2 1642.3507080078125 100.71188354492188 1768.9610595703125 310.3922424316406 
3 1633.4268798828125 74.67300415039062 1723.4224853515625 246.43231201171875 
3 2362.6171875 218.56155395507812 2507.1435546875 389.8296203613281 
3 2007.9071044921875 44.06089782714844 2050.079345703125 130.58827209472656 
3 1400.0013427734375 0.0 1425.217041015625 69.70166778564453 
3 2047.290283203125 48.742706298828125 2086.403076171875 121.32832336425781 
3 601.4006958007812 76.5756607055664 653.1771240234375 147.6922149658203 
245
3 298.64447021484375 128.19625854492188 380.6121826171875 263.5041198730469 
3 1546.8916015625 51.327293395996094 1649.6956787109375 209.31817626953125 
2 1642.2646484375 101.0753173828125 1766.4222412109375 312.72576904296875 
3 2356.020751953125 218.4418487548828 2504.054931640625 390.9697265625 
3 2008.6566162109375 43.68629455566406 2051.49560546875 129.9923095703125 
3 1400.035400390625 0.0 1424.8314208984375 69.34820556640625 
3 1637.796630859375 74.92588806152344 1720.1956787109375 243.29684448242188 
3 1638.517822265625 74.8052749633789 1718.9251708984375 184.0174560546875 
3 600.8909912109375 76.59303283691406 653.0747680664062 147.48538208007812 
3 2047.612548828125 48.9102783203125 2087.42578125 122.90751647949219 
246
2 1643.743896484375 102.340576171875 1766.0302734375 314.650390625 
3 298.6895446777344 127.97360229492188 381.10009765625 263.24981689453125 
3 1545.8428955078125 49.15638732910156 1648.617431640625 210.42913818359375 
3 2352.742431640625 215.903076171875 2494.55712890625 388.83746337890625 
3 2008.3287353515625 44.617942810058594 2053.2236328125 130.3318634033203 
3 1639.9151611328125 75.24942016601562 1722.5400390625 247.86270141601562 
3 1400.143798828125 0.0 1424.96142578125 69.52729797363281 
3 2048.7861328125 48.83929443359375 2085.910888671875 122.75483703613281 
3 601.3724365234375 76.4997329711914 653.042236328125 147.36898803710938 
247
3 298.6403503417969 128.28240966796875 380.32415771484375 263.62286376953125 
3 1550.79931640625 50.432037353515625 1651.8739013671875 207.83004760742188 
3 2351.77490234375 212.4950408935547 2489.141845703125 387.0693054199219 
3 1641.54345703125 100.42559814453125 1767.37353515625 300.1316833496094 
3 2008.6890869140625 45.70545959472656 2052.8994140625 129.70118713378906 
3 1399.47119140625 0.0 1425.188720703125 69.73051452636719 
3 2050.5 48.47552490234375 2086.36572265625 123.98138427734375 
3 600.7550659179688 77.54988861083984 653.3299560546875 147.630615234375 
248
3 298.6374206542969 128.24693298339844 380.6556701660156 263.37835693359375 
3 1555.6214599609375 49.77415466308594 1658.6868896484375 208.07691955566406 
3 2350.9169921875 207.3397979736328 2484.62109375 382.4653015136719 
3 1634.641357421875 104.75372314453125 1766.9935302734375 284.8617248535156 
3 2008.5614013671875 49.669769287109375 2051.4873046875 129.85598754882812 
3 1399.32568359375 0.0 1425.52490234375 70.40161895751953 
3 2050.25390625 49.302574157714844 2086.39111328125 125.58450317382812 
2 1636.7567138671875 106.55683898925781 1767.8165283203125 312.3519287109375 
3 601.14306640625 77.30879974365234 653.31689453125 147.5301513671875 
249
2 1626.0057373046875 104.48745727539062 1764.36962890625 318.04736328125 
3 298.6781311035156 128.0162811279297 380.9781799316406 263.41363525390625 
3 1564.28271484375 49.68254089355469 1661.976806640625 205.24778747558594 
3 2350.884521484375 207.49139404296875 2482.04833984375 377.1449279785156 
3 2009.32080078125 47.74858093261719 2054.01318359375 130.0261688232422 
3 1399.333740234375 0.0 1425.0567626953125 69.99577331542969 
3 2050.173583984375 49.504486083984375 2086.3212890625 125.34599304199219 
3 601.0247802734375 76.6635513305664 653.2037353515625 147.5173797607422 
3 1661.1553955078125 67.54826354980469 1750.7489013671875 154.60678100585938 
250
2 1622.4886474609375 106.48309326171875 1762.107421875 320.740478515625 
3 298.5091552734375 128.22250366210938 379.8471984863281 263.5202331542969 
3 1567.6502685546875 49.39569091796875 1664.92578125 203.9752197265625 
3 2350.448486328125 203.87985229492188 2477.050537109375 382.4751892089844 
3 2009.338134765625 48.51800537109375 2055.96044921875 129.79855346679688 
3 1398.81640625 0.0 1424.592041015625 70.59184265136719 
3 1678.5443115234375 69.45407104492188 1752.8135986328125 160.62033081054688 
3 2047.94921875 48.513465881347656 2086.81591796875 125.71565246582031 
251
2 1621.000244140625 106.37216186523438 1757.7880859375 320.9422302246094 
3 298.638671875 128.05914306640625 380.4588623046875 263.56402587890625 
3 2350.04443359375 203.3882598876953 2472.865478515625 373.973388671875 
3 1573.363525390625 49.52423095703125 1675.6866455078125 194.8310089111328 
3 2008.6463623046875 48.80558776855469 2057.230224609375 130.03009033203125 
3 1398.8353271484375 0.0 1424.8955078125 70.83959197998047 
3 1693.1494140625 69.93685913085938 1764.052978515625 201.6278839111328 
3 2047.512451171875 48.466583251953125 2086.84130859375 125.63754272460938 
3 1557.7484130859375 14.524703979492188 1606.898193359375 72.59889221191406 
252
2 1617.2841796875 106.43412780761719 1749.6256103515625 320.9220275878906 
3 298.4658203125 128.12445068359375 380.6238708496094 263.3958435058594 
3 2350.22607421875 202.2279052734375 2471.06640625 373.46234130859375 
3 1597.01953125 49.33344268798828 1676.787841796875 183.31300354003906 
3 1695.734130859375 68.71629333496094 1764.064453125 249.54058837890625 
3 2008.429443359375 42.2772216796875 2058.44677734375 130.2105712890625 
3 1398.7427978515625 0.0 1425.3714599609375 71.00503540039062 
3 1558.732666015625 15.346580505371094 1605.4544677734375 72.48489379882812 
3 2050.895263671875 47.537445068359375 2087.606201171875 124.44192504882812 
253
3 298.5609130859375 128.3685302734375 380.09735107421875 263.54595947265625 
2 1612.4259033203125 105.14404296875 1741.7196044921875 320.5510559082031 
3 1693.0458984375 65.39718627929688 1761.9268798828125 235.23941040039062 
3 2349.86767578125 200.8583221435547 2468.5126953125 369.1829833984375 
3 2009.0482177734375 43.40850067138672 2057.65283203125 130.04638671875 
3 1399.0731201171875 0.0 1423.99755859375 70.8090591430664 
3 1602.2095947265625 47.27721405029297 1679.0758056640625 195.57196044921875 
3 2050.293701171875 46.24273681640625 2088.271484375 124.44708251953125 
3 1559.1405029296875 14.387992858886719 1607.4298095703125 72.76284790039062 
254
2 1605.88427734375 107.18040466308594 1737.055908203125 320.01617431640625 
3 298.32855224609375 128.5612030029297 380.0227355957031 263.5514831542969 
3 1699.1298828125 66.70734405517578 1763.5838623046875 234.96786499023438 
3 2350.012939453125 201.2952117919922 2465.5849609375 369.9291687011719 
3 1613.809814453125 46.61834716796875 1682.0587158203125 185.7593536376953 
3 1399.3470458984375 0.0 1423.9830322265625 70.34562683105469 
3 2011.332763671875 46.245811462402344 2059.36474609375 129.57916259765625 
3 2046.4757080078125 45.557891845703125 2087.310302734375 126.49160766601562 
3 600.9609985351562 76.80000305175781 652.8888549804688 147.69602966308594 
255
3 298.3509521484375 128.20130920410156 380.75836181640625 263.46966552734375 
2 1609.552490234375 106.19976806640625 1733.204345703125 319.645263671875 
3 1700.701171875 64.1922836303711 1766.556640625 246.22589111328125 
3 1617.6737060546875 46.350624084472656 1687.742431640625 163.57618713378906 
3 2349.67919921875 200.01336669921875 2464.257080078125 372.8963317871094 
3 2013.73193359375 41.34129333496094 2060.403564453125 127.52906799316406 
3 1399.657470703125 0.0 1424.19189453125 70.59588623046875 
3 2052.892578125 43.96681213378906 2087.666015625 122.19093322753906 
256
3 298.42449951171875 128.71163940429688 380.1441345214844 263.49786376953125 
2 1605.7882080078125 105.550048828125 1720.6165771484375 319.2157287597656 
3 2338.587158203125 198.17037963867188 2460.525390625 369.76995849609375 
3 1702.981201171875 60.186668395996094 1772.0347900390625 217.71664428710938 
3 2016.1695556640625 42.518646240234375 2060.392578125 127.41314697265625 
3 1622.820068359375 46.49333190917969 1691.1519775390625 146.83868408203125 
3 1399.279296875 0.0 1424.83837890625 68.81224060058594 
3 2052.35693359375 43.209136962890625 2088.257568359375 125.28562927246094 
3 1580.05615234375 13.151622772216797 1608.17626953125 68.69815063476562 
257
2 1601.27392578125 103.6856689453125 1714.784912109375 317.5235595703125 
3 298.5486755371094 128.21792602539062 380.7845764160156 263.39263916015625 
3 2323.64990234375 199.8042449951172 2454.08447265625 369.0572509765625 
3 1698.7242431640625 69.34201049804688 1776.726318359375 241.49755859375 
3 2018.03564453125 45.66966247558594 2062.453125 127.38861083984375 
3 1399.395263671875 0.0 1426.095947265625 70.22693634033203 
3 2050.833984375 46.93896484375 2087.63427734375 125.2708740234375 
3 1559.5875244140625 12.690593719482422 1589.4906005859375 72.61734008789062 
3 1581.1727294921875 13.31201171875 1608.06787109375 67.70811462402344 
3 1627.072021484375 65.42701721191406 1700.4718017578125 136.50018310546875 
258
3 298.4788513183594 128.44390869140625 380.1203308105469 263.5166015625 
2 1598.529052734375 100.43888854980469 1708.974609375 319.8342590332031 
3 1692.6689453125 71.40313720703125 1782.2550048828125 227.7928466796875 
3 2310.495849609375 199.32989501953125 2447.62939453125 368.6289978027344 
3 2022.1739501953125 45.901458740234375 2063.279052734375 127.096923828125 
3 1399.44775390625 0.0 1431.0714111328125 67.04863739013672 
3 1581.8614501953125 12.878585815429688 1608.1343994140625 68.10211181640625 
3 2051.99462890625 44.719024658203125 2088.260986328125 124.81301879882812 
259
2 1587.111083984375 103.58258056640625 1704.3994140625 319.8648681640625 
3 298.2793273925781 128.60037231445312 379.8865966796875 263.5633239746094 
3 1689.6300048828125 72.71865844726562 1786.147216796875 226.15078735351562 
3 2299.379638671875 197.7454833984375 2443.193359375 368.61669921875 
3 2023.5047607421875 45.258819580078125 2065.13818359375 126.92530822753906 
3 1399.0770263671875 0.0 1424.4193115234375 67.40502166748047 
3 1581.9993896484375 12.079124450683594 1608.239501953125 69.1669692993164 
260
3 298.4184875488281 128.17369079589844 381.1372375488281 263.5096130371094 
3 1692.4678955078125 73.66975402832031 1791.189208984375 226.3914794921875 
2 1567.6810302734375 104.40646362304688 1699.49755859375 321.02490234375 
3 2295.71630859375 198.40036010742188 2439.314697265625 368.6353759765625 
3 2026.203857421875 46.789520263671875 2066.873779296875 126.6632080078125 
3 1398.6900634765625 0.0 1424.5557861328125 71.55024719238281 
3 1583.45556640625 12.019340515136719 1608.302001953125 71.34939575195312 
3 1638.4910888671875 55.14990234375 1714.93115234375 135.80064392089844 
261
2 1558.568603515625 102.17288208007812 1700.532470703125 320.4525146484375 
3 298.359375 128.5574951171875 380.24652099609375 263.6017761230469 
3 1692.9068603515625 71.05438232421875 1794.0155029296875 225.76376342773438 
3 2288.81591796875 194.40792846679688 2430.885498046875 370.48748779296875 
3 1398.420654296875 0.0 1422.28076171875 69.77051544189453 
3 2029.5262451171875 44.094154357910156 2065.518798828125 127.31745910644531 
3 1639.0970458984375 52.69337463378906 1719.831787109375 142.90708923339844 
3 1584.2696533203125 12.432723999023438 1608.53955078125 72.6070327758789 
3 1639.38818359375 52.36163330078125 1722.718994140625 182.75674438476562 
3 600.8599243164062 77.42536163330078 652.9175415039062 147.6531982421875 
262
2 1539.831787109375 104.125244140625 1684.169677734375 320.48541259765625 
3 298.35467529296875 128.289794921875 380.90155029296875 263.52166748046875 
3 1696.146240234375 71.78170776367188 1798.47314453125 224.84442138671875 
3 2291.338623046875 193.75015258789062 2427.1015625 371.0311279296875 
3 1638.1396484375 51.78706359863281 1724.7821044921875 197.3170928955078 
3 1398.5384521484375 0.0 1423.3248291015625 71.40528869628906 
3 1563.486572265625 13.299419403076172 1594.4388427734375 75.52318572998047 
3 1584.5501708984375 13.329792022705078 1609.3040771484375 76.12489318847656 
3 2031.0848388671875 48.690513610839844 2063.2021484375 126.68861389160156 
263
2 1534.1031494140625 103.91523742675781 1678.9635009765625 320.7676696777344 
3 1696.0533447265625 71.73225402832031 1800.9990234375 223.19427490234375 
3 298.2312316894531 128.48846435546875 380.48455810546875 263.5385437011719 
3 1652.42626953125 50.498748779296875 1729.0234375 198.169189453125 
3 2300.5947265625 193.3683624267578 2420.724609375 367.4081115722656 
3 1398.2176513671875 0.0 1421.74462890625 71.00078582763672 
3 1565.4620361328125 13.481620788574219 1594.8006591796875 75.22142028808594 
3 2032.3663330078125 47.965606689453125 2070.6826171875 126.96578979492188 
3 1585.1956787109375 12.9637451171875 1609.5899658203125 76.33723449707031 
3 2030.8807373046875 49.058204650878906 2064.82177734375 127.24168395996094 
264
2 1530.0863037109375 103.9642333984375 1675.12255859375 321.1754455566406 
3 1699.7696533203125 70.84439849853516 1802.8770751953125 217.2550048828125 
3 298.3675537109375 128.63296508789062 380.3310546875 263.5472717285156 
3 1656.717529296875 49.11962890625 1730.381103515625 196.2140655517578 
3 2289.15087890625 191.46954345703125 2416.474853515625 363.2559814453125 
3 1398.2906494140625 0.0 1421.884521484375 71.1510009765625 
3 2031.458740234375 50.24534606933594 2069.19873046875 127.63360595703125 
3 1565.4747314453125 12.527984619140625 1593.7657470703125 75.23291778564453 
3 1585.6611328125 12.793407440185547 1609.3428955078125 77.25138854980469 
265
3 298.3705749511719 128.1937255859375 380.9527893066406 263.5501708984375 
2 1531.7347412109375 106.01339721679688 1672.68310546875 322.48980712890625 
3 1709.021728515625 70.23295593261719 1807.0830078125 216.21224975585938 
3 1658.804443359375 49.42876434326172 1733.0751953125 193.4557342529297 
3 2283.777587890625 191.3385009765625 2412.845947265625 361.54803466796875 
3 1398.1097412109375 0.0 1424.898193359375 71.82891082763672 
3 2032.201904296875 50.632713317871094 2070.6611328125 126.79945373535156 
3 1565.2718505859375 11.438331604003906 1596.779052734375 75.60453796386719 
266
2 1527.17529296875 106.78543090820312 1668.6207275390625 321.7969055175781 
3 298.4292907714844 128.5591583251953 380.4551696777344 263.71942138671875 
3 1720.7490234375 65.77632904052734 1809.7567138671875 215.37506103515625 
3 1652.6650390625 50.06739807128906 1736.340087890625 195.23492431640625 
3 2290.361572265625 189.48385620117188 2409.802490234375 359.6204528808594 
3 2032.7506103515625 48.54447937011719 2069.93994140625 127.46257019042969 
3 1398.2137451171875 0.21186447143554688 1424.96826171875 70.2256851196289 
3 1565.7586669921875 10.621414184570312 1607.8060302734375 76.4766845703125 
267
2 1527.9703369140625 105.9766845703125 1664.3863525390625 322.103515625 
3 298.33880615234375 128.4346160888672 380.9659423828125 263.62896728515625 
3 1729.86865234375 64.51506042480469 1813.3914794921875 214.278076171875 
3 1658.8707275390625 49.97437286376953 1738.510009765625 199.3035888671875 
3 2283.79345703125 189.35618591308594 2407.568603515625 358.3117370605469 
3 2033.9456787109375 50.73884582519531 2071.988037109375 126.44659423828125 
3 1566.0455322265625 10.272865295410156 1608.4735107421875 77.2406005859375 
3 1396.730224609375 0.0 1420.672607421875 71.68476867675781 
268
2 1527.8631591796875 105.36859130859375 1659.5684814453125 321.72821044921875 
3 298.25604248046875 128.52720642089844 380.408935546875 263.677734375 
3 1664.2501220703125 46.98414611816406 1740.9501953125 199.18658447265625 
3 1742.8865966796875 64.34454345703125 1815.73974609375 213.25729370117188 
3 2282.61181640625 188.07899475097656 2405.096923828125 355.62872314453125 
3 2034.159912109375 52.724700927734375 2072.376220703125 126.42012023925781 
3 1566.08544921875 8.220512390136719 1609.19873046875 77.25578308105469 
3 1398.10302734375 0.06500244140625 1425.9127197265625 70.94190216064453 
269
3 1747.923095703125 64.00081634521484 1819.7637939453125 211.63697814941406 
3 298.2954406738281 128.2794189453125 380.8934631347656 263.6119079589844 
2 1527.603759765625 104.38371276855469 1653.1568603515625 321.600341796875 
3 1671.787109375 44.944725036621094 1745.3751220703125 198.3232421875 
3 2283.16748046875 187.4146270751953 2405.5556640625 355.24237060546875 
3 1566.1253662109375 7.8237152099609375 1609.2939453125 77.2696533203125 
3 2035.169677734375 50.507659912109375 2074.676025390625 125.04318237304688 
3 1397.8968505859375 0.0 1429.40966796875 70.66767120361328 
270
2 1528.14013671875 103.64321899414062 1640.830810546875 321.50994873046875 
3 1747.29541015625 64.21696472167969 1823.7431640625 211.8238525390625 
3 298.19720458984375 128.41485595703125 380.8985595703125 263.658935546875 
3 1674.5438232421875 42.973960876464844 1746.9344482421875 205.24667358398438 
3 2283.379150390625 184.55047607421875 2400.067626953125 353.2437438964844 
3 1566.848388671875 7.50775146484375 1609.2806396484375 77.2980728149414 
3 2039.65771484375 48.138214111328125 2074.866455078125 123.23091125488281 
3 1398.0166015625 0.0 1430.215576171875 70.98011016845703 
271
2 1527.96240234375 102.33499145507812 1632.7808837890625 322.056884765625 
3 298.2545471191406 128.39517211914062 380.3793029785156 263.79449462890625 
3 1745.8638916015625 64.74732971191406 1826.3765869140625 210.61724853515625 
3 1673.5770263671875 43.131690979003906 1749.112060546875 199.90536499023438 
3 2282.985107421875 183.07156372070312 2396.885498046875 350.05938720703125 
3 1566.2327880859375 7.515663146972656 1608.5052490234375 76.92481994628906 
3 2040.08544921875 50.57746887207031 2075.546142578125 122.76826477050781 
3 1396.4512939453125 0.3340263366699219 1419.857177734375 71.20149230957031 
272
3 298.2593994140625 128.51287841796875 380.57366943359375 263.7607116699219 
2 1529.0364990234375 102.62118530273438 1628.061279296875 325.8873596191406 
3 1744.46630859375 65.38883972167969 1829.3714599609375 211.06605529785156 
3 1680.2789306640625 43.110496520996094 1754.1322021484375 198.35025024414062 
3 2282.889892578125 182.52467346191406 2393.87109375 352.6239929199219 
3 2040.7928466796875 51.96040344238281 2078.259521484375 122.93414306640625 
3 1567.059326171875 8.269474029541016 1609.1846923828125 77.02630615234375 
3 1396.217529296875 0.199066162109375 1420.067626953125 72.30823516845703 
273
2 1518.9503173828125 101.89556884765625 1623.3201904296875 329.75213623046875 
3 298.0526123046875 128.74696350097656 378.98333740234375 263.751708984375 
3 1745.2025146484375 67.95609283447266 1832.2108154296875 210.75343322753906 
3 1681.5321044921875 42.85497283935547 1758.8092041015625 198.867431640625 
3 2283.798828125 180.37521362304688 2391.99169921875 350.5772705078125 
3 1565.9056396484375 6.0639190673828125 1608.96240234375 77.05939483642578 
3 2039.9190673828125 51.40852355957031 2078.145751953125 123.36590576171875 
3 1395.813232421875 0.0 1419.7078857421875 71.68180847167969 
274
3 298.1836853027344 128.3126220703125 380.81097412109375 263.5445861816406 
2 1512.0062255859375 103.75550842285156 1619.6875 330.1967468261719 
3 1682.5113525390625 44.69837188720703 1761.04736328125 197.628173828125 
3 1747.5841064453125 69.7088623046875 1836.608642578125 211.62374877929688 
3 2278.53369140625 180.3214874267578 2389.21630859375 352.61376953125 
3 1565.2823486328125 6.297798156738281 1609.6741943359375 76.84695434570312 
3 2040.142333984375 51.296539306640625 2078.961669921875 124.02131652832031 
3 1396.533203125 0.0 1418.9609375 71.99557495117188 
275
2 1502.8709716796875 100.7796630859375 1616.1646728515625 327.74700927734375 
3 298.2235107421875 128.4269561767578 380.7033996582031 263.4689025878906 
3 1751.722412109375 69.77761840820312 1839.5865478515625 211.91329956054688 
3 1682.692626953125 45.52696228027344 1764.38623046875 200.3991241455078 
3 2277.6083984375 178.94039916992188 2383.903564453125 352.39776611328125 
3 1566.0159912109375 5.923896789550781 1609.4539794921875 76.83483123779297 
3 2040.417236328125 53.576873779296875 2080.980712890625 125.04841613769531 
3 1396.56640625 0.0 1419.472412109375 71.6504898071289 
276
2 1495.42578125 103.53826904296875 1614.7109375 338.55743408203125 
3 298.2054748535156 128.62841796875 380.1756286621094 263.505615234375 
3 1755.3804931640625 69.98206329345703 1842.54736328125 213.01025390625 
3 1682.9918212890625 46.09906005859375 1769.1302490234375 198.04205322265625 
3 2264.080810546875 177.58734130859375 2381.476318359375 352.1528625488281 
3 1566.069091796875 6.679039001464844 1609.495361328125 77.02603912353516 
3 2040.5767822265625 51.62287902832031 2082.08447265625 123.39273071289062 
3 1396.4193115234375 0.045989990234375 1419.8270263671875 71.54754638671875 
277
2 1485.83056640625 105.96954345703125 1614.519287109375 338.6907043457031 
3 298.1836853027344 128.27346801757812 381.061279296875 263.2816467285156 
3 1755.889892578125 69.56889343261719 1844.885009765625 213.85386657714844 
3 1682.991943359375 46.57380676269531 1773.0391845703125 198.24383544921875 
3 2259.39453125 177.63198852539062 2377.763916015625 353.20391845703125 
3 1567.313232421875 6.4418182373046875 1609.09228515625 77.68069458007812 
3 2041.4173583984375 50.120628356933594 2082.514404296875 123.51800537109375 
3 1396.556396484375 0.3811492919921875 1420.0814208984375 71.58555603027344 
278
2 1478.6990966796875 107.24681091308594 1615.459716796875 338.2327575683594 
3 297.84259033203125 128.62857055664062 379.19720458984375 263.374267578125 
3 1760.3709716796875 68.07756042480469 1846.8453369140625 211.99452209472656 
3 1684.19921875 45.15290069580078 1775.833251953125 193.96446228027344 
3 2260.775634765625 176.408203125 2374.060302734375 351.0413818359375 
3 1568.0350341796875 6.6868133544921875 1608.8055419921875 77.59127807617188 
3 1396.1461181640625 0.0 1419.797119140625 71.89591979980469 
3 2041.2227783203125 53.88166046142578 2086.115234375 124.20240783691406 
279
2 1471.466796875 107.57150268554688 1614.935791015625 339.93206787109375 
3 298.0928955078125 127.78067016601562 380.8124084472656 263.3760986328125 
3 1766.1282958984375 67.17223358154297 1850.0775146484375 208.28761291503906 
3 1685.531982421875 46.95697021484375 1779.00244140625 193.2537841796875 
3 2257.66455078125 177.0908203125 2371.87841796875 353.4136657714844 
3 1570.1370849609375 8.054439544677734 1609.1749267578125 77.66593933105469 
3 2042.880615234375 57.60692596435547 2082.284912109375 123.33686828613281 
3 1396.603759765625 0.31500244140625 1419.608154296875 72.3724365234375 
280
3 297.73883056640625 128.4990234375 379.56634521484375 263.5085144042969 
3 1766.6287841796875 66.2059326171875 1850.529541015625 204.32293701171875 
3 1687.7208251953125 45.43281555175781 1781.701416015625 194.4209442138672 
2 1464.48046875 109.46658325195312 1612.60009765625 349.14971923828125 
3 2257.434326171875 174.96749877929688 2370.721923828125 355.22259521484375 
3 1570.636474609375 7.735298156738281 1609.444580078125 77.05195617675781 
3 2042.419189453125 56.0089111328125 2084.526123046875 124.2855224609375 
3 1396.0782470703125 0.014972686767578125 1420.431396484375 71.28790283203125 
281
3 297.9120178222656 128.2411651611328 380.1065673828125 263.50262451171875 
3 1774.8162841796875 64.14955139160156 1853.3203125 202.2316131591797 
2 1457.6712646484375 111.80258178710938 1609.380126953125 351.1208801269531 
3 1694.7799072265625 46.17054748535156 1786.196044921875 187.94281005859375 
3 2259.75439453125 175.3136444091797 2368.6826171875 352.65020751953125 
3 2043.250244140625 56.829010009765625 2085.521728515625 123.53497314453125 
3 1573.2513427734375 9.305843353271484 1608.7978515625 77.31417846679688 
3 1396.3892822265625 0.6803970336914062 1420.163330078125 71.61802673339844 
282
2 1451.596435546875 111.34938049316406 1601.4866943359375 354.9339294433594 
3 297.6319885253906 128.21632385253906 379.8051452636719 263.5246276855469 
3 1778.9609375 61.86683654785156 1854.9808349609375 202.2428436279297 
3 1698.8984375 44.03892517089844 1788.29931640625 186.81893920898438 
3 2264.5732421875 173.9369659423828 2364.0009765625 352.47589111328125 
3 2042.7489013671875 58.84003448486328 2085.8134765625 123.84725952148438 
3 1574.2864990234375 9.561695098876953 1608.46484375 77.36824035644531 
3 1396.50146484375 0.31038665771484375 1419.3941650390625 71.6545181274414 
283
2 1448.1884765625 111.31788635253906 1595.26416015625 353.0943908691406 
3 298.355712890625 127.77549743652344 380.7912902832031 263.5267639160156 
3 1787.84765625 61.00177001953125 1857.8204345703125 203.71031188964844 
3 1710.89599609375 43.38166046142578 1792.0989990234375 187.70254516601562 
3 2261.701904296875 173.9833221435547 2362.014404296875 351.4183349609375 
3 2042.7686767578125 59.593841552734375 2085.068603515625 123.54391479492188 
3 1575.220458984375 9.928359985351562 1608.99462890625 77.36247253417969 
3 1396.8812255859375 0.30464935302734375 1419.127685546875 72.02558135986328 
284
2 1445.5762939453125 109.96014404296875 1586.3079833984375 351.92919921875 
3 298.9450378417969 127.63751220703125 380.9600524902344 263.50274658203125 
3 1714.399169921875 43.47906494140625 1796.701171875 184.52435302734375 
3 1790.8831787109375 58.47395324707031 1859.419189453125 203.3663330078125 
3 2260.857666015625 174.2569122314453 2364.397705078125 349.8719482421875 
3 2046.4283447265625 59.10328674316406 2087.783447265625 123.20220947265625 
3 1575.2437744140625 10.187152862548828 1608.8594970703125 77.17063903808594 
3 1396.555908203125 0.0 1419.1527099609375 71.7914047241211 
285
2 1442.064208984375 110.1514892578125 1577.2235107421875 352.0943603515625 
3 299.15325927734375 127.7882080078125 380.6283874511719 263.7736511230469 
3 1721.1502685546875 40.002349853515625 1801.0537109375 187.24752807617188 
3 1791.6904296875 54.237815856933594 1862.82666015625 202.1937255859375 
3 2261.93798828125 174.236328125 2364.002685546875 346.383056640625 
3 2046.7860107421875 58.60325622558594 2092.9970703125 122.67323303222656 
3 1576.011962890625 10.892581939697266 1608.7601318359375 77.14166259765625 
3 1396.0911865234375 0.0 1419.290283203125 71.90010070800781 
286
2 1438.101318359375 111.45066833496094 1566.2740478515625 354.0954284667969 
3 299.8397216796875 127.90086364746094 380.7933349609375 263.884033203125 
3 1728.855224609375 39.94122314453125 1804.201416015625 184.88088989257812 
3 1791.79443359375 56.26853942871094 1867.1046142578125 201.07713317871094 
3 2259.82421875 174.0983428955078 2367.111328125 344.95098876953125 
3 2051.087890625 57.34693145751953 2093.334228515625 123.30244445800781 
3 1577.38427734375 11.601402282714844 1608.3919677734375 78.29589080810547 
3 1396.37939453125 0.0 1419.4267578125 72.7450180053711 
287
2 1434.77685546875 110.92822265625 1558.5946044921875 353.08477783203125 
3 299.34722900390625 127.97105407714844 379.8215637207031 264.20196533203125 
3 1737.651123046875 39.472076416015625 1805.3197021484375 185.20700073242188 
3 1791.653564453125 57.910064697265625 1869.89892578125 200.61190795898438 
3 2255.535400390625 172.30764770507812 2353.931884765625 343.6958312988281 
3 2052.7763671875 58.24090576171875 2093.18603515625 123.00802612304688 
3 1577.7740478515625 11.726333618164062 1609.0953369140625 77.85604858398438 
3 1395.970703125 0.0 1419.3497314453125 72.21163940429688 
288
2 1431.797607421875 108.37741088867188 1551.914794921875 348.0035400390625 
3 301.349609375 127.55607604980469 381.0118408203125 263.54901123046875 
3 1792.5235595703125 63.62385559082031 1879.3751220703125 200.58102416992188 
3 1744.8638916015625 41.07496643066406 1809.9769287109375 176.99423217773438 
3 2255.92578125 172.83396911621094 2353.265380859375 343.4996643066406 
3 1577.8944091796875 10.884471893310547 1609.401611328125 77.58768463134766 
3 2054.244873046875 57.998291015625 2089.825439453125 122.91427612304688 
3 1396.7750244140625 0.0 1420.570068359375 72.58052825927734 
3 1397.186767578125 0.0 1433.46240234375 72.39783477783203 
289
2 1427.078125 107.3350830078125 1545.82470703125 353.57586669921875 
3 300.3973693847656 127.61599731445312 380.1410827636719 263.8620910644531 
3 1791.8037109375 63.35882568359375 1881.510986328125 199.6090087890625 
3 1746.6820068359375 39.31135559082031 1813.0775146484375 175.58433532714844 
3 2253.914794921875 169.4812774658203 2352.386474609375 340.5733642578125 
3 1578.3001708984375 12.028419494628906 1610.1494140625 77.29161071777344 
3 2057.408203125 57.010902404785156 2088.858642578125 123.00564575195312 
3 1396.1502685546875 0.0 1419.9764404296875 72.10215759277344 
290
2 1422.252685546875 107.96147155761719 1540.3748779296875 352.3575439453125 
3 1792.18408203125 65.74717712402344 1881.45947265625 200.3656005859375 
3 302.1997375488281 127.43045043945312 380.97113037109375 263.9271545410156 
3 1750.2403564453125 40.54034423828125 1814.9000244140625 177.1417236328125 
3 2245.9580078125 168.0776824951172 2350.519775390625 341.96990966796875 
3 1578.35498046875 11.583099365234375 1610.0177001953125 79.03871154785156 
3 1396.1329345703125 0.0 1420.8082275390625 72.60903930664062 
3 1396.8687744140625 0.013736724853515625 1429.0501708984375 72.32005310058594 
291
2 1404.4420166015625 108.85714721679688 1535.093017578125 353.65924072265625 
3 1792.6484375 65.53425598144531 1882.1854248046875 200.22349548339844 
3 302.8708190917969 127.37637329101562 380.7347412109375 263.9251403808594 
3 1752.8555908203125 39.270042419433594 1818.464111328125 175.05189514160156 
3 2243.14013671875 167.32420349121094 2352.30126953125 340.1752624511719 
3 1578.479736328125 12.305168151855469 1610.455322265625 77.9569091796875 
3 1396.32763671875 0.0 1420.5126953125 72.32778930664062 
292
2 1386.527099609375 111.19439697265625 1528.3692626953125 353.26190185546875 
3 1791.954833984375 65.01158142089844 1885.1641845703125 201.36471557617188 
3 1753.937255859375 40.165985107421875 1820.596923828125 176.33157348632812 
3 302.8656311035156 127.68667602539062 381.5019836425781 263.6026916503906 
3 2237.68896484375 168.32394409179688 2347.767333984375 339.6719665527344 
3 1577.978515625 13.050006866455078 1610.1583251953125 79.02567291259766 
3 1397.058349609375 0.0 1420.7711181640625 72.4248046875 
293
2 1366.9482421875 111.84054565429688 1522.353271484375 354.50567626953125 
3 1795.9378662109375 65.40794372558594 1887.4058837890625 200.18211364746094 
3 1754.4814453125 41.30323791503906 1822.8896484375 178.82742309570312 
3 303.10748291015625 127.54617309570312 381.4621887207031 263.5481872558594 
3 1578.3201904296875 13.10287094116211 1609.4716796875 78.8006591796875 
3 2242.376708984375 169.20323181152344 2348.173095703125 339.26971435546875 
3 1397.8897705078125 0.5950393676757812 1424.5789794921875 72.18168640136719 
3 1396.822021484375 0.0 1421.05810546875 72.60066986083984 
294
3 1799.0225830078125 65.80754089355469 1888.5350341796875 197.1749725341797 
2 1362.00830078125 112.85409545898438 1516.2132568359375 355.1098327636719 
3 1754.28564453125 43.94072723388672 1824.630126953125 180.60643005371094 
3 302.87615966796875 127.18624877929688 381.5417175292969 262.6798095703125 
3 1578.6234130859375 12.816032409667969 1608.31494140625 79.015869140625 
3 1398.04833984375 0.490875244140625 1422.3397216796875 72.19744110107422 
3 1396.6868896484375 0.0 1421.06103515625 72.6924057006836 
295
2 1348.997802734375 114.26187133789062 1514.2218017578125 355.203125 
3 303.6111145019531 126.92196655273438 382.0472717285156 263.6743469238281 
3 1806.2347412109375 60.81700134277344 1891.761962890625 195.0789794921875 
3 1756.3475341796875 43.66448974609375 1825.9698486328125 181.30642700195312 
3 1578.4610595703125 12.286266326904297 1607.656494140625 78.75200653076172 
3 1398.1719970703125 0.7095451354980469 1421.084716796875 72.2917251586914 
3 1396.51904296875 0.0 1421.491455078125 72.6953353881836 
296
2 1346.6798095703125 114.70831298828125 1511.6842041015625 357.8633728027344 
3 303.2933044433594 126.77714538574219 382.07373046875 263.8406982421875 
3 1813.522705078125 51.62651062011719 1893.176025390625 195.16970825195312 
3 1754.0672607421875 42.17024230957031 1828.3350830078125 184.0313720703125 
3 2243.286865234375 165.3592529296875 2341.791748046875 337.0313415527344 
3 1398.205322265625 0.4134712219238281 1420.8394775390625 71.7379379272461 
3 1578.2041015625 12.3419189453125 1608.30859375 78.32267761230469 
297
2 1346.4649658203125 115.10092163085938 1508.744384765625 360.9894714355469 
3 1821.9957275390625 56.19636535644531 1896.1939697265625 195.33819580078125 
3 303.03118896484375 126.45364379882812 382.56243896484375 263.6265869140625 
3 2245.3369140625 167.96730041503906 2339.7470703125 338.3288269042969 
3 1398.3265380859375 0.1879119873046875 1422.212158203125 72.83429718017578 
3 1576.7564697265625 11.761306762695312 1607.9154052734375 79.59481811523438 
3 2061.857177734375 51.64338684082031 2091.703369140625 113.40283203125 
298
2 1343.718994140625 114.62557983398438 1505.1041259765625 363.91876220703125 
3 1828.612060546875 54.0531005859375 1897.2962646484375 194.18490600585938 
3 304.07958984375 126.68490600585938 382.0240783691406 264.1153259277344 
3 1762.4249267578125 39.526329040527344 1833.052490234375 174.75408935546875 
3 2061.129150390625 50.56053924560547 2090.75146484375 113.08824157714844 
3 1398.0570068359375 0.19572067260742188 1421.01708984375 71.36336517333984 
3 2243.517822265625 164.71466064453125 2339.106201171875 338.1529235839844 
3 1396.5726318359375 0.0 1421.864013671875 71.86636352539062 
299
2 1343.8983154296875 114.48027038574219 1500.2178955078125 363.8550109863281 
3 1836.10693359375 57.714698791503906 1900.2532958984375 194.38833618164062 
3 1769.9097900390625 39.90819549560547 1835.0408935546875 178.24774169921875 
3 305.4141540527344 126.46836853027344 383.3617858886719 263.14495849609375 
3 1398.291748046875 0.2844390869140625 1422.2117919921875 72.66580200195312 
3 1577.00537109375 10.103206634521484 1605.7874755859375 79.87782287597656 
3 2245.613525390625 165.6549530029297 2338.329345703125 337.8660888671875 
300
2 1341.2591552734375 114.65557861328125 1496.10400390625 363.5609436035156 
3 1838.4420166015625 56.37535095214844 1902.13623046875 194.4918212890625 
3 1774.197021484375 38.387939453125 1836.86279296875 174.2150115966797 
3 305.2284851074219 126.57972717285156 383.4337463378906 263.5481262207031 
3 1398.035400390625 0.06292724609375 1422.26953125 71.9104995727539 
3 2062.13623046875 50.576622009277344 2091.941162109375 113.307861328125 
3 653.9229125976562 37.736114501953125 708.5319213867188 117.43212890625 
301
2 1335.9403076171875 114.35914611816406 1484.6246337890625 364.1065368652344 
3 1834.443359375 57.236793518066406 1904.67138671875 194.6625518798828 
3 1776.8248291015625 36.53721618652344 1838.73046875 175.49330139160156 
3 306.0721435546875 126.45841979980469 383.4389953613281 262.6394958496094 
3 1398.2127685546875 0.0220184326171875 1422.912841796875 72.09634399414062 
302
2 1326.1524658203125 113.67587280273438 1470.3216552734375 364.2793884277344 
3 1832.93017578125 57.97552490234375 1906.4327392578125 194.30992126464844 
3 1776.11328125 36.06538391113281 1841.29296875 173.81158447265625 
3 306.28411865234375 126.38777160644531 383.88104248046875 263.1728820800781 
3 1397.88037109375 0.0 1422.26025390625 71.38836669921875 
3 2062.1220703125 51.385650634765625 2089.62548828125 112.2164306640625 
303
2 1320.6766357421875 113.12403869628906 1454.0875244140625 364.6529235839844 
3 1833.2103271484375 60.57618713378906 1908.9981689453125 194.93923950195312 
3 1776.40283203125 36.25538635253906 1842.547119140625 175.28387451171875 
3 305.3597412109375 126.10945129394531 383.6215515136719 263.1575927734375 
3 1398.2169189453125 0.1318817138671875 1422.5535888671875 71.72948455810547 
304
2 1312.146484375 112.2969970703125 1442.5079345703125 365.3416442871094 
3 1830.9869384765625 61.005340576171875 1910.0001220703125 193.8794708251953 
3 1775.9560546875 35.6510009765625 1844.596435546875 171.31497192382812 
3 307.4005432128906 126.45864868164062 383.7295837402344 262.63140869140625 
3 1398.046875 0.0 1421.8388671875 71.67520904541016 
305
2 1306.5819091796875 112.50015258789062 1438.3848876953125 369.41180419921875 
3 1776.9085693359375 36.11711120605469 1846.75341796875 173.8411865234375 
3 1830.7027587890625 62.057952880859375 1912.46630859375 195.63119506835938 
3 305.5209045410156 126.12716674804688 383.5362854003906 260.91888427734375 
3 1398.10205078125 0.11113739013671875 1422.54541015625 72.03943634033203 
306
2 1298.700439453125 111.85832214355469 1435.9024658203125 374.75872802734375 
3 1776.4700927734375 36.41831970214844 1850.077880859375 173.37469482421875 
3 1834.89404296875 61.18457794189453 1912.99951171875 193.50506591796875 
3 306.3823547363281 126.32420349121094 383.56915283203125 260.4923095703125 
3 1397.8988037109375 0.0 1422.1158447265625 71.61123657226562 
3 1575.8631591796875 12.806983947753906 1607.51318359375 79.4130630493164 
307
2 1292.8662109375 113.3695068359375 1435.6011962890625 377.4289245605469 
3 1838.320556640625 62.0220947265625 1914.84521484375 193.28857421875 
3 1776.8809814453125 38.080108642578125 1852.06494140625 174.55282592773438 
3 305.8046569824219 125.460205078125 381.73565673828125 253.07046508789062 
3 1398.064697265625 0.0 1422.244140625 72.24362182617188 
308
2 1288.1552734375 113.90509033203125 1434.97021484375 383.9327087402344 
3 1838.1151123046875 60.72979736328125 1916.005126953125 193.1798095703125 
3 1776.6368408203125 38.943878173828125 1854.0709228515625 172.71490478515625 
3 306.24285888671875 125.31239318847656 382.558349609375 254.4835205078125 
3 1398.05126953125 0.0 1421.05419921875 71.57227325439453 
3 1574.427001953125 11.92306900024414 1606.24462890625 79.63821411132812 
309
2 1282.390869140625 115.97044372558594 1433.782470703125 384.7628479003906 
3 307.4931945800781 124.01957702636719 386.12872314453125 260.54180908203125 
3 1777.5802001953125 37.66258239746094 1858.022216796875 174.9469757080078 
3 1841.938232421875 59.70378112792969 1917.611328125 193.3546905517578 
3 1398.18896484375 0.0 1422.83740234375 72.49128723144531 
3 2246.3876953125 181.2991943359375 2322.740966796875 340.8224182128906 
3 1574.3973388671875 11.517250061035156 1605.271484375 79.83541107177734 
310
2 1275.349609375 117.7747802734375 1432.365966796875 381.63983154296875 
3 1777.308349609375 39.52387237548828 1859.304931640625 172.8044891357422 
3 308.8561096191406 124.61027526855469 390.7290954589844 260.38067626953125 
3 1840.921142578125 58.8004150390625 1918.0672607421875 190.39773559570312 
3 1398.0836181640625 0.0 1420.9564208984375 71.71783447265625 
3 2061.670654296875 49.85223388671875 2095.563232421875 111.07844543457031 
311
2 1271.5963134765625 120.14817810058594 1430.7821044921875 380.5651550292969 
3 308.4125671386719 123.4986572265625 397.0572204589844 259.83306884765625 
3 1776.8548583984375 39.03746032714844 1861.92724609375 173.1275177001953 
3 1851.2357177734375 57.219444274902344 1920.212646484375 191.1463165283203 
3 1398.142578125 0.0 1422.8094482421875 72.40461730957031 
3 2061.69677734375 50.57920837402344 2095.408935546875 110.96102905273438 
312
2 1263.9346923828125 121.8756103515625 1427.3896484375 380.7684326171875 
3 1778.797607421875 39.447296142578125 1866.68505859375 172.4179229736328 
3 308.21942138671875 123.06526184082031 401.6013488769531 260.54180908203125 
3 1856.393310546875 55.13111877441406 1921.0323486328125 179.083740234375 
3 1398.2030029296875 0.0 1421.7655029296875 71.92082214355469 
3 2061.492919921875 51.234962463378906 2096.13427734375 111.46005249023438 
3 1569.15966796875 10.66250228881836 1603.2557373046875 79.72820281982422 
313
2 1259.116455078125 124.67645263671875 1425.3626708984375 380.7512512207031 
3 310.19287109375 122.25532531738281 406.021484375 260.3908386230469 
3 1782.2554931640625 39.150787353515625 1868.9410400390625 172.59140014648438 
3 1859.763427734375 54.51951599121094 1922.909423828125 186.904296875 
3 1398.2001953125 0.0 1422.113037109375 72.46944427490234 
3 1569.0963134765625 11.264766693115234 1604.341552734375 79.75773620605469 
3 2060.86279296875 50.43617248535156 2096.3173828125 109.98248291015625 
314
2 1252.363037109375 126.12870788574219 1413.4727783203125 380.0688171386719 
3 311.876708984375 121.99053955078125 410.31243896484375 260.5716247558594 
3 1785.1044921875 38.25068664550781 1872.244384765625 170.68104553222656 
3 1863.375732421875 52.982666015625 1925.36083984375 184.98513793945312 
3 600.6326904296875 77.29739379882812 653.2026977539062 147.73239135742188 
3 1569.647216796875 10.225662231445312 1601.2891845703125 76.99117279052734 
3 1398.2879638671875 0.0 1419.0623779296875 71.84205627441406 
3 1396.8834228515625 0.0 1419.5784912109375 72.0880355834961 
315
2 1246.318359375 126.92706298828125 1405.11669921875 379.1328125 
3 310.3379211425781 120.72012329101562 413.19677734375 260.3132019042969 
3 1791.5191650390625 37.62861633300781 1875.077880859375 169.8931884765625 
3 1864.457763671875 52.736602783203125 1926.4656982421875 181.04693603515625 
3 1398.30029296875 0.0 1420.5821533203125 71.99701690673828 
3 1396.8011474609375 0.0 1420.343505859375 72.19599151611328 
316
2 1242.7098388671875 127.66793823242188 1390.2545166015625 379.0602111816406 
3 312.10430908203125 120.75404357910156 414.6891174316406 260.2078552246094 
3 1797.30859375 37.32366943359375 1877.7861328125 169.50466918945312 
3 1864.2886962890625 53.407142639160156 1928.6959228515625 180.95108032226562 
3 1398.2896728515625 0.0 1420.54931640625 72.07112884521484 
3 1561.2576904296875 9.00421142578125 1603.8421630859375 78.38990020751953 
3 1396.9903564453125 0.0 1420.1505126953125 72.05670928955078 
317
3 316.1364440917969 121.45468139648438 415.9669189453125 260.4056701660156 
2 1236.6729736328125 128.111572265625 1374.9415283203125 379.6532897949219 
3 1863.961669921875 53.80274200439453 1931.381591796875 178.7035369873047 
3 1805.455810546875 37.066131591796875 1880.1893310546875 169.41078186035156 
3 1397.0997314453125 0.0 1419.243408203125 71.82258605957031 
318
3 315.2915954589844 121.26654052734375 418.0183410644531 259.7536926269531 
2 1232.9976806640625 127.38702392578125 1356.93115234375 379.1842346191406 
3 1864.2293701171875 55.20556640625 1935.1539306640625 176.77574157714844 
3 1814.414306640625 36.24449157714844 1884.0924072265625 169.8507537841797 
3 1396.6434326171875 0.0 1419.7569580078125 71.93579864501953 
3 1560.904296875 8.859169006347656 1592.1053466796875 72.59225463867188 
319
3 319.71612548828125 122.08515930175781 418.187744140625 259.81793212890625 
2 1228.688720703125 127.60098266601562 1339.2701416015625 379.7042236328125 
3 1864.186767578125 56.7266845703125 1937.3790283203125 177.03955078125 
3 1821.9093017578125 36.28474426269531 1885.6419677734375 170.3798828125 
3 1396.209228515625 0.0 1419.3572998046875 72.37405395507812 
320
3 321.1221923828125 122.14595031738281 419.3240966796875 259.24920654296875 
3 1864.4639892578125 56.31703186035156 1940.4117431640625 179.55728149414062 
2 1224.934326171875 126.48284912109375 1327.0028076171875 382.61956787109375 
3 1827.5433349609375 36.28784942626953 1891.18408203125 170.07574462890625 
3 1396.342041015625 0.0 1419.728271484375 72.15658569335938 
321
3 1827.6732177734375 37.63841247558594 1893.552490234375 169.93641662597656 
3 321.9357604980469 121.86509704589844 418.67938232421875 258.9800109863281 
3 1864.766845703125 58.0421142578125 1943.310302734375 181.80502319335938 
2 1219.04052734375 126.98870849609375 1319.26416015625 380.10601806640625 
3 1396.2086181640625 0.0 1419.1715087890625 72.50623321533203 
322
3 1829.8028564453125 36.921722412109375 1894.7708740234375 168.67503356933594 
3 1865.9532470703125 57.35472106933594 1945.1541748046875 179.79464721679688 
3 326.4515380859375 121.48013305664062 418.8016662597656 258.76226806640625 
2 1210.878662109375 126.68081665039062 1313.5975341796875 379.9163513183594 
3 1396.53515625 0.0 1420.213134765625 72.0885009765625 
3 1555.6221923828125 1.942413330078125 1589.57861328125 78.00309753417969 
323
3 1867.1295166015625 57.68708801269531 1948.2474365234375 175.64068603515625 
3 1829.3865966796875 38.27508544921875 1896.70947265625 168.76358032226562 
3 326.36273193359375 121.6754150390625 418.8093566894531 258.867919921875 
2 1204.0362548828125 127.4847412109375 1311.3902587890625 381.2708740234375 
3 1397.653564453125 0.0 1420.2984619140625 72.92462158203125 
324
3 1865.577392578125 55.97721862792969 1948.6591796875 176.45904541015625 
3 329.2260437011719 121.37953186035156 418.9931945800781 258.53424072265625 
3 1830.342041015625 40.22747802734375 1900.204345703125 167.52105712890625 
2 1182.5064697265625 129.81283569335938 1310.24755859375 401.8625183105469 
3 1397.7332763671875 0.0 1424.032958984375 72.55418395996094 
3 1397.085693359375 0.0 1420.0291748046875 72.69844818115234 
325
2 1159.06591796875 130.34976196289062 1310.625 405.26031494140625 
3 328.60992431640625 121.12139892578125 419.52679443359375 258.5876770019531 
3 1831.0362548828125 41.95811462402344 1901.2607421875 168.72064208984375 
3 1870.919189453125 55.199607849121094 1950.13525390625 174.37326049804688 
3 1396.539306640625 0.0 1419.7149658203125 72.95494842529297 
3 1397.7244873046875 0.0 1419.325439453125 72.83023834228516 
326
2 1142.6602783203125 133.1329345703125 1311.891845703125 409.5425109863281 
3 1832.222412109375 41.59934997558594 1904.01123046875 168.39288330078125 
3 329.24346923828125 119.00390625 419.9223327636719 258.21868896484375 
3 1872.34619140625 55.4599609375 1951.9404296875 173.7572021484375 
3 1396.5743408203125 0.0 1420.025390625 72.9899673461914 
3 1549.0087890625 0.19896697998046875 1581.1944580078125 78.41253662109375 
3 2060.97265625 53.85955810546875 2096.045654296875 107.99990844726562 
327
2 1139.188232421875 135.23861694335938 1311.145263671875 413.3677978515625 
3 1832.547119140625 41.803375244140625 1906.2391357421875 168.34384155273438 
3 1880.6494140625 53.01847839355469 1952.56982421875 172.92860412597656 
3 333.45147705078125 119.15055847167969 420.2916259765625 257.946533203125 
3 1549.4368896484375 0.0 1579.4512939453125 79.66585540771484 
3 1396.2691650390625 0.0 1419.0823974609375 72.91960144042969 
328
3 1835.2581787109375 41.27012634277344 1908.3153076171875 166.66424560546875 
3 331.508544921875 118.79791259765625 420.75677490234375 257.6693115234375 
3 1881.3173828125 52.43560791015625 1953.391357421875 173.0330047607422 
3 1548.56884765625 0.0 1577.6029052734375 80.17428588867188 
2 1126.87255859375 136.59033203125 1310.799072265625 414.1549377441406 
3 1396.4688720703125 0.0 1419.7742919921875 72.53913879394531 
329
2 1124.756591796875 137.5431671142578 1308.77587890625 414.96337890625 
3 1839.01953125 41.07916259765625 1910.39892578125 166.62747192382812 
3 333.4339599609375 118.40838623046875 420.6535339355469 256.8021240234375 
3 1887.00048828125 51.472145080566406 1955.3099365234375 172.89674377441406 
3 1396.310302734375 0.0 1419.6888427734375 72.63706970214844 
3 1548.995361328125 0.0 1574.83447265625 79.7306900024414 
3 2061.1162109375 52.030914306640625 2096.29345703125 108.74588012695312 
330
2 1123.269287109375 137.43017578125 1304.067626953125 415.5270690917969 
3 335.68328857421875 117.82536315917969 420.4278564453125 255.6231689453125 
3 1845.05419921875 40.64655303955078 1910.4532470703125 165.28082275390625 
3 1893.792724609375 50.353118896484375 1955.63916015625 172.43881225585938 
3 1396.287353515625 0.0 1419.926025390625 72.46975708007812 
3 2059.7900390625 47.94940185546875 2097.7861328125 108.35691833496094 
331
3 337.8113098144531 117.6800537109375 420.4355773925781 255.43301391601562 
3 1851.9432373046875 37.68165588378906 1913.75927734375 164.22312927246094 
2 1104.5384521484375 137.59619140625 1296.5537109375 415.25146484375 
3 1895.7156982421875 49.97114562988281 1958.7908935546875 171.26785278320312 
3 1396.6341552734375 0.0 1420.7197265625 72.1146240234375 
3 2058.95849609375 43.787506103515625 2097.84423828125 108.39567565917969 
3 1397.2852783203125 0.0 1423.10546875 71.8525619506836 
332
2 1097.4991455078125 137.14505004882812 1286.1768798828125 416.08660888671875 
3 1857.2474365234375 37.18524932861328 1916.276611328125 165.07672119140625 
3 338.5326843261719 118.58549499511719 419.4860534667969 255.45925903320312 
3 1899.359130859375 51.18012237548828 1960.6259765625 170.72340393066406 
3 1396.5390625 0.0 1420.13427734375 72.30620574951172 
3 2059.610107421875 47.71232604980469 2098.111572265625 107.86669921875 
3 1397.37255859375 0.0 1424.595458984375 71.9280776977539 
3 1504.528564453125 9.486892700195312 1551.7022705078125 70.73335266113281 
333
2 1097.054931640625 136.2742919921875 1271.1683349609375 416.1813659667969 
3 339.53790283203125 116.81976318359375 417.21502685546875 253.41818237304688 
3 1861.71484375 37.05625915527344 1916.38623046875 164.42581176757812 
3 1901.25341796875 50.9736328125 1963.927490234375 171.08287048339844 
3 1396.679443359375 0.0 1420.4490966796875 72.44133758544922 
3 1544.6693115234375 0.34368896484375 1571.773681640625 78.3595962524414 
3 1397.6448974609375 0.0 1422.677734375 72.00867462158203 
3 2059.71240234375 46.53773498535156 2096.182861328125 107.63935852050781 
334
3 1863.867431640625 36.93617248535156 1921.6751708984375 163.54562377929688 
3 338.9959716796875 116.69549560546875 414.74237060546875 250.8511962890625 
3 1900.7535400390625 51.86408996582031 1965.2984619140625 170.67538452148438 
2 1105.6729736328125 136.04544067382812 1259.6822509765625 416.8762512207031 
3 1397.69482421875 0.0 1422.60400390625 72.23377227783203 
3 1396.7021484375 0.0 1420.637451171875 72.63452911376953 
3 2060.6650390625 47.10222625732422 2094.93603515625 107.08035278320312 
3 1541.6334228515625 0.5130386352539062 1570.427734375 78.54385375976562 
3 1504.5731201171875 9.148277282714844 1550.071533203125 71.1464614868164 
335
2 1106.522705078125 135.80380249023438 1228.1104736328125 415.5884704589844 
3 1904.922119140625 51.299156188964844 1966.7060546875 171.51268005371094 
3 1863.9364013671875 37.46376037597656 1918.29736328125 163.868896484375 
3 339.3975524902344 115.38163757324219 412.8090515136719 250.22174072265625 
3 1539.9127197265625 0.0 1569.40087890625 78.31950378417969 
3 1396.855712890625 0.0 1420.0587158203125 71.98902893066406 
3 1503.255859375 8.616161346435547 1547.3287353515625 71.3546371459961 
3 2061.110107421875 47.29435729980469 2093.66943359375 107.54557800292969 
3 1397.7584228515625 0.0 1424.1517333984375 71.25381469726562 
336
2 1098.338623046875 136.74258422851562 1215.3760986328125 418.83978271484375 
3 1863.863525390625 37.16593933105469 1922.1123046875 165.62600708007812 
3 1904.0267333984375 53.45372009277344 1967.371337890625 170.95291137695312 
3 340.2882080078125 114.8756103515625 413.3841857910156 250.27972412109375 
3 2061.27294921875 48.816375732421875 2093.87646484375 107.85098266601562 
3 1396.8189697265625 0.0 1420.2718505859375 72.4293212890625 
3 1397.7972412109375 0.0 1424.5369873046875 71.85598754882812 
3 1505.0836181640625 9.16387939453125 1548.0313720703125 71.88236999511719 
3 1538.0047607421875 2.153484344482422 1568.0545654296875 75.69344329833984 
337
2 1086.2576904296875 135.77981567382812 1200.2374267578125 424.18499755859375 
3 1864.2562255859375 37.63483428955078 1926.0631103515625 165.84228515625 
3 1905.7188720703125 54.295135498046875 1969.1629638671875 171.1510772705078 
3 340.0979919433594 114.2406005859375 414.69866943359375 247.963134765625 
3 1398.0035400390625 0.0 1421.94482421875 71.81211853027344 
3 2061.7822265625 50.39570617675781 2093.54443359375 108.14395141601562 
3 1396.9019775390625 0.0 1420.4844970703125 72.28477478027344 
338
2 1071.984619140625 137.47384643554688 1194.0802001953125 449.6715393066406 
3 1865.126708984375 38.213172912597656 1926.20556640625 164.79177856445312 
3 1909.0894775390625 54.834747314453125 1970.744384765625 170.96514892578125 
3 339.27410888671875 114.06689453125 413.63018798828125 246.8377685546875 
3 1398.02880859375 0.0 1421.546875 71.6485595703125 
3 1396.939453125 0.0 1420.5126953125 72.31932830810547 
3 2061.9052734375 51.016822814941406 2093.2421875 107.68974304199219 
339
3 1865.5379638671875 37.53837585449219 1928.516357421875 167.06365966796875 
2 1058.26904296875 138.68673706054688 1193.3507080078125 445.7665100097656 
3 1912.1094970703125 54.63166046142578 1972.744140625 169.5821075439453 
3 338.4430847167969 114.44337463378906 415.33831787109375 247.17529296875 
3 1397.9561767578125 0.0 1421.8338623046875 71.7780532836914 
3 1396.7701416015625 0.0 1420.4561767578125 72.25325012207031 
340
2 1050.452880859375 141.77728271484375 1191.522216796875 449.387451171875 
3 1865.9266357421875 38.87498474121094 1930.3857421875 165.36672973632812 
3 1913.4876708984375 54.42460632324219 1973.6036376953125 168.91534423828125 
3 337.6903991699219 115.070556640625 416.9105529785156 247.51025390625 
3 1398.1494140625 0.0 1421.770751953125 71.40020751953125 
3 1397.1033935546875 0.0 1420.2425537109375 72.0677490234375 
341
3 1866.21533203125 42.06083679199219 1932.7393798828125 163.3531494140625 
2 1039.31787109375 143.93264770507812 1192.109375 450.662109375 
3 1913.8206787109375 53.84117126464844 1974.234375 167.09365844726562 
3 337.33038330078125 115.47293090820312 416.2748718261719 247.01226806640625 
3 1397.2064208984375 0.0 1420.781494140625 72.02513885498047 
342
2 1022.310791015625 146.85186767578125 1192.41162109375 451.1483459472656 
3 1866.271728515625 42.283660888671875 1934.266357421875 163.4036407470703 
3 1917.160888671875 50.93092346191406 1976.1815185546875 166.3540496826172 
3 337.83447265625 115.31756591796875 416.51531982421875 236.03744506835938 
3 1396.9007568359375 0.0 1421.48486328125 71.59909057617188 
343
2 1010.482666015625 150.01882934570312 1189.6583251953125 454.5625 
3 1866.4000244140625 41.292808532714844 1936.7396240234375 163.53799438476562 
3 1917.8157958984375 49.81611633300781 1977.7508544921875 166.94081115722656 
3 1396.9876708984375 0.0 1421.7916259765625 71.81768798828125 
3 337.39068603515625 115.17709350585938 416.3086853027344 237.5185546875 
344
2 1000.6954956054688 152.30284118652344 1188.650634765625 459.930419921875 
3 1868.859375 41.57801818847656 1938.064697265625 162.22821044921875 
3 1920.7901611328125 50.68745422363281 1979.5880126953125 166.94461059570312 
3 1397.50732421875 0.0 1421.646728515625 72.03489685058594 
345
2 991.5986938476562 154.0499267578125 1186.8822021484375 464.6570129394531 
3 1922.311279296875 49.61041259765625 1981.0074462890625 167.5367889404297 
3 1869.6915283203125 42.92646789550781 1941.044189453125 163.11648559570312 
3 336.28692626953125 115.46240234375 419.06097412109375 247.15231323242188 
3 1398.5181884765625 0.0 1423.4713134765625 71.0188217163086 
3 2062.8251953125 45.940704345703125 2099.727783203125 102.67364501953125 
346
2 984.7661743164062 155.66392517089844 1179.783203125 466.465087890625 
3 1924.6268310546875 50.60955047607422 1983.1522216796875 166.95245361328125 
3 1874.2078857421875 39.82520294189453 1940.904052734375 159.17694091796875 
3 335.09539794921875 114.53488159179688 418.34344482421875 247.44805908203125 
3 2061.98583984375 45.99187469482422 2094.509033203125 102.4749755859375 
3 1398.2489013671875 0.0 1423.418212890625 71.16875457763672 
347
2 978.5899658203125 158.29042053222656 1169.686767578125 467.5879211425781 
3 1923.660400390625 51.31144714355469 1985.613525390625 166.92295837402344 
3 1877.6221923828125 38.04469299316406 1945.069580078125 161.5457763671875 
3 334.8199768066406 114.14155578613281 415.6942138671875 247.67349243164062 
3 1398.2421875 0.0 1423.8553466796875 71.8091812133789 
3 1510.1380615234375 10.610702514648438 1547.987060546875 73.15361022949219 
3 2061.622314453125 45.48426818847656 2094.3662109375 101.93611145019531 
3 2062.637939453125 44.201751708984375 2099.404296875 101.67460632324219 
348
2 976.2636108398438 158.34603881835938 1154.1212158203125 467.9082946777344 
3 1921.597412109375 50.71998596191406 1988.6015625 166.63388061523438 
3 1882.124755859375 37.57575988769531 1949.349365234375 161.1951446533203 
3 335.2815856933594 113.64274597167969 417.1134948730469 247.41326904296875 
3 1398.0185546875 0.0 1422.590576171875 72.49498748779297 
3 2062.687255859375 43.59954071044922 2099.296875 102.09109497070312 
3 1511.6275634765625 11.86429214477539 1546.9085693359375 74.30724334716797 
3 2061.71044921875 44.769737243652344 2096.158935546875 102.08047485351562 
349
2 975.1107177734375 157.97341918945312 1127.4803466796875 466.9569091796875 
3 1923.5567626953125 50.94378662109375 1989.7333984375 166.5419158935547 
3 1888.012939453125 38.837799072265625 1950.0318603515625 158.3652801513672 
3 335.1415710449219 113.59576416015625 412.9404602050781 247.52874755859375 
3 2061.385986328125 44.78546142578125 2096.39794921875 102.18684387207031 
3 1398.1514892578125 0.0 1422.4564208984375 72.11824798583984 
350
2 966.959716796875 158.2762451171875 1117.9620361328125 467.0179748535156 
3 1923.9912109375 47.967918395996094 1993.3931884765625 164.6268768310547 
3 1893.792236328125 39.197715759277344 1950.9404296875 159.10633850097656 
3 334.32171630859375 114.3583984375 414.5570068359375 247.76443481445312 
3 1398.032958984375 0.0 1422.594482421875 72.31219482421875 
3 2061.24169921875 46.153663635253906 2095.93603515625 101.58366394042969 
351
2 957.36865234375 157.66146850585938 1100.821044921875 466.87371826171875 
3 1925.6708984375 49.49365234375 1995.993896484375 164.79684448242188 
3 1897.20068359375 31.579681396484375 1953.5821533203125 161.69183349609375 
3 334.5865783691406 115.22882080078125 415.01312255859375 248.19686889648438 
3 1898.0445556640625 31.740432739257812 1953.4681396484375 160.56813049316406 
3 1501.3951416015625 9.112667083740234 1543.983642578125 76.25242614746094 
3 2060.779296875 45.144325256347656 2096.482177734375 102.24200439453125 
3 1397.537109375 0.0 1425.35546875 72.28567504882812 
352
3 1927.55712890625 49.73688507080078 1999.2301025390625 164.92218017578125 
2 946.1652221679688 158.29910278320312 1071.099609375 466.4229736328125 
3 1899.7161865234375 33.910011291503906 1954.6170654296875 160.69729614257812 
3 335.0445251464844 114.95225524902344 416.6914367675781 248.34747314453125 
3 2060.821533203125 46.02594757080078 2096.14013671875 102.58406066894531 
3 1397.9945068359375 0.0 1423.4130859375 72.05860900878906 
3 1504.370361328125 9.991580963134766 1546.4180908203125 73.3420181274414 
353
3 1928.7064208984375 50.88037872314453 2001.208740234375 165.96151733398438 
2 935.1532592773438 159.36325073242188 1068.1689453125 462.2709655761719 
3 1902.9017333984375 33.062530517578125 1955.5830078125 160.5740509033203 
3 334.23773193359375 114.18368530273438 414.97161865234375 247.89578247070312 
3 1398.253662109375 0.0 1423.628662109375 72.27145385742188 
3 2060.686767578125 46.254791259765625 2096.044189453125 102.45156860351562 
354
2 925.208740234375 160.9367218017578 1071.25927734375 466.5711669921875 
3 1929.0770263671875 52.27189636230469 2002.0484619140625 166.24851989746094 
3 1903.5699462890625 32.866249084472656 1957.9793701171875 160.71176147460938 
3 333.7040100097656 114.38288879394531 415.2203674316406 247.68475341796875 
3 1499.0753173828125 8.956424713134766 1541.6153564453125 74.96971130371094 
3 2060.78466796875 46.683135986328125 2095.777099609375 102.84767150878906 
3 1398.1700439453125 0.0 1425.3748779296875 72.11589050292969 
355
2 914.3497314453125 162.31771850585938 1070.611328125 465.0107421875 
3 1929.77880859375 52.381500244140625 2006.0556640625 166.05322265625 
3 1904.2235107421875 34.45295715332031 1958.6998291015625 160.39395141601562 
3 333.850830078125 115.49639892578125 415.525390625 247.95501708984375 
3 1398.354248046875 0.0 1424.487548828125 71.96333312988281 
3 2061.0400390625 45.830322265625 2096.01708984375 103.136962890625 
3 1487.194580078125 10.957893371582031 1555.819580078125 74.46244812011719 
356
2 903.7745361328125 166.37112426757812 1070.6474609375 465.38665771484375 
3 1904.474853515625 34.46943664550781 1958.65576171875 157.31417846679688 
3 1930.393798828125 54.30674743652344 2007.093994140625 165.8153839111328 
3 332.7833251953125 119.02786254882812 417.0797424316406 248.2567138671875 
3 1397.652099609375 0.0 1428.342529296875 72.39328002929688 
3 2062.995849609375 44.448829650878906 2098.968994140625 103.46000671386719 
3 2061.475830078125 45.193565368652344 2095.825439453125 103.5087890625 
357
2 886.6695556640625 169.89846801757812 1070.3829345703125 465.7600402832031 
3 1934.261962890625 49.735740661621094 2008.5819091796875 165.35360717773438 
3 1905.5870361328125 38.12693786621094 1958.8323974609375 156.16024780273438 
3 334.78680419921875 119.347900390625 418.50830078125 249.7030029296875 
3 1396.9891357421875 0.0 1424.0897216796875 72.24131774902344 
3 2063.1923828125 44.22230529785156 2098.681640625 103.89447021484375 
3 2061.3369140625 44.618408203125 2096.43115234375 104.13134765625 
358
2 867.737548828125 171.74853515625 1070.8961181640625 466.89825439453125 
3 1905.4365234375 38.157752990722656 1961.205078125 156.86151123046875 
3 336.5769348144531 118.88735961914062 419.53887939453125 250.573974609375 
3 1936.463134765625 50.82731628417969 2008.94775390625 164.6161346435547 
3 1397.324951171875 0.019069671630859375 1432.095458984375 72.73068237304688 
3 1489.82958984375 10.496566772460938 1534.1422119140625 74.63631439208984 
3 2063.730224609375 44.77342987060547 2099.0029296875 103.28280639648438 
359
2 846.706298828125 174.53773498535156 1072.0819091796875 468.1355285644531 
3 1906.7666015625 37.61290740966797 1961.77783203125 155.23291015625 
3 1947.798828125 49.86492156982422 2011.27587890625 165.16415405273438 
3 337.3092041015625 119.43145751953125 419.5505676269531 250.20681762695312 
3 1398.5723876953125 0.0 1423.4453125 72.26033782958984 
3 2063.77197265625 45.662193298339844 2099.10009765625 102.17201232910156 
360
2 829.7283325195312 177.23434448242188 1069.6478271484375 470.931396484375 
3 1909.298583984375 36.67433166503906 1962.0927734375 155.3911895751953 
3 336.0258483886719 119.11250305175781 419.3844909667969 250.83395385742188 
3 1952.828369140625 48.59214782714844 2011.678955078125 165.23524475097656 
3 1398.0513916015625 0.0 1425.046142578125 71.50999450683594 
3 2064.250244140625 45.057640075683594 2099.245849609375 102.30502319335938 
361
3 1912.8260498046875 35.44092559814453 1965.126708984375 155.1949462890625 
3 1957.5574951171875 47.31431579589844 2014.0662841796875 164.52777099609375 
3 335.7347717285156 119.66090393066406 420.1260070800781 249.51910400390625 
3 1398.440185546875 0.0 1429.3631591796875 71.66022491455078 
2 814.2396850585938 178.7134552001953 1069.3359375 471.08062744140625 
2 814.452392578125 178.94171142578125 1068.8743896484375 470.97161865234375 
3 2063.9169921875 47.60857391357422 2099.499755859375 101.73445129394531 
3 1482.803955078125 10.085262298583984 1515.0911865234375 75.00682067871094 
362
2 802.333251953125 180.50799560546875 1059.7861328125 473.65765380859375 
3 1914.1617431640625 35.35618591308594 1965.96435546875 152.4567413330078 
3 1960.957275390625 47.342185974121094 2015.7967529296875 164.2299041748047 
3 336.31085205078125 118.9434814453125 419.8702697753906 250.62106323242188 
3 1398.2520751953125 0.0 1426.272705078125 72.48399353027344 
3 2064.030517578125 44.21760559082031 2099.126953125 102.44187927246094 
363
2 792.4097900390625 181.97442626953125 1047.264892578125 474.778564453125 
3 1914.512939453125 35.599273681640625 1968.1322021484375 152.2411346435547 
3 1961.658447265625 47.42732238769531 2016.5518798828125 163.5472412109375 
3 336.2797546386719 119.46945190429688 419.4619445800781 250.47003173828125 
3 1397.4752197265625 0.0 1423.448974609375 72.2434310913086 
3 2064.443115234375 45.36506652832031 2099.0107421875 102.62944030761719 
364
2 789.9326782226562 182.48193359375 1031.9637451171875 474.69134521484375 
3 1915.4027099609375 35.458587646484375 1968.2139892578125 151.69322204589844 
3 1962.04248046875 47.70209503173828 2018.035400390625 163.63638305664062 
3 335.84979248046875 119.38900756835938 419.05963134765625 250.64840698242188 
3 2064.48388671875 46.14655303955078 2098.76953125 102.12638854980469 
365
2 790.8208618164062 182.4885711669922 1010.075439453125 474.5451354980469 
3 1916.724365234375 37.556800842285156 1969.450927734375 151.81201171875 
3 1962.505615234375 49.34442138671875 2020.095703125 164.0442352294922 
3 334.5797119140625 118.84420776367188 419.5881652832031 249.5592041015625 
3 2064.0068359375 45.87273406982422 2098.60009765625 101.76797485351562 
3 1397.7508544921875 0.0129241943359375 1426.1529541015625 72.3057632446289 
366
2 793.4780883789062 181.93423461914062 987.5201416015625 474.24737548828125 
3 1917.8187255859375 36.25254821777344 1972.887939453125 151.7582550048828 
3 1962.4150390625 50.322486877441406 2021.2186279296875 162.71408081054688 
3 334.13592529296875 115.12110900878906 417.157470703125 248.0904541015625 
3 1398.0574951171875 0.0 1427.7886962890625 72.38578796386719 
3 2063.990234375 46.19329833984375 2098.041259765625 102.60531616210938 
367
2 782.637939453125 181.58541870117188 965.425537109375 476.4222412109375 
3 1917.803955078125 37.13764953613281 1973.3973388671875 152.10977172851562 
3 336.379638671875 114.642578125 417.90399169921875 248.0279541015625 
3 1963.062744140625 49.78297424316406 2021.0386962890625 162.4053192138672 
3 1470.4566650390625 12.902305603027344 1505.142578125 80.1915054321289 
3 1397.277587890625 0.0 1429.494384765625 73.37094116210938 
3 2063.69921875 41.95647430419922 2098.359130859375 103.57177734375 
3 2451.996826171875 109.56173706054688 2495.384033203125 222.47854614257812 
368
2 772.4087524414062 180.91278076171875 940.4700317382812 478.4410400390625 
3 335.78485107421875 114.54193115234375 420.0678405761719 247.3348388671875 
3 1916.2012939453125 36.56437683105469 1974.399169921875 152.41273498535156 
3 1966.1046142578125 49.04353332519531 2021.5235595703125 163.20574951171875 
3 1464.4681396484375 12.750816345214844 1504.9429931640625 77.9700927734375 
3 1397.665283203125 0.0 1421.894287109375 71.57093048095703 
369
2 761.142578125 182.5775146484375 918.3761596679688 485.504638671875 
3 335.876708984375 114.44110107421875 420.1485900878906 247.35968017578125 
3 1916.5863037109375 36.655914306640625 1974.1187744140625 151.71670532226562 
3 1966.5738525390625 47.9163818359375 2021.91455078125 164.58181762695312 
3 1458.4219970703125 12.162551879882812 1505.54296875 78.76187133789062 
3 1398.184814453125 0.0 1430.2896728515625 72.1321029663086 
3 2064.0185546875 42.292694091796875 2098.3056640625 101.86170959472656 
370
2 750.12646484375 183.54869079589844 919.5736083984375 494.79010009765625 
3 335.09820556640625 114.61599731445312 420.145263671875 247.01901245117188 
3 1916.2197265625 37.15559387207031 1973.9573974609375 151.2088623046875 
3 1968.5400390625 46.63581085205078 2023.091064453125 164.9149932861328 
3 1448.02197265625 13.411991119384766 1504.3524169921875 79.54484558105469 
3 1397.0257568359375 0.0 1421.65185546875 71.48295593261719 
3 2064.066650390625 41.82307434082031 2098.46142578125 101.5775146484375 
3 1397.7896728515625 0.0 1441.0584716796875 71.69161987304688 
371
2 739.5852661132812 186.62925720214844 919.7283325195312 501.045166015625 
3 335.7200012207031 114.2457275390625 419.8104248046875 247.387451171875 
3 1915.3355712890625 37.03282165527344 1973.9730224609375 150.843017578125 
3 1968.83837890625 48.94548034667969 2024.476806640625 162.44580078125 
3 2451.8125 112.08273315429688 2495.183837890625 222.27902221679688 
3 1450.6923828125 13.290847778320312 1503.5833740234375 77.42939758300781 
3 2064.60888671875 41.031890869140625 2098.202392578125 102.69308471679688 
3 2244.40283203125 168.8756866455078 2321.92138671875 343.4995422363281 
3 1397.3809814453125 0.0 1421.5242919921875 72.56414794921875 
372
2 726.4833984375 190.00173950195312 919.05859375 505.781494140625 
3 1916.471923828125 38.65142822265625 1973.925537109375 151.11663818359375 
3 335.9797058105469 114.6337890625 418.9834899902344 247.82513427734375 
3 1969.5880126953125 49.702545166015625 2026.225341796875 162.35960388183594 
3 1451.4085693359375 14.45608901977539 1504.0872802734375 78.37522888183594 
3 1397.2562255859375 0.0 1435.414794921875 72.97164916992188 
3 2451.4453125 107.77555847167969 2495.491943359375 222.01483154296875 
3 2064.517333984375 40.81715393066406 2098.232177734375 103.15821838378906 
3 2245.661865234375 169.93292236328125 2322.21826171875 343.80902099609375 
3 1396.5543212890625 0.0 1422.138916015625 72.91264343261719 
373
2 716.3194580078125 194.40293884277344 917.6998291015625 507.02117919921875 
3 1918.4111328125 37.650901794433594 1975.9849853515625 147.3016357421875 
3 1974.3553466796875 47.830963134765625 2028.473876953125 157.2034912109375 
3 334.874755859375 115.9136962890625 417.44744873046875 248.72137451171875 
3 1450.45654296875 14.650348663330078 1504.4058837890625 77.9828109741211 
3 2064.66455078125 40.82049560546875 2098.495361328125 102.85614013671875 
3 1397.009033203125 0.0 1422.1883544921875 72.32164001464844 
3 1397.6365966796875 0.0 1444.4886474609375 72.23959350585938 
374
2 704.880615234375 198.38507080078125 919.652099609375 510.92626953125 
3 1918.79150390625 36.78462219238281 1976.353515625 147.2501983642578 
3 335.12982177734375 118.74188232421875 419.7933044433594 249.57192993164062 
3 1975.78076171875 48.35090637207031 2029.261474609375 155.54592895507812 
3 1450.8900146484375 14.996192932128906 1503.1904296875 78.03717041015625 
3 1396.787841796875 0.0 1422.4586181640625 71.52870178222656 
3 2064.50146484375 44.68391418457031 2098.25830078125 101.11607360839844 
375
2 693.4921875 202.3284149169922 916.7718505859375 514.353271484375 
3 335.7985534667969 118.77249145507812 419.8197021484375 250.453369140625 
3 1918.177001953125 37.58771514892578 1977.557373046875 148.20050048828125 
3 1979.016357421875 47.61882781982422 2028.9395751953125 155.52084350585938 
3 1451.922119140625 15.906578063964844 1502.8729248046875 74.51106262207031 
3 1396.6953125 0.0 1422.0594482421875 73.40361022949219 
3 1397.2664794921875 0.0 1438.9580078125 73.6094741821289 
376
2 681.5914306640625 206.2408447265625 914.1749877929688 516.71484375 
3 335.5799560546875 119.48614501953125 419.41485595703125 250.65396118164062 
3 1918.3779296875 37.356834411621094 1980.8597412109375 148.36273193359375 
3 1978.87451171875 47.92533874511719 2029.8067626953125 154.61190795898438 
3 1447.6195068359375 12.377006530761719 1485.0699462890625 77.6688003540039 
3 1395.751953125 0.0 1422.56298828125 72.96096801757812 
3 1396.2628173828125 0.0 1440.66796875 73.34640502929688 
3 2065.295654296875 46.21687316894531 2097.601318359375 99.78990173339844 
3 2451.67578125 100.72377014160156 2495.641357421875 218.16476440429688 
377
2 669.4783935546875 210.77923583984375 907.0139770507812 519.9024658203125 
3 1980.6614990234375 47.93031311035156 2033.08251953125 155.10189819335938 
3 1919.7294921875 36.98017883300781 1980.949462890625 144.63815307617188 
3 334.1707763671875 119.26040649414062 418.6315002441406 250.084716796875 
3 2065.307861328125 45.310943603515625 2097.902099609375 99.70474243164062 
3 1395.475830078125 0.0 1433.748046875 73.5640640258789 
3 1395.022705078125 0.0 1422.3194580078125 73.55133819580078 
378
2 656.5115356445312 213.0457763671875 902.6224975585938 520.19873046875 
3 1922.224853515625 36.929237365722656 1984.5018310546875 145.49923706054688 
3 1980.5611572265625 48.161094665527344 2033.9490966796875 154.340087890625 
3 334.9203186035156 119.20137023925781 418.616455078125 250.5430908203125 
3 1396.140380859375 0.20417022705078125 1428.2835693359375 73.70226287841797 
3 1395.4630126953125 0.0 1422.073974609375 73.71969604492188 
3 1446.2801513671875 9.75234603881836 1481.61328125 76.07725524902344 
3 2451.738037109375 101.079833984375 2495.47265625 218.33201599121094 
3 2066.02001953125 46.92018127441406 2098.229736328125 99.49104309082031 
379
2 645.4071655273438 214.78680419921875 888.1375122070312 521.0189819335938 
3 1926.1510009765625 36.80940246582031 1986.94921875 144.4864044189453 
3 1981.029541015625 47.16264343261719 2037.60498046875 154.9193572998047 
3 335.17388916015625 118.29765319824219 419.29046630859375 249.62542724609375 
3 1396.2655029296875 0.0 1422.2779541015625 74.72908020019531 
3 1445.845947265625 10.010452270507812 1481.8125 75.00088500976562 
380
2 632.1883544921875 217.2972412109375 872.9678344726562 522.675048828125 
3 1980.16357421875 46.36833190917969 2040.332275390625 155.83636474609375 
3 335.0526123046875 119.10260009765625 419.1374816894531 249.63818359375 
3 1930.729736328125 35.89372253417969 1988.6898193359375 143.725830078125 
3 1445.687255859375 11.175605773925781 1479.2564697265625 76.34380340576172 
3 1395.94189453125 0.0 1422.6514892578125 74.87078094482422 
381
2 619.1134643554688 217.66415405273438 851.876708984375 523.496826171875 
3 335.33251953125 119.30075073242188 419.2398986816406 249.76956176757812 
3 1980.2701416015625 47.39799499511719 2040.2481689453125 155.34530639648438 
3 1932.4456787109375 37.59819030761719 1990.171630859375 145.00975036621094 
3 1445.035400390625 13.513206481933594 1474.465576171875 77.89567565917969 
3 1395.98193359375 0.5404548645019531 1426.7635498046875 74.64519500732422 
3 1395.0159912109375 0.0 1422.2982177734375 74.7982177734375 
382
2 608.3493041992188 217.98828125 828.797119140625 522.242431640625 
3 334.5202331542969 118.86788940429688 419.30712890625 249.24758911132812 
3 1981.2550048828125 49.94062805175781 2041.27294921875 155.16207885742188 
3 1937.076416015625 36.14666748046875 1991.4788818359375 144.80264282226562 
3 1395.5833740234375 0.6592559814453125 1427.21484375 74.58819580078125 
3 2066.64794921875 39.98820495605469 2101.982177734375 99.21638488769531 
383
2 594.1959838867188 218.22918701171875 808.4549560546875 522.1435546875 
3 1979.664794921875 50.445899963378906 2040.5692138671875 156.157470703125 
3 1938.5570068359375 36.02459716796875 1992.0126953125 144.49755859375 
3 334.2121887207031 119.13064575195312 418.6360778808594 250.048095703125 
3 1393.6322021484375 1.0909996032714844 1427.899169921875 75.06214904785156 
3 2065.863525390625 38.81324768066406 2101.65087890625 99.34806823730469 
3 1393.140380859375 0.9094123840332031 1423.1175537109375 75.25997924804688 
384
2 582.715576171875 218.116943359375 779.3373413085938 518.44921875 
3 334.15032958984375 118.79574584960938 418.605712890625 249.2904052734375 
3 1940.0714111328125 36.59562683105469 1994.2215576171875 144.92543029785156 
3 1981.774658203125 50.56743621826172 2043.7510986328125 154.71116638183594 
3 1394.1614990234375 0.7715225219726562 1429.0367431640625 74.8025894165039 
3 2066.760986328125 38.900596618652344 2101.825439453125 99.40232849121094 
3 1981.1495361328125 51.052764892578125 2042.8065185546875 154.94741821289062 
385
2 571.7642822265625 218.5755157470703 763.17236328125 520.5783081054688 
3 1940.5830078125 36.67927551269531 1994.574951171875 144.9482421875 
3 333.61865234375 118.87515258789062 418.3680419921875 249.97171020507812 
3 1981.9495849609375 50.49842834472656 2044.9193115234375 154.3500518798828 
3 1393.692138671875 0.7953758239746094 1432.840576171875 74.85333251953125 
3 2066.406982421875 37.96705627441406 2103.2705078125 100.44047546386719 
386
2 553.2488403320312 220.7574462890625 761.845458984375 520.5746459960938 
3 331.499755859375 118.5362548828125 416.654541015625 248.85769653320312 
3 1941.1790771484375 37.86993408203125 1995.7694091796875 144.37689208984375 
3 1982.4937744140625 50.263633728027344 2045.437255859375 153.29238891601562 
3 1392.9161376953125 0.3289299011230469 1422.4969482421875 74.74867248535156 
3 2066.647705078125 37.865509033203125 2102.8798828125 100.25743103027344 
387
2 550.2327880859375 222.60748291015625 761.15673828125 513.7705688476562 
3 1941.4171142578125 38.310752868652344 1996.12451171875 144.29598999023438 
3 1982.0654296875 50.691856384277344 2044.9482421875 154.71673583984375 
3 328.75457763671875 118.59591674804688 413.73736572265625 248.71044921875 
3 1392.5050048828125 0.676055908203125 1421.9200439453125 74.62069702148438 
3 1436.3095703125 6.46380615234375 1467.3323974609375 77.2980728149414 
3 1394.3126220703125 0.8366012573242188 1440.2938232421875 74.67037200927734 
3 2066.3271484375 38.936553955078125 2102.716064453125 99.05148315429688 
388
2 539.3822021484375 225.28036499023438 761.96875 519.83447265625 
3 1941.136474609375 37.36573791503906 1997.52099609375 142.9230194091797 
3 330.8377380371094 118.3046875 415.5775146484375 248.42239379882812 
3 1983.1239013671875 49.01214599609375 2045.6185302734375 151.5449676513672 
3 1392.6728515625 0.5909156799316406 1421.197265625 74.36761474609375 
3 1435.227783203125 6.825054168701172 1467.3067626953125 77.21349334716797 
3 2066.841796875 39.081398010253906 2102.24462890625 98.69703674316406 
3 1394.8438720703125 0.7814674377441406 1437.32666015625 74.39696502685547 
389
2 529.7759399414062 228.84750366210938 759.8115844726562 519.5693359375 
3 1941.54345703125 35.704307556152344 1998.108642578125 143.99742126464844 
3 330.66998291015625 118.2236328125 415.4952087402344 248.30880737304688 
3 1985.5106201171875 48.56437683105469 2048.15966796875 151.78477478027344 
3 1392.628662109375 0.8393516540527344 1419.64306640625 73.77203369140625 
3 2067.080322265625 38.873451232910156 2102.56787109375 99.3406982421875 
390
2 516.2489624023438 231.95016479492188 761.2525024414062 523.692626953125 
3 1941.4320068359375 36.51280975341797 1998.1943359375 143.23553466796875 
3 1989.508544921875 46.71373748779297 2048.072998046875 151.59373474121094 
3 328.6576843261719 118.44544982910156 413.4834899902344 248.739501953125 
3 1392.6441650390625 0.9324684143066406 1418.621826171875 73.89738464355469 
3 1433.8001708984375 9.461158752441406 1461.887939453125 77.10214233398438 
3 2067.34765625 38.82354736328125 2102.857666015625 99.18209838867188 
391
2 496.14825439453125 235.7198486328125 759.0888671875 522.457275390625 
3 1942.950439453125 36.519493103027344 1998.282470703125 143.742919921875 
3 331.4464416503906 118.04771423339844 415.76116943359375 248.46783447265625 
3 1993.474365234375 46.72626495361328 2050.691650390625 150.64456176757812 
3 1392.872802734375 0.9291877746582031 1419.3643798828125 73.51545715332031 
3 2067.2705078125 38.48766326904297 2102.6875 101.21586608886719 
3 1432.965576171875 9.206085205078125 1462.267578125 74.7473373413086 
3 1394.7965087890625 1.3362159729003906 1434.7633056640625 73.77455139160156 
392
2 479.0571594238281 239.53170776367188 757.004638671875 523.340576171875 
3 1944.0023193359375 33.319091796875 1997.85498046875 144.8042449951172 
3 1996.87451171875 46.9686279296875 2050.69677734375 151.0423126220703 
3 329.542724609375 118.65350341796875 414.82830810546875 249.450927734375 
3 1430.32958984375 8.061470031738281 1460.56884765625 77.7545166015625 
3 1392.64013671875 0.8925285339355469 1418.9569091796875 73.72374725341797 
3 2067.110107421875 37.98875427246094 2103.445068359375 100.4847412109375 
3 1394.0994873046875 1.6795120239257812 1436.5352783203125 74.04762268066406 
393
2 464.1260070800781 242.74951171875 754.4912719726562 523.83642578125 
3 1999.8917236328125 46.74308776855469 2052.004638671875 150.42080688476562 
3 329.2508544921875 118.92488098144531 414.21051025390625 249.53997802734375 
3 1944.7880859375 29.817031860351562 1998.8477783203125 139.8577117919922 
3 1393.8848876953125 1.0423851013183594 1436.5751953125 73.44629669189453 
3 1429.2874755859375 9.849124908447266 1460.5628662109375 74.6816177368164 
3 2067.138427734375 37.73713684082031 2103.594482421875 101.3544921875 
3 1945.56494140625 30.619216918945312 1998.2607421875 140.298095703125 
394
2 449.3611145019531 246.0635986328125 745.7982177734375 523.9520874023438 
3 1999.9305419921875 47.51221466064453 2052.17138671875 151.47967529296875 
3 329.5128173828125 119.23551940917969 414.8945007324219 250.37564086914062 
3 1948.613525390625 29.063941955566406 1997.915771484375 140.44635009765625 
3 1391.7901611328125 0.5864448547363281 1417.3560791015625 73.78287506103516 
3 1426.61376953125 10.971527099609375 1458.437744140625 72.83428955078125 
3 2448.64599609375 108.4852294921875 2492.53515625 217.1278839111328 
3 1948.1412353515625 28.760635375976562 1998.47705078125 139.87388610839844 
395
2 446.1669616699219 246.76992797851562 733.3191528320312 523.2913208007812 
3 2001.9053955078125 46.95780944824219 2051.832763671875 151.18394470214844 
3 1949.46728515625 29.848045349121094 1998.0118408203125 138.52435302734375 
3 329.4518737792969 119.28179931640625 414.7559814453125 250.05905151367188 
3 1392.1192626953125 0.69854736328125 1418.9757080078125 73.90119934082031 
3 2448.0693359375 108.91729736328125 2492.743896484375 217.16622924804688 
3 1425.4407958984375 11.183708190917969 1458.3216552734375 73.49835205078125 
396
2 441.34783935546875 247.91653442382812 714.912353515625 524.2813110351562 
3 328.59979248046875 119.5133056640625 414.95123291015625 250.6907958984375 
3 1949.55908203125 28.337234497070312 1998.815185546875 138.8345947265625 
3 2000.664306640625 46.761993408203125 2052.949462890625 152.45901489257812 
3 1391.5284423828125 0.021396636962890625 1423.22802734375 73.89986419677734 
3 2238.15966796875 164.2930908203125 2317.512939453125 338.0927734375 
3 1424.2611083984375 9.121826171875 1454.6209716796875 73.82495880126953 
3 2447.074951171875 112.08767700195312 2492.644775390625 217.71791076660156 
397
2 441.3307800292969 249.6060791015625 694.6624755859375 525.02197265625 
3 1949.2003173828125 27.383193969726562 2000.31640625 138.5084686279297 
3 1999.8099365234375 47.333953857421875 2054.63916015625 152.25946044921875 
3 328.7406921386719 119.44720458984375 413.96759033203125 250.85906982421875 
3 2237.786865234375 164.61224365234375 2317.3037109375 338.2691345214844 
3 1391.2530517578125 0.4634284973144531 1425.3634033203125 73.95325469970703 
3 1423.2900390625 10.469928741455078 1455.0225830078125 73.8106689453125 
398
3 435.5999755859375 249.5174560546875 669.1194458007812 526.585693359375 
3 1947.8236083984375 26.78176498413086 2000.961181640625 138.2120361328125 
3 1999.26611328125 47.4205322265625 2054.35986328125 152.76324462890625 
3 328.08892822265625 119.4078369140625 414.8847351074219 250.9432373046875 
3 2236.327392578125 164.84722900390625 2316.6640625 338.6576232910156 
3 1390.80908203125 1.1925277709960938 1420.7520751953125 73.54959869384766 
3 1419.2906494140625 5.926502227783203 1452.8231201171875 74.90919494628906 
3 1423.00048828125 7.047630310058594 1453.6435546875 74.19537353515625 
399
3 425.16741943359375 249.05502319335938 647.2576293945312 530.716552734375 
3 1946.921630859375 28.229598999023438 2001.8382568359375 137.59152221679688 
3 1999.5384521484375 46.78240203857422 2054.52001953125 152.31695556640625 
3 327.37701416015625 119.581787109375 414.86328125 251.39794921875 
3 2234.1455078125 166.07711791992188 2315.215576171875 338.35198974609375 
3 1390.6990966796875 1.1156768798828125 1424.0946044921875 73.8122329711914 
3 1418.0919189453125 4.998664855957031 1451.2979736328125 74.84017181396484 
400
3 413.0043640136719 249.88116455078125 606.7353515625 522.5598754882812 
3 1946.619873046875 27.769771575927734 2001.726318359375 137.94375610351562 
3 328.31878662109375 119.36012268066406 414.9114685058594 251.21856689453125 
3 1999.542236328125 46.11711120605469 2055.07275390625 152.9719696044922 
3 2234.6435546875 165.9967041015625 2314.65771484375 338.6458740234375 
3 1390.671630859375 1.2744827270507812 1421.2088623046875 72.93477630615234 
3 1415.826171875 9.31732177734375 1451.7528076171875 73.83670043945312 
401
3 401.5881042480469 250.82745361328125 601.6676025390625 539.2875366210938 
3 329.15850830078125 119.072509765625 414.8197937011719 251.0499267578125 
3 1946.6717529296875 28.75958251953125 2001.09326171875 136.8613739013672 
3 1999.5384521484375 45.75383758544922 2053.917724609375 152.22216796875 
3 2233.74951171875 165.6756591796875 2314.73193359375 338.6551513671875 
3 1390.529296875 2.2446517944335938 1422.1243896484375 73.0346908569336 
3 1414.9959716796875 3.6752662658691406 1451.1453857421875 74.54451751708984 
3 2053.8271484375 36.14019775390625 2103.666748046875 166.33285522460938 
402
3 391.4598388671875 250.55709838867188 594.4066162109375 543.8952026367188 
3 328.9677429199219 118.81216430664062 413.8297119140625 251.08721923828125 
3 1946.8818359375 28.835891723632812 2002.10595703125 136.35997009277344 
3 2003.0479736328125 45.35462951660156 2054.22216796875 150.25595092773438 
3 2234.51513671875 166.01785278320312 2314.594482421875 338.6148681640625 
3 2053.572265625 35.7269287109375 2103.631591796875 166.02743530273438 
3 1390.8948974609375 2.1079368591308594 1423.21728515625 71.94535827636719 
3 1412.9605712890625 5.001125335693359 1451.0750732421875 72.79496765136719 
403
3 382.10211181640625 250.53414916992188 592.7577514648438 530.94482421875 
3 1947.0028076171875 31.69573974609375 2003.0028076171875 136.20750427246094 
3 327.4847717285156 118.49339294433594 412.70404052734375 251.4237060546875 
3 2004.8902587890625 44.57427978515625 2054.11181640625 148.49969482421875 
3 2235.056640625 166.114013671875 2314.53857421875 338.3414611816406 
3 2053.33837890625 36.261077880859375 2102.670654296875 165.31365966796875 
404
3 372.9454040527344 253.40789794921875 590.8006591796875 529.0274047851562 
3 1946.69970703125 29.676177978515625 2005.822021484375 136.41943359375 
3 326.33941650390625 118.23318481445312 412.93328857421875 249.93115234375 
3 2006.0543212890625 43.69255065917969 2054.3720703125 145.27145385742188 
3 2236.16552734375 165.98171997070312 2314.03759765625 338.8077392578125 
3 2053.3671875 35.738853454589844 2102.010498046875 165.60610961914062 
405
3 362.18304443359375 255.72918701171875 589.9791259765625 546.120849609375 
3 326.28009033203125 118.43473815917969 412.785888671875 250.90615844726562 
3 2005.350830078125 45.75721740722656 2054.193115234375 143.670166015625 
3 1946.118896484375 36.2578125 2005.4320068359375 136.80722045898438 
3 2234.7568359375 165.64797973632812 2313.06640625 338.70977783203125 
3 2052.146728515625 36.56385803222656 2101.29345703125 166.7623291015625 
3 2050.877685546875 37.08430480957031 2099.701171875 167.054443359375 
406
3 355.5797119140625 258.4902648925781 592.6834716796875 539.3287963867188 
3 326.850830078125 118.41232299804688 411.69659423828125 250.65133666992188 
3 1944.8106689453125 36.402252197265625 2006.294677734375 136.89004516601562 
3 2005.4840087890625 45.212791442871094 2053.784423828125 143.29251098632812 
3 2234.67431640625 166.16012573242188 2312.36083984375 339.1110534667969 
3 1408.6534423828125 8.86328125 1444.6253662109375 72.51776123046875 
3 2052.142333984375 36.86290740966797 2099.44921875 166.66587829589844 
3 2053.479248046875 36.039085388183594 2101.06982421875 166.62466430664062 
407
3 344.020751953125 262.20587158203125 590.4340209960938 540.7589721679688 
3 1945.4771728515625 35.93125915527344 2009.138427734375 136.96121215820312 
3 325.35595703125 118.10464477539062 411.63787841796875 250.5465087890625 
3 2007.003662109375 44.302589416503906 2054.41455078125 145.08731079101562 
3 2232.498046875 167.00721740722656 2310.689453125 339.1361083984375 
3 1407.41162109375 7.597888946533203 1442.801513671875 72.73259735107422 
3 2052.943115234375 37.60015869140625 2098.89453125 166.4342041015625 
408
3 333.6513366699219 265.7279052734375 591.7156372070312 544.3351440429688 
3 2006.5780029296875 43.268394470214844 2055.337158203125 145.960205078125 
3 324.7891540527344 118.81523132324219 410.2165832519531 250.36920166015625 
3 1945.7744140625 34.98119354248047 2009.6676025390625 135.4483642578125 
3 2232.23974609375 169.35450744628906 2310.8388671875 338.8003845214844 
3 1405.004638671875 10.430377960205078 1440.168212890625 72.69422149658203 
3 657.3880004882812 44.30042266845703 699.8906860351562 112.57376098632812 
409
3 322.76947021484375 268.279052734375 588.4739990234375 545.8759765625 
3 2006.71875 43.45214080810547 2055.197509765625 144.45492553710938 
3 1950.001708984375 28.815353393554688 2011.130126953125 135.47030639648438 
3 1403.9146728515625 2.1043434143066406 1438.7525634765625 73.90388488769531 
3 324.96539306640625 117.82051086425781 407.47576904296875 251.30364990234375 
3 656.1651611328125 44.78693389892578 699.0411376953125 112.41384887695312 
410
3 311.0157775878906 270.5042419433594 584.8690795898438 549.4908447265625 
3 2006.307861328125 43.93846893310547 2057.501220703125 144.09361267089844 
3 1953.2896728515625 28.685455322265625 2014.014404296875 135.38449096679688 
3 325.0146179199219 118.35348510742188 403.3412780761719 251.8388671875 
3 1404.0618896484375 7.8448944091796875 1435.439208984375 72.58585357666016 
411
3 299.8582763671875 274.0101013183594 582.0550537109375 551.0460205078125 
3 2006.33349609375 44.82849884033203 2058.0849609375 143.71649169921875 
3 1956.8701171875 28.052879333496094 2014.389892578125 135.46823120117188 
3 323.2352294921875 117.89401245117188 406.871826171875 252.04690551757812 
412
3 285.83648681640625 275.7468566894531 572.0716552734375 549.7771606445312 
3 2006.2374267578125 45.49303436279297 2059.11767578125 142.5738067626953 
3 1959.5150146484375 28.0272216796875 2015.3211669921875 135.10897827148438 
3 322.228271484375 117.76451110839844 408.3617248535156 252.18991088867188 
3 1404.55859375 8.491119384765625 1433.243408203125 74.22244262695312 
3 2438.9267578125 109.9349365234375 2483.349609375 215.24574279785156 
413
3 273.77191162109375 277.0737609863281 559.693115234375 548.5830688476562 
3 2006.28369140625 45.27271270751953 2058.68701171875 141.80032348632812 
3 1964.544677734375 27.655567169189453 2015.5711669921875 134.68389892578125 
3 322.0030822753906 119.39144897460938 408.0484924316406 252.11956787109375 
3 1402.8297119140625 11.024974822998047 1433.7061767578125 73.94131469726562 
3 2438.666259765625 108.14250183105469 2483.034912109375 215.2828826904297 
3 2052.15673828125 41.216758728027344 2097.80029296875 168.65274047851562 
414
3 261.8387451171875 278.53955078125 548.9420776367188 549.5913696289062 
3 321.81829833984375 121.09613037109375 405.7323913574219 251.95925903320312 
3 2005.2388916015625 44.257545471191406 2057.673583984375 142.2256622314453 
3 1966.46435546875 27.540973663330078 2017.24462890625 134.84249877929688 
3 1403.02734375 14.99337387084961 1431.2060546875 74.26763916015625 
3 2051.64599609375 40.89183044433594 2097.486083984375 166.17950439453125 
3 2438.3818359375 98.93354797363281 2481.536376953125 214.81063842773438 
415
3 250.46026611328125 279.4747314453125 532.5549926757812 550.0595092773438 
3 320.2864074707031 121.34652709960938 405.3057861328125 251.44259643554688 
3 2004.532470703125 44.344146728515625 2057.260498046875 141.4815216064453 
3 1967.6441650390625 26.742130279541016 2017.433837890625 134.98013305664062 
3 1402.9774169921875 19.390209197998047 1428.8380126953125 72.8421401977539 
3 2050.27294921875 41.27264404296875 2096.837158203125 155.5025177001953 
3 2437.505615234375 102.76065063476562 2481.226806640625 214.11874389648438 
416
3 237.8927001953125 280.2421569824219 513.9841918945312 551.8577880859375 
3 320.1260070800781 122.09028625488281 404.4654235839844 251.47650146484375 
3 2004.615234375 44.59898376464844 2058.987548828125 141.5589599609375 
3 1967.3800048828125 26.445465087890625 2017.390869140625 135.01754760742188 
417
3 230.13694763183594 280.0052795410156 495.92877197265625 552.3223266601562 
3 319.7390441894531 122.37429809570312 404.9020690917969 252.17532348632812 
3 2003.805908203125 43.105621337890625 2064.6591796875 141.00628662109375 
3 1967.188720703125 26.612945556640625 2018.2808837890625 135.18373107910156 
3 1401.31689453125 12.244766235351562 1429.807373046875 74.9468002319336 
418
3 222.06935119628906 280.58099365234375 469.2301025390625 549.9005126953125 
3 2004.1776123046875 42.92529296875 2066.208740234375 140.56234741210938 
3 319.2315368652344 123.5311279296875 404.9702453613281 252.19989013671875 
3 1966.7254638671875 26.70697784423828 2019.964599609375 133.7910614013672 
3 1400.4423828125 11.977558135986328 1429.515380859375 75.6011962890625 
3 2435.89453125 103.78277587890625 2478.6826171875 214.52236938476562 
419
3 211.9947052001953 279.7901306152344 458.4825439453125 547.766357421875 
3 319.46588134765625 123.21652221679688 404.27203369140625 252.13497924804688 
3 2006.5872802734375 44.839759826660156 2067.72802734375 140.325927734375 
3 1966.1448974609375 26.560813903808594 2019.43701171875 133.32281494140625 
3 1400.3271484375 12.858783721923828 1427.9295654296875 75.34127044677734 
3 2435.107177734375 104.94355773925781 2478.17822265625 214.29351806640625 
420
3 319.1778869628906 122.16130065917969 403.55322265625 251.81240844726562 
3 205.07534790039062 279.157958984375 436.380859375 543.7721557617188 
3 2006.2242431640625 45.559776306152344 2066.22216796875 139.8677215576172 
3 1965.0794677734375 26.709259033203125 2018.6502685546875 133.1365509033203 
3 1399.92431640625 14.458305358886719 1427.31689453125 74.41252899169922 
3 2434.353759765625 103.99407958984375 2478.140625 214.60162353515625 
3 2047.5804443359375 37.29241943359375 2095.962158203125 151.85931396484375 
421
3 318.471435546875 121.99563598632812 402.3160095214844 251.73300170898438 
3 195.94979858398438 279.173828125 413.876708984375 537.3690795898438 
3 2011.121826171875 45.778846740722656 2064.45751953125 140.04541015625 
3 1966.33544921875 28.242408752441406 2018.397216796875 132.908447265625 
3 2048.301513671875 37.01066589355469 2094.52783203125 143.05165100097656 
3 1398.906005859375 16.892929077148438 1426.1531982421875 72.41666412353516 
422
3 188.93804931640625 279.92535400390625 414.3375549316406 550.1175537109375 
3 318.35107421875 121.78129577636719 402.2855224609375 251.6478271484375 
3 2014.2252197265625 44.97704315185547 2063.821533203125 139.14028930664062 
3 1967.896240234375 28.720245361328125 2018.2652587890625 132.42669677734375 
3 2048.925048828125 36.435882568359375 2095.03173828125 141.1057586669922 
3 1398.9114990234375 19.96526336669922 1425.8245849609375 71.77886962890625 
423
3 182.50228881835938 281.45330810546875 416.710693359375 551.654296875 
3 317.1597595214844 122.54566955566406 401.13226318359375 252.00701904296875 
3 2016.0684814453125 42.02619934082031 2062.553466796875 139.3126220703125 
3 1969.8165283203125 26.89141082763672 2018.604736328125 132.43316650390625 
3 2049.052001953125 37.31829071044922 2094.561279296875 141.05764770507812 
424
3 172.76187133789062 281.69635009765625 415.2137451171875 552.9984130859375 
3 2017.3360595703125 42.32566833496094 2063.067626953125 139.18466186523438 
3 316.6763610839844 122.68649291992188 401.1296081542969 251.7781982421875 
3 1970.921142578125 26.773849487304688 2019.9427490234375 132.90982055664062 
425
3 161.42108154296875 285.026611328125 413.718505859375 551.6144409179688 
3 315.92724609375 123.38017272949219 400.76031494140625 252.72845458984375 
3 2018.97021484375 43.24574279785156 2062.956298828125 139.6074676513672 
3 1973.421875 27.726192474365234 2020.20458984375 129.85256958007812 
3 2046.1533203125 37.78831481933594 2094.1884765625 159.03895568847656 
3 1399.036865234375 18.830215454101562 1425.1427001953125 72.87458801269531 
426
3 151.75411987304688 286.890625 413.8760070800781 552.6171875 
3 315.6492919921875 123.44708251953125 400.4683837890625 252.47113037109375 
3 1974.9814453125 27.778484344482422 2020.4317626953125 130.41712951660156 
3 2019.1336669921875 43.419586181640625 2063.55810546875 140.387451171875 
3 2045.5498046875 38.15428161621094 2094.228759765625 158.51214599609375 
3 1399.00830078125 18.370643615722656 1425.08544921875 73.01432800292969 
427
3 143.72213745117188 289.5387268066406 410.0277099609375 553.186767578125 
3 315.9414367675781 123.43592834472656 400.59234619140625 253.04208374023438 
3 1974.998779296875 29.55047607421875 2021.109130859375 131.63758850097656 
3 2020.2237548828125 43.658226013183594 2066.6328125 140.05313110351562 
3 1397.8603515625 16.075481414794922 1425.570068359375 73.39988708496094 
428
3 140.24008178710938 290.8592834472656 409.578369140625 555.3954467773438 
3 315.6837463378906 123.15863037109375 400.7503356933594 252.88748168945312 
3 1975.3243408203125 27.912067413330078 2021.9920654296875 128.96762084960938 
3 2021.6368408203125 44.073638916015625 2065.52587890625 139.8871612548828 
3 1398.3807373046875 19.58612823486328 1425.4466552734375 72.68529510498047 
429
3 137.40567016601562 292.19952392578125 410.0895690917969 556.12158203125 
3 315.18475341796875 122.97715759277344 400.3000183105469 253.39990234375 
3 1974.6514892578125 26.752296447753906 2021.2869873046875 129.9203338623047 
3 2019.838134765625 43.68811798095703 2068.725341796875 140.06515502929688 
3 1398.6080322265625 16.631858825683594 1425.6376953125 72.67589569091797 
3 2429.91162109375 102.18107604980469 2475.2314453125 211.15643310546875 
3 2223.779052734375 164.8975830078125 2302.66015625 334.294921875 
430
3 135.50442504882812 294.1977844238281 408.70318603515625 557.74609375 
3 315.445556640625 122.96426391601562 400.1814880371094 253.43484497070312 
3 1975.0029296875 27.253986358642578 2022.06884765625 128.7569580078125 
3 2020.6260986328125 44.848785400390625 2069.400634765625 139.8499755859375 
3 2222.33935546875 164.1249237060547 2302.285888671875 335.1240539550781 
3 1398.8614501953125 17.677188873291016 1425.5565185546875 72.67573547363281 
431
3 130.5806427001953 294.29705810546875 396.55218505859375 555.7246704101562 
3 314.70892333984375 123.10749816894531 400.1173095703125 253.58441162109375 
3 1974.7288818359375 26.664501190185547 2022.367431640625 129.0690155029297 
3 2021.1077880859375 46.10401916503906 2067.78271484375 140.27413940429688 
3 2221.596435546875 163.6114959716797 2301.7490234375 334.5128173828125 
3 1398.70361328125 19.20169448852539 1425.3585205078125 72.3436279296875 
3 0.02294921875 322.36102294921875 92.39423370361328 468.23162841796875 
432
3 125.12442016601562 294.6417541503906 389.519775390625 555.293701171875 
3 314.08251953125 123.03730773925781 400.024658203125 253.6053466796875 
3 1974.505126953125 27.094955444335938 2023.08642578125 128.57156372070312 
3 2022.36328125 44.761322021484375 2066.416748046875 140.0039825439453 
3 2222.74853515625 163.19300842285156 2301.66748046875 334.1689758300781 
3 2044.3935546875 38.89103698730469 2092.733642578125 158.20635986328125 
433
3 117.75382995605469 293.8058776855469 375.2740173339844 554.5960693359375 
3 1974.46728515625 26.91571807861328 2024.562744140625 128.6916961669922 
3 2023.1514892578125 45.68034362792969 2067.3310546875 138.3295440673828 
3 313.3256530761719 123.126708984375 399.80865478515625 253.60800170898438 
3 2221.83203125 163.47232055664062 2301.446533203125 334.26129150390625 
3 0.09465789794921875 315.451904296875 91.71514892578125 467.5002746582031 
434
3 109.39192199707031 293.4573669433594 364.5878601074219 555.5216674804688 
3 1974.70703125 27.288108825683594 2024.7484130859375 128.33663940429688 
3 313.29412841796875 123.13253784179688 399.996826171875 253.73626708984375 
3 2025.333740234375 44.51460266113281 2068.401611328125 135.74070739746094 
3 0.0 312.67364501953125 93.07522583007812 467.4222412109375 
3 2222.646240234375 163.79092407226562 2301.296630859375 334.31817626953125 
435
3 102.93647766113281 294.7445373535156 352.0286865234375 556.4655151367188 
3 1974.385986328125 28.193313598632812 2025.3758544921875 129.59129333496094 
3 312.45269775390625 123.11227416992188 399.93524169921875 253.79376220703125 
3 2024.74609375 43.20213317871094 2067.451416015625 135.28604125976562 
3 2223.042236328125 163.75856018066406 2300.9326171875 334.1375732421875 
3 0.1980133056640625 306.40069580078125 95.35281372070312 471.12188720703125 
436
3 94.96418762207031 295.9573669433594 329.44500732421875 560.2286376953125 
3 1974.256591796875 27.981990814208984 2026.2825927734375 129.84075927734375 
3 311.8067321777344 122.88632202148438 399.8703308105469 253.63894653320312 
3 2022.7703857421875 41.68548583984375 2068.378662109375 133.73757934570312 
3 2222.741455078125 163.614013671875 2300.824462890625 334.5401306152344 
3 0.0 302.8094177246094 102.7738037109375 466.12286376953125 
3 0.16347026824951172 303.5815124511719 89.62198638916016 465.54339599609375 
437
3 89.92665100097656 298.0828857421875 313.9228515625 563.2725830078125 
3 1974.62890625 33.726417541503906 2026.8251953125 129.4464111328125 
3 311.1400451660156 122.79153442382812 399.9178466796875 253.34597778320312 
3 2024.41064453125 40.873992919921875 2069.164794921875 133.8707275390625 
3 2222.449951171875 163.90472412109375 2300.826171875 334.5917663574219 
3 0.0 285.77349853515625 94.17063903808594 462.3175354003906 
3 0.19537639617919922 285.5018615722656 90.86515808105469 462.6662902832031 
438
3 83.14669799804688 298.42376708984375 309.0501708984375 566.6254272460938 
3 1974.4949951171875 34.498023986816406 2028.0406494140625 129.59249877929688 
3 0.09696197509765625 285.328857421875 111.85926818847656 461.547607421875 
3 2024.2935791015625 41.472145080566406 2069.800537109375 133.7110595703125 
3 310.8290100097656 122.7958984375 400.1026306152344 253.77008056640625 
3 2222.309326171875 164.00404357910156 2300.788818359375 334.402587890625 
439
3 77.60427856445312 297.99102783203125 298.32330322265625 571.0367431640625 
3 0.1666717529296875 283.6600646972656 112.35769653320312 461.01202392578125 
3 1975.3455810546875 30.7305908203125 2026.9383544921875 129.41314697265625 
3 311.7252502441406 122.56045532226562 400.28289794921875 253.27835083007812 
3 2221.081787109375 163.70751953125 2300.873046875 334.577392578125 
3 2026.564453125 41.82887268066406 2070.00244140625 133.69435119628906 
3 2027.3883056640625 40.97918701171875 2074.190673828125 133.66070556640625 
3 634.0582885742188 42.45360565185547 691.1406860351562 113.43887329101562 
440
3 71.80061340332031 300.01177978515625 298.9093017578125 575.1366577148438 
3 0.08635711669921875 284.0499267578125 118.53152465820312 459.63189697265625 
3 2221.345703125 164.3009033203125 2301.259765625 334.33026123046875 
3 2028.892333984375 41.04863739013672 2072.7294921875 133.71261596679688 
3 1978.4107666015625 34.21257019042969 2036.2734375 127.35464477539062 
3 314.7436828613281 123.16061401367188 400.29083251953125 253.20236206054688 
441
3 67.67002868652344 299.7951354980469 303.3758239746094 579.8685302734375 
3 313.6971435546875 122.68345642089844 400.5347900390625 253.48553466796875 
3 0.0 274.612060546875 130.2001953125 462.0540771484375 
3 1982.72705078125 31.81085205078125 2032.5924072265625 127.11405944824219 
3 2225.361572265625 163.0247039794922 2302.5869140625 334.16851806640625 
3 2029.877197265625 41.033416748046875 2073.550048828125 133.3668975830078 
3 634.5216674804688 42.573822021484375 692.6376953125 113.41165161132812 
442
3 60.476287841796875 306.9779357910156 302.95831298828125 582.812255859375 
3 312.6553649902344 122.98016357421875 402.4036560058594 255.1435546875 
3 0.0 276.8964538574219 131.2130584716797 462.59625244140625 
3 1986.0784912109375 33.58599853515625 2042.0894775390625 127.81964111328125 
3 2031.1763916015625 39.94212341308594 2074.755126953125 132.97842407226562 
3 2224.709716796875 162.86328125 2303.402099609375 334.1115417480469 
3 1399.4510498046875 18.734542846679688 1426.1832275390625 71.60202026367188 
3 634.2078247070312 42.35107421875 693.2696533203125 113.11351013183594 
443
3 56.76361083984375 308.7710266113281 303.2582702636719 585.145751953125 
3 2031.57763671875 37.35546875 2075.05029296875 133.0118408203125 
3 0.115142822265625 271.1466369628906 124.77684020996094 460.97393798828125 
3 1989.726806640625 31.418167114257812 2042.49072265625 127.35185241699219 
3 312.7826843261719 122.48406982421875 402.6816101074219 254.29583740234375 
3 634.13330078125 41.603370666503906 693.9254150390625 112.65415954589844 
3 2226.171875 163.64617919921875 2303.574462890625 333.6544189453125 
3 1399.7266845703125 18.766860961914062 1426.276611328125 71.96358489990234 
444
3 51.977210998535156 311.8487548828125 295.46820068359375 581.9058837890625 
3 0.03753662109375 273.8570251464844 123.81067657470703 463.1109313964844 
3 313.320068359375 122.73797607421875 400.9840087890625 255.45858764648438 
3 1990.3436279296875 21.611541748046875 2038.4766845703125 127.37619018554688 
3 2031.4581298828125 38.33113098144531 2092.17431640625 133.4232177734375 
3 633.3284301757812 41.29975128173828 691.0678100585938 113.00129699707031 
3 1398.9910888671875 18.939918518066406 1426.177490234375 71.6128921508789 
3 2225.62353515625 163.3681640625 2302.87255859375 334.2253723144531 
445
3 46.10509490966797 313.1621398925781 295.4327087402344 576.3707885742188 
3 1.6332283020019531 274.791748046875 107.12161254882812 461.2755126953125 
3 2032.4656982421875 38.793312072753906 2075.822509765625 133.30474853515625 
3 2224.734619140625 163.08175659179688 2302.879638671875 333.95166015625 
3 313.3109130859375 123.33265686035156 401.91583251953125 256.1824645996094 
3 634.0789794921875 40.025238037109375 689.7986450195312 112.72024536132812 
3 1399.087646484375 19.440662384033203 1425.9329833984375 72.19754028320312 
446
3 39.84967041015625 315.1492919921875 296.44317626953125 578.8388671875 
3 314.2123107910156 123.57394409179688 401.696044921875 254.67071533203125 
3 6.167469024658203 274.24835205078125 103.57609558105469 462.5332336425781 
3 1994.9012451171875 28.67694091796875 2047.2557373046875 126.87554931640625 
3 2032.6175537109375 38.86687469482422 2077.3759765625 133.37405395507812 
3 632.8762817382812 38.115264892578125 690.84423828125 112.66766357421875 
3 1399.2435302734375 21.2734375 1425.72021484375 71.76284790039062 
447
3 34.079803466796875 320.0642395019531 302.6085205078125 577.2179565429688 
3 1995.6492919921875 30.973663330078125 2046.01416015625 127.17263793945312 
3 314.2563781738281 122.70440673828125 402.13885498046875 254.01614379882812 
3 2033.14990234375 39.25274658203125 2076.866943359375 132.54678344726562 
3 9.903976440429688 274.59075927734375 99.3580322265625 460.2113342285156 
3 633.3370971679688 37.38349151611328 693.0625610351562 112.67994689941406 
448
3 26.733383178710938 319.324951171875 299.576904296875 579.9154663085938 
3 1995.849365234375 31.970504760742188 2047.4039306640625 128.06912231445312 
3 314.0886535644531 123.55595397949219 397.07867431640625 254.42913818359375 
3 2033.6759033203125 38.927032470703125 2078.448486328125 132.72140502929688 
449
3 19.547515869140625 318.7197265625 296.8218994140625 581.41259765625 
3 315.3401184082031 123.04571533203125 398.3147277832031 254.45391845703125 
3 2035.0953369140625 36.82804870605469 2081.8583984375 131.8687286376953 
3 1997.169189453125 33.76154327392578 2049.5029296875 128.905517578125 
3 2223.582763671875 163.24794006347656 2304.068359375 333.2921142578125 
3 314.88787841796875 123.07435607910156 380.4963073730469 248.3138427734375 
450
3 315.0930480957031 123.30917358398438 400.97698974609375 253.976806640625 
3 12.2286376953125 325.77197265625 292.0252990722656 581.216064453125 
3 2035.9178466796875 37.85145568847656 2082.593017578125 131.09674072265625 
3 2222.415283203125 163.02105712890625 2303.5068359375 334.4737548828125 
3 18.296749114990234 265.2688293457031 132.3111572265625 366.23199462890625 
3 1997.644287109375 33.802154541015625 2050.764892578125 128.73736572265625 
451
3 35.966705322265625 334.59228515625 285.85333251953125 580.9136352539062 
3 317.45477294921875 123.29434204101562 402.6375427246094 253.48068237304688 
3 2223.502197265625 163.21096801757812 2303.788818359375 333.64971923828125 
3 22.651336669921875 266.8857116699219 141.1992645263672 368.68121337890625 
3 2041.1240234375 42.72174072265625 2100.113037109375 126.4534912109375 
3 6.818878173828125 325.59197998046875 62.39916229248047 407.29522705078125 
3 1998.37548828125 33.783447265625 2071.08544921875 127.48492431640625 
3 1399.6268310546875 13.712387084960938 1427.8995361328125 71.22659301757812 
452
3 319.771240234375 124.80584716796875 400.9523010253906 253.9266357421875 
3 2225.66650390625 163.18008422851562 2303.92578125 333.6236572265625 
3 22.587432861328125 263.3334655761719 269.54278564453125 564.0494384765625 
3 4.743804931640625 336.794677734375 270.5833435058594 563.843994140625 
3 1998.1446533203125 34.41326904296875 2061.166015625 127.462646484375 
453
3 2225.1181640625 163.2415008544922 2303.7724609375 333.51934814453125 
3 1.3955078125 335.4546203613281 258.7109069824219 578.3869018554688 
3 332.78253173828125 126.69853210449219 402.42620849609375 253.8349609375 
3 1999.0855712890625 34.009002685546875 2079.87548828125 125.34555053710938 
3 25.656478881835938 260.7950439453125 161.49734497070312 425.7830810546875 
3 317.5841979980469 124.96452331542969 367.1671447753906 252.52996826171875 
454
3 0.331085205078125 338.9040832519531 242.71783447265625 583.40185546875 
3 25.188690185546875 261.11785888671875 160.32960510253906 430.52752685546875 
3 319.5748596191406 125.42414855957031 401.66595458984375 253.770263671875 
3 2224.125244140625 163.2774658203125 2303.88427734375 333.5244140625 
3 1994.6943359375 34.0093994140625 2081.974609375 126.220458984375 
3 635.5941162109375 35.88179016113281 691.9078369140625 111.75875854492188 
3 999.45361328125 0.0 1016.94140625 27.94831085205078 
3 317.81024169921875 125.23419189453125 368.29705810546875 252.72933959960938 
455
3 0.37894439697265625 335.3138427734375 233.14553833007812 583.4529418945312 
3 29.04193115234375 258.35357666015625 162.13604736328125 429.868896484375 
3 321.03515625 125.83210754394531 406.27978515625 252.83206176757812 
3 2223.463623046875 163.3292999267578 2303.922607421875 333.62420654296875 
3 317.7413330078125 124.3172607421875 369.8966979980469 254.42391967773438 
3 1998.6396484375 33.39165496826172 2077.96728515625 124.00909423828125 
3 635.89599609375 36.05928039550781 691.722900390625 112.24652099609375 
456
3 34.24818420410156 255.21087646484375 163.2061309814453 429.7953186035156 
3 318.5480041503906 123.68820190429688 408.42303466796875 253.228759765625 
3 2225.94775390625 163.0220184326172 2303.2685546875 334.73223876953125 
3 0.0 334.6837158203125 215.8958740234375 578.3971557617188 
3 0.31427764892578125 334.5826110839844 215.55203247070312 578.9893798828125 
3 1398.37353515625 12.462753295898438 1427.9478759765625 71.57923889160156 
457
3 318.7127380371094 123.679443359375 409.5094909667969 253.57769775390625 
3 35.215240478515625 249.8885498046875 162.5237579345703 430.44781494140625 
3 0.21950531005859375 338.3169860839844 206.410888671875 583.0123291015625 
3 2224.34130859375 163.18832397460938 2303.385498046875 334.64697265625 
3 1985.27490234375 32.28868103027344 2084.380859375 123.42581176757812 
3 635.3582763671875 35.52793884277344 691.591064453125 112.47819519042969 
458
3 318.93975830078125 123.47775268554688 412.95001220703125 253.67242431640625 
3 0.100067138671875 343.81182861328125 197.03236389160156 583.1658935546875 
3 40.299285888671875 245.22918701171875 167.9189453125 430.3537902832031 
3 2223.888427734375 163.0939483642578 2303.298583984375 334.733642578125 
3 1992.314453125 32.689720153808594 2077.777099609375 122.33805847167969 
3 635.242919921875 36.017181396484375 691.1288452148438 112.86825561523438 
3 996.4181518554688 0.0 1017.8411254882812 27.454402923583984 
459
3 319.1715087890625 123.70562744140625 415.22314453125 253.70556640625 
3 0.25902557373046875 346.2694091796875 195.57559204101562 584.0333251953125 
3 44.51264953613281 248.08172607421875 172.2885284423828 430.27215576171875 
3 2222.031005859375 163.42428588867188 2303.60498046875 334.5497741699219 
3 1991.4146728515625 33.58381652832031 2076.594482421875 123.1094970703125 
3 996.238525390625 0.0 1016.6556396484375 29.259017944335938 
3 634.9400634765625 34.88262176513672 692.3349609375 111.89012145996094 
3 1398.80615234375 12.647293090820312 1426.3238525390625 72.19876861572266 
460
3 318.2894287109375 122.85693359375 415.83831787109375 254.04595947265625 
3 44.34028625488281 254.56158447265625 181.3087921142578 430.1190185546875 
3 0.45636749267578125 344.9373474121094 195.29412841796875 587.080810546875 
3 2221.560546875 163.16537475585938 2303.40087890625 334.9136047363281 
3 2006.2545166015625 32.636634826660156 2071.154296875 123.04444885253906 
3 996.0314331054688 0.0 1016.4209594726562 28.485923767089844 
3 1398.8956298828125 16.651416778564453 1426.1549072265625 71.83746337890625 
3 635.3929443359375 35.251808166503906 693.1273803710938 112.26495361328125 
461
3 318.625244140625 123.14739990234375 418.1668395996094 254.88546752929688 
3 35.80281066894531 246.43698120117188 182.5121307373047 430.60882568359375 
3 2224.937255859375 163.10830688476562 2304.083251953125 334.0105285644531 
3 0.3604583740234375 358.0912780761719 195.5482940673828 590.2288818359375 
3 2007.4349365234375 33.044532775878906 2059.456787109375 122.74441528320312 
3 995.9227294921875 0.0 1016.1209106445312 27.124893188476562 
462
3 318.53515625 122.38653564453125 421.2660827636719 255.191162109375 
3 56.58646774291992 249.35626220703125 179.35150146484375 430.3153076171875 
3 0.3647308349609375 356.417724609375 196.6225128173828 595.3795776367188 
3 2224.079833984375 163.14002990722656 2303.620849609375 335.15277099609375 
3 2008.8433837890625 33.23005676269531 2051.087890625 121.59555053710938 
3 0.08585166931152344 429.5461120605469 22.436735153198242 577.7227783203125 
463
3 319.5950012207031 122.03868103027344 421.0973815917969 255.33343505859375 
3 60.04497146606445 246.96771240234375 182.39035034179688 430.7071838378906 
3 0.3370819091796875 363.83294677734375 196.7962646484375 602.9141845703125 
3 2009.211181640625 32.258392333984375 2067.131591796875 121.8580322265625 
3 2225.2783203125 163.2841796875 2303.467529296875 334.7323303222656 
464
3 319.0850830078125 121.91635131835938 420.71966552734375 254.82418823242188 
3 60.95257568359375 245.78350830078125 180.81256103515625 428.1236877441406 
3 0.4066009521484375 363.66162109375 196.10128784179688 604.8464965820312 
3 2225.767333984375 163.3245391845703 2303.708984375 334.09942626953125 
3 2009.463623046875 32.461341857910156 2065.744384765625 121.76553344726562 
3 635.4240112304688 35.838043212890625 693.9388427734375 113.676513671875 
465
3 320.47015380859375 121.49934387207031 420.829345703125 254.24578857421875 
3 61.8883056640625 243.76806640625 181.12855529785156 427.43707275390625 
3 2225.736328125 163.23138427734375 2303.884765625 334.17340087890625 
3 2010.163330078125 33.119171142578125 2072.819580078125 121.66900634765625 
466
3 320.55401611328125 121.72273254394531 420.878173828125 253.85546875 
3 64.73339080810547 244.10537719726562 181.69149780273438 424.9276123046875 
3 2226.0400390625 163.26498413085938 2303.909912109375 333.86834716796875 
3 2011.86962890625 31.323379516601562 2070.213623046875 121.30424499511719 
3 0.1836700439453125 367.92816162109375 197.0664520263672 606.7760009765625 
3 0.15525054931640625 404.24310302734375 198.26246643066406 607.1399536132812 
467
3 322.22802734375 122.11968994140625 420.90936279296875 253.25576782226562 
3 66.6728515625 241.87847900390625 183.2082061767578 421.94464111328125 
3 2012.83935546875 30.554595947265625 2067.327392578125 120.77865600585938 
3 2229.3779296875 162.94683837890625 2304.201904296875 334.1500549316406 
3 0.2618865966796875 450.5754089355469 198.8234100341797 607.7338256835938 
468
3 323.874267578125 122.01417541503906 420.7588195800781 251.88677978515625 
3 69.39849853515625 243.38409423828125 183.1580352783203 418.2250671386719 
3 2013.0255126953125 34.30364990234375 2065.078125 120.5379638671875 
3 2229.343017578125 163.1055908203125 2304.502685546875 334.11676025390625 
3 1399.7386474609375 9.257522583007812 1427.7420654296875 72.39746856689453 
3 2043.3565673828125 35.78163146972656 2099.73095703125 163.29598999023438 
3 0.21706390380859375 374.8929443359375 199.27195739746094 608.2806396484375 
469
3 324.7001953125 121.54930114746094 420.3228454589844 252.97686767578125 
3 73.94232177734375 240.26742553710938 183.0723419189453 415.0476989746094 
3 2012.322265625 36.47796630859375 2065.260498046875 120.98544311523438 
3 2229.04736328125 162.98373413085938 2304.234375 333.9805603027344 
3 1399.6044921875 10.087287902832031 1427.4598388671875 72.45539855957031 
3 2042.7410888671875 35.72479248046875 2099.177490234375 163.55145263671875 
470
3 324.8004150390625 120.97340393066406 420.07794189453125 249.92877197265625 
3 74.64617919921875 239.84646606445312 186.413818359375 410.8362731933594 
3 2013.228271484375 35.03699493408203 2064.406982421875 120.06587219238281 
3 2229.21142578125 163.51910400390625 2304.5810546875 334.03173828125 
3 1399.7886962890625 10.059715270996094 1428.2958984375 72.37760162353516 
3 0.371551513671875 397.76995849609375 190.1013946533203 611.2257080078125 
3 2043.5380859375 37.007843017578125 2099.568603515625 163.96385192871094 
471
3 325.4044189453125 121.55859375 420.22509765625 252.0595703125 
3 78.38775634765625 238.5013427734375 196.11277770996094 407.0367431640625 
3 2013.5096435546875 33.28387451171875 2067.337646484375 119.65010070800781 
3 2229.787353515625 163.3250732421875 2304.8076171875 333.88848876953125 
3 1399.4449462890625 8.63623046875 1428.54150390625 72.58048248291016 
3 0.4599456787109375 402.4985656738281 180.51980590820312 610.8291625976562 
3 0.17961692810058594 406.86444091796875 89.7406005859375 609.62451171875 
472
3 325.5120544433594 121.85569763183594 420.23553466796875 254.12554931640625 
3 84.45486450195312 238.348876953125 200.2884521484375 407.08056640625 
3 2014.9130859375 32.907936096191406 2068.262939453125 119.53843688964844 
3 2229.876708984375 163.32907104492188 2304.730224609375 333.8961486816406 
3 1399.9539794921875 8.930862426757812 1428.312744140625 72.34315490722656 
3 0.1742258071899414 404.2816162109375 90.51484680175781 608.8331909179688 
473
3 325.60247802734375 121.20567321777344 419.8526611328125 253.42056274414062 
3 83.47021484375 235.121826171875 203.7057342529297 407.25152587890625 
3 2016.62109375 32.02574920654297 2071.310546875 119.5587158203125 
3 2229.691650390625 163.44284057617188 2304.65625 333.98809814453125 
3 1400.061279296875 8.31005859375 1428.109375 72.4027099609375 
3 0.1033315658569336 408.74163818359375 86.25944519042969 609.7991943359375 
474
3 329.61029052734375 121.4600830078125 420.0599365234375 254.36538696289062 
3 87.95075225830078 233.42117309570312 211.8787078857422 406.08599853515625 
3 2018.051025390625 31.381637573242188 2071.558837890625 119.33537292480469 
3 2229.784423828125 163.29190063476562 2304.18603515625 333.936279296875 
3 1399.6334228515625 9.30898666381836 1427.8511962890625 72.54730987548828 
475
3 89.17957305908203 235.288330078125 219.3151397705078 406.8975830078125 
3 329.85760498046875 120.87704467773438 419.8449401855469 254.17633056640625 
3 2021.837158203125 33.364234924316406 2073.931396484375 119.49566650390625 
3 1399.5860595703125 6.885280609130859 1428.4078369140625 72.82511901855469 
3 2229.76171875 163.03839111328125 2304.55322265625 333.9895324707031 
476
3 90.10877990722656 227.4197998046875 224.32119750976562 406.54315185546875 
3 329.4261474609375 120.13613891601562 419.95220947265625 252.33584594726562 
3 2229.723388671875 162.96505737304688 2304.525634765625 333.8495788574219 
3 2024.75927734375 33.38494110107422 2073.537109375 119.80435180664062 
3 1399.6021728515625 7.2015228271484375 1428.1458740234375 72.74955749511719 
3 0.12336349487304688 457.11566162109375 110.5384292602539 615.8861083984375 
3 0.0 476.109375 108.17030334472656 614.8792114257812 
477
3 90.01335906982422 227.05926513671875 229.01251220703125 406.214111328125 
3 329.25433349609375 119.42196655273438 418.3319091796875 250.74163818359375 
3 0.45496368408203125 480.700927734375 91.04434204101562 622.9852294921875 
3 2026.891357421875 32.588478088378906 2072.484130859375 120.51611328125 
3 2228.4091796875 163.05145263671875 2304.716796875 333.82073974609375 
3 1400.1771240234375 8.37255859375 1427.724365234375 72.313720703125 
478
3 90.88601684570312 231.56524658203125 232.63848876953125 406.84521484375 
3 330.0743713378906 118.95578002929688 418.4315185546875 252.46060180664062 
3 2227.950439453125 163.23849487304688 2304.803955078125 333.9050598144531 
3 0.3331146240234375 479.5572509765625 84.93519592285156 631.2996215820312 
3 2028.71630859375 31.97100830078125 2071.56787109375 119.96400451660156 
3 1399.981689453125 9.410331726074219 1427.74169921875 72.2744140625 
3 636.770263671875 39.54817199707031 693.650390625 113.39739990234375 
479
3 93.76982116699219 227.5107421875 233.43829345703125 406.5396423339844 
3 332.74774169921875 118.94996643066406 419.683837890625 253.244140625 
3 0.23987960815429688 484.882080078125 87.91387939453125 637.8640747070312 
3 2227.949462890625 162.57681274414062 2305.102294921875 333.88214111328125 
3 2030.6802978515625 32.95330047607422 2072.695068359375 120.83657836914062 
3 1400.57373046875 10.889228820800781 1427.4195556640625 71.81428527832031 
480
3 95.72882843017578 225.34127807617188 232.53343200683594 405.86041259765625 
3 335.024169921875 118.6163330078125 419.5361022949219 253.01644897460938 
3 2227.208740234375 162.69134521484375 2305.005859375 333.9151611328125 
3 2030.51513671875 32.838226318359375 2074.259521484375 120.76080322265625 
3 0.2609710693359375 504.94415283203125 86.45378112792969 633.6853637695312 
3 1400.4512939453125 10.650642395019531 1427.31103515625 71.9937744140625 
481
3 104.01268005371094 221.53387451171875 233.22222900390625 404.0542907714844 
3 336.88092041015625 118.16847229003906 418.9962158203125 252.98406982421875 
3 2227.701171875 162.76683044433594 2305.26953125 333.9789733886719 
3 0.17246246337890625 513.8810424804688 87.44807434082031 634.97119140625 
3 2030.52099609375 32.51702117919922 2073.233642578125 120.19876098632812 
3 1400.2994384765625 10.916557312011719 1427.2498779296875 71.84807586669922 
482
3 106.72785949707031 217.75936889648438 232.6650848388672 401.96728515625 
3 336.7240295410156 118.52009582519531 418.4759521484375 253.02227783203125 
3 2227.832275390625 162.86795043945312 2305.01708984375 334.056884765625 
3 2030.3739013671875 33.1680908203125 2074.429443359375 120.16592407226562 
3 0.10425567626953125 520.1199340820312 88.17510986328125 640.5720825195312 
3 1400.680419921875 11.077457427978516 1427.18798828125 71.97428894042969 
483
3 110.34390258789062 216.78201293945312 232.33087158203125 398.540771484375 
3 334.9635314941406 119.41081237792969 418.62139892578125 253.22769165039062 
3 2227.991943359375 162.76416015625 2305.037353515625 333.9276123046875 
3 0.155548095703125 524.2591552734375 87.39216613769531 624.4725341796875 
3 2030.8673095703125 33.167640686035156 2074.739990234375 118.49150085449219 
3 1400.6522216796875 11.454696655273438 1427.0281982421875 71.87549591064453 
484
3 112.98902893066406 218.0648193359375 237.54098510742188 392.77630615234375 
3 335.456298828125 120.1141357421875 419.13726806640625 252.82952880859375 
3 2228.85888671875 162.8724822998047 2304.769775390625 333.77569580078125 
3 2031.0513916015625 33.626190185546875 2075.27001953125 118.35287475585938 
3 0.1682891845703125 523.9968872070312 86.19378662109375 619.9752197265625 
3 1400.37744140625 10.81387710571289 1427.19677734375 72.13729095458984 
3 636.942626953125 37.683921813964844 694.6407470703125 112.0859375 
485
3 114.59841918945312 215.8414306640625 238.84649658203125 391.093505859375 
3 335.7580261230469 119.65823364257812 419.3306579589844 252.94683837890625 
3 2228.853759765625 162.96511840820312 2304.907470703125 334.00335693359375 
3 2032.0831298828125 34.292236328125 2077.211669921875 119.07901000976562 
3 0.23073577880859375 523.937255859375 86.34026336669922 615.9625854492188 
3 1399.8858642578125 7.709571838378906 1427.5755615234375 72.61737823486328 
3 636.62890625 35.265869140625 691.8309936523438 111.4071044921875 
486
3 116.1651611328125 215.66253662109375 236.34518432617188 388.288818359375 
3 335.36590576171875 118.6953125 418.9029846191406 252.7015380859375 
3 2229.181640625 162.97039794921875 2304.528076171875 333.81390380859375 
3 2031.770263671875 34.21623992919922 2077.9111328125 119.57568359375 
3 1399.626708984375 8.74734878540039 1427.36328125 72.63461303710938 
3 0.18085479736328125 524.0841064453125 84.40518951416016 612.5386962890625 
3 636.3717651367188 37.256378173828125 693.6931762695312 112.0723876953125 
487
3 117.42721557617188 215.16847229003906 234.3074188232422 386.6328430175781 
3 334.4334411621094 117.36138916015625 418.331298828125 250.97061157226562 
3 2228.89306640625 162.88412475585938 2304.769287109375 333.8099365234375 
3 0.082794189453125 524.0062866210938 82.1708984375 624.6525268554688 
3 2033.106201171875 34.075103759765625 2077.314453125 119.41064453125 
3 1400.3741455078125 11.767353057861328 1426.8177490234375 72.27694702148438 
3 635.4874267578125 37.48484802246094 696.1046142578125 112.83956909179688 
488
3 119.24244689941406 216.2193603515625 235.41372680664062 386.77081298828125 
3 333.69927978515625 117.68182373046875 418.72259521484375 250.3900146484375 
3 2228.776611328125 162.52902221679688 2304.6640625 333.735595703125 
3 2033.543701171875 33.22161865234375 2076.5927734375 118.66264343261719 
3 0.03760528564453125 523.0902099609375 76.33309173583984 611.7742919921875 
3 1399.844970703125 10.457427978515625 1426.988525390625 72.37324523925781 
489
3 122.4449234008789 214.78018188476562 235.22166442871094 383.0794982910156 
3 334.5702209472656 116.68258666992188 418.9743347167969 250.42794799804688 
3 2228.424072265625 162.7913055419922 2304.615234375 333.74652099609375 
3 0.2756948471069336 523.515380859375 66.65744018554688 611.4576416015625 
3 2035.70263671875 33.89092254638672 2076.00634765625 116.74917602539062 
3 1400.1949462890625 10.92022705078125 1426.9156494140625 72.33319091796875 
3 634.8026733398438 36.44639587402344 695.7698974609375 113.04043579101562 
490
3 123.11988830566406 216.10342407226562 234.99363708496094 381.63018798828125 
3 335.1435241699219 116.518798828125 419.6604919433594 250.14288330078125 
3 2228.009765625 162.51712036132812 2304.58203125 333.88458251953125 
3 2037.172119140625 33.326698303222656 2074.488525390625 116.57754516601562 
3 0.21512985229492188 523.490234375 56.41111373901367 611.7890625 
3 1400.324951171875 15.542015075683594 1426.4649658203125 72.06724548339844 
3 635.6476440429688 36.62847900390625 694.5853881835938 112.78689575195312 
491
3 124.98345947265625 214.9257354736328 236.95819091796875 380.7432861328125 
3 335.87225341796875 115.939697265625 419.208740234375 248.08477783203125 
3 2224.554443359375 162.92184448242188 2304.146728515625 333.7254333496094 
3 2037.657958984375 33.972991943359375 2075.01806640625 117.30667114257812 
3 0.25676536560058594 523.1004638671875 41.51411437988281 611.06640625 
492
3 126.33084106445312 213.02659606933594 233.94972229003906 380.147216796875 
3 337.30499267578125 115.59579467773438 419.9803771972656 246.2332763671875 
3 2226.092529296875 162.98480224609375 2303.99462890625 333.8109130859375 
3 2038.9803466796875 34.31383514404297 2078.65380859375 116.77041625976562 
3 0.24181365966796875 523.13134765625 28.72841453552246 613.84765625 
493
3 129.05905151367188 213.4582061767578 236.44857788085938 380.3667297363281 
3 2226.294189453125 162.6082305908203 2303.963134765625 333.71978759765625 
3 338.9967346191406 116.02326965332031 419.6845397949219 246.23980712890625 
3 2038.9188232421875 33.04039764404297 2079.388427734375 117.63844299316406 
3 0.013274192810058594 525.0250244140625 17.947206497192383 619.1693725585938 
494
3 129.43980407714844 210.30760192871094 237.96995544433594 380.2828369140625 
3 2226.2919921875 162.34078979492188 2303.946044921875 333.6722412109375 
3 2038.0250244140625 33.63398742675781 2079.33203125 117.27310180664062 
3 335.1685485839844 115.84886169433594 412.5846862792969 211.80288696289062 
495
3 132.79786682128906 210.60496520996094 241.88539123535156 381.1187744140625 
3 2226.606689453125 162.71353149414062 2304.035400390625 333.58709716796875 
3 330.4039306640625 115.69515991210938 418.8528137207031 244.90057373046875 
3 2038.493896484375 34.013580322265625 2077.86083984375 117.26296997070312 
496
3 133.833251953125 210.993408203125 244.06478881835938 384.708740234375 
3 331.5611877441406 115.61456298828125 420.4810791015625 245.21392822265625 
3 2225.61181640625 163.21798706054688 2304.2578125 333.4596862792969 
3 2038.0926513671875 35.671852111816406 2079.22412109375 118.08723449707031 
3 964.7262573242188 0.0 987.1534423828125 31.887069702148438 
3 1400.6473388671875 17.18206024169922 1426.3465576171875 71.93161010742188 
497
3 134.76629638671875 209.6224822998047 242.76536560058594 385.17413330078125 
3 331.10882568359375 115.33139038085938 419.772705078125 244.64529418945312 
3 2225.354736328125 163.29098510742188 2304.736083984375 333.3836364746094 
3 2038.4759521484375 35.82011413574219 2079.39111328125 117.719482421875 
3 965.952880859375 0.0 985.879150390625 30.520484924316406 
3 1400.724365234375 17.05298614501953 1426.3988037109375 71.65794372558594 
3 635.2670288085938 36.947845458984375 693.3728637695312 113.72006225585938 
498
3 137.4205322265625 208.36880493164062 243.40924072265625 380.68988037109375 
3 2225.466796875 163.18386840820312 2304.7607421875 333.40966796875 
3 331.02362060546875 115.49446105957031 418.6563415527344 244.43276977539062 
3 2039.4910888671875 35.22615051269531 2078.928466796875 117.041259765625 
3 965.683349609375 0.0 985.391845703125 29.512893676757812 
3 1400.6126708984375 16.21126937866211 1426.8514404296875 71.88334655761719 
3 635.5396728515625 37.278663635253906 694.669921875 113.76345825195312 
499
3 138.450927734375 207.23301696777344 243.0533447265625 381.4847412109375 
3 331.05621337890625 115.11273193359375 416.978759765625 244.27682495117188 
3 2225.47412109375 163.76126098632812 2304.833984375 333.2702941894531 
3 2041.239013671875 36.37605285644531 2082.408935546875 116.27005004882812 
3 1400.2510986328125 13.744117736816406 1427.4368896484375 71.9328384399414 
3 965.24951171875 0.0 984.6249389648438 29.470932006835938 
3 635.4551391601562 37.567726135253906 695.6851806640625 114.151123046875 
500
3 139.62026977539062 206.2468719482422 244.156494140625 379.3631896972656 
3 333.91046142578125 115.19015502929688 417.5792236328125 244.35357666015625 
3 2041.9808349609375 36.96721649169922 2092.55712890625 115.84562683105469 
3 2226.788330078125 163.23843383789062 2304.12255859375 332.01446533203125 
3 963.9888305664062 0.0 982.3585815429688 29.59294891357422 
3 635.3927612304688 37.452911376953125 693.91796875 113.4676513671875 
3 1400.4591064453125 12.696731567382812 1427.2073974609375 71.63829803466797 
501
3 141.63787841796875 205.840576171875 242.5269012451172 377.2234802246094 
3 333.0649719238281 115.0557861328125 418.41064453125 244.35589599609375 
3 2226.73681640625 163.7117462158203 2304.349853515625 332.670166015625 
3 1400.4796142578125 11.286857604980469 1427.4072265625 71.84490966796875 
3 963.1759643554688 0.0 981.4423828125 30.971267700195312 
3 2040.0455322265625 37.87750244140625 2091.203125 116.04144287109375 
3 635.2462768554688 37.35618591308594 693.2401123046875 113.51664733886719 
502
3 142.13204956054688 204.61376953125 241.0328369140625 375.316650390625 
3 332.6882019042969 114.81793212890625 420.2624816894531 244.00347900390625 
3 2227.3662109375 163.64031982421875 2304.4208984375 332.3906555175781 
3 962.7734375 0.0 981.6190795898438 30.060256958007812 
3 1400.966796875 11.134868621826172 1427.6160888671875 71.85494995117188 
3 635.4048461914062 37.01487731933594 693.69970703125 113.711669921875 
503
3 142.8795928955078 202.51266479492188 241.088623046875 369.6136474609375 
3 331.9404296875 114.74978637695312 419.8500061035156 243.64013671875 
3 2226.966064453125 163.6136016845703 2304.316650390625 332.6524963378906 
3 1400.645751953125 9.565139770507812 1427.651123046875 71.95875549316406 
3 962.12744140625 0.0 979.9779663085938 31.035186767578125 
3 635.3856811523438 36.605926513671875 691.6337890625 113.03775024414062 
504
3 144.81602478027344 201.74838256835938 243.5377960205078 366.81280517578125 
3 338.3082275390625 114.13284301757812 421.405517578125 244.4483642578125 
3 2226.87255859375 163.5011749267578 2304.360595703125 332.314453125 
3 1399.9906005859375 5.712474822998047 1427.35009765625 71.65697479248047 
3 961.2600708007812 0.0 978.6239624023438 30.90087890625 
3 635.323486328125 36.074195861816406 691.608154296875 112.93601989746094 
505
3 144.93667602539062 201.48001098632812 246.70449829101562 365.62506103515625 
3 337.3497619628906 113.61146545410156 420.9985656738281 244.30532836914062 
3 1397.948974609375 1.1699790954589844 1427.9705810546875 72.49068450927734 
3 2227.109130859375 163.65948486328125 2304.327392578125 334.0144348144531 
3 960.8646240234375 0.0 978.4481201171875 31.199546813964844 
3 635.6368408203125 36.599937438964844 690.3077392578125 113.24676513671875 
506
3 146.43624877929688 201.12942504882812 252.12631225585938 363.64080810546875 
3 336.13006591796875 114.098388671875 420.6358947753906 243.85577392578125 
3 1397.9498291015625 0.9523162841796875 1428.047607421875 72.3373794555664 
3 2226.765625 164.31643676757812 2305.3037109375 332.9820251464844 
3 959.6016235351562 0.0 978.6656494140625 32.41813659667969 
3 635.082763671875 36.32365417480469 691.3976440429688 113.205810546875 
507
3 148.01004028320312 200.5937042236328 256.82879638671875 362.2954406738281 
3 335.4487609863281 114.435302734375 420.72869873046875 243.84329223632812 
3 2226.13916015625 164.14071655273438 2305.104248046875 333.30609130859375 
3 1398.021240234375 1.1845016479492188 1428.025390625 72.39739990234375 
3 958.2688598632812 0.0 980.6597290039062 32.63435363769531 
508
3 147.93508911132812 199.32510375976562 259.219970703125 362.7977294921875 
3 337.3778381347656 114.78703308105469 419.6444091796875 243.24725341796875 
3 1398.598388671875 0.959625244140625 1428.861328125 72.5317611694336 
3 2226.389892578125 164.23989868164062 2305.263916015625 333.3861389160156 
3 958.659423828125 0.0 979.7088012695312 33.00736999511719 
509
3 150.2249755859375 198.69607543945312 264.07275390625 362.95697021484375 
3 335.73309326171875 114.05307006835938 420.45904541015625 243.42587280273438 
3 1398.6180419921875 1.1763992309570312 1428.56298828125 72.52346801757812 
3 2226.153076171875 164.65469360351562 2304.81640625 333.2114562988281 
