0
1
2
3
4
5
6
7
8
9
10
11
12
13
14
15
16
17
18
19
20
21
22
23
24
25
26
27
28
29
30
31
32
33
34
35
36
37
38
39
40
41
42
43
44
45
46
47
48
49
50
51
52
53
54
55
56
57
58
59
60
61
62
63
64
65
66
67
68
69
70
71
72
73
74
75
76
77
78
79
80
81
82
83
84
85
86
87
3 2498.400146484375 165.83177185058594 2558.99951171875 298.8123779296875 
88
3 2450.73046875 151.52740478515625 2528.255126953125 284.47991943359375 
3 2456.934814453125 603.7732543945312 2558.986083984375 770.8499755859375 
89
3 2407.9228515625 138.88265991210938 2482.8447265625 269.2906494140625 
3 2416.811279296875 515.8282470703125 2559.18310546875 748.0253295898438 
90
3 2379.20947265625 447.36517333984375 2558.983154296875 726.5134887695312 
3 2359.28857421875 128.57937622070312 2434.77978515625 254.78387451171875 
91
3 2337.7294921875 422.2661437988281 2558.892578125 707.51171875 
3 2314.2744140625 114.22047424316406 2389.48681640625 241.6778564453125 
92
3 2296.7578125 354.5813903808594 2558.845703125 688.346923828125 
3 2268.864013671875 104.76774597167969 2339.794189453125 228.7122802734375 
93
3 2253.640869140625 337.8184814453125 2528.5654296875 668.5433349609375 
3 2221.2841796875 92.2113037109375 2290.8427734375 217.93785095214844 
94
3 2209.58203125 318.450439453125 2474.38671875 649.309326171875 
3 2171.926025390625 81.54777526855469 2242.966796875 203.14285278320312 
95
2 2161.726806640625 301.252197265625 2417.8017578125 630.5394897460938 
3 2122.390625 71.96025085449219 2192.41796875 193.62451171875 
96
2 2117.8623046875 281.906494140625 2360.5478515625 613.0826416015625 
3 2071.389892578125 60.72442626953125 2139.534912109375 182.02232360839844 
97
2 2070.769775390625 266.43072509765625 2301.02685546875 595.638671875 
3 2020.3721923828125 51.85826110839844 2087.00244140625 169.9716796875 
98
2 2020.28369140625 251.879150390625 2242.99609375 581.674560546875 
3 1964.6939697265625 43.448089599609375 2034.7154541015625 161.42750549316406 
99
2 1974.1478271484375 238.72756958007812 2183.15234375 565.6591186523438 
3 1911.709716796875 37.17250061035156 1981.0789794921875 153.66259765625 
100
2 1924.7205810546875 226.28118896484375 2123.631591796875 553.7252807617188 
3 1863.776123046875 30.504653930664062 1929.926513671875 146.33782958984375 
3 2013.7237548828125 0.0 2039.1370849609375 50.79368591308594 
101
2 1876.7874755859375 214.94400024414062 2062.95458984375 540.2240600585938 
3 1812.6480712890625 23.607227325439453 1877.174072265625 139.79307556152344 
3 1962.913818359375 0.0 1986.6556396484375 43.138755798339844 
102
2 1828.6126708984375 203.01583862304688 2004.8975830078125 529.0979614257812 
3 1760.19677734375 17.28939437866211 1827.5177001953125 131.96435546875 
103
2 1777.6759033203125 192.07760620117188 1945.808349609375 517.5792846679688 
3 1706.498046875 13.137321472167969 1775.1519775390625 127.12236022949219 
3 610.3160400390625 143.86756896972656 652.3977661132812 200.4073486328125 
104
2 1729.301025390625 182.45391845703125 1887.268798828125 508.517822265625 
3 1657.98095703125 10.521926879882812 1719.36083984375 122.20291137695312 
105
2 1678.826904296875 175.28445434570312 1827.2451171875 498.52020263671875 
3 1605.98876953125 6.771392822265625 1675.6732177734375 117.93341064453125 
106
2 1631.2955322265625 166.84454345703125 1769.2301025390625 491.97467041015625 
3 1557.4886474609375 0.8082122802734375 1619.944091796875 113.53219604492188 
107
2 1576.50244140625 161.1944580078125 1711.68505859375 483.338134765625 
3 1508.8192138671875 0.0 1570.54052734375 111.86824035644531 
108
2 1527.5679931640625 155.381591796875 1658.798828125 479.42462158203125 
3 1455.6099853515625 0.0 1517.409912109375 108.25987243652344 
109
2 1476.328857421875 151.31997680664062 1605.10986328125 470.15673828125 
3 1407.783447265625 0.0 1460.9451904296875 108.02000427246094 
110
2 1423.7515869140625 149.1408233642578 1553.3128662109375 467.70062255859375 
3 1358.6795654296875 0.0 1409.7318115234375 105.35813903808594 
111
2 1371.484130859375 146.02401733398438 1500.0394287109375 464.0541687011719 
3 1311.2484130859375 0.0 1359.7432861328125 106.17158508300781 
112
2 1319.2513427734375 142.9987030029297 1452.1656494140625 463.7375793457031 
3 1261.822021484375 0.029285430908203125 1311.22998046875 105.78341674804688 
113
2 1264.0487060546875 143.43873596191406 1400.06298828125 459.0377197265625 
3 1216.4029541015625 0.0 1263.0091552734375 108.69772338867188 
114
2 1216.4234619140625 143.62339782714844 1350.7467041015625 462.6062927246094 
3 1169.0233154296875 0.0 1220.3148193359375 109.55047607421875 
115
2 1165.4517822265625 142.8519744873047 1301.1888427734375 459.50372314453125 
3 1123.571533203125 0.0 1167.7440185546875 110.24765014648438 
116
2 1115.06884765625 143.99899291992188 1254.2291259765625 461.19354248046875 
3 1077.0169677734375 2.5010528564453125 1124.5849609375 113.83683776855469 
3 2422.92431640625 1039.0032958984375 2559.28076171875 1079.19677734375 
117
2 1066.8770751953125 146.235107421875 1203.61669921875 461.5104064941406 
3 1031.3028564453125 6.974174499511719 1074.5963134765625 118.94038391113281 
3 2388.429443359375 988.068359375 2558.96826171875 1074.8646240234375 
118
2 1018.4143676757812 148.6702880859375 1157.33935546875 460.5772705078125 
3 983.5842895507812 9.993034362792969 1034.114990234375 119.7615966796875 
3 2357.504638671875 945.037353515625 2558.69189453125 1047.6678466796875 
119
2 969.0951538085938 150.76739501953125 1109.7030029296875 463.3959655761719 
3 936.9397583007812 13.183303833007812 984.9856567382812 126.13481140136719 
3 2325.639404296875 893.0076293945312 2558.249755859375 1021.312255859375 
120
2 922.637939453125 155.3632354736328 1064.258056640625 463.1502685546875 
3 890.3508911132812 16.390254974365234 939.7119750976562 130.69827270507812 
3 2291.54150390625 854.493896484375 2558.815673828125 998.1331787109375 
121
2 874.4086303710938 158.93234252929688 1019.5604248046875 469.3177490234375 
3 844.470947265625 18.878021240234375 895.6421508789062 135.23004150390625 
0 2257.354248046875 787.7066650390625 2559.02392578125 980.7352905273438 
122
2 828.515869140625 163.53826904296875 975.7734375 472.2872314453125 
0 2221.2587890625 683.6558837890625 2559.0859375 1007.492919921875 
3 798.06787109375 30.18085479736328 849.3784790039062 141.7231903076172 
123
2 782.5014038085938 168.93724060058594 933.9769287109375 475.5574645996094 
0 2185.130126953125 637.8717041015625 2558.70947265625 984.1304931640625 
3 754.2684326171875 34.500755310058594 811.1270751953125 146.5107421875 
124
2 736.71728515625 174.97088623046875 888.9567260742188 481.8763427734375 
0 2150.58447265625 596.8878784179688 2558.784423828125 959.2379760742188 
3 709.8817749023438 37.79594421386719 765.94580078125 151.75877380371094 
125
0 2115.076171875 571.4472045898438 2558.6328125 941.4508666992188 
2 693.2926635742188 179.26072692871094 850.5776977539062 489.8857421875 
3 663.781005859375 46.48622131347656 721.3572998046875 162.38430786132812 
3 0.0707254409790039 171.80056762695312 32.9887809753418 313.2828674316406 
126
0 2077.271484375 504.44659423828125 2558.900634765625 924.069580078125 
2 649.3452758789062 186.7213134765625 809.7587890625 492.14422607421875 
3 619.23291015625 51.89808654785156 678.6828002929688 169.18258666992188 
127
0 2040.8970947265625 479.481689453125 2558.170654296875 902.640380859375 
2 605.205078125 191.71728515625 773.135986328125 500.2523193359375 
3 576.9732055664062 63.522254943847656 644.6104125976562 176.03359985351562 
128
0 2007.1131591796875 459.30224609375 2513.779296875 884.3243408203125 
2 562.510986328125 203.09573364257812 733.7020874023438 502.6116943359375 
3 534.15869140625 70.89734649658203 599.9683837890625 186.88868713378906 
129
0 1969.890625 439.689453125 2460.783935546875 868.1240234375 
2 520.302490234375 207.15113830566406 697.712158203125 505.650146484375 
3 491.07257080078125 76.37633514404297 556.6092529296875 193.8671112060547 
130
1 1932.2769775390625 418.51812744140625 2409.4853515625 850.8220825195312 
2 478.4429931640625 216.409423828125 661.5838012695312 512.500732421875 
131
1 1897.08349609375 401.7373962402344 2359.112060546875 837.6536865234375 
2 436.75018310546875 226.31201171875 624.7516479492188 519.7984008789062 
132
1 1862.16552734375 386.24359130859375 2308.47314453125 824.0214233398438 
2 395.41326904296875 237.3778076171875 589.3136596679688 530.6690063476562 
133
1 1828.148681640625 370.90496826171875 2256.845458984375 809.468505859375 
2 356.3484191894531 246.11703491210938 555.34033203125 538.7498168945312 
134
1 1794.86181640625 356.42041015625 2207.00634765625 795.2841796875 
2 315.4652099609375 259.59326171875 520.7891235351562 547.5717163085938 
3 281.5953369140625 122.08213806152344 350.0148620605469 240.9072265625 
135
1 1758.537109375 342.93017578125 2158.024658203125 784.77099609375 
2 276.32568359375 270.7446594238281 486.24896240234375 558.5221557617188 
136
1 1724.8492431640625 330.9242858886719 2108.240478515625 774.9119262695312 
2 236.99053955078125 280.1644592285156 454.81219482421875 564.25439453125 
3 2443.673095703125 693.3386840820312 2558.908447265625 742.9695434570312 
137
1 1687.061767578125 321.78765869140625 2060.318115234375 764.0179443359375 
2 197.34408569335938 294.7548522949219 420.04498291015625 580.7139892578125 
3 2409.284912109375 663.194580078125 2558.5478515625 726.7689208984375 
3 2409.09912109375 662.3087768554688 2559.03759765625 897.3197631835938 
138
1 1655.7896728515625 310.7140197753906 2013.2421875 752.147705078125 
3 158.68121337890625 307.03546142578125 388.566650390625 591.6195068359375 
3 2371.81982421875 640.1140747070312 2558.98876953125 881.3541259765625 
139
1 1616.7879638671875 302.838623046875 1966.5704345703125 743.1578979492188 
3 120.43655395507812 317.98052978515625 354.6468811035156 602.2598876953125 
3 2335.202392578125 615.4829711914062 2558.8740234375 839.4647216796875 
3 80.83474731445312 178.13360595703125 153.643310546875 301.0566711425781 
140
1 1584.4967041015625 291.1612548828125 1924.0211181640625 734.7642822265625 
3 79.98883056640625 330.8134765625 323.961669921875 613.2213745117188 
3 2305.58154296875 585.4408569335938 2558.89453125 813.3943481445312 
3 40.24982452392578 190.79421997070312 116.58438110351562 310.2179870605469 
141
1 1549.7559814453125 283.0782470703125 1877.870849609375 726.8255004882812 
3 41.38702392578125 346.0688781738281 292.43939208984375 628.1223754882812 
3 2260.79150390625 522.4852294921875 2558.9765625 816.94189453125 
3 3.5410842895507812 215.1728973388672 80.0609359741211 329.38421630859375 
142
3 1.391754150390625 360.051025390625 261.90777587890625 638.4229736328125 
1 1516.3338623046875 277.1919250488281 1834.518310546875 720.627685546875 
1 2224.85546875 474.11480712890625 2558.8330078125 802.7218017578125 
3 0.09521198272705078 247.391357421875 43.305416107177734 341.75897216796875 
143
1 1482.5238037109375 269.0911865234375 1790.65234375 711.310302734375 
3 0.2878570556640625 378.0321044921875 231.08645629882812 655.5451049804688 
1 2193.04443359375 410.15557861328125 2558.8916015625 783.6099853515625 
144
1 1447.95556640625 263.303466796875 1747.766845703125 706.0343017578125 
3 0.42578125 431.09173583984375 201.8943634033203 667.4697265625 
1 2155.814697265625 387.8487854003906 2558.92578125 770.6065673828125 
145
1 1415.0970458984375 257.9769287109375 1705.3963623046875 699.7861328125 
1 2115.44482421875 371.5197448730469 2533.93359375 746.8483276367188 
3 0.302581787109375 460.8861389160156 172.85919189453125 682.26953125 
146
1 2080.98388671875 357.2078552246094 2490.47119140625 736.1396484375 
1 1384.068359375 254.38494873046875 1664.35205078125 696.3532104492188 
3 0.37656402587890625 512.9342041015625 142.8368682861328 697.6790161132812 
147
1 1351.725341796875 249.704345703125 1621.6512451171875 691.040771484375 
1 2067.9296875 342.0885009765625 2448.844482421875 716.6878051757812 
3 0.18115615844726562 554.7421875 115.64136505126953 712.3422241210938 
148
1 2010.5791015625 328.6478576660156 2407.90673828125 706.3790283203125 
1 1318.284912109375 246.73345947265625 1580.1971435546875 684.8771362304688 
149
1 1286.8917236328125 242.36126708984375 1543.35009765625 679.4287719726562 
1 2006.7939453125 313.2159729003906 2363.95751953125 698.0643310546875 
150
1 1254.3404541015625 241.07635498046875 1501.5772705078125 676.4645385742188 
1 1965.106201171875 302.85040283203125 2322.27490234375 679.11865234375 
151
1 1903.8272705078125 291.1879577636719 2282.3046875 674.6050415039062 
1 1221.1767578125 238.43096923828125 1462.76513671875 673.5983276367188 
152
1 1875.773681640625 279.50506591796875 2241.9013671875 654.6124267578125 
1 1191.042724609375 237.70071411132812 1422.201171875 670.840087890625 
153
1 1840.439697265625 270.6504821777344 2201.9658203125 660.19580078125 
1 1161.789794921875 237.16921997070312 1384.0869140625 670.9345703125 
154
1 1814.0302734375 261.0347900390625 2162.5283203125 650.3823852539062 
1 1131.85693359375 235.86529541015625 1346.2415771484375 668.2355346679688 
155
2 1797.3486328125 252.02603149414062 2124.144775390625 624.7796630859375 
1 1102.8663330078125 236.17941284179688 1309.8792724609375 666.6875610351562 
3 0.11865043640136719 143.4718780517578 36.79170227050781 234.27896118164062 
156
2 1738.7862548828125 243.36679077148438 2085.73193359375 616.709228515625 
1 1069.4073486328125 236.86676025390625 1273.4188232421875 667.0497436523438 
3 2240.366455078125 203.0760040283203 2295.7197265625 314.9419250488281 
157
1 1045.5687255859375 237.94952392578125 1234.9434814453125 670.0201416015625 
2 1707.6441650390625 235.97036743164062 2046.6490478515625 610.0260009765625 
3 2203.635498046875 192.96995544433594 2259.22802734375 298.1816101074219 
158
1 1012.9560546875 238.50048828125 1198.7906494140625 667.0693969726562 
2 1711.578369140625 228.771484375 2009.5308837890625 602.491943359375 
159
1 980.890625 239.111083984375 1164.1314697265625 665.4471435546875 
2 1654.826171875 221.67523193359375 1970.5982666015625 590.171630859375 
160
1 945.2828369140625 242.53948974609375 1130.3756103515625 669.0361328125 
2 1605.82080078125 214.49417114257812 1933.0931396484375 599.379150390625 
161
1 910.57275390625 244.76983642578125 1098.76513671875 670.7361450195312 
2 1595.38134765625 209.3115997314453 1896.45556640625 601.504150390625 
162
1 877.315185546875 246.79742431640625 1070.1435546875 674.6011352539062 
2 1543.0906982421875 203.87416076660156 1858.9794921875 573.6848754882812 
163
1 843.4345703125 249.26641845703125 1041.19189453125 675.6740112304688 
2 1512.059326171875 199.1400604248047 1821.274658203125 567.560791015625 
164
1 809.5419311523438 254.15237426757812 1014.3457641601562 678.1883544921875 
2 1510.586669921875 194.415771484375 1786.873046875 571.7841796875 
3 1971.1171875 143.07879638671875 2015.75537109375 253.9302978515625 
165
1 775.326171875 256.75970458984375 988.1954956054688 681.5028076171875 
2 1484.97900390625 190.12075805664062 1752.92724609375 567.2415771484375 
166
1 744.0518798828125 259.8707580566406 961.9027099609375 684.3193359375 
2 1446.695556640625 186.06072998046875 1717.8287353515625 550.5626831054688 
167
1 712.0552978515625 262.7112121582031 937.5238037109375 688.65625 
2 1393.1728515625 181.39154052734375 1684.86279296875 557.868896484375 
168
1 681.9130249023438 268.02032470703125 913.2715454101562 692.6533203125 
2 1375.4140625 180.22630310058594 1653.1566162109375 548.5095825195312 
169
1 652.3193359375 271.69256591796875 888.4426879882812 694.829833984375 
2 1338.3970947265625 177.94732666015625 1618.2059326171875 540.0225830078125 
3 2461.462158203125 89.39134216308594 2481.947021484375 135.14002990722656 
170
1 621.3838500976562 277.0423278808594 864.232666015625 700.8060302734375 
2 1314.634521484375 175.291259765625 1587.187744140625 534.4264526367188 
171
1 593.5740966796875 281.92694091796875 840.5238037109375 704.0039672851562 
2 1298.54833984375 173.93826293945312 1555.232666015625 532.4296875 
172
1 562.59765625 286.53265380859375 815.5870361328125 705.1693115234375 
2 1270.8560791015625 170.2400665283203 1525.279541015625 531.38916015625 
173
1 535.3658447265625 290.881591796875 793.6241455078125 711.7489013671875 
2 1242.7384033203125 169.09487915039062 1494.03564453125 541.1475830078125 
174
1 502.40118408203125 297.83074951171875 772.0272216796875 717.5655517578125 
2 1219.9412841796875 169.58558654785156 1464.097412109375 531.868896484375 
175
1 476.1372985839844 301.47052001953125 750.11962890625 722.503662109375 
2 1174.18505859375 169.26812744140625 1435.540771484375 524.0120239257812 
176
1 448.9350280761719 306.87432861328125 730.0086059570312 727.5156860351562 
2 1165.3546142578125 167.94891357421875 1407.1207275390625 521.7513427734375 
177
1 425.5335388183594 312.1920166015625 709.4788208007812 733.7169799804688 
2 1133.30712890625 166.47640991210938 1380.638427734375 521.9053955078125 
178
1 401.49951171875 318.08258056640625 688.8106689453125 736.3758544921875 
2 1108.9931640625 167.77069091796875 1354.2703857421875 527.3494873046875 
179
1 378.6956481933594 322.44671630859375 672.733642578125 742.150146484375 
2 1084.40185546875 167.822021484375 1329.08056640625 519.3547973632812 
180
1 358.80963134765625 327.2334289550781 655.088623046875 747.2864379882812 
2 1076.4417724609375 167.4936065673828 1306.468505859375 522.1647338867188 
181
1 333.3230285644531 331.7130126953125 637.7179565429688 751.325439453125 
2 1057.597412109375 169.21173095703125 1285.4425048828125 522.6271362304688 
182
1 313.22552490234375 336.4410705566406 622.6422119140625 754.5860595703125 
2 1024.65966796875 168.88153076171875 1262.6568603515625 519.8070678710938 
183
1 296.0532531738281 341.4706726074219 608.4754638671875 759.837158203125 
2 1006.3161010742188 169.27511596679688 1243.06103515625 519.49267578125 
184
1 274.07275390625 346.7005310058594 592.268310546875 765.9022216796875 
2 994.3795776367188 169.10250854492188 1224.2989501953125 522.8959350585938 
3 2534.082763671875 179.89942932128906 2559.07666015625 241.66513061523438 
185
1 258.42138671875 350.34515380859375 578.2769775390625 770.441162109375 
2 976.0191650390625 170.27490234375 1207.3328857421875 521.919189453125 
186
1 241.25518798828125 355.81939697265625 564.3584594726562 774.23974609375 
2 952.72607421875 171.18809509277344 1190.29638671875 521.4288940429688 
187
1 222.70469665527344 360.4856872558594 552.3642578125 777.6166381835938 
2 946.3475952148438 173.34664916992188 1175.7686767578125 521.9503173828125 
188
1 207.4276885986328 366.61083984375 540.87109375 782.474609375 
2 922.7281494140625 173.52694702148438 1161.14453125 521.706298828125 
189
1 192.49514770507812 370.671142578125 527.5559692382812 785.8546752929688 
2 911.0280151367188 173.40603637695312 1147.36328125 524.4299926757812 
3 1360.5404052734375 86.28941345214844 1403.8524169921875 185.50790405273438 
190
1 179.19207763671875 375.0087890625 516.0272216796875 791.62841796875 
2 898.9280395507812 173.40155029296875 1134.0743408203125 520.846923828125 
191
1 164.07550048828125 378.73785400390625 505.32562255859375 794.754638671875 
2 885.1328125 175.121826171875 1119.9581298828125 521.7417602539062 
192
1 151.55850219726562 381.0140380859375 495.2668762207031 798.51025390625 
2 871.7579956054688 178.68798828125 1107.5623779296875 527.8980102539062 
193
1 138.5201873779297 384.874267578125 486.20538330078125 802.2027587890625 
2 863.5174560546875 175.99806213378906 1105.2010498046875 523.27392578125 
194
1 129.17869567871094 389.8257751464844 476.64996337890625 806.10888671875 
2 860.4628295898438 179.26019287109375 1093.4847412109375 526.6779174804688 
195
1 116.78866577148438 393.6343688964844 466.6090393066406 810.3320922851562 
2 841.5247802734375 181.21951293945312 1078.263916015625 526.6948852539062 
196
1 106.14315795898438 397.2547607421875 459.04345703125 811.3431396484375 
2 830.552001953125 181.45904541015625 1063.4818115234375 522.9973754882812 
197
1 95.42315673828125 401.00732421875 448.00946044921875 816.6351318359375 
2 821.480224609375 182.48355102539062 1054.255126953125 526.7875366210938 
198
1 85.41342163085938 404.86700439453125 440.52020263671875 819.886962890625 
2 810.7695922851562 183.88035583496094 1043.4969482421875 535.77197265625 
3 1247.42919921875 87.01985168457031 1290.412109375 186.530517578125 
199
1 74.76539611816406 407.578125 432.8489685058594 824.6144409179688 
2 797.1835327148438 186.77822875976562 1037.5185546875 541.6168212890625 
200
1 66.94334411621094 411.02362060546875 426.54364013671875 825.0247802734375 
2 794.749755859375 185.94168090820312 1026.626708984375 531.6240844726562 
3 1225.9180908203125 86.56673431396484 1269.6051025390625 186.43313598632812 
201
1 55.8941650390625 414.3719787597656 418.6325988769531 828.8460693359375 
2 782.4351806640625 186.8089141845703 1023.1533203125 530.6430053710938 
202
1 50.820831298828125 417.93182373046875 412.6058349609375 830.7568969726562 
2 771.4025268554688 188.2240753173828 1018.386474609375 530.70458984375 
203
1 43.1156005859375 419.9675598144531 406.4073486328125 833.154541015625 
2 764.6719970703125 189.08389282226562 1001.56689453125 530.0081787109375 
204
1 34.52229309082031 422.30810546875 399.8010559082031 837.259033203125 
2 761.4872436523438 190.30056762695312 993.2054443359375 532.67724609375 
205
1 28.584442138671875 425.0021057128906 395.84796142578125 838.4052734375 
2 756.7031860351562 190.30625915527344 986.9931640625 529.7467041015625 
206
1 21.71978759765625 426.27691650390625 391.4937744140625 840.53857421875 
2 748.7501831054688 191.19369506835938 983.6741943359375 533.7077026367188 
207
1 14.40631103515625 429.727783203125 384.06463623046875 844.0015258789062 
2 737.7899780273438 193.34983825683594 974.23095703125 533.59814453125 
208
1 7.711944580078125 434.45513916015625 381.226806640625 845.2003173828125 
2 732.05078125 194.28488159179688 969.1900024414062 532.583251953125 
3 2452.280029296875 136.60598754882812 2493.0087890625 206.3399200439453 
209
1 1.790008544921875 436.93603515625 374.8855895996094 849.0799560546875 
2 727.2181396484375 194.71185302734375 963.4358520507812 535.572265625 
210
1 1.4019317626953125 439.5306396484375 368.8891296386719 852.3851928710938 
2 716.4036254882812 195.18829345703125 958.3775024414062 534.7548828125 
3 2438.378662109375 128.96922302246094 2482.165771484375 204.82095336914062 
211
1 1.0788421630859375 442.52154541015625 364.17266845703125 852.3218994140625 
2 714.0830688476562 197.70347595214844 946.6197509765625 536.807373046875 
3 1134.079833984375 90.18605041503906 1184.116943359375 192.28208923339844 
212
1 0.927764892578125 443.89599609375 356.78790283203125 855.310791015625 
2 704.2872924804688 198.22698974609375 942.5896606445312 533.489013671875 
213
1 0.4451904296875 447.0093994140625 353.20465087890625 857.0543823242188 
2 695.3016357421875 198.68051147460938 933.62158203125 532.6007080078125 
3 1121.4742431640625 90.67203521728516 1171.817626953125 183.62039184570312 
214
0 0.26953125 448.7402648925781 349.2437744140625 862.7391967773438 
2 693.5172119140625 198.9346923828125 928.7415771484375 536.2769775390625 
215
0 0.261566162109375 451.2796936035156 343.6990051269531 862.4793090820312 
2 686.9264526367188 199.999755859375 933.41650390625 536.0386962890625 
216
0 0.3181304931640625 453.91009521484375 338.1595764160156 864.4722900390625 
2 679.6098022460938 202.59469604492188 928.4339599609375 537.0166015625 
217
0 0.5001220703125 454.63818359375 334.18963623046875 866.9821166992188 
2 676.3091430664062 202.83908081054688 911.0263671875 535.397216796875 
218
0 0.4128570556640625 456.9455261230469 329.0833740234375 866.6205444335938 
2 670.4931030273438 201.92115783691406 907.5300903320312 536.4932250976562 
219
0 0.51751708984375 459.68310546875 323.8614807128906 869.576904296875 
2 671.9732666015625 202.11544799804688 903.5903930664062 537.0032958984375 
3 1086.5584716796875 92.79014587402344 1132.1279296875 183.79808044433594 
220
0 0.291168212890625 462.18243408203125 320.5621337890625 870.1317138671875 
2 664.773681640625 203.74301147460938 895.2367553710938 540.3958740234375 
3 1082.6107177734375 92.44357299804688 1127.4970703125 190.36080932617188 
221
0 0.356170654296875 467.4359130859375 316.60882568359375 875.7119140625 
2 665.5888671875 206.21298217773438 901.2407836914062 539.3148193359375 
222
0 0.2602691650390625 473.6543884277344 311.67633056640625 877.3687133789062 
2 648.2760620117188 206.3978729248047 902.2860717773438 540.8591918945312 
223
3 0.297393798828125 476.8822021484375 308.7563171386719 877.9772338867188 
2 647.9049072265625 205.39224243164062 899.785888671875 540.3848266601562 
3 1066.0306396484375 93.97015380859375 1111.7186279296875 194.82835388183594 
224
3 0.2682342529296875 481.0184326171875 306.3623046875 882.0094604492188 
2 643.1083984375 205.6251220703125 883.0367431640625 539.4493408203125 
225
3 0.405120849609375 489.35302734375 304.2744445800781 881.7896728515625 
2 637.7985229492188 206.58746337890625 878.1596069335938 539.5443115234375 
226
3 0.414459228515625 495.755615234375 300.8420715332031 882.7450561523438 
2 633.2193603515625 208.1648712158203 870.7933959960938 543.1798095703125 
227
3 0.446746826171875 500.4183349609375 299.4729309082031 884.42919921875 
2 634.0958862304688 210.46743774414062 865.4337768554688 543.2630615234375 
228
3 0.4993896484375 501.3043212890625 298.9091491699219 884.815185546875 
2 633.0574340820312 209.75425720214844 865.5187377929688 543.7315673828125 
229
3 0.5185089111328125 501.21630859375 297.98907470703125 885.47509765625 
2 632.1993408203125 209.62216186523438 866.285400390625 542.99609375 
230
3 0.496185302734375 500.69073486328125 297.5138244628906 885.0452880859375 
2 633.5162963867188 209.67788696289062 866.4268798828125 542.7982177734375 
231
3 0.5136566162109375 500.224365234375 297.3608703613281 885.0013427734375 
2 634.373291015625 209.02223205566406 867.0158081054688 542.2805786132812 
232
3 0.467132568359375 500.78887939453125 296.2992858886719 887.511962890625 
2 631.5978393554688 209.71871948242188 866.737060546875 542.1767578125 
233
3 0.440765380859375 501.30010986328125 295.94830322265625 886.488037109375 
2 631.9385375976562 210.11221313476562 866.8666381835938 542.5731811523438 
234
3 0.40106201171875 501.78564453125 295.8930358886719 886.189697265625 
2 633.7261962890625 209.96575927734375 866.4088134765625 542.9853515625 
235
3 0.446624755859375 500.6490478515625 295.81976318359375 886.7962646484375 
2 632.0248413085938 209.97927856445312 866.7874755859375 542.35400390625 
236
3 0.4947052001953125 500.783203125 296.74896240234375 887.2359008789062 
2 633.0315551757812 210.15255737304688 866.7237548828125 541.90380859375 
237
3 0.440277099609375 501.19818115234375 298.7811279296875 884.781494140625 
2 636.7091064453125 208.80003356933594 864.8536987304688 541.5955200195312 
238
3 0.433837890625 497.07464599609375 299.8177185058594 884.80908203125 
2 634.900390625 209.6827392578125 870.5303955078125 541.240234375 
239
3 0.376953125 490.394775390625 302.56097412109375 880.5335083007812 
2 635.98828125 207.59988403320312 870.7740478515625 541.2614135742188 
240
3 0.271728515625 487.50225830078125 303.5107421875 881.9492797851562 
2 633.6884155273438 207.9849853515625 876.4990234375 543.0480346679688 
241
3 0.260162353515625 481.4031982421875 305.75244140625 880.61279296875 
2 642.7472534179688 205.54348754882812 879.7114868164062 539.683349609375 
242
3 0.2767791748046875 478.28607177734375 307.4222412109375 879.1484375 
2 639.70947265625 205.0843048095703 877.6156005859375 540.00634765625 
243
0 0.3662109375 477.23675537109375 311.2086181640625 877.0003662109375 
2 647.2320556640625 205.47105407714844 895.5162353515625 540.9124145507812 
244
0 0.3619232177734375 474.8316955566406 312.41876220703125 875.695556640625 
2 641.576904296875 205.43350219726562 903.248046875 541.5194091796875 
3 1069.4576416015625 93.19619750976562 1113.3990478515625 194.670654296875 
245
0 0.325775146484375 470.4906005859375 314.63775634765625 876.776611328125 
2 652.730712890625 205.2503204345703 895.1936645507812 542.8460693359375 
246
0 0.308441162109375 469.88812255859375 315.95257568359375 874.8952026367188 
2 658.4772338867188 205.82669067382812 904.3673095703125 540.1139526367188 
3 2363.3115234375 107.48980712890625 2409.526123046875 190.02322387695312 
247
0 0.350738525390625 465.84320068359375 318.7093200683594 872.8823852539062 
2 666.053955078125 206.6201934814453 898.9178466796875 540.7667236328125 
248
0 0.285552978515625 465.49267578125 320.3677673339844 871.70556640625 
2 667.7520751953125 203.38995361328125 896.3787841796875 538.54443359375 
3 2370.934326171875 115.40708923339844 2414.229736328125 191.63710021972656 
3 1083.0941162109375 92.87313842773438 1127.50732421875 189.21231079101562 
249
0 0.483734130859375 458.2334289550781 323.2758483886719 870.5011596679688 
2 670.7971801757812 203.00808715820312 896.9443969726562 537.5594482421875 
3 2373.07275390625 117.09417724609375 2418.224365234375 188.69879150390625 
250
0 0.49932861328125 459.9778137207031 327.40643310546875 869.3286743164062 
2 674.3010864257812 202.05006408691406 902.9566040039062 535.69384765625 
3 2375.40576171875 121.07374572753906 2419.552734375 193.60116577148438 
251
0 0.5656890869140625 460.23345947265625 327.8038635253906 867.566162109375 
2 671.0239868164062 202.17010498046875 903.7412109375 537.4112548828125 
3 1087.095703125 92.70048522949219 1134.99658203125 185.97975158691406 
3 2378.9736328125 120.48587036132812 2420.400146484375 196.67559814453125 
252
0 0.4373931884765625 458.9432067871094 328.23297119140625 866.8741455078125 
2 669.9533081054688 201.86517333984375 908.3173217773438 535.283203125 
3 2381.27294921875 123.056640625 2420.02783203125 196.09481811523438 
253
0 0.4078369140625 457.48211669921875 330.74261474609375 868.1273803710938 
2 677.0077514648438 201.4879150390625 907.21435546875 537.023193359375 
3 2383.902099609375 122.80270385742188 2422.400634765625 196.5390167236328 
3 1094.16064453125 93.66720581054688 1140.0333251953125 183.48715209960938 
254
0 0.539154052734375 456.95660400390625 331.9790954589844 867.4022827148438 
2 671.6512451171875 202.20294189453125 911.0358276367188 535.5128784179688 
3 2383.740234375 122.99658203125 2425.81005859375 196.59873962402344 
255
0 0.5091552734375 456.77886962890625 333.3642272949219 867.326904296875 
2 675.0202026367188 201.6504669189453 910.533203125 535.7723999023438 
3 2386.14208984375 124.60598754882812 2427.77587890625 197.21600341796875 
256
0 0.443878173828125 456.7250061035156 334.3875732421875 865.1324462890625 
2 675.7283325195312 201.9656219482422 914.1270751953125 537.0809326171875 
3 2388.7138671875 126.42329406738281 2429.38720703125 194.81936645507812 
257
0 0.422576904296875 456.2236328125 334.89520263671875 864.8071899414062 
2 674.9327392578125 202.3695068359375 914.0806274414062 535.5987548828125 
258
0 0.369903564453125 455.5582275390625 335.3523254394531 864.847900390625 
2 675.441650390625 202.213134765625 913.614501953125 532.2233276367188 
259
0 0.41912841796875 455.7635192871094 335.2338562011719 865.017578125 
2 674.8294067382812 202.42405700683594 914.1126098632812 533.4501342773438 
260
0 0.486602783203125 455.64178466796875 335.50213623046875 864.123779296875 
2 676.498046875 202.3818359375 916.964599609375 535.936279296875 
261
0 0.472900390625 454.923583984375 338.1330871582031 862.6942138671875 
2 678.8638305664062 202.38021850585938 928.8216552734375 538.72998046875 
262
0 0.31689453125 454.6629943847656 339.4490966796875 864.4361572265625 
2 680.704833984375 202.26739501953125 932.618408203125 535.9193115234375 
263
0 0.334014892578125 454.5093994140625 340.7091064453125 863.2576904296875 
2 679.8927001953125 202.17698669433594 924.8695678710938 535.734375 
264
0 0.35211181640625 454.2271423339844 341.19464111328125 864.6849975585938 
2 687.234619140625 201.86639404296875 936.197509765625 534.74755859375 
265
0 0.23046875 454.0197448730469 342.9540710449219 863.3585205078125 
2 685.217041015625 201.873779296875 939.0845947265625 535.2426147460938 
266
0 0.2145233154296875 452.8582458496094 343.6658935546875 862.28955078125 
2 684.06640625 201.6934814453125 928.8717651367188 537.6961669921875 
267
0 0.224090576171875 452.4816589355469 344.3130187988281 862.6331176757812 
2 681.7276611328125 201.44027709960938 928.1563720703125 537.5479736328125 
268
0 0.216156005859375 452.3978271484375 344.1457214355469 862.034423828125 
2 681.7066650390625 201.3907470703125 933.6688232421875 536.6583251953125 
269
0 0.28192138671875 452.7841796875 344.03436279296875 862.4154052734375 
2 681.8338623046875 201.37965393066406 929.8515625 537.3941650390625 
270
0 0.28192138671875 452.9150695800781 344.2401123046875 862.4854736328125 
2 681.3764038085938 201.3870849609375 929.4083862304688 537.4798583984375 
271
0 0.280609130859375 453.8857421875 344.55450439453125 862.994384765625 
2 683.0371704101562 201.94406127929688 930.498291015625 538.2828369140625 
272
0 0.255889892578125 454.100341796875 343.094970703125 862.83642578125 
2 687.4727783203125 202.06988525390625 933.9014892578125 536.002685546875 
273
0 0.2340240478515625 454.234375 342.657958984375 863.4853515625 
2 686.5897827148438 201.9801788330078 937.3800659179688 535.496337890625 
274
0 0.245452880859375 454.0665588378906 342.820068359375 863.1949462890625 
2 686.6712036132812 202.06675720214844 937.8048095703125 535.4036865234375 
275
0 0.230438232421875 454.22747802734375 342.6744079589844 862.8667602539062 
2 686.9154663085938 202.04800415039062 937.4366455078125 535.4696655273438 
276
0 0.2620849609375 454.03924560546875 343.1134338378906 862.9093017578125 
2 686.6888427734375 201.7906494140625 933.7867431640625 535.885009765625 
277
0 0.228668212890625 453.7607727050781 343.5359802246094 862.9954833984375 
2 682.2772827148438 201.8944091796875 928.4428100585938 537.855712890625 
278
0 0.2923126220703125 453.2067565917969 344.6953125 862.2962646484375 
2 681.9264526367188 201.99578857421875 929.7210693359375 535.48681640625 
279
0 0.19244384765625 452.83807373046875 348.240478515625 861.3812866210938 
2 683.1973876953125 202.19268798828125 929.3182373046875 533.9395751953125 
280
0 0.2810821533203125 452.068359375 349.2217102050781 862.1998901367188 
2 695.0322265625 202.0516357421875 929.2427978515625 536.343994140625 
281
0 0.402496337890625 452.18768310546875 348.7841491699219 861.798583984375 
2 704.1309814453125 202.04580688476562 930.110107421875 534.039794921875 
282
0 0.32293701171875 451.52471923828125 348.5919494628906 860.22705078125 
2 695.138427734375 201.7000274658203 929.8175048828125 533.3563232421875 
283
0 0.170013427734375 451.418701171875 350.82720947265625 860.5908203125 
2 695.5180053710938 201.17227172851562 934.3298950195312 533.5968017578125 
284
0 1.2367401123046875 450.9598388671875 351.9763488769531 860.01904296875 
2 702.0853881835938 201.69650268554688 932.8595581054688 533.387939453125 
285
1 0.278656005859375 450.9656982421875 352.9256896972656 858.5567016601562 
2 696.4244384765625 201.18496704101562 932.7978515625 533.005859375 
3 2413.05712890625 118.50408935546875 2452.236572265625 201.9474334716797 
3 1123.1497802734375 89.90812683105469 1169.5926513671875 181.88307189941406 
286
1 0.462554931640625 450.63323974609375 353.5284729003906 858.4462280273438 
2 700.9217529296875 201.8382110595703 937.2196044921875 533.2469482421875 
3 2415.63671875 121.02932739257812 2452.86279296875 199.52967834472656 
287
1 1.11468505859375 449.4412536621094 355.69024658203125 855.583740234375 
2 702.1239624023438 200.78927612304688 937.1510009765625 533.9996948242188 
288
1 0.9305572509765625 448.1018981933594 356.15484619140625 855.249267578125 
2 704.5423583984375 201.4635009765625 941.5631103515625 532.7044677734375 
3 1130.16845703125 89.37609100341797 1175.96630859375 191.05435180664062 
289
1 1.0660247802734375 447.06378173828125 360.111572265625 854.8828735351562 
2 707.8312377929688 200.61727905273438 941.7691650390625 532.444580078125 
290
1 1.463897705078125 446.54779052734375 360.491455078125 851.6974487304688 
2 709.9378662109375 200.1673126220703 949.8347778320312 533.951904296875 
291
1 1.0057220458984375 446.15771484375 363.4583740234375 851.2655639648438 
2 710.4310302734375 199.39564514160156 944.7075805664062 532.177490234375 
292
1 0.92218017578125 445.93951416015625 364.10870361328125 852.0336303710938 
2 718.1534423828125 199.25540161132812 959.0542602539062 534.6318969726562 
293
1 1.3006439208984375 445.6103515625 367.6612548828125 851.721923828125 
2 716.720947265625 199.45626831054688 951.8336791992188 532.633056640625 
3 1144.9815673828125 89.4341812133789 1187.4482421875 183.94351196289062 
294
1 1.1183319091796875 445.60552978515625 368.56719970703125 850.61474609375 
2 719.1026611328125 198.9820098876953 963.435791015625 535.4096069335938 
295
1 1.1307373046875 445.32489013671875 368.71142578125 850.3037719726562 
2 715.464111328125 198.83856201171875 955.7432861328125 534.0315551757812 
3 1148.088623046875 89.64861297607422 1193.5577392578125 189.09942626953125 
296
1 1.31488037109375 444.345458984375 370.7516784667969 847.6478881835938 
2 722.380859375 198.1631317138672 957.6920776367188 536.333984375 
297
1 1.6578826904296875 443.58123779296875 372.5692138671875 849.4403076171875 
2 721.2855224609375 197.71978759765625 959.6703491210938 533.6380004882812 
3 1152.02734375 90.68312072753906 1196.62939453125 191.24986267089844 
298
1 2.0103912353515625 443.5527038574219 372.28472900390625 847.0055541992188 
2 728.9620361328125 198.31698608398438 964.8927612304688 534.3538818359375 
3 1149.326416015625 90.57735443115234 1197.1158447265625 180.0439910888672 
3 2442.642333984375 128.65887451171875 2479.21142578125 208.0894317626953 
299
1 2.354736328125 443.75299072265625 375.8955993652344 847.9717407226562 
2 726.655029296875 196.98095703125 960.39892578125 532.6028442382812 
3 1155.4971923828125 89.57068634033203 1199.97998046875 182.4108428955078 
300
1 1.6858978271484375 443.62774658203125 376.28680419921875 847.1647338867188 
2 730.76953125 197.37286376953125 967.8790283203125 532.6793823242188 
3 1158.467041015625 88.83309936523438 1202.272216796875 184.15475463867188 
301
1 1.722381591796875 443.25799560546875 380.9059143066406 844.9891967773438 
2 730.9678955078125 197.89930725097656 970.63330078125 532.3556518554688 
302
1 3.4240875244140625 442.77923583984375 381.46771240234375 845.9608764648438 
2 733.7215576171875 197.74740600585938 970.3330078125 530.7852783203125 
303
1 4.4111175537109375 443.2290344238281 383.3719177246094 842.916259765625 
2 734.9923095703125 196.9698486328125 973.5086059570312 533.00537109375 
3 1167.15625 89.49476623535156 1211.875244140625 189.2602081298828 
3 2456.623291015625 129.27926635742188 2494.73583984375 212.0005340576172 
304
1 4.21490478515625 444.08544921875 383.42681884765625 844.860595703125 
2 734.3370361328125 197.26492309570312 973.81005859375 531.4317016601562 
305
1 3.4038238525390625 444.66552734375 386.7501525878906 845.9327392578125 
2 748.9843139648438 196.9462127685547 977.958740234375 532.7317504882812 
3 2465.15234375 130.6771240234375 2498.4580078125 198.57730102539062 
306
1 1.9232635498046875 445.66748046875 386.91998291015625 845.486328125 
2 748.6948852539062 196.26943969726562 980.4600219726562 530.253662109375 
307
1 2.0414886474609375 446.1454772949219 386.57342529296875 843.936767578125 
2 747.1790161132812 195.80233764648438 977.26220703125 529.7933349609375 
308
1 1.379852294921875 448.1155700683594 388.9168701171875 841.5255737304688 
2 746.94482421875 194.97799682617188 980.0146484375 531.28076171875 
309
1 1.1184539794921875 449.4385986328125 390.3568115234375 840.2315673828125 
2 748.8695678710938 196.20709228515625 982.28466796875 531.685791015625 
310
1 0.9453887939453125 451.78204345703125 390.847900390625 840.9450073242188 
2 748.542236328125 195.65829467773438 983.5205078125 530.5433349609375 
311
1 0.9422149658203125 453.3748474121094 391.81280517578125 842.682861328125 
2 747.3534545898438 195.29318237304688 981.0381469726562 530.3885498046875 
312
1 0.9954376220703125 457.31304931640625 391.90704345703125 844.5759887695312 
2 745.7872924804688 195.2801513671875 980.9228515625 530.2994995117188 
313
1 1.0065460205078125 461.0081787109375 391.9497375488281 843.740234375 
2 745.8440551757812 195.29061889648438 981.2736206054688 530.4031372070312 
314
1 0.75830078125 464.93719482421875 390.8404235839844 842.0051879882812 
2 745.8775634765625 195.23001098632812 983.694580078125 530.0016479492188 
315
1 0.944244384765625 468.74200439453125 390.56634521484375 844.3251342773438 
2 748.9376220703125 195.3662109375 987.503662109375 530.79541015625 
316
1 0.9756011962890625 470.95184326171875 387.24786376953125 842.0762329101562 
2 759.0166625976562 193.87400817871094 988.533203125 530.5045166015625 
317
2 756.8784790039062 194.0596923828125 986.5364990234375 529.1412963867188 
1 0.6626739501953125 471.71331787109375 387.1272277832031 833.9675903320312 
1 1.142913818359375 471.6689758300781 386.810791015625 834.4000244140625 
318
1 0.8316802978515625 474.48712158203125 387.8952331542969 843.8885498046875 
2 756.0560302734375 193.22024536132812 985.5166015625 528.6825561523438 
319
1 1.068634033203125 474.4935302734375 392.03985595703125 847.2688598632812 
2 760.1764526367188 192.94903564453125 988.83984375 529.246337890625 
320
1 0.75445556640625 475.65673828125 391.628173828125 855.8469848632812 
2 757.6943359375 193.25033569335938 990.3688354492188 529.0078125 
321
0 0.66888427734375 477.57611083984375 392.5927734375 873.4053955078125 
2 755.770263671875 192.59088134765625 988.3943481445312 528.8157348632812 
322
0 0.80511474609375 477.93170166015625 394.27630615234375 864.108154296875 
2 764.5690307617188 192.45925903320312 990.6456298828125 528.9517822265625 
323
1 0.8934173583984375 480.7237548828125 394.06048583984375 857.8795776367188 
2 760.75244140625 192.42840576171875 992.799072265625 530.0413208007812 
324
1 0.555999755859375 481.66448974609375 395.1258239746094 854.2380981445312 
2 758.6847534179688 192.9151611328125 993.294189453125 528.0742797851562 
325
1 0.4790802001953125 483.20330810546875 396.78594970703125 842.143310546875 
2 764.7713623046875 193.0736083984375 994.674560546875 527.6539306640625 
326
1 0.3299407958984375 485.0931396484375 398.6552734375 845.8527221679688 
2 759.9360961914062 192.676513671875 997.40673828125 527.60791015625 
327
1 0.6177215576171875 486.185302734375 399.2924499511719 841.0767822265625 
2 761.6000366210938 189.37835693359375 1002.5228271484375 527.1603393554688 
328
1 1.75262451171875 485.72509765625 402.4035339355469 843.89013671875 
2 762.8521118164062 189.60232543945312 1001.0692138671875 523.86572265625 
329
1 2.2338714599609375 487.69683837890625 402.752685546875 844.8896484375 
2 768.217041015625 189.63662719726562 1004.3756103515625 527.8572387695312 
330
1 2.6762847900390625 488.66839599609375 404.82086181640625 845.4713745117188 
2 771.0880737304688 189.98876953125 1008.3538818359375 527.2894897460938 
331
1 2.359527587890625 489.1097412109375 406.6534118652344 849.2373657226562 
2 771.3861694335938 189.94732666015625 1016.5906982421875 529.25048828125 
332
0 1.38726806640625 490.951171875 410.392333984375 862.4408569335938 
2 776.644775390625 189.84548950195312 1011.8977661132812 528.0138549804688 
333
0 0.69384765625 493.4434814453125 412.9155578613281 873.5294799804688 
2 773.8262329101562 189.19090270996094 1020.6604614257812 529.654052734375 
3 1213.5830078125 88.72373962402344 1257.2381591796875 186.8113555908203 
334
0 0.2442779541015625 498.3262939453125 412.840087890625 890.2293701171875 
2 774.2764282226562 189.44778442382812 1019.656494140625 529.0118408203125 
335
0 0.05908203125 503.322265625 415.4668884277344 900.9091186523438 
2 778.9853515625 188.3046417236328 1026.2572021484375 530.4630737304688 
336
0 0.0 506.55078125 414.9327392578125 909.2745361328125 
2 777.06640625 188.58009338378906 1022.9439697265625 527.7796020507812 
337
0 0.0 513.6134033203125 414.64141845703125 912.2689208984375 
2 777.0985107421875 188.796875 1024.669921875 527.2166748046875 
338
0 0.1459503173828125 517.9434204101562 416.4823303222656 915.23095703125 
2 779.020263671875 188.37376403808594 1025.4561767578125 530.154052734375 
3 1221.510009765625 87.74618530273438 1264.893310546875 185.82772827148438 
339
0 0.282501220703125 522.9047241210938 418.91033935546875 913.6636962890625 
2 781.9777221679688 189.244873046875 1027.6087646484375 527.4891357421875 
340
0 0.9753875732421875 530.5958251953125 420.81072998046875 912.3388671875 
2 790.6124877929688 188.85044860839844 1029.4278564453125 526.9049072265625 
341
0 1.2794647216796875 536.1751098632812 422.9332275390625 911.7806396484375 
2 793.8235473632812 189.41146850585938 1028.8179931640625 529.8705444335938 
3 1225.7359619140625 87.17349243164062 1270.494384765625 186.44570922851562 
342
0 0.9936370849609375 542.2464599609375 424.2581787109375 910.0180053710938 
2 788.93212890625 189.865478515625 1029.6715087890625 526.7500610351562 
343
0 0.8193511962890625 547.0106811523438 423.85333251953125 914.1676635742188 
2 786.9544677734375 188.77069091796875 1030.2999267578125 526.4322509765625 
3 1229.0181884765625 88.06747436523438 1272.51416015625 184.29928588867188 
344
0 0.73919677734375 553.1490478515625 424.7167663574219 909.9957885742188 
2 792.8265380859375 186.3603515625 1033.3133544921875 529.2824096679688 
3 1229.472900390625 87.69458770751953 1274.447509765625 185.16058349609375 
345
0 0.919891357421875 567.40185546875 424.55108642578125 909.811279296875 
2 792.3294677734375 187.21990966796875 1030.6832275390625 525.8345947265625 
346
0 0.87725830078125 568.267578125 422.44146728515625 908.436279296875 
2 792.96826171875 186.3782196044922 1037.9468994140625 527.0718994140625 
3 1233.19189453125 87.19561767578125 1276.807861328125 184.90145874023438 
347
0 1.02276611328125 573.01171875 425.844970703125 904.5310668945312 
2 795.8307495117188 187.27816772460938 1036.21728515625 529.2783203125 
348
0 0.6698455810546875 574.4741821289062 422.9228515625 898.3430786132812 
2 795.849853515625 186.11856079101562 1035.7801513671875 525.7891845703125 
349
0 0.4323883056640625 576.931396484375 422.32110595703125 887.9766845703125 
2 800.9922485351562 185.02975463867188 1035.4462890625 525.9552001953125 
350
0 0.7266082763671875 581.8375244140625 417.54766845703125 897.9138793945312 
2 801.1504516601562 184.8468017578125 1038.42919921875 526.6994018554688 
3 1238.8668212890625 86.3831787109375 1282.824951171875 188.3284454345703 
351
0 0.7762451171875 584.1383056640625 409.5544128417969 897.28515625 
2 800.107421875 185.13404846191406 1039.71630859375 532.202392578125 
352
0 1.0559844970703125 589.2137451171875 404.26934814453125 897.9806518554688 
2 801.5083618164062 185.45867919921875 1040.3018798828125 534.3609008789062 
353
0 1.0038299560546875 590.5597534179688 401.8681640625 899.635498046875 
2 801.7444458007812 185.59280395507812 1041.601806640625 534.9478759765625 
354
0 0.714263916015625 595.1053466796875 397.03057861328125 900.89013671875 
2 802.2109375 185.51370239257812 1041.125732421875 533.9837646484375 
355
0 0.40216064453125 600.6888427734375 393.9212646484375 899.9117431640625 
2 802.2921752929688 185.49606323242188 1040.8909912109375 535.192138671875 
356
0 0.3300628662109375 604.4552001953125 391.4998474121094 898.0545654296875 
2 799.7337036132812 185.43690490722656 1042.1951904296875 531.386962890625 
357
0 0.3626251220703125 606.50146484375 389.9766540527344 898.6111450195312 
2 800.0839233398438 185.36131286621094 1042.0794677734375 532.1211547851562 
358
0 0.775604248046875 606.1981811523438 393.00634765625 904.8616943359375 
2 802.0723876953125 185.3958282470703 1041.763916015625 532.0096435546875 
359
0 1.00775146484375 610.52294921875 398.76312255859375 929.9271240234375 
2 802.6282348632812 185.31362915039062 1041.30712890625 530.4970703125 
360
0 1.11431884765625 615.348876953125 409.80181884765625 964.964111328125 
2 802.3494262695312 185.19668579101562 1041.2000732421875 530.71337890625 
361
0 0.88330078125 617.1553955078125 414.8623046875 993.5037841796875 
2 801.51416015625 185.21978759765625 1042.5828857421875 528.657958984375 
362
0 0.446685791015625 622.9041748046875 418.2005920410156 1023.342041015625 
2 801.887451171875 185.26559448242188 1042.2884521484375 533.94677734375 
363
0 0.749420166015625 632.2843017578125 412.95489501953125 1034.36181640625 
2 802.7086181640625 185.48130798339844 1040.59521484375 531.0415649414062 
364
0 0.7640838623046875 638.8572387695312 400.8238220214844 1042.733154296875 
2 803.1259765625 185.49200439453125 1040.6915283203125 529.1870727539062 
365
0 1.0879364013671875 644.4654541015625 387.6322021484375 1044.1640625 
2 802.5225219726562 185.45005798339844 1040.2818603515625 530.7362670898438 
366
0 0.759765625 652.2261962890625 383.575439453125 1041.171142578125 
2 801.5782470703125 185.335693359375 1040.328125 532.5353393554688 
367
0 0.88800048828125 660.5162353515625 383.1200866699219 1043.7803955078125 
2 802.6699829101562 185.34634399414062 1041.3916015625 537.2554931640625 
368
0 0.9112548828125 668.051513671875 383.2944641113281 1045.438232421875 
2 801.480224609375 185.56211853027344 1039.232666015625 532.2523803710938 
369
0 0.73834228515625 672.5966186523438 381.3987731933594 1045.04541015625 
2 802.600830078125 185.4275665283203 1039.9398193359375 534.1155395507812 
370
0 0.7208251953125 678.5638427734375 378.6392822265625 1023.7314453125 
2 803.1331176757812 185.36618041992188 1040.187255859375 533.5789794921875 
371
2 801.5366821289062 185.24203491210938 1039.9320068359375 530.8080444335938 
0 0.933441162109375 686.9918212890625 376.97039794921875 1034.06005859375 
372
2 803.0122680664062 185.33522033691406 1039.73681640625 532.7395629882812 
0 0.242767333984375 694.000244140625 374.5531005859375 1036.582275390625 
373
2 802.5706787109375 185.44802856445312 1039.722900390625 530.7149658203125 
0 0.3143768310546875 700.7703857421875 373.3773193359375 1034.9705810546875 
374
2 800.9414672851562 185.5390625 1038.967041015625 530.18017578125 
0 0.777984619140625 702.0316772460938 368.139404296875 998.5140380859375 
375
2 801.0810546875 185.30294799804688 1038.563232421875 529.0304565429688 
0 0.78277587890625 704.5941772460938 361.7779541015625 1018.9549560546875 
376
2 800.0297241210938 184.99221801757812 1038.7958984375 529.6361694335938 
0 0.897125244140625 705.8309326171875 357.8893127441406 1022.994873046875 
377
2 800.3805541992188 185.02481079101562 1038.47021484375 528.5399780273438 
0 0.508453369140625 705.8790893554688 354.320556640625 1031.642822265625 
378
2 800.790771484375 184.61764526367188 1038.4803466796875 527.666259765625 
0 0.449462890625 706.9905395507812 351.9994201660156 1038.2581787109375 
3 1239.3800048828125 85.99253845214844 1283.91357421875 186.6056671142578 
379
2 801.117431640625 184.29534912109375 1036.51708984375 528.3501586914062 
0 0.845611572265625 708.036376953125 378.04290771484375 1051.986083984375 
3 1238.857177734375 86.41458892822266 1282.8482666015625 188.71334838867188 
380
2 799.9216918945312 184.6806182861328 1036.7308349609375 526.1992797851562 
0 0.67242431640625 709.9952392578125 379.9844665527344 1050.647216796875 
381
2 799.9140014648438 184.59048461914062 1035.57958984375 525.8583984375 
0 0.6331787109375 712.0533447265625 380.85626220703125 1051.9722900390625 
3 1238.1514892578125 86.43739318847656 1281.927001953125 185.69906616210938 
382
2 800.1738891601562 184.54428100585938 1035.5986328125 527.1510009765625 
0 0.677947998046875 714.227294921875 380.60101318359375 1054.23046875 
3 1238.2615966796875 85.82925415039062 1281.92138671875 188.04396057128906 
383
2 800.3178100585938 184.6964111328125 1035.84423828125 527.3862915039062 
0 0.68328857421875 716.2767333984375 379.8646240234375 1052.876708984375 
3 1238.35888671875 86.31963348388672 1281.5406494140625 188.14073181152344 
384
2 799.9456787109375 184.89788818359375 1035.7030029296875 526.05224609375 
0 0.6516265869140625 717.013427734375 379.9287109375 1051.2554931640625 
3 1237.8812255859375 86.62963104248047 1281.3890380859375 186.10696411132812 
385
2 800.1549072265625 184.9592742919922 1037.8585205078125 526.0523681640625 
0 0.58282470703125 716.062744140625 379.1793212890625 1051.688720703125 
386
2 801.04931640625 184.88079833984375 1035.7222900390625 527.4072875976562 
0 0.819091796875 715.9635620117188 379.6511535644531 1052.3607177734375 
3 1238.890869140625 86.21888732910156 1282.5814208984375 188.28067016601562 
387
2 801.6531982421875 184.94651794433594 1036.0384521484375 527.8175659179688 
0 0.75653076171875 716.46240234375 380.15728759765625 1051.6534423828125 
3 1238.9522705078125 86.33952331542969 1282.646240234375 188.7454833984375 
388
2 800.30615234375 185.00059509277344 1035.37060546875 526.8585205078125 
0 0.646240234375 716.18994140625 380.1733093261719 1055.0521240234375 
3 1238.3487548828125 86.4001235961914 1281.9744873046875 188.24343872070312 
389
2 799.216552734375 185.7954864501953 1035.3028564453125 525.2366943359375 
0 0.8035888671875 717.3706665039062 380.98626708984375 1053.0029296875 
3 1237.580322265625 86.82440185546875 1280.9786376953125 185.48867797851562 
390
2 799.8157958984375 185.42138671875 1034.41796875 525.722412109375 
0 0.73828125 717.9469604492188 379.9029235839844 1051.5179443359375 
3 1237.5343017578125 86.95624542236328 1280.4305419921875 186.30227661132812 
391
2 799.7763671875 185.584716796875 1034.426025390625 525.8135986328125 
0 0.65093994140625 719.5850830078125 380.4377136230469 1052.4322509765625 
392
2 799.1957397460938 185.47998046875 1034.675537109375 526.3611450195312 
393
2 797.6678466796875 185.65528869628906 1034.281005859375 525.191162109375 
3 0.689239501953125 719.4202270507812 239.36294555664062 1016.184814453125 
394
2 797.1744384765625 186.16510009765625 1034.5123291015625 525.2928466796875 
0 1.305755615234375 719.4257202148438 412.02960205078125 1039.6351318359375 
3 0.3787994384765625 719.3279418945312 243.65945434570312 1014.431396484375 
395
0 0.28607177734375 719.711669921875 431.5700988769531 1025.5513916015625 
2 799.1528930664062 185.76416015625 1034.58642578125 526.2080078125 
396
2 799.4873046875 185.78509521484375 1034.43896484375 526.07421875 
0 0.7689971923828125 721.5859985351562 446.5090637207031 1028.0206298828125 
397
0 0.656097412109375 718.9830932617188 454.3944396972656 1033.4644775390625 
2 799.18896484375 185.45782470703125 1034.5263671875 525.885498046875 
398
2 796.3880004882812 186.90687561035156 1035.0609130859375 524.7869873046875 
0 0.3710174560546875 697.6951904296875 456.95941162109375 1042.038330078125 
399
0 0.3537445068359375 687.1947631835938 457.9446105957031 1047.65234375 
2 797.1432495117188 185.80953979492188 1034.59033203125 525.1820678710938 
400
2 798.7593383789062 185.6753387451172 1035.0108642578125 525.9615478515625 
0 0.6449432373046875 695.6132202148438 459.03759765625 1051.2164306640625 
401
2 796.3458862304688 185.69638061523438 1034.788330078125 525.1259765625 
0 1.1510009765625 692.3648071289062 463.0318603515625 1052.8275146484375 
402
2 795.150390625 187.08621215820312 1036.2366943359375 524.6473999023438 
0 1.1425933837890625 706.7706909179688 463.9454345703125 1054.5999755859375 
403
2 796.383056640625 186.37820434570312 1035.180908203125 524.6859130859375 
0 1.08526611328125 699.9561157226562 466.85626220703125 1055.3624267578125 
404
2 798.544921875 185.4946746826172 1034.954833984375 526.2063598632812 
0 1.1174468994140625 700.351318359375 472.4879150390625 1055.009765625 
405
2 797.1484375 186.1066131591797 1034.6484375 525.2261352539062 
0 0.99560546875 672.4671020507812 473.01519775390625 1055.2716064453125 
406
2 796.0950927734375 186.97671508789062 1034.5693359375 524.7050170898438 
0 1.1028900146484375 652.7481689453125 473.6328125 1055.092041015625 
407
0 0.947662353515625 651.4158935546875 474.03839111328125 1054.4658203125 
2 796.79345703125 185.8224639892578 1034.835693359375 525.10302734375 
408
0 0.7257537841796875 637.3805541992188 475.06683349609375 1054.646240234375 
2 798.4803466796875 185.7677764892578 1035.102294921875 526.0568237304688 
409
0 0.7739410400390625 632.083984375 474.60479736328125 1054.7391357421875 
2 796.5995483398438 186.31881713867188 1035.008056640625 525.802001953125 
410
0 0.841522216796875 629.202880859375 473.8785095214844 1055.1600341796875 
2 795.7945556640625 187.03945922851562 1035.7427978515625 525.1588134765625 
411
0 0.9771270751953125 633.6773681640625 473.47235107421875 1054.3782958984375 
2 796.2574462890625 186.60885620117188 1035.062744140625 525.134765625 
412
0 0.9730682373046875 636.8064575195312 474.4259338378906 1054.71923828125 
2 798.357421875 186.16583251953125 1034.9072265625 525.6934204101562 
413
0 0.887359619140625 640.27001953125 476.00616455078125 1055.0540771484375 
2 799.2485961914062 185.97723388671875 1034.7479248046875 526.2059326171875 
414
0 0.8765411376953125 669.6092529296875 475.9957275390625 1056.412109375 
2 797.46484375 186.6099090576172 1034.6390380859375 525.2891845703125 
415
0 0.492950439453125 665.816650390625 473.545654296875 1055.8529052734375 
2 796.6621704101562 186.5789794921875 1034.815185546875 525.295166015625 
416
0 0.6326446533203125 672.3843994140625 475.9605712890625 1055.42578125 
2 799.5059814453125 186.27682495117188 1034.4285888671875 525.6058959960938 
417
0 0.749664306640625 673.1694946289062 475.9830322265625 1054.61181640625 
2 800.0001220703125 186.26976013183594 1034.697021484375 525.9921875 
418
0 0.9560699462890625 677.9176025390625 476.08740234375 1054.52197265625 
2 799.4359130859375 186.3713836669922 1035.0211181640625 526.5352783203125 
419
0 0.9736175537109375 678.972900390625 475.61431884765625 1055.953857421875 
2 796.6129150390625 186.4990997314453 1034.6925048828125 525.1238403320312 
420
0 0.820159912109375 681.0833129882812 474.7336120605469 1055.5162353515625 
2 796.6026611328125 186.43731689453125 1034.9432373046875 525.07470703125 
421
0 1.0579986572265625 680.527587890625 474.94464111328125 1055.41845703125 
2 798.4003295898438 186.5379180908203 1034.7506103515625 525.5484008789062 
422
0 0.589599609375 681.35302734375 475.16949462890625 1055.2044677734375 
2 799.9793090820312 186.70120239257812 1035.060546875 525.8116455078125 
423
0 0.7807769775390625 682.1138916015625 475.39306640625 1054.868896484375 
2 799.3873291015625 186.60089111328125 1034.7052001953125 525.600830078125 
424
0 0.6054229736328125 679.3473510742188 473.6302490234375 1054.464111328125 
2 796.2574462890625 186.64828491210938 1034.8348388671875 525.0686645507812 
425
0 0.763580322265625 675.2861328125 473.12677001953125 1053.4072265625 
2 796.27294921875 186.53253173828125 1034.822021484375 525.251220703125 
426
0 0.8804473876953125 673.4365234375 474.0458984375 1053.5418701171875 
2 798.2669677734375 186.72463989257812 1034.986083984375 525.3185424804688 
427
0 0.6635284423828125 673.3505249023438 473.87774658203125 1053.881103515625 
2 798.2640380859375 186.81857299804688 1034.87060546875 525.3543701171875 
428
0 0.637115478515625 672.9072265625 473.26220703125 1053.5062255859375 
2 798.9812622070312 186.9297332763672 1034.5958251953125 525.5945434570312 
429
0 0.56085205078125 673.4197387695312 472.8009948730469 1053.569091796875 
2 796.4193725585938 186.6284942626953 1034.7984619140625 525.43994140625 
430
0 0.425323486328125 673.1217651367188 473.154541015625 1053.80517578125 
2 798.0508422851562 186.34320068359375 1034.1759033203125 525.4993286132812 
431
0 0.342926025390625 672.7674560546875 474.09686279296875 1054.08837890625 
2 800.3607177734375 186.22857666015625 1034.7252197265625 525.860107421875 
3 1238.2879638671875 86.56842041015625 1282.244384765625 187.55931091308594 
432
0 0.2247314453125 675.329833984375 474.29937744140625 1054.151611328125 
2 801.4992065429688 186.08856201171875 1035.0614013671875 526.064208984375 
3 1238.72216796875 86.35699462890625 1283.2100830078125 188.7822265625 
433
0 0.3456268310546875 676.8377685546875 472.7122802734375 1054.404541015625 
2 800.5924682617188 185.9281005859375 1036.640869140625 527.65673828125 
3 1239.335693359375 86.1978988647461 1283.9862060546875 188.97610473632812 
434
0 0.38299560546875 676.0150756835938 472.69122314453125 1054.6754150390625 
2 800.0093994140625 185.91354370117188 1037.3701171875 530.7799072265625 
435
0 0.6358184814453125 672.1912841796875 473.0912780761719 1055.4478759765625 
2 799.5450439453125 185.71731567382812 1038.358642578125 533.0191650390625 
436
0 0.5139007568359375 672.5107421875 474.0908203125 1054.86328125 
2 801.9077758789062 185.46163940429688 1039.087158203125 534.6110229492188 
437
0 0.6622161865234375 672.289306640625 473.6502685546875 1055.0103759765625 
2 801.775390625 185.31591796875 1039.229248046875 535.6837158203125 
438
0 0.8730621337890625 672.331787109375 473.741455078125 1055.12744140625 
2 801.9799194335938 185.41253662109375 1039.69384765625 533.763916015625 
439
0 0.8893280029296875 672.4873046875 472.59814453125 1055.5733642578125 
2 799.814453125 186.01268005371094 1039.0628662109375 531.9037475585938 
440
0 0.8697509765625 672.343017578125 473.21417236328125 1056.5994873046875 
2 799.918701171875 186.0518798828125 1038.709228515625 532.1588134765625 
441
0 0.721923828125 673.0352783203125 473.3323974609375 1056.081298828125 
2 801.5444946289062 185.77029418945312 1039.0140380859375 534.81103515625 
442
0 0.5592041015625 674.134033203125 472.72784423828125 1058.21923828125 
2 801.6283569335938 185.78033447265625 1038.8677978515625 534.3611450195312 
443
0 0.438079833984375 676.9173583984375 472.04669189453125 1062.42431640625 
2 801.6513671875 185.7716064453125 1039.5364990234375 533.493408203125 
444
0 0.4119873046875 678.599365234375 471.95147705078125 1061.732421875 
2 799.6885986328125 186.27883911132812 1040.16455078125 530.0358276367188 
445
0 0.531494140625 679.0897216796875 472.25335693359375 1061.08544921875 
2 801.4357299804688 185.9560546875 1039.4764404296875 529.07177734375 
446
0 0.70184326171875 681.5711669921875 475.67962646484375 1061.232666015625 
2 799.7271728515625 185.48190307617188 1039.2904052734375 529.79296875 
3 1243.4774169921875 87.36724853515625 1283.78125 187.02023315429688 
447
0 0.4762420654296875 682.2437133789062 476.79083251953125 1062.1282958984375 
2 800.0794067382812 185.2845458984375 1038.6923828125 529.21923828125 
3 1244.1915283203125 87.08937072753906 1284.59619140625 188.27679443359375 
448
0 0.3798675537109375 682.6316528320312 476.27490234375 1060.2735595703125 
2 800.141357421875 185.2820587158203 1038.0167236328125 528.1337890625 
3 1243.30517578125 86.3839111328125 1285.620361328125 189.02413940429688 
449
0 0.2805938720703125 685.5982055664062 476.33734130859375 1061.89404296875 
2 803.5661010742188 185.73556518554688 1038.7633056640625 530.7674560546875 
3 1242.6788330078125 86.77562713623047 1286.9130859375 187.75 
450
0 0.3245086669921875 679.322509765625 475.5675048828125 1058.7900390625 
2 803.97412109375 185.81686401367188 1038.707763671875 530.42529296875 
3 1242.7396240234375 86.91748046875 1287.0196533203125 185.90061950683594 
451
0 0.364471435546875 665.7216796875 477.099609375 1063.223876953125 
2 803.4879150390625 185.37863159179688 1039.833251953125 531.1937866210938 
3 1242.671142578125 86.39404296875 1287.4400634765625 188.21170043945312 
452
0 0.5933685302734375 648.8900146484375 478.0395812988281 1062.489501953125 
2 803.1011962890625 185.2401580810547 1038.99755859375 528.5409545898438 
3 1242.670654296875 86.13822174072266 1287.2491455078125 187.99359130859375 
453
0 0.6519622802734375 655.5950317382812 477.57122802734375 1061.4268798828125 
2 804.1807861328125 185.3397216796875 1039.1134033203125 528.21484375 
3 1242.688720703125 86.15485382080078 1287.0635986328125 187.9119873046875 
454
0 0.7479705810546875 667.922607421875 478.4004821777344 1058.68212890625 
2 803.0381469726562 185.19580078125 1040.2386474609375 530.1663208007812 
3 1242.6142578125 86.47722625732422 1287.2159423828125 187.24746704101562 
455
0 0.6781158447265625 652.372314453125 477.08203125 1058.6185302734375 
2 803.1707763671875 185.40203857421875 1039.800537109375 529.2066650390625 
3 1242.7373046875 86.9076919555664 1287.2933349609375 185.62554931640625 
456
2 803.8261108398438 185.26052856445312 1039.7288818359375 528.6276245117188 
0 0.7588653564453125 656.0452270507812 477.5355224609375 1058.7730712890625 
3 1242.6629638671875 86.25902557373047 1287.660888671875 186.45448303222656 
457
0 0.6169891357421875 667.9152221679688 478.00958251953125 1058.456787109375 
2 803.5464477539062 185.0524139404297 1039.4827880859375 528.2470703125 
3 1242.98876953125 86.718017578125 1287.2921142578125 188.36581420898438 
458
0 0.5174713134765625 664.4115600585938 478.48553466796875 1061.4520263671875 
2 804.4880981445312 185.0463104248047 1040.695556640625 527.7196655273438 
3 1243.2396240234375 86.87496185302734 1286.87451171875 188.35009765625 
459
0 0.34393310546875 680.9886474609375 476.98504638671875 1063.72314453125 
2 804.4297485351562 185.37234497070312 1040.4892578125 530.2496337890625 
3 1242.9771728515625 86.83214569091797 1287.6868896484375 187.1175537109375 
460
0 0.48004150390625 680.9840698242188 475.9810791015625 1063.524169921875 
2 804.3782958984375 185.4682159423828 1040.2884521484375 529.64208984375 
3 1243.0804443359375 86.93869018554688 1287.421142578125 185.329345703125 
461
2 803.4066772460938 185.16812133789062 1039.4224853515625 529.0015869140625 
0 0.6254425048828125 670.8360595703125 476.9551086425781 1057.372802734375 
3 1242.7611083984375 86.52500915527344 1287.5244140625 187.5623779296875 
462
2 803.52978515625 185.18971252441406 1040.85791015625 529.0350341796875 
0 0.6153717041015625 671.1610107421875 477.59490966796875 1055.3109130859375 
3 1243.287841796875 86.74639892578125 1287.0087890625 188.01504516601562 
463
0 0.51031494140625 676.9927978515625 477.6954040527344 1055.68798828125 
2 803.5137329101562 185.2041015625 1040.475341796875 529.8322143554688 
3 1243.1568603515625 86.63358306884766 1287.1148681640625 187.72569274902344 
464
0 0.7186126708984375 684.57080078125 476.76910400390625 1055.6405029296875 
2 804.5020751953125 185.54322814941406 1040.506591796875 530.00341796875 
3 1243.304931640625 86.89032745361328 1287.2918701171875 183.130859375 
465
0 0.775665283203125 688.297119140625 476.621337890625 1054.43359375 
2 803.99462890625 185.42501831054688 1040.3446044921875 530.7783203125 
3 1243.0040283203125 86.7457275390625 1287.865478515625 186.7437744140625 
466
0 0.6289825439453125 690.3857421875 476.8240966796875 1054.815673828125 
2 803.8296508789062 184.989990234375 1040.2171630859375 528.66845703125 
3 1243.356201171875 86.94152069091797 1286.6937255859375 187.91049194335938 
467
0 0.596343994140625 692.1929931640625 478.6919250488281 1055.7802734375 
2 803.7667846679688 185.32745361328125 1040.9356689453125 529.94873046875 
3 1243.9437255859375 87.28367614746094 1286.5318603515625 188.05007934570312 
468
0 0.56622314453125 691.5364990234375 475.1437072753906 1054.355224609375 
2 804.2200317382812 185.75326538085938 1041.9842529296875 529.6564331054688 
3 1242.649658203125 86.98014831542969 1286.982666015625 184.3874053955078 
469
2 803.6973876953125 185.71322631835938 1040.065673828125 530.9415893554688 
0 1.130096435546875 690.5067138671875 470.9371337890625 1053.2943115234375 
3 1243.309814453125 86.78587341308594 1287.2869873046875 184.8834686279297 
470
0 0.6151885986328125 691.0204467773438 473.86993408203125 1054.632568359375 
2 803.3743896484375 185.26536560058594 1040.129638671875 529.9398193359375 
3 1243.6214599609375 87.1591796875 1286.4407958984375 188.1124267578125 
471
0 0.6907958984375 690.6592407226562 478.9908142089844 1054.597412109375 
2 803.7333984375 185.1077880859375 1040.6044921875 528.8414306640625 
3 1243.8902587890625 86.67228698730469 1285.9481201171875 188.47352600097656 
472
0 0.6680755615234375 690.8760375976562 485.0753173828125 1054.6524658203125 
2 803.461669921875 185.5217742919922 1041.014404296875 530.944580078125 
3 1243.5362548828125 86.76998901367188 1286.9327392578125 187.65768432617188 
473
0 0.8691253662109375 687.6461791992188 489.28704833984375 1052.9866943359375 
2 803.2610473632812 185.59744262695312 1040.4945068359375 530.3519287109375 
3 1242.91357421875 86.95262145996094 1287.023681640625 185.31094360351562 
474
0 1.0851898193359375 684.94775390625 497.5260009765625 1051.7967529296875 
2 802.9561157226562 185.55459594726562 1041.1240234375 529.5074462890625 
3 1243.6025390625 86.57347869873047 1287.162109375 187.78485107421875 
475
0 1.0056610107421875 685.3258056640625 506.52911376953125 1049.5755615234375 
2 802.9032592773438 185.21139526367188 1039.5322265625 529.1080322265625 
3 1243.695068359375 86.65744018554688 1286.1126708984375 187.88375854492188 
476
0 1.24835205078125 684.4589233398438 510.2131042480469 1045.76171875 
2 802.9871215820312 185.58639526367188 1040.8990478515625 529.3707275390625 
3 1244.014404296875 86.80257415771484 1286.54150390625 187.52806091308594 
477
0 1.2938995361328125 682.7613525390625 515.8743896484375 1040.865234375 
2 803.2781982421875 185.59970092773438 1040.1781005859375 529.1022338867188 
3 1242.7630615234375 86.83586883544922 1287.3297119140625 184.3361053466797 
478
0 0.989044189453125 681.753662109375 524.199462890625 1035.550048828125 
2 803.219970703125 185.59808349609375 1040.1435546875 529.438232421875 
3 1243.2794189453125 86.443603515625 1287.265380859375 187.09095764160156 
479
0 0.71832275390625 682.15380859375 528.5601806640625 1030.874267578125 
2 802.4849243164062 185.40811157226562 1038.6934814453125 527.2134399414062 
3 1243.6341552734375 86.22802734375 1285.9432373046875 188.25595092773438 
480
0 0.64215087890625 681.3277587890625 529.228759765625 1030.839599609375 
2 803.3792724609375 185.82745361328125 1039.860107421875 528.71142578125 
3 1243.7940673828125 86.56416320800781 1286.6065673828125 187.9573974609375 
481
0 0.4984893798828125 678.8807373046875 529.9473266601562 1032.845947265625 
2 802.9989624023438 185.77267456054688 1039.3887939453125 528.4788818359375 
3 1242.9775390625 86.6893539428711 1287.0565185546875 186.036376953125 
482
0 0.5589599609375 677.9344482421875 530.7100219726562 1033.3157958984375 
2 802.590576171875 185.69064331054688 1039.5634765625 528.4501953125 
3 1243.4844970703125 86.49771118164062 1286.98486328125 187.9591064453125 
483
0 0.407135009765625 674.0308837890625 531.2503662109375 1038.583740234375 
2 803.637451171875 185.6498565673828 1038.4664306640625 526.8414306640625 
3 1243.880859375 86.71967315673828 1286.1055908203125 188.85195922851562 
484
0 0.74847412109375 672.3544921875 532.0036010742188 1049.985595703125 
2 803.8113403320312 185.5450439453125 1039.09814453125 528.2279052734375 
3 1243.9273681640625 86.99057006835938 1285.8797607421875 188.5880889892578 
485
0 4.484893798828125 669.6181640625 531.7108764648438 1042.70947265625 
2 804.5276489257812 185.68524169921875 1039.8001708984375 530.1331787109375 
486
0 8.5404052734375 667.1842041015625 531.38720703125 1046.722900390625 
2 803.9699096679688 185.7375030517578 1039.31005859375 529.050048828125 
3 1243.40283203125 86.87910461425781 1286.251220703125 186.41175842285156 
487
0 15.924102783203125 663.1513671875 531.428466796875 1055.17578125 
2 804.1233520507812 185.497314453125 1039.8583984375 529.4974365234375 
3 1243.692626953125 86.88223266601562 1286.7999267578125 187.80914306640625 
488
0 23.87078857421875 661.5084228515625 533.4645385742188 1061.7879638671875 
2 807.9005737304688 185.4764404296875 1044.7275390625 534.2070922851562 
489
0 30.2493896484375 657.2498779296875 534.4671630859375 1062.5203857421875 
2 810.2965087890625 185.84832763671875 1043.950927734375 535.2706298828125 
3 1246.7479248046875 86.8876724243164 1288.6055908203125 183.16314697265625 
490
0 38.35612487792969 653.1842651367188 534.8701171875 1066.9554443359375 
2 811.1565551757812 185.5482635498047 1048.445556640625 529.9475708007812 
491
0 44.56422424316406 649.5722045898438 537.9454345703125 1071.9407958984375 
2 809.119384765625 185.79319763183594 1046.741943359375 527.1444702148438 
492
0 48.6373291015625 645.317138671875 538.1774291992188 1073.3900146484375 
2 810.365478515625 185.367431640625 1049.95703125 528.3216552734375 
493
0 55.70068359375 643.414306640625 539.9494018554688 1073.634033203125 
2 810.6698608398438 184.65377807617188 1049.269775390625 524.0372314453125 
3 1254.4466552734375 86.93829345703125 1298.1417236328125 185.3600616455078 
494
0 60.58119201660156 640.73974609375 541.7994384765625 1073.443359375 
2 814.9575805664062 183.7821807861328 1055.0621337890625 526.219970703125 
495
0 65.47502136230469 637.1342163085938 541.5885620117188 1073.6134033203125 
2 819.6282958984375 183.67837524414062 1052.8076171875 523.3673706054688 
496
0 68.04962158203125 636.7903442382812 545.6951904296875 1072.54052734375 
2 821.0375366210938 183.22091674804688 1058.6412353515625 525.0578002929688 
3 1262.105224609375 86.90006256103516 1305.255126953125 186.653076171875 
497
0 71.57124328613281 634.1134643554688 545.8780517578125 1072.9725341796875 
2 823.2643432617188 183.21400451660156 1059.119140625 523.76953125 
498
0 76.06912231445312 633.4649658203125 547.0989990234375 1073.542236328125 
2 827.1465454101562 182.0022430419922 1061.5540771484375 523.459228515625 
3 1266.66064453125 86.88308715820312 1312.2672119140625 185.6806640625 
499
0 80.78543090820312 631.38525390625 549.849365234375 1072.6011962890625 
2 830.845458984375 182.458740234375 1066.8956298828125 523.90283203125 
3 1271.8394775390625 86.09075927734375 1314.623779296875 187.48486328125 
500
0 84.54959106445312 627.2276000976562 553.3926391601562 1072.661865234375 
2 834.89892578125 182.1021728515625 1072.7662353515625 525.9705200195312 
3 1275.786865234375 86.0633773803711 1316.4779052734375 185.83389282226562 
501
0 93.06974792480469 623.399658203125 552.8644409179688 1072.265625 
2 837.0398559570312 181.27322387695312 1075.8936767578125 524.8885498046875 
3 1279.76806640625 85.90409088134766 1322.5914306640625 186.8781280517578 
502
0 97.58578491210938 620.4541625976562 558.2943115234375 1070.6578369140625 
2 843.4193115234375 181.59634399414062 1087.208984375 526.418212890625 
503
0 103.65068054199219 627.7197875976562 561.989501953125 1070.6815185546875 
2 844.947509765625 181.43325805664062 1089.207275390625 524.3545532226562 
504
0 107.31295776367188 625.7012939453125 565.2590942382812 1068.1072998046875 
2 847.079345703125 181.03604125976562 1095.2518310546875 524.9144897460938 
505
0 115.26243591308594 624.7923583984375 569.6676025390625 1067.1727294921875 
2 873.3695068359375 180.4160614013672 1093.4010009765625 524.3770141601562 
506
0 119.34724426269531 621.4547119140625 572.9688110351562 1068.2952880859375 
2 877.885498046875 178.89315795898438 1097.69873046875 522.9351806640625 
507
0 124.06330871582031 620.9301147460938 575.7591552734375 1062.8873291015625 
2 871.6062622070312 177.86187744140625 1102.990234375 522.525634765625 
508
0 127.96214294433594 618.7758178710938 577.680908203125 1064.19189453125 
2 871.8646240234375 177.53701782226562 1109.5220947265625 526.212158203125 
509
0 132.18414306640625 617.156005859375 581.966064453125 1061.892333984375 
2 871.8843383789062 177.85357666015625 1114.4840087890625 523.7105712890625 
510
0 136.62193298339844 615.8719482421875 586.7388305664062 1059.71728515625 
2 896.1051025390625 176.85850524902344 1116.9090576171875 520.9813232421875 
511
0 138.93478393554688 610.7619018554688 591.6232299804688 1057.5921630859375 
2 886.2471313476562 177.05343627929688 1119.9849853515625 520.2623901367188 
512
0 143.4146270751953 604.313232421875 593.6773681640625 1059.4830322265625 
2 888.8795166015625 177.27011108398438 1128.6163330078125 523.73583984375 
513
0 148.1764678955078 601.0662841796875 597.8524780273438 1055.5048828125 
2 917.0198974609375 176.48580932617188 1131.2034912109375 523.52978515625 
514
0 154.04965209960938 601.94921875 602.48046875 1054.006591796875 
2 900.6661376953125 176.51495361328125 1138.799072265625 523.1112060546875 
515
0 159.94607543945312 606.5684814453125 605.11865234375 1054.07763671875 
2 904.5396118164062 174.695068359375 1143.5985107421875 525.7198486328125 
516
0 163.84881591796875 604.822998046875 609.59326171875 1052.143798828125 
2 912.796875 173.11328125 1150.3699951171875 523.8226928710938 
517
0 168.2413330078125 603.47509765625 614.1593017578125 1049.949951171875 
2 919.1636962890625 173.14227294921875 1155.0059814453125 522.2243041992188 
518
0 172.23219299316406 600.46875 619.3991088867188 1047.4208984375 
2 922.119873046875 174.15557861328125 1161.1640625 522.7259521484375 
519
0 177.26666259765625 600.6728515625 621.2303466796875 1045.98828125 
2 932.087890625 173.90185546875 1167.6708984375 522.1895141601562 
520
0 184.7084503173828 596.7950439453125 626.2957763671875 1046.03955078125 
2 955.7814331054688 172.70425415039062 1170.3575439453125 520.0191040039062 
521
0 189.704833984375 595.6265869140625 631.0874633789062 1045.1575927734375 
2 944.8627319335938 173.7373046875 1177.64892578125 519.9384155273438 
522
0 195.20114135742188 594.4188232421875 634.863037109375 1042.082763671875 
2 947.8637084960938 173.1409149169922 1183.267578125 520.6082153320312 
523
0 197.40628051757812 592.8975830078125 638.66455078125 1044.090576171875 
2 952.29443359375 173.2686004638672 1186.01611328125 519.904541015625 
524
0 200.24806213378906 592.8231201171875 641.7092895507812 1040.95849609375 
2 953.8651123046875 173.34555053710938 1190.7440185546875 520.333251953125 
525
0 202.864501953125 593.6881103515625 642.2001953125 1042.322265625 
2 958.567138671875 173.8416290283203 1196.0406494140625 521.6936645507812 
526
0 204.8428497314453 592.4141845703125 647.140869140625 1039.3173828125 
2 959.414794921875 172.98760986328125 1198.5758056640625 522.6068725585938 
527
0 208.47108459472656 589.2013549804688 650.1683349609375 1039.1103515625 
2 969.8677368164062 171.9423370361328 1202.328369140625 521.0511474609375 
528
0 211.8091278076172 587.559814453125 653.978271484375 1038.145263671875 
2 975.8046264648438 169.94351196289062 1207.8179931640625 521.3267822265625 
529
0 216.25877380371094 587.2876586914062 657.4219970703125 1035.510498046875 
2 980.726806640625 170.44615173339844 1216.04052734375 522.2362060546875 
530
0 221.4100799560547 585.2443237304688 661.171142578125 1034.9317626953125 
2 995.9473266601562 170.4456787109375 1225.475341796875 521.6121826171875 
3 1438.43896484375 90.74867248535156 1481.5970458984375 192.42108154296875 
531
0 225.57296752929688 583.9354858398438 664.6828002929688 1035.5328369140625 
2 991.3616943359375 169.9134521484375 1225.1806640625 520.3123779296875 
532
0 229.17715454101562 583.6021118164062 666.9530639648438 1035.872314453125 
2 1009.5997314453125 170.104736328125 1229.74267578125 522.5477294921875 
533
0 232.10787963867188 579.7157592773438 670.9009399414062 1035.2098388671875 
2 1015.6671752929688 169.90206909179688 1234.07568359375 521.5671997070312 
534
0 233.49314880371094 578.360595703125 673.803955078125 1032.138427734375 
2 1014.6123046875 169.74600219726562 1238.4168701171875 519.3838500976562 
535
0 236.12557983398438 579.52685546875 674.6405029296875 1030.877685546875 
2 1013.968505859375 169.3696746826172 1242.2083740234375 519.7422485351562 
536
0 238.35250854492188 576.1771240234375 678.9041748046875 1028.923583984375 
2 1006.5042724609375 170.1206817626953 1244.9324951171875 519.594482421875 
537
0 241.0603485107422 576.4090576171875 678.3678588867188 1028.470947265625 
2 1007.2217407226562 170.00936889648438 1247.6661376953125 520.92041015625 
538
0 244.7566375732422 575.7420654296875 681.381591796875 1029.45849609375 
2 1009.9471435546875 170.008056640625 1250.6376953125 520.2465209960938 
539
0 247.6680450439453 574.7625732421875 684.2607421875 1029.06005859375 
2 1016.9979248046875 169.66700744628906 1254.3763427734375 519.5696411132812 
540
0 250.3892822265625 573.613525390625 686.8325805664062 1029.4556884765625 
2 1020.2244873046875 169.7905731201172 1258.24853515625 518.5840454101562 
541
0 254.4492645263672 572.10888671875 687.9961547851562 1028.038818359375 
2 1020.248779296875 169.95864868164062 1261.034423828125 520.2499389648438 
542
0 258.83123779296875 570.835693359375 690.55419921875 1025.5211181640625 
2 1025.9638671875 169.49143981933594 1265.188720703125 520.571533203125 
3 1483.314697265625 89.54125213623047 1528.2738037109375 195.2477569580078 
543
0 263.43096923828125 569.68017578125 693.5947265625 1026.59716796875 
2 1031.595458984375 169.40203857421875 1268.9764404296875 520.6279907226562 
3 1485.9774169921875 90.87950134277344 1531.035888671875 197.3042755126953 
544
0 266.2079772949219 567.3722534179688 694.433349609375 1025.693603515625 
2 1050.326904296875 170.2748565673828 1272.4267578125 521.2952270507812 
545
0 271.42266845703125 566.2152709960938 699.2967529296875 1024.962158203125 
2 1036.7152099609375 169.72854614257812 1278.95654296875 522.0909423828125 
546
0 276.33782958984375 564.1927490234375 701.593505859375 1025.45068359375 
2 1049.20556640625 169.85272216796875 1281.27880859375 523.4532470703125 
547
0 278.0124816894531 565.628173828125 702.2577514648438 1025.12158203125 
2 1058.2138671875 169.58770751953125 1285.105224609375 523.2872924804688 
548
0 280.9256286621094 564.1476440429688 704.6844482421875 1024.7684326171875 
2 1065.11279296875 170.2395477294922 1287.228271484375 523.234619140625 
549
0 281.5564270019531 563.3007202148438 705.483642578125 1022.795166015625 
2 1063.45751953125 170.29507446289062 1292.1424560546875 524.9432373046875 
550
0 282.56646728515625 563.0782470703125 706.99169921875 1022.73681640625 
2 1068.727783203125 170.31008911132812 1292.4710693359375 520.6510009765625 
551
0 284.854248046875 563.1697387695312 709.832763671875 1020.4376220703125 
2 1066.9814453125 169.53289794921875 1295.6822509765625 520.7796020507812 
552
0 285.09716796875 564.624267578125 711.5078125 1020.82080078125 
2 1069.6876220703125 169.65391540527344 1297.644287109375 520.4210205078125 
553
0 285.7282409667969 565.4915771484375 715.2539672851562 1020.575927734375 
2 1066.5904541015625 170.19894409179688 1300.6939697265625 519.696533203125 
3 1516.3505859375 91.1579360961914 1559.21875 196.45016479492188 
554
0 286.1788635253906 565.2295532226562 715.453857421875 1021.38671875 
2 1075.41650390625 170.64273071289062 1301.8709716796875 520.6891479492188 
3 1519.41162109375 91.92955780029297 1561.89599609375 199.42620849609375 
555
0 285.5604248046875 565.4273681640625 718.069580078125 1021.8057861328125 
2 1080.398193359375 170.21481323242188 1303.8870849609375 519.1265869140625 
556
0 286.170654296875 564.2825927734375 718.7229614257812 1021.3062744140625 
2 1079.0802001953125 169.87733459472656 1307.680419921875 520.3302001953125 
3 1523.1185302734375 91.51393127441406 1566.0296630859375 197.27981567382812 
557
0 285.5409851074219 564.8116455078125 720.1431884765625 1021.873046875 
2 1083.3607177734375 169.69461059570312 1309.409912109375 519.5823974609375 
558
0 286.33148193359375 563.314697265625 722.3349609375 1022.35107421875 
2 1081.149169921875 170.14651489257812 1311.0760498046875 520.8865966796875 
559
0 286.6697082519531 564.9760131835938 722.6175537109375 1020.293701171875 
2 1088.3363037109375 169.979736328125 1312.607666015625 519.6109619140625 
560
0 287.7931823730469 563.7356567382812 723.0283813476562 1018.1915283203125 
2 1190.138427734375 170.27346801757812 1315.843017578125 523.0665283203125 
2 1086.521484375 170.66342163085938 1315.2716064453125 524.958740234375 
561
0 288.4618835449219 562.4987182617188 723.7703857421875 1018.2452392578125 
2 1080.118408203125 170.13165283203125 1315.4810791015625 522.5810546875 
562
0 288.9781494140625 560.8848266601562 724.4866333007812 1018.3472900390625 
2 1081.25244140625 170.3717041015625 1316.136474609375 520.621826171875 
563
0 289.15325927734375 564.6768798828125 725.2907104492188 1018.09423828125 
2 1082.0281982421875 170.34278869628906 1316.346435546875 520.6402587890625 
564
0 288.93499755859375 565.1365356445312 725.657470703125 1018.3316650390625 
2 1088.426025390625 171.20883178710938 1317.5626220703125 520.8475341796875 
565
0 288.8275146484375 566.6141357421875 725.6119384765625 1018.323974609375 
2 1087.615234375 171.35740661621094 1318.305419921875 522.4301147460938 
566
0 288.83294677734375 566.0791625976562 725.2869262695312 1018.7342529296875 
2 1086.9273681640625 171.16929626464844 1318.9822998046875 525.494140625 
567
0 288.000244140625 568.1445922851562 725.4027099609375 1018.6065673828125 
2 1087.2196044921875 171.2895050048828 1318.1038818359375 521.0135498046875 
568
0 285.94189453125 569.35693359375 725.5721435546875 1018.63525390625 
2 1085.5167236328125 171.34275817871094 1318.0391845703125 521.4617309570312 
569
0 286.0369873046875 569.6539306640625 726.3744506835938 1018.091064453125 
2 1085.821044921875 171.52664184570312 1318.211181640625 521.4356689453125 
570
0 286.10968017578125 569.798828125 726.250732421875 1018.8365478515625 
2 1085.399169921875 171.296630859375 1317.9744873046875 520.8563842773438 
571
0 282.30645751953125 571.7882690429688 726.0032348632812 1019.0703125 
2 1086.0662841796875 171.39227294921875 1317.6353759765625 520.7696533203125 
572
0 281.50079345703125 572.5248413085938 725.1329345703125 1019.3240966796875 
2 1075.217041015625 170.42919921875 1317.3502197265625 520.33251953125 
573
0 277.6196594238281 573.6498413085938 725.2679443359375 1018.5391845703125 
2 1072.8155517578125 170.28713989257812 1316.76220703125 521.0908203125 
574
0 273.25732421875 574.559326171875 725.1268920898438 1018.1612548828125 
2 1073.08154296875 170.2384033203125 1316.1767578125 520.9996337890625 
575
0 269.4654235839844 575.2197265625 725.177001953125 1018.7567138671875 
2 1075.5472412109375 170.34231567382812 1315.9967041015625 521.1185913085938 
576
0 266.02996826171875 576.1715087890625 725.3087158203125 1018.3660888671875 
2 1080.116943359375 170.64254760742188 1316.29638671875 520.847412109375 
577
0 262.4383544921875 576.5372314453125 724.055908203125 1018.5936279296875 
2 1083.1390380859375 170.60562133789062 1315.662109375 521.26611328125 
578
0 253.9218292236328 577.927978515625 723.7427368164062 1017.96484375 
3 1531.9598388671875 90.96705627441406 1574.726318359375 195.303955078125 
2 1086.35595703125 170.49832153320312 1313.884521484375 521.3861694335938 
579
0 247.8756561279297 578.255126953125 724.3881225585938 1017.97216796875 
2 1087.4674072265625 170.12417602539062 1313.060546875 521.2523193359375 
3 1532.0045166015625 92.38201904296875 1574.5250244140625 197.1153564453125 
580
0 241.14581298828125 579.1766357421875 723.725830078125 1017.582763671875 
2 1083.66015625 170.3931884765625 1311.807373046875 520.0565795898438 
3 1531.936279296875 92.34471130371094 1574.946044921875 196.96839904785156 
581
0 236.1408233642578 580.2758178710938 722.4232177734375 1018.681640625 
2 1083.8861083984375 170.23028564453125 1308.9647216796875 520.5821533203125 
582
0 230.0193328857422 582.0203857421875 722.0144653320312 1018.9088134765625 
2 1085.01611328125 169.74485778808594 1308.93505859375 520.44677734375 
583
0 222.61749267578125 584.10107421875 721.6884155273438 1023.1160888671875 
2 1084.318603515625 168.78338623046875 1307.9375 521.1697998046875 
584
0 216.40679931640625 584.9083862304688 721.3912963867188 1021.76123046875 
2 1083.629638671875 169.9106903076172 1306.8565673828125 521.5140991210938 
585
0 208.27249145507812 586.3265380859375 722.375 1021.4114990234375 
2 1076.0968017578125 170.6251220703125 1307.851806640625 520.2981567382812 
586
0 200.04818725585938 589.71923828125 722.0956420898438 1021.1151123046875 
2 1075.717529296875 171.12303161621094 1305.62939453125 520.3037109375 
587
0 196.86627197265625 590.0662841796875 721.895263671875 1020.2003173828125 
2 1169.861083984375 173.42550659179688 1304.8843994140625 522.695556640625 
588
0 188.51870727539062 590.3255004882812 721.675537109375 1019.4664306640625 
2 1092.18701171875 172.74273681640625 1306.388427734375 520.822998046875 
589
0 184.38668823242188 590.52099609375 721.4102783203125 1020.6337890625 
2 1167.3619384765625 171.46728515625 1306.8653564453125 520.8556518554688 
590
0 180.9113006591797 592.6680908203125 722.6585693359375 1019.4920654296875 
2 1079.7816162109375 173.95384216308594 1308.007080078125 520.597900390625 
591
0 175.76986694335938 594.7914428710938 725.7702026367188 1018.1546630859375 
2 1083.67919921875 173.58731079101562 1306.6533203125 520.9920043945312 
592
0 171.19992065429688 594.413818359375 725.7022705078125 1018.938232421875 
2 1092.5726318359375 173.42181396484375 1308.5760498046875 523.05517578125 
593
0 172.11492919921875 594.3264770507812 728.7859497070312 1017.531982421875 
2 1098.839111328125 174.02996826171875 1309.4285888671875 519.9542236328125 
3 1536.6339111328125 95.41384887695312 1578.9764404296875 199.77609252929688 
594
0 170.71238708496094 594.6542358398438 730.5064697265625 1018.09033203125 
2 1163.264892578125 173.60513305664062 1312.0467529296875 520.1583862304688 
595
0 167.49359130859375 594.7269287109375 731.73681640625 1018.1058349609375 
2 1159.728759765625 173.50537109375 1313.2432861328125 518.8961791992188 
596
0 166.7567596435547 594.5360107421875 728.781005859375 1017.723388671875 
2 1154.4041748046875 173.15487670898438 1318.2857666015625 520.140625 
3 1539.62744140625 92.83648681640625 1583.6722412109375 197.58255004882812 
597
0 163.878662109375 598.0441284179688 726.8238525390625 1017.97119140625 
2 1142.0286865234375 172.7879638671875 1310.808837890625 520.4130249023438 
3 1538.5797119140625 93.30770874023438 1582.8817138671875 197.22039794921875 
598
0 163.99063110351562 598.5308837890625 725.4366455078125 1020.252197265625 
2 1142.2135009765625 172.8258056640625 1309.041015625 521.685546875 
3 1536.583251953125 92.35195922851562 1579.6619873046875 196.46388244628906 
599
0 160.31321716308594 599.16943359375 724.2174072265625 1023.360595703125 
2 1128.3482666015625 174.55398559570312 1307.2138671875 522.3192138671875 
600
0 163.8409423828125 598.65087890625 724.0855712890625 1020.1923828125 
2 1123.8934326171875 174.10430908203125 1308.3038330078125 522.0057373046875 
3 1536.178955078125 93.06130981445312 1579.56201171875 196.877685546875 
601
2 1119.0689697265625 176.48178100585938 1308.6390380859375 520.494384765625 
0 163.96392822265625 598.6141357421875 726.608154296875 1016.928466796875 
3 1535.8917236328125 92.94210815429688 1579.8140869140625 197.48077392578125 
602
0 168.32958984375 597.6586303710938 725.836181640625 1017.9462890625 
2 1118.7684326171875 176.4315185546875 1307.697021484375 520.7216796875 
3 1536.8509521484375 95.28317260742188 1578.7545166015625 197.99771118164062 
603
0 170.87771606445312 597.4392700195312 729.302734375 1019.1209716796875 
2 1114.66015625 178.79733276367188 1308.24755859375 522.479248046875 
604
0 171.7393035888672 597.8597412109375 729.5978393554688 1018.918701171875 
2 1118.7978515625 180.68142700195312 1309.68310546875 521.1187744140625 
605
0 173.25001525878906 596.7325439453125 729.326416015625 1018.636474609375 
2 1116.7491455078125 181.6350860595703 1311.8182373046875 520.1243286132812 
606
0 178.72828674316406 595.1187744140625 730.4012451171875 1017.9815673828125 
2 1115.0191650390625 182.2958984375 1314.143310546875 518.2833862304688 
3 1542.86181640625 93.22329711914062 1585.4813232421875 198.3154296875 
607
0 179.38922119140625 595.1371459960938 729.9984741210938 1017.399658203125 
2 1109.30810546875 182.81329345703125 1315.1661376953125 517.3665161132812 
608
0 180.02792358398438 595.4264526367188 729.8497924804688 1018.7716064453125 
2 1098.8509521484375 185.46800231933594 1313.401123046875 517.68115234375 
609
0 179.63331604003906 597.4785766601562 725.2628173828125 1019.0771484375 
2 1089.303955078125 190.027099609375 1308.9644775390625 521.6201171875 
610
0 180.37522888183594 597.4777221679688 725.6800537109375 1021.36279296875 
2 1079.346435546875 193.7843017578125 1308.8277587890625 519.1735229492188 
3 1536.7158203125 94.59280395507812 1579.0718994140625 198.5135040283203 
611
0 182.1193389892578 596.5006713867188 725.9840698242188 1018.086181640625 
2 1073.7989501953125 198.32278442382812 1308.6573486328125 517.2435302734375 
3 1537.5689697265625 94.29953002929688 1580.4241943359375 198.5579376220703 
612
0 183.13858032226562 596.3631591796875 726.2198486328125 1019.709716796875 
2 1055.938720703125 201.11741638183594 1307.966064453125 517.3434448242188 
3 1536.379638671875 93.74725341796875 1579.7176513671875 198.10964965820312 
613
0 184.2852020263672 594.8211669921875 728.7190551757812 1017.6923828125 
2 1061.5758056640625 204.28662109375 1308.4896240234375 517.86962890625 
614
0 184.8572998046875 594.3735961914062 727.8369750976562 1018.5672607421875 
2 1051.6868896484375 207.5390625 1307.74609375 517.2698974609375 
3 1536.7523193359375 94.57044982910156 1579.3187255859375 199.4993133544922 
615
0 187.87571716308594 594.2996826171875 729.7366943359375 1018.7806396484375 
2 1047.9285888671875 211.48297119140625 1309.1964111328125 520.966796875 
616
0 188.79637145996094 591.7552490234375 729.376708984375 1018.3079833984375 
2 1045.074951171875 214.1510467529297 1310.5494384765625 518.29052734375 
617
0 191.50808715820312 589.29052734375 731.197265625 1018.4581298828125 
2 1043.1239013671875 217.04745483398438 1309.245849609375 513.97314453125 
618
0 196.103515625 587.8312377929688 730.8070068359375 1018.3404541015625 
2 1038.5145263671875 218.5340576171875 1308.82275390625 516.2761840820312 
619
0 197.7784423828125 585.738037109375 730.7534790039062 1018.1715087890625 
2 1035.6728515625 222.638427734375 1303.9493408203125 506.72906494140625 
620
0 200.44039916992188 585.1664428710938 730.0260009765625 1018.383056640625 
2 1033.8607177734375 232.98590087890625 1300.02099609375 505.04669189453125 
621
0 203.50592041015625 584.11669921875 727.232666015625 1021.03857421875 
2 1032.1943359375 239.31689453125 1295.688232421875 502.8968505859375 
622
0 208.237060546875 581.8973999023438 725.635986328125 1019.83203125 
2 1031.0921630859375 245.5830078125 1293.1766357421875 501.00006103515625 
623
0 213.73077392578125 581.0678100585938 726.6697387695312 1021.4493408203125 
2 1030.16845703125 249.99102783203125 1291.435546875 505.099365234375 
624
0 220.2796630859375 578.2430419921875 726.4696044921875 1021.7716064453125 
2 1031.1953125 254.46676635742188 1291.662353515625 506.2882080078125 
625
0 224.9988250732422 576.8883666992188 726.5823974609375 1022.36669921875 
2 1032.78955078125 258.2792053222656 1291.498779296875 506.21978759765625 
626
0 231.3397979736328 575.2219848632812 726.7272338867188 1021.5784912109375 
2 1034.3365478515625 263.69573974609375 1293.77197265625 505.72894287109375 
627
0 237.72186279296875 572.9676513671875 726.11572265625 1024.376708984375 
2 1038.1956787109375 267.06976318359375 1294.0440673828125 503.96710205078125 
628
0 242.92919921875 573.311279296875 726.6455688476562 1021.6783447265625 
2 1041.6376953125 270.4319763183594 1295.006103515625 504.67578125 
629
0 247.34681701660156 572.7452392578125 726.7398071289062 1021.293701171875 
2 1044.47607421875 274.9504699707031 1296.940185546875 505.5087890625 
630
0 249.65621948242188 572.2110595703125 726.9810791015625 1020.384765625 
2 1045.8231201171875 276.73583984375 1300.3931884765625 505.639404296875 
631
0 250.952880859375 572.1329345703125 726.3807373046875 1020.3680419921875 
2 1047.063232421875 277.36297607421875 1302.159423828125 505.62506103515625 
632
0 250.6991424560547 571.3773193359375 726.3790893554688 1019.958251953125 
2 1049.2635498046875 277.82635498046875 1300.7681884765625 505.85162353515625 
633
0 250.78565979003906 570.1483764648438 726.3638305664062 1021.7313232421875 
2 1048.95263671875 278.28387451171875 1301.499755859375 504.87237548828125 
634
0 250.33602905273438 570.0720825195312 723.225830078125 1023.5850830078125 
2 1048.4287109375 277.9404296875 1298.880859375 505.1705322265625 
3 1532.2906494140625 92.67617797851562 1574.46923828125 193.66897583007812 
635
0 249.76025390625 568.6621704101562 723.1585083007812 1027.60400390625 
2 1046.5345458984375 276.2099609375 1297.7904052734375 506.4595947265625 
636
0 249.74253845214844 567.2640991210938 722.885498046875 1028.111328125 
2 1045.6627197265625 272.3843994140625 1297.198486328125 504.43310546875 
637
0 251.2994842529297 566.7125244140625 723.304931640625 1028.337646484375 
2 1044.6212158203125 267.7790222167969 1296.6568603515625 505.4638671875 
638
0 252.37332153320312 565.580322265625 722.8095703125 1032.9246826171875 
2 1043.67529296875 264.15313720703125 1297.105224609375 504.8587646484375 
639
0 253.15325927734375 565.1153564453125 723.6089477539062 1030.8468017578125 
2 1043.1021728515625 256.4144287109375 1296.5679931640625 506.464599609375 
640
0 256.0587158203125 563.1390380859375 723.2978515625 1030.6802978515625 
2 1043.3140869140625 252.46173095703125 1295.9989013671875 506.70654296875 
641
0 257.378662109375 563.2457885742188 723.1884765625 1026.48486328125 
2 1042.05126953125 248.92190551757812 1293.7476806640625 506.832275390625 
642
0 257.7021179199219 561.8392333984375 722.4765014648438 1025.90283203125 
2 1041.6544189453125 243.46636962890625 1294.135498046875 507.35333251953125 
643
0 258.552978515625 561.4548950195312 722.4840087890625 1025.0672607421875 
2 1039.218017578125 237.85198974609375 1292.4613037109375 508.0311279296875 
644
0 258.87945556640625 561.4857788085938 722.742431640625 1024.701416015625 
2 1037.8543701171875 233.36257934570312 1291.1566162109375 507.7027587890625 
645
0 259.1417236328125 561.1984252929688 722.6958618164062 1024.6468505859375 
2 1035.1407470703125 228.4041748046875 1288.4849853515625 505.1041259765625 
646
0 259.49700927734375 562.1640625 723.3460693359375 1026.0328369140625 
2 1033.097412109375 219.54129028320312 1287.9888916015625 506.3402099609375 
647
0 258.33380126953125 561.6514892578125 723.0531616210938 1026.08349609375 
2 1031.07666015625 216.7202606201172 1286.6165771484375 506.763671875 
648
0 257.8690185546875 562.8933715820312 722.8385620117188 1026.818115234375 
2 1026.926513671875 212.12847900390625 1284.6578369140625 506.467041015625 
649
0 256.84234619140625 563.4437255859375 722.1589965820312 1033.4609375 
2 1024.5633544921875 205.68748474121094 1284.310546875 505.7890625 
650
0 254.52407836914062 564.0036010742188 721.1953735351562 1030.204833984375 
2 1018.8994140625 201.50051879882812 1280.6737060546875 506.1502685546875 
651
0 253.2128448486328 564.544189453125 720.0537719726562 1025.0286865234375 
2 1014.9959106445312 194.4593963623047 1279.0247802734375 509.15020751953125 
3 1524.225341796875 91.57583618164062 1566.9930419921875 197.1866455078125 
652
0 252.8755340576172 564.421630859375 719.548583984375 1024.47314453125 
2 1009.6973876953125 188.883544921875 1279.8414306640625 511.75958251953125 
3 1523.7034912109375 91.23435974121094 1566.5228271484375 196.41624450683594 
653
0 252.78286743164062 564.1771240234375 719.068603515625 1024.31884765625 
3 1523.24755859375 91.5052719116211 1566.3297119140625 196.40753173828125 
654
0 252.10311889648438 564.2196044921875 719.1170654296875 1024.0224609375 
2 1000.7869262695312 177.64974975585938 1261.90185546875 503.98663330078125 
655
0 251.12965393066406 564.2156982421875 719.1861572265625 1023.8985595703125 
2 996.1762084960938 168.3082275390625 1255.958984375 498.0926513671875 
3 1523.0047607421875 91.47991943359375 1566.240478515625 195.15097045898438 
656
0 250.1273193359375 563.9661865234375 719.322998046875 1024.1810302734375 
2 993.1261596679688 166.1313934326172 1248.2896728515625 494.1492919921875 
657
0 249.2509002685547 562.853515625 719.3536376953125 1024.495361328125 
2 988.8214111328125 161.82318115234375 1238.2579345703125 481.27667236328125 
658
0 246.42962646484375 562.5418090820312 719.8524780273438 1024.40234375 
2 986.30029296875 157.08912658691406 1222.3673095703125 472.20831298828125 
659
0 245.56829833984375 562.2333984375 719.6240234375 1024.3560791015625 
2 980.7103271484375 154.63848876953125 1203.8382568359375 467.94915771484375 
660
0 245.46023559570312 560.239013671875 719.96728515625 1023.77490234375 
2 935.720947265625 150.2571563720703 1183.6202392578125 473.472412109375 
3 1523.1495361328125 91.77521514892578 1566.6429443359375 195.68099975585938 
661
0 245.09974670410156 558.4688110351562 720.3734741210938 1024.76123046875 
2 929.2918090820312 150.67742919921875 1171.0264892578125 472.880615234375 
3 1523.5709228515625 91.24153900146484 1566.6383056640625 195.0642852783203 
662
0 245.1459197998047 558.1493530273438 720.88916015625 1024.86572265625 
2 923.2340087890625 148.46356201171875 1174.64453125 472.03704833984375 
3 1523.4093017578125 91.80776977539062 1566.6612548828125 196.4890594482422 
663
0 244.4769744873047 556.546875 720.9205322265625 1026.78076171875 
2 915.0010986328125 146.80136108398438 1174.5401611328125 473.28369140625 
3 1523.8521728515625 91.01371765136719 1566.0687255859375 195.33029174804688 
664
0 245.40249633789062 552.5833129882812 722.0504150390625 1027.5758056640625 
2 908.4227294921875 146.00830078125 1174.6988525390625 473.24237060546875 
3 1524.2235107421875 91.27801513671875 1566.2657470703125 196.1854705810547 
665
0 245.54385375976562 553.0211181640625 719.8677978515625 1028.177978515625 
2 902.4331665039062 146.5506134033203 1175.66650390625 473.5794677734375 
3 1524.531005859375 91.86196899414062 1566.830810546875 196.78176879882812 
666
2 897.5573120117188 148.50650024414062 1176.2698974609375 473.954345703125 
0 245.30029296875 561.567626953125 722.380126953125 1028.864501953125 
667
0 245.65147399902344 552.8811645507812 722.8922119140625 1029.9478759765625 
2 895.2607421875 150.82354736328125 1173.411376953125 475.955322265625 
668
0 249.27725219726562 550.0042724609375 721.7319946289062 1025.832763671875 
2 895.06201171875 150.57647705078125 1175.76904296875 475.86834716796875 
669
0 252.18482971191406 550.9400024414062 726.823486328125 1024.33251953125 
2 890.08984375 150.74072265625 1176.36572265625 476.94158935546875 
670
0 256.4744873046875 547.857421875 727.1773681640625 1022.046875 
2 891.91357421875 149.64935302734375 1179.9306640625 475.5357666015625 
671
0 259.379150390625 547.4979248046875 730.99072265625 1020.15966796875 
2 897.2396850585938 150.3837890625 1176.4090576171875 475.8648681640625 
3 1538.649169921875 93.76052856445312 1582.6585693359375 198.1708984375 
672
0 265.28656005859375 545.718994140625 733.632568359375 1018.655517578125 
2 893.2378540039062 146.01986694335938 1180.538818359375 475.7421569824219 
673
0 266.97369384765625 546.859130859375 734.0853881835938 1018.76025390625 
2 915.572998046875 146.42782592773438 1175.25634765625 475.53497314453125 
674
0 271.7579345703125 547.6278076171875 737.5037231445312 1020.7493896484375 
2 914.0912475585938 141.10874938964844 1170.72607421875 475.6439208984375 
675
0 279.08349609375 548.2722778320312 740.08154296875 1017.6077880859375 
2 916.6038818359375 140.84620666503906 1161.6790771484375 474.7751770019531 
676
0 284.982177734375 549.1697998046875 744.2293701171875 1016.37353515625 
2 911.6425170898438 136.8590850830078 1149.3641357421875 475.3114013671875 
677
0 295.17138671875 550.1514282226562 746.9212036132812 1016.706787109375 
2 913.315185546875 135.0994415283203 1136.8216552734375 474.9287109375 
678
0 302.135498046875 550.2767333984375 750.63623046875 1016.9083251953125 
2 914.8948364257812 133.57623291015625 1121.9580078125 474.31683349609375 
679
0 311.2025146484375 550.3220825195312 754.3021850585938 1016.246337890625 
2 919.0390014648438 130.49295043945312 1108.387451171875 474.79669189453125 
680
0 323.74737548828125 550.583740234375 760.223876953125 1015.403564453125 
2 921.7210693359375 128.91888427734375 1090.503662109375 474.26361083984375 
3 1583.8822021484375 96.00650024414062 1625.1387939453125 193.228271484375 
681
0 335.6529541015625 550.890380859375 766.7290649414062 1011.6224365234375 
2 927.9442138671875 130.4951934814453 1099.5120849609375 474.92279052734375 
682
0 347.8098449707031 550.346435546875 773.4937744140625 1010.0078125 
2 935.3524780273438 127.06979370117188 1106.8603515625 472.1806640625 
683
0 359.8007507324219 550.7197875976562 781.771484375 1008.3572998046875 
2 940.02001953125 126.65255737304688 1116.902099609375 471.3544921875 
684
0 370.58349609375 550.5875854492188 789.0806884765625 1005.167236328125 
2 948.921875 126.44525146484375 1127.21826171875 472.6681213378906 
685
0 378.7142028808594 547.6295166015625 797.8585205078125 1002.85498046875 
2 953.8531494140625 126.08967590332031 1135.2354736328125 471.26214599609375 
686
0 390.8722229003906 543.0734252929688 804.992431640625 1000.184814453125 
2 958.973876953125 125.79093933105469 1145.932861328125 473.14898681640625 
687
0 399.77825927734375 541.6499633789062 813.6278686523438 1000.560302734375 
2 967.9136962890625 124.16596984863281 1159.2757568359375 472.4351806640625 
688
0 410.7774658203125 538.4378662109375 821.1505126953125 1000.60009765625 
2 971.7529296875 124.29415893554688 1168.0465087890625 473.90673828125 
689
0 420.4068908691406 534.8128662109375 830.2550048828125 997.49462890625 
2 978.0630493164062 123.1978759765625 1179.27099609375 471.9457092285156 
3 1681.55810546875 102.89596557617188 1724.6549072265625 215.05271911621094 
690
0 430.68084716796875 531.8389892578125 839.77392578125 996.017578125 
2 986.6031494140625 122.347412109375 1191.190185546875 471.3059387207031 
3 1694.676513671875 105.49359130859375 1737.5355224609375 207.2950897216797 
691
0 442.4418029785156 528.20751953125 848.8719482421875 993.6630859375 
2 996.1093139648438 122.16290283203125 1201.5120849609375 471.0217590332031 
692
0 454.488525390625 523.778564453125 858.2282104492188 991.51171875 
2 1007.2745971679688 120.6536865234375 1211.99951171875 471.51983642578125 
693
0 469.7448425292969 520.2564697265625 870.4859619140625 989.0751953125 
2 1012.7527465820312 118.42436218261719 1227.7547607421875 471.1516418457031 
3 1738.0863037109375 109.6025390625 1781.954345703125 223.05532836914062 
694
0 485.64361572265625 517.3034057617188 881.1810302734375 988.6199951171875 
2 1026.0347900390625 118.45294189453125 1240.32421875 470.3592224121094 
695
0 501.4118957519531 515.3870239257812 892.951416015625 985.8240356445312 
2 1037.84521484375 115.57974243164062 1257.1463623046875 468.928466796875 
696
0 517.19287109375 512.6095581054688 905.670654296875 989.680419921875 
2 1048.54736328125 116.09953308105469 1271.7401123046875 474.3509826660156 
697
0 533.895751953125 508.21923828125 919.4766845703125 984.49658203125 
2 1063.028076171875 112.43096923828125 1285.650634765625 521.341552734375 
3 1803.7103271484375 117.25508117675781 1848.630859375 230.12451171875 
698
0 554.924072265625 506.056396484375 929.5968017578125 981.6723022460938 
2 1077.080078125 109.75106811523438 1302.3974609375 471.17242431640625 
699
0 573.9482421875 504.944580078125 942.896484375 978.1532592773438 
2 1091.86328125 109.68038940429688 1315.5440673828125 470.710205078125 
700
0 591.044677734375 501.07342529296875 958.657958984375 980.4271240234375 
2 1107.7821044921875 107.11181640625 1330.2723388671875 469.3846435546875 
3 1858.7119140625 125.26087951660156 1903.892578125 231.40170288085938 
701
0 613.396240234375 499.3431396484375 973.1104736328125 972.7326049804688 
2 1127.0191650390625 107.17144775390625 1344.11083984375 471.4685974121094 
702
0 631.5161743164062 499.8995361328125 986.385009765625 975.8818359375 
2 1144.0972900390625 106.05064392089844 1355.9945068359375 474.22637939453125 
3 1899.2642822265625 130.3638153076172 1945.8936767578125 229.60159301757812 
703
0 650.709716796875 498.68524169921875 1003.4625244140625 971.8572998046875 
2 1166.0418701171875 106.92825317382812 1369.5267333984375 479.1351318359375 
3 1921.3399658203125 133.9957733154297 1966.056640625 238.27835083007812 
704
0 671.8240966796875 497.220458984375 1019.5210571289062 967.1525268554688 
2 1189.3204345703125 106.47909545898438 1392.1143798828125 479.7933349609375 
705
0 694.0413818359375 494.01959228515625 1038.1134033203125 966.571533203125 
2 1212.46337890625 103.47259521484375 1414.6328125 485.34027099609375 
706
0 714.82958984375 491.31329345703125 1053.6522216796875 963.3072509765625 
2 1239.1568603515625 103.2220458984375 1436.23095703125 490.69775390625 
3 1994.31689453125 146.46603393554688 2041.61328125 258.2140808105469 
707
0 740.171142578125 489.06298828125 1075.506591796875 964.2357177734375 
2 1262.971923828125 103.03118896484375 1456.269287109375 491.24127197265625 
708
0 765.507568359375 485.7979736328125 1099.4967041015625 962.739013671875 
2 1282.2830810546875 103.30995178222656 1485.1494140625 496.9388427734375 
709
0 796.3025512695312 481.3798828125 1119.1571044921875 960.3936767578125 
2 1311.669189453125 103.10797119140625 1505.282470703125 503.23675537109375 
710
0 825.3184814453125 480.09564208984375 1145.6973876953125 964.5523681640625 
2 1334.9781494140625 103.10891723632812 1525.9361572265625 503.14019775390625 
3 2111.432861328125 171.44259643554688 2159.0927734375 272.1136169433594 
711
0 856.156005859375 477.90863037109375 1167.1602783203125 960.9177856445312 
2 1366.2862548828125 102.46884155273438 1545.0714111328125 507.8370361328125 
712
0 887.2294921875 475.6024169921875 1191.9752197265625 960.9041137695312 
2 1402.9627685546875 104.6302490234375 1571.212646484375 515.4136962890625 
713
0 922.2689208984375 473.49822998046875 1219.5029296875 966.7101440429688 
2 1440.3056640625 106.91290283203125 1605.5491943359375 520.014892578125 
714
0 956.681884765625 472.1750183105469 1264.6116943359375 957.77197265625 
2 1476.203125 109.7900390625 1644.786865234375 526.5662841796875 
715
0 991.7031860351562 470.14715576171875 1316.82421875 961.147216796875 
2 1517.6160888671875 116.483642578125 1684.751220703125 530.3264770507812 
3 2287.75732421875 214.1515350341797 2342.10498046875 330.486328125 
716
0 1021.1810302734375 469.12908935546875 1364.6458740234375 964.3832397460938 
2 1543.057861328125 118.868408203125 1725.6951904296875 534.4381103515625 
717
0 1051.7906494140625 468.99163818359375 1406.1226806640625 965.8373413085938 
2 1587.534912109375 121.8665771484375 1765.8555908203125 538.2266845703125 
718
0 1079.1025390625 470.0068054199219 1432.8365478515625 968.9159545898438 
2 1602.6031494140625 136.9619903564453 1806.9833984375 548.6827392578125 
719
0 1107.706298828125 470.19659423828125 1462.929931640625 977.5826416015625 
2 1641.271484375 129.86631774902344 1848.24609375 549.82763671875 
720
0 1136.769287109375 473.246826171875 1493.2691650390625 977.2383422851562 
2 1738.8057861328125 136.6477813720703 1890.5892333984375 557.0578002929688 
721
0 1165.77685546875 476.02001953125 1528.2044677734375 983.656494140625 
2 1728.341064453125 150.55316162109375 1932.3070068359375 567.2941284179688 
722
0 1195.9600830078125 478.3604736328125 1566.2967529296875 987.49169921875 
2 1807.373779296875 150.11328125 1977.763427734375 566.2703247070312 
723
0 1227.489013671875 482.71710205078125 1603.077880859375 994.64013671875 
2 1794.4429931640625 156.59329223632812 2022.38134765625 580.569580078125 
3 0.23985671997070312 628.5991821289062 46.364341735839844 701.2164916992188 
724
0 1257.39306640625 486.299072265625 1637.9447021484375 998.86083984375 
2 1830.89013671875 165.26947021484375 2069.248779296875 586.4449462890625 
3 0.07931137084960938 534.5845947265625 77.3331298828125 679.620361328125 
725
0 1288.2747802734375 490.489990234375 1675.1788330078125 1007.01513671875 
2 1867.15283203125 178.39697265625 2112.880126953125 596.6729125976562 
3 0.22815322875976562 485.2003173828125 110.13526153564453 667.6282958984375 
726
0 1318.187744140625 496.85498046875 1710.6473388671875 1016.1431884765625 
3 0.23414230346679688 449.4299621582031 142.1278076171875 654.7125244140625 
2 1903.9703369140625 186.1788330078125 2156.404541015625 603.7057495117188 
727
0 1352.1927490234375 502.3616943359375 1744.2982177734375 1022.830078125 
3 0.363067626953125 414.4320983886719 172.65199279785156 638.7381591796875 
2 1997.4027099609375 197.7991943359375 2202.2529296875 607.09521484375 
728
0 1382.6798095703125 507.9383544921875 1777.97802734375 1029.2677001953125 
3 0.1282806396484375 359.02386474609375 207.65744018554688 623.29638671875 
2 1981.8033447265625 207.99327087402344 2248.82470703125 628.7274780273438 
2 2029.359130859375 207.9221954345703 2248.932373046875 624.5115966796875 
729
0 1414.494384765625 515.4682006835938 1812.763427734375 1040.889404296875 
3 5.078498840332031 342.05108642578125 240.44113159179688 609.1043701171875 
2 2076.5078125 221.09701538085938 2291.45751953125 632.370361328125 
730
0 1446.793701171875 522.2825927734375 1847.8707275390625 1049.6240234375 
3 44.83607482910156 326.64288330078125 277.48431396484375 596.2266235351562 
1 2120.4326171875 231.83694458007812 2340.17041015625 650.4090576171875 
1 2113.9599609375 231.597900390625 2340.51611328125 651.44384765625 
731
0 1479.79931640625 530.609375 1887.37255859375 1056.779296875 
3 86.04360961914062 315.20819091796875 308.140869140625 579.705810546875 
1 2155.596923828125 247.92355346679688 2384.2490234375 662.8258056640625 
732
3 2189.624267578125 257.81048583984375 2429.0712890625 677.4154052734375 
3 125.95844268798828 301.7469482421875 342.9537353515625 568.629150390625 
0 1511.0130615234375 537.0523681640625 1924.4254150390625 1065.266357421875 
733
0 1542.90869140625 547.1298217773438 1966.0179443359375 1070.6610107421875 
3 166.73471069335938 288.5746154785156 379.02099609375 554.96826171875 
3 2234.58837890625 273.4167785644531 2476.49560546875 694.8021240234375 
734
0 1574.450927734375 556.9755859375 2011.032470703125 1072.626220703125 
3 205.2501678466797 274.168701171875 416.1739501953125 544.3008422851562 
3 2271.659912109375 288.4098205566406 2521.490966796875 714.7080688476562 
735
0 1601.8486328125 565.1981201171875 2052.59814453125 1071.5250244140625 
2 247.00894165039062 262.9505615234375 450.02294921875 533.011474609375 
3 2252.37158203125 306.43170166015625 2558.821044921875 741.5125122070312 
736
0 1636.9014892578125 573.47802734375 2097.338623046875 1072.987060546875 
2 288.7668762207031 252.59051513671875 486.4404296875 518.0538330078125 
3 2348.9423828125 327.2926025390625 2558.87353515625 754.505615234375 
737
0 1670.184326171875 584.4332275390625 2142.244384765625 1073.0037841796875 
2 329.04278564453125 241.89181518554688 523.6427001953125 509.33636474609375 
3 2328.0830078125 468.139892578125 2558.9326171875 776.2314453125 
738
0 1701.1817626953125 592.7002563476562 2188.162109375 1073.4613037109375 
2 371.1036376953125 230.9886474609375 559.6160278320312 501.62225341796875 
739
0 1735.909423828125 604.864990234375 2237.66650390625 1073.318359375 
2 413.2414245605469 221.43524169921875 599.5895385742188 491.2486572265625 
740
0 1767.043701171875 617.9354248046875 2283.82763671875 1073.840576171875 
2 455.32073974609375 210.8935546875 635.8550415039062 483.4471435546875 
3 1566.3248291015625 0.0 1595.81494140625 63.34733581542969 
3 646.4774780273438 32.715911865234375 680.6982421875 112.65150451660156 
741
0 1798.422119140625 630.2730102539062 2328.03955078125 1072.888671875 
2 497.9468994140625 201.50881958007812 673.0823974609375 473.3895263671875 
742
0 1862.720703125 644.6045532226562 2373.379150390625 1072.8817138671875 
2 540.9995727539062 193.68128967285156 708.8731079101562 465.0624694824219 
743
0 1923.218017578125 660.811767578125 2416.794189453125 1073.2181396484375 
2 583.0013427734375 186.02462768554688 750.1156005859375 457.2749938964844 
744
0 1966.2122802734375 676.29150390625 2462.204833984375 1074.355224609375 
2 626.6168212890625 178.92086791992188 786.9566650390625 451.77984619140625 
745
2 668.865478515625 169.12582397460938 829.5315551757812 445.80731201171875 
0 2011.2303466796875 693.0028686523438 2502.73974609375 1074.396484375 
746
2 709.6600952148438 162.2023468017578 864.0891723632812 439.6037902832031 
0 2070.22705078125 713.22021484375 2542.927490234375 1074.56103515625 
747
0 2122.60595703125 733.1199951171875 2558.723388671875 1075.7650146484375 
2 752.4754638671875 158.41305541992188 901.6614990234375 433.9219970703125 
748
0 2169.6591796875 754.104736328125 2558.81494140625 1075.9384765625 
2 792.7232055664062 152.80490112304688 941.3640747070312 427.072021484375 
749
0 2220.921875 776.9722290039062 2558.790771484375 1076.727294921875 
2 835.6953735351562 146.88613891601562 979.94287109375 426.966796875 
750
0 2259.475341796875 800.603271484375 2559.025390625 1076.06689453125 
2 877.6978759765625 142.99343872070312 1019.8557739257812 421.237548828125 
751
3 917.0655517578125 139.54359436035156 1060.2713623046875 419.175537109375 
0 2292.642822265625 824.739501953125 2559.013671875 1076.621337890625 
752
3 961.5048828125 134.0431671142578 1101.0908203125 415.0282897949219 
3 2334.217529296875 859.9334716796875 2559.01025390625 1077.2896728515625 
753
3 1005.6559448242188 132.5327911376953 1144.090576171875 412.223388671875 
754
3 1051.023681640625 131.82626342773438 1185.644287109375 411.02911376953125 
755
3 1094.0357666015625 127.233154296875 1228.7275390625 410.4351501464844 
756
3 1138.5692138671875 126.60765075683594 1269.8123779296875 409.9825744628906 
757
3 1180.77197265625 124.35287475585938 1312.0611572265625 409.10638427734375 
758
3 1224.18212890625 124.85023498535156 1353.401123046875 411.11138916015625 
759
3 1265.2352294921875 125.37193298339844 1392.83447265625 411.59320068359375 
760
3 1308.8828125 125.91493225097656 1435.4613037109375 413.4865417480469 
761
3 1350.468017578125 125.11474609375 1475.1480712890625 415.695556640625 
3 2465.004638671875 156.20347595214844 2506.90087890625 229.0675048828125 
762
3 1392.8304443359375 126.94198608398438 1517.640380859375 418.2286376953125 
763
3 1436.6207275390625 129.50921630859375 1559.4627685546875 419.81036376953125 
764
2 1479.564208984375 132.26943969726562 1602.649169921875 423.7967529296875 
765
2 1521.804443359375 134.36111450195312 1644.926513671875 428.36932373046875 
766
2 1566.333984375 137.36093139648438 1687.60888671875 434.0858154296875 
3 1712.31591796875 0.61761474609375 1749.829833984375 70.97828674316406 
767
2 1609.8829345703125 138.93368530273438 1729.8427734375 438.1984558105469 
768
2 1653.6131591796875 145.81103515625 1771.652587890625 445.1995544433594 
769
2 1693.2471923828125 152.4711151123047 1817.3807373046875 451.99560546875 
770
2 1734.8233642578125 156.99468994140625 1860.4158935546875 460.0320739746094 
3 1881.202880859375 20.230167388916016 1917.161865234375 88.135009765625 
771
2 1774.512939453125 162.83636474609375 1906.0616455078125 467.71881103515625 
772
2 1816.2181396484375 172.38189697265625 1952.535888671875 476.33123779296875 
3 1963.6085205078125 28.032806396484375 2005.1107177734375 102.190185546875 
773
2 1858.2537841796875 180.74429321289062 1999.505615234375 486.1458740234375 
774
2 1897.61767578125 187.25643920898438 2047.3779296875 497.68768310546875 
775
2 1941.3260498046875 196.8900146484375 2100.444091796875 506.67938232421875 
776
2 1983.057861328125 209.5557861328125 2149.20166015625 518.488525390625 
777
2 2025.98828125 222.58041381835938 2205.349853515625 531.4335327148438 
778
2 2067.734130859375 232.92709350585938 2251.0712890625 544.6148071289062 
779
2 2109.134765625 245.414306640625 2306.520751953125 560.2645874023438 
3 2272.343994140625 82.35562133789062 2323.319580078125 163.6321258544922 
780
3 2153.44873046875 259.5409240722656 2352.088134765625 575.0308837890625 
781
3 2194.092041015625 273.820556640625 2403.419189453125 590.39404296875 
782
3 2234.88525390625 290.9042663574219 2453.70654296875 607.2355346679688 
783
3 2278.8486328125 305.85028076171875 2503.275634765625 623.3653564453125 
784
3 2320.89794921875 322.9996643066406 2557.087890625 641.181884765625 
785
3 2360.371337890625 363.18145751953125 2558.844482421875 661.0831298828125 
786
3 2401.765380859375 415.6945495605469 2558.921875 680.6063232421875 
787
3 2441.11767578125 465.22796630859375 2559.055419921875 699.894287109375 
788
789
790
791
792
793
794
795
796
797
798
799
800
801
802
803
804
805
806
807
808
809
810
811
812
813
814
815
816
817
818
819
820
821
822
823
824
825
826
827
828
829
830
831
832
833
834
835
836
837
838
839
840
