0
3 1509.9437255859375 11.823745727539062 1581.20654296875 189.09915161132812 
3 2402.739013671875 110.14300537109375 2493.47265625 247.3265380859375 
3 1929.304443359375 63.49896240234375 2042.5986328125 265.9071044921875 
1
3 1509.349609375 11.302436828613281 1580.7957763671875 187.16995239257812 
3 2399.524169921875 109.65571594238281 2489.7939453125 246.73748779296875 
3 1933.65673828125 61.548309326171875 2058.77587890625 259.4236145019531 
3 1933.285400390625 62.62897491455078 2044.6962890625 260.2254638671875 
2
3 1509.012451171875 11.029983520507812 1580.663818359375 183.06497192382812 
3 2397.66943359375 106.92919921875 2485.94873046875 243.32220458984375 
3 1927.17138671875 62.56688690185547 2042.341552734375 261.7333984375 
3 1925.841552734375 61.08576202392578 2069.2412109375 262.8017883300781 
3
3 1509.0057373046875 12.347152709960938 1580.382080078125 186.021484375 
3 2395.759765625 104.84872436523438 2477.607177734375 242.7623291015625 
3 1928.952880859375 63.09960174560547 2035.14404296875 262.1865234375 
4
3 1508.9134521484375 12.640823364257812 1580.39697265625 185.37307739257812 
3 2393.020263671875 103.26911926269531 2473.88671875 238.6063232421875 
3 1920.679931640625 62.87805938720703 2035.174560546875 262.3508605957031 
5
3 1508.50048828125 11.783935546875 1579.589111328125 184.1715087890625 
3 1921.2242431640625 61.974456787109375 2031.4664306640625 257.01611328125 
3 2393.390380859375 93.49319458007812 2471.5888671875 233.7301025390625 
6
3 1508.194091796875 11.849327087402344 1579.7364501953125 184.34335327148438 
3 1922.6265869140625 62.2491455078125 2030.8648681640625 257.5572814941406 
7
3 1507.92919921875 12.698219299316406 1580.09228515625 184.15130615234375 
3 1921.7535400390625 63.070098876953125 2029.478759765625 258.04833984375 
3 2390.8046875 91.43145751953125 2464.34033203125 228.03073120117188 
8
3 1507.6551513671875 12.734451293945312 1579.728515625 184.44032287597656 
3 1920.0528564453125 62.864707946777344 2027.2083740234375 260.7222595214844 
3 2388.968994140625 93.26968383789062 2459.5830078125 225.01028442382812 
9
3 1507.9554443359375 11.696090698242188 1579.3995361328125 185.61585998535156 
3 1925.9986572265625 62.379981994628906 2025.6978759765625 256.93963623046875 
3 2386.251953125 91.92066955566406 2457.0693359375 219.86607360839844 
10
3 1507.97119140625 11.552352905273438 1579.31787109375 185.87124633789062 
3 1923.5537109375 61.81092071533203 2025.7117919921875 253.5325927734375 
11
3 1507.8233642578125 12.090934753417969 1579.2000732421875 186.42156982421875 
3 1920.7713623046875 62.5430908203125 2024.2545166015625 251.91595458984375 
12
3 1507.7957763671875 12.626632690429688 1579.0904541015625 186.27505493164062 
3 1914.136962890625 62.87915802001953 2022.608642578125 252.35153198242188 
3 2388.42041015625 90.45172119140625 2443.16015625 217.01065063476562 
13
3 1507.4246826171875 11.706398010253906 1579.0870361328125 186.25717163085938 
3 1914.707275390625 61.731109619140625 2021.0599365234375 251.5260009765625 
14
3 1506.926513671875 11.7420654296875 1578.7996826171875 185.58412170410156 
3 1915.4234619140625 62.260704040527344 2020.7340087890625 251.39776611328125 
3 2350.093017578125 91.26315307617188 2434.652099609375 218.70571899414062 
15
3 1506.663330078125 11.685134887695312 1578.5072021484375 185.72756958007812 
3 1916.8507080078125 62.26885986328125 2020.2427978515625 253.67611694335938 
3 2338.701416015625 91.86371612548828 2428.70849609375 219.2406768798828 
16
3 1506.193603515625 12.303680419921875 1577.401123046875 182.09190368652344 
3 2334.927490234375 89.91097259521484 2424.569091796875 218.54769897460938 
3 1917.171142578125 61.58183288574219 2017.843017578125 258.3355712890625 
17
3 1505.4637451171875 13.177513122558594 1576.7574462890625 182.2320556640625 
3 2329.55615234375 88.71002960205078 2418.7119140625 217.9773406982422 
3 1916.87158203125 60.72130584716797 2016.556396484375 258.02001953125 
18
3 1505.1312255859375 11.783462524414062 1576.2281494140625 183.11343383789062 
3 1916.6370849609375 61.398040771484375 2014.7042236328125 256.7442932128906 
3 2328.938232421875 89.74948120117188 2413.243408203125 214.52346801757812 
19
3 1504.7530517578125 11.361442565917969 1575.44970703125 182.17489624023438 
3 1916.7823486328125 61.76847839355469 2013.80615234375 253.79510498046875 
3 2369.408935546875 88.0216064453125 2407.779052734375 213.51771545410156 
20
3 1504.5035400390625 11.150901794433594 1574.8046875 179.28993225097656 
3 1916.32958984375 60.766563415527344 2013.063720703125 255.48828125 
3 2323.47216796875 84.51846313476562 2402.369384765625 211.3728790283203 
21
3 1504.3441162109375 10.817817687988281 1574.1964111328125 179.44036865234375 
3 1916.55419921875 60.34535217285156 2012.471435546875 249.9569091796875 
3 2216.60009765625 849.634521484375 2559.14404296875 1077.3536376953125 
3 2354.34130859375 84.29209899902344 2396.983642578125 207.74862670898438 
3 2325.048095703125 82.93875122070312 2397.416748046875 211.57089233398438 
22
3 1504.2764892578125 10.920974731445312 1573.898681640625 179.8127899169922 
3 1916.0166015625 59.75108337402344 2011.3155517578125 249.45260620117188 
3 2323.427978515625 82.8756332397461 2394.753662109375 206.53529357910156 
3 2272.04443359375 841.4771118164062 2559.186767578125 1078.2320556640625 
3 2271.01318359375 891.5650634765625 2558.99951171875 1078.324951171875 
23
3 1504.1976318359375 10.954277038574219 1574.0562744140625 179.93014526367188 
3 1913.6053466796875 59.527305603027344 2010.9638671875 251.14752197265625 
3 2321.3583984375 81.47663116455078 2392.7392578125 203.76205444335938 
3 2252.654541015625 835.0166625976562 2559.028564453125 1077.2799072265625 
24
3 1504.2095947265625 10.849067687988281 1573.877685546875 179.34715270996094 
3 1913.9005126953125 59.164695739746094 2010.3231201171875 251.39532470703125 
3 2321.927490234375 80.17144012451172 2388.474853515625 201.90493774414062 
3 2270.0263671875 904.435791015625 2559.166015625 1078.121826171875 
25
3 1504.55029296875 10.590667724609375 1573.7708740234375 177.81642150878906 
3 1912.9415283203125 59.108741760253906 2009.9224853515625 251.17803955078125 
3 2320.3212890625 78.10904693603516 2385.765869140625 198.397216796875 
3 2266.704833984375 827.0208129882812 2558.9677734375 1077.287353515625 
26
3 1504.1173095703125 9.120132446289062 1573.7615966796875 179.5313262939453 
3 1911.2796630859375 59.7086181640625 2009.5361328125 252.52096557617188 
3 2315.59521484375 76.85753631591797 2379.865478515625 196.12347412109375 
27
3 1503.839599609375 9.041847229003906 1573.4034423828125 179.6286163330078 
3 2312.940673828125 75.75980377197266 2377.92919921875 195.74160766601562 
3 1912.5159912109375 59.95996856689453 2009.6634521484375 254.08251953125 
28
3 1503.29541015625 8.395095825195312 1573.370361328125 179.39572143554688 
3 1914.194091796875 58.250335693359375 2006.8538818359375 256.9888000488281 
3 2302.896728515625 74.8765869140625 2374.6826171875 195.6304473876953 
29
3 1502.745849609375 8.617218017578125 1572.3963623046875 178.21102905273438 
3 1914.10498046875 57.538795471191406 2006.531494140625 257.7686767578125 
3 2295.825927734375 73.27659606933594 2367.562744140625 194.45285034179688 
30
3 1502.3287353515625 8.560554504394531 1571.1243896484375 178.0589599609375 
3 2287.28662109375 73.3297119140625 2363.371337890625 194.78182983398438 
3 1911.2274169921875 58.2410888671875 2005.4544677734375 251.48873901367188 
31
3 1501.671630859375 8.443084716796875 1569.075927734375 179.45785522460938 
3 1906.3935546875 58.52167510986328 2004.510009765625 247.49725341796875 
3 2283.58251953125 71.72989654541016 2361.83154296875 195.22064208984375 
32
3 1501.31982421875 8.507743835449219 1569.13330078125 180.2653350830078 
3 1906.5386962890625 57.42780303955078 2003.7008056640625 247.06973266601562 
3 2279.82763671875 69.99076843261719 2356.504150390625 195.96542358398438 
33
3 1500.951904296875 8.513427734375 1569.1846923828125 180.27947998046875 
3 1907.0111083984375 57.23414611816406 2003.2325439453125 248.2596435546875 
3 2271.91748046875 67.99189758300781 2352.37841796875 196.50051879882812 
34
3 1500.90576171875 8.531593322753906 1569.35205078125 179.96170043945312 
3 1906.9683837890625 57.37560272216797 2002.94580078125 249.12765502929688 
3 2273.237060546875 67.7042236328125 2348.60986328125 194.0426483154297 
35
3 1500.7105712890625 8.773040771484375 1569.38427734375 179.9062042236328 
3 2271.255615234375 67.3980712890625 2345.882568359375 192.34506225585938 
3 1906.52685546875 56.89918518066406 2002.2938232421875 249.2657470703125 
36
3 1500.5364990234375 8.684379577636719 1569.1953125 179.10183715820312 
3 2270.911376953125 66.71890258789062 2340.813232421875 190.45533752441406 
3 1905.57666015625 56.78749084472656 2001.841796875 248.37750244140625 
37
3 1500.1209716796875 8.575271606445312 1568.7725830078125 178.9229736328125 
3 1904.9195556640625 56.627830505371094 2000.3349609375 248.98825073242188 
3 2268.088623046875 65.75799560546875 2336.945068359375 188.22862243652344 
38
3 1499.9967041015625 8.380691528320312 1568.4915771484375 179.21865844726562 
3 2266.180419921875 64.36396026611328 2334.450439453125 186.98338317871094 
3 1901.7376708984375 56.42137908935547 1999.4906005859375 249.541748046875 
39
3 1499.633056640625 8.154487609863281 1568.384765625 178.37936401367188 
3 2263.258544921875 62.98948669433594 2331.86279296875 181.8212432861328 
3 1901.685546875 57.09709930419922 1999.0076904296875 250.684814453125 
3 2093.568115234375 755.1234741210938 2558.79150390625 1078.3914794921875 
40
3 2089.837890625 748.033935546875 2558.740234375 1079.3963623046875 
3 1499.3310546875 8.168159484863281 1568.01123046875 176.91836547851562 
3 1901.5511474609375 57.15605163574219 1998.628173828125 249.56521606445312 
3 2262.94384765625 61.585296630859375 2330.330322265625 178.49444580078125 
41
3 1499.2308349609375 8.202018737792969 1567.5380859375 175.5554656982422 
3 1902.1761474609375 56.55030822753906 1998.10595703125 250.30227661132812 
3 2087.47265625 744.2025146484375 2558.780517578125 1078.7047119140625 
3 2264.697509765625 58.220123291015625 2327.6650390625 176.60186767578125 
42
3 1499.1048583984375 8.005622863769531 1567.0380859375 176.48297119140625 
3 1902.712158203125 56.7340087890625 1996.758544921875 251.88311767578125 
3 2263.142333984375 57.824729919433594 2326.965087890625 176.7797393798828 
3 2140.9619140625 740.1065063476562 2558.80810546875 1077.0079345703125 
43
3 1499.0242919921875 7.916999816894531 1566.8681640625 176.9901885986328 
3 2137.9365234375 737.582275390625 2558.8271484375 1076.93017578125 
3 1904.6812744140625 56.36737823486328 1996.4989013671875 251.62237548828125 
44
3 1498.9930419921875 7.8697357177734375 1566.555908203125 177.33570861816406 
3 2124.26904296875 733.869384765625 2558.858642578125 1076.6025390625 
3 1904.4024658203125 56.107826232910156 1995.484619140625 251.65924072265625 
3 2252.70703125 56.09873962402344 2318.98095703125 179.1161651611328 
45
3 1498.9095458984375 7.747276306152344 1566.595703125 177.46258544921875 
0 2137.9765625 730.5517578125 2558.9140625 1072.8524169921875 
3 2245.8818359375 56.412384033203125 2315.5107421875 177.23855590820312 
3 1901.7916259765625 55.66216278076172 1994.479736328125 250.01495361328125 
46
3 1498.889892578125 7.80120849609375 1566.4735107421875 177.25537109375 
0 2137.9365234375 705.4825439453125 2558.8974609375 1071.155029296875 
3 1899.2197265625 55.54419708251953 1993.3548583984375 249.55703735351562 
3 2257.789306640625 55.496131896972656 2312.319580078125 177.40591430664062 
47
0 2137.256103515625 675.69189453125 2558.720947265625 1070.81005859375 
3 1498.6981201171875 7.811622619628906 1566.370361328125 177.4290771484375 
3 1897.185302734375 56.12633514404297 1993.1373291015625 250.26898193359375 
3 2230.74755859375 54.81095886230469 2309.319091796875 177.65634155273438 
48
0 2135.961669921875 669.265869140625 2558.78955078125 1071.18505859375 
3 1498.49072265625 7.5364227294921875 1566.1346435546875 177.19090270996094 
3 1896.30029296875 55.701988220214844 1992.989501953125 249.75958251953125 
3 2228.201171875 54.14582824707031 2304.339599609375 176.46920776367188 
49
0 2131.184326171875 636.0320434570312 2558.6484375 1065.1243896484375 
3 1498.3411865234375 7.5670166015625 1565.8309326171875 177.20697021484375 
3 2224.611328125 53.852195739746094 2300.236083984375 172.82717895507812 
3 1896.9356689453125 55.42652893066406 1992.057373046875 248.65252685546875 
50
0 2116.19384765625 635.9771118164062 2559.124267578125 1067.434326171875 
3 1498.2022705078125 7.5402679443359375 1564.9141845703125 176.94229125976562 
3 2224.693115234375 53.95549011230469 2295.666259765625 170.87051391601562 
3 1897.6400146484375 55.19134521484375 1990.657958984375 245.8067626953125 
51
0 2126.615966796875 634.5132446289062 2558.612548828125 1064.2838134765625 
3 1497.9691162109375 7.4639739990234375 1565.07373046875 176.9087677001953 
3 2223.888427734375 53.16288757324219 2293.19287109375 171.35452270507812 
3 1897.5634765625 54.89569854736328 1989.7064208984375 244.98809814453125 
52
0 2127.79833984375 619.0364379882812 2558.825439453125 1062.39453125 
3 1497.8436279296875 7.428276062011719 1564.973388671875 176.75143432617188 
3 2222.15576171875 53.035980224609375 2289.14013671875 170.88357543945312 
3 1897.4652099609375 54.863800048828125 1989.3084716796875 245.49072265625 
53
0 2124.580078125 609.1130981445312 2558.86328125 1063.6109619140625 
3 1497.7972412109375 7.883880615234375 1564.582275390625 177.19024658203125 
3 2220.269287109375 52.0726318359375 2286.216552734375 167.7052764892578 
3 1898.54443359375 54.894805908203125 1989.2740478515625 245.91873168945312 
54
0 2123.931396484375 604.1732177734375 2559.051513671875 1063.4066162109375 
3 1498.05859375 7.997550964355469 1564.6453857421875 177.26193237304688 
3 2221.695556640625 51.41117858886719 2283.76806640625 167.82876586914062 
3 1898.39599609375 54.935096740722656 1988.887939453125 245.67776489257812 
55
0 2110.43310546875 602.8399047851562 2558.95947265625 1064.2467041015625 
3 1498.2965087890625 7.984046936035156 1565.89208984375 177.37789916992188 
3 2221.459716796875 50.37543487548828 2282.810302734375 161.45626831054688 
3 1898.35400390625 55.458518981933594 1988.6087646484375 243.22735595703125 
56
0 2127.409912109375 601.3594360351562 2559.16259765625 1057.964111328125 
3 1498.60302734375 8.393280029296875 1566.868408203125 177.12933349609375 
3 2220.249267578125 50.29119110107422 2280.6513671875 159.4063720703125 
3 1899.67236328125 55.12567901611328 1988.3511962890625 240.13739013671875 
57
0 2127.72412109375 596.3226318359375 2559.03271484375 1057.3387451171875 
3 1498.5457763671875 7.718589782714844 1567.0389404296875 177.009033203125 
3 2220.502685546875 47.26093292236328 2278.41943359375 159.35726928710938 
3 1897.4482421875 54.471336364746094 1989.476318359375 248.9124755859375 
3 1082.479248046875 18.309776306152344 1154.69091796875 77.3935317993164 
58
0 2123.39892578125 593.2784423828125 2558.823486328125 1058.150146484375 
3 1498.5931396484375 7.33831787109375 1567.58447265625 176.62550354003906 
3 2214.744873046875 45.38758850097656 2276.559814453125 157.6903533935547 
3 1899.3453369140625 53.66346740722656 1992.172119140625 244.09210205078125 
59
0 2114.174072265625 589.406982421875 2558.89599609375 1056.740234375 
3 1498.527099609375 7.529266357421875 1567.6829833984375 176.84043884277344 
3 2210.73095703125 45.833778381347656 2273.755126953125 158.4508514404297 
3 1898.96240234375 54.68426513671875 1990.1668701171875 247.2745361328125 
60
0 2093.608154296875 586.61181640625 2558.8671875 1055.5499267578125 
3 1498.7569580078125 7.609153747558594 1567.623291015625 176.55136108398438 
3 1899.101806640625 54.72093200683594 1990.276123046875 246.41366577148438 
3 2205.772705078125 45.085548400878906 2271.96484375 158.2250518798828 
61
0 2084.408935546875 583.6796875 2558.76708984375 1056.8035888671875 
3 2203.5634765625 44.30305480957031 2269.25048828125 156.77740478515625 
3 1498.123046875 7.446281433105469 1567.68408203125 176.7904510498047 
3 1899.3603515625 54.03282165527344 1991.1070556640625 247.03228759765625 
62
0 2071.200927734375 582.37158203125 2558.932861328125 1057.46875 
3 2199.022705078125 44.151329040527344 2266.086669921875 155.82098388671875 
3 1498.0394287109375 7.422721862792969 1567.4361572265625 176.59219360351562 
3 1898.513916015625 53.77501678466797 1990.492919921875 248.14166259765625 
63
0 2083.53125 579.3865966796875 2558.667724609375 1057.661865234375 
3 2195.2724609375 44.16557312011719 2263.93212890625 156.07542419433594 
3 1498.2037353515625 7.4752349853515625 1567.3289794921875 176.45269775390625 
3 1898.883544921875 53.767242431640625 1990.6641845703125 246.96978759765625 
64
0 2077.7216796875 575.039306640625 2558.46484375 1058.288818359375 
3 1498.0574951171875 7.536674499511719 1567.2314453125 176.0566864013672 
3 2192.467041015625 43.83201599121094 2262.987060546875 157.82107543945312 
3 1898.2166748046875 53.751426696777344 1990.215087890625 248.4765625 
65
0 2080.79296875 572.3867797851562 2558.375732421875 1058.50439453125 
3 1497.938232421875 7.58941650390625 1567.1036376953125 175.8293914794922 
3 2191.268798828125 43.60783386230469 2258.194091796875 155.2633819580078 
3 1898.05419921875 53.70030975341797 1989.458251953125 248.91363525390625 
66
0 2070.2314453125 569.6405639648438 2558.2314453125 1059.516845703125 
3 1497.9154052734375 7.6283721923828125 1567.0994873046875 175.61163330078125 
3 2189.098876953125 43.87129211425781 2255.81787109375 154.9449920654297 
3 1898.05078125 53.492828369140625 1989.3338623046875 248.92132568359375 
67
0 2063.875 567.1405029296875 2558.691162109375 1057.28662109375 
3 1497.91064453125 7.5618743896484375 1566.9359130859375 175.9061737060547 
3 1897.7349853515625 53.72785186767578 1988.0059814453125 249.50067138671875 
3 2187.103515625 42.47369384765625 2253.65625 155.471435546875 
68
0 2056.413818359375 564.33447265625 2558.88720703125 1058.3486328125 
3 1497.91162109375 7.618598937988281 1566.9359130859375 175.86534118652344 
3 1897.8062744140625 54.03590393066406 1987.424560546875 249.13677978515625 
3 2186.495849609375 42.180694580078125 2251.052734375 153.0655975341797 
69
0 2056.63037109375 562.701904296875 2558.849365234375 1057.5506591796875 
3 1497.901611328125 7.534568786621094 1567.203369140625 175.85809326171875 
3 2184.666748046875 40.37706756591797 2249.765625 147.92019653320312 
3 1897.5692138671875 54.04002380371094 1987.647216796875 248.9798583984375 
70
0 2054.4453125 558.39599609375 2558.588134765625 1052.5557861328125 
3 1497.8187255859375 7.3648529052734375 1567.1456298828125 176.30596923828125 
3 2183.591796875 39.98591613769531 2246.152099609375 148.230712890625 
3 1897.5673828125 54.111106872558594 1987.559814453125 249.71792602539062 
3 1376.2833251953125 7.345184326171875 1403.2081298828125 41.71935272216797 
71
0 2055.951171875 552.9575805664062 2558.614501953125 1047.5694580078125 
3 1497.9991455078125 7.420127868652344 1567.440185546875 176.63511657714844 
3 2182.919921875 39.15234375 2244.827392578125 150.78274536132812 
3 1897.6815185546875 54.62944030761719 1987.3642578125 248.29873657226562 
3 1376.4053955078125 8.364433288574219 1402.951904296875 41.62672424316406 
72
0 2054.84130859375 551.1535034179688 2558.16162109375 1041.419921875 
3 1498.119873046875 7.4564208984375 1567.5374755859375 176.51669311523438 
3 2181.72119140625 39.03308868408203 2242.393798828125 148.43670654296875 
3 1897.7244873046875 54.65593719482422 1987.4674072265625 248.2314453125 
3 1376.507568359375 8.56082534790039 1402.9425048828125 41.61090087890625 
73
0 2053.76416015625 548.8473510742188 2557.814208984375 1039.88671875 
3 1498.0845947265625 7.470306396484375 1567.5706787109375 176.66783142089844 
3 2179.791748046875 38.65965270996094 2240.659912109375 146.19021606445312 
3 1897.8160400390625 54.68177032470703 1987.40771484375 248.0205078125 
3 1376.5150146484375 8.409896850585938 1402.7901611328125 41.77667236328125 
74
0 2054.974853515625 546.6346435546875 2556.912109375 1020.152099609375 
3 1498.10107421875 7.3970184326171875 1567.2166748046875 176.24240112304688 
3 2179.7509765625 36.34226989746094 2238.0712890625 145.36390686035156 
3 1898.063720703125 54.962379455566406 1986.3660888671875 247.03244018554688 
75
0 2050.552001953125 543.2683715820312 2556.056640625 1023.29443359375 
3 1498.262939453125 7.742012023925781 1567.0771484375 175.40097045898438 
3 2179.271240234375 35.59716796875 2236.53125 143.6505126953125 
3 1897.5447998046875 54.801368713378906 1985.6964111328125 246.29794311523438 
76
0 2041.24951171875 538.419921875 2555.307373046875 1017.8255615234375 
3 1498.1322021484375 8.060432434082031 1566.5284423828125 176.2181854248047 
3 2176.938720703125 34.02826690673828 2234.662353515625 144.68618774414062 
3 1897.0120849609375 54.15281677246094 1984.7503662109375 241.95330810546875 
77
0 2025.52685546875 536.5755004882812 2553.928955078125 1005.90869140625 
3 1497.5355224609375 7.77984619140625 1566.0606689453125 176.47332763671875 
3 2172.236572265625 34.001800537109375 2231.187255859375 143.9251251220703 
3 1897.1875 53.753318786621094 1984.46337890625 238.43621826171875 
78
0 2025.277099609375 532.6904907226562 2552.3681640625 997.4332275390625 
3 1497.0048828125 7.3761138916015625 1565.66552734375 177.35519409179688 
3 2164.459716796875 33.85169982910156 2228.06982421875 143.5904541015625 
3 1896.941162109375 53.619850158691406 1984.26513671875 237.60662841796875 
79
3 1496.68701171875 7.102996826171875 1565.5360107421875 177.81072998046875 
3 2159.015869140625 34.00349426269531 2225.314453125 143.89190673828125 
0 2030.9918212890625 531.2675170898438 2550.3232421875 962.9429931640625 
3 1897.0894775390625 53.646812438964844 1984.55224609375 236.73519897460938 
80
0 2042.26318359375 530.0927124023438 2549.697509765625 956.6522216796875 
3 1496.67919921875 6.912818908691406 1565.5755615234375 177.89178466796875 
3 2156.0947265625 32.299560546875 2223.043212890625 143.46380615234375 
3 1897.0675048828125 53.79460906982422 1984.4256591796875 236.78854370117188 
81
0 2050.71337890625 527.1687622070312 2547.75732421875 957.5875244140625 
3 1496.7984619140625 6.91650390625 1565.7215576171875 177.7872314453125 
3 2154.08984375 32.07086181640625 2220.8115234375 143.89076232910156 
3 1897.0982666015625 53.84642791748047 1984.435302734375 237.1331787109375 
82
0 2051.646484375 524.9041748046875 2546.958740234375 956.8782958984375 
3 1496.900390625 7.0856781005859375 1565.693603515625 177.40603637695312 
3 2153.477294921875 31.74707794189453 2217.537841796875 144.28665161132812 
3 1897.023681640625 53.47466278076172 1984.7294921875 237.3753662109375 
83
0 2047.7152099609375 527.1336669921875 2545.5673828125 957.4871826171875 
3 1496.7801513671875 7.296943664550781 1565.7757568359375 177.42910766601562 
3 2153.026123046875 31.54381561279297 2214.319580078125 144.50108337402344 
3 1896.9964599609375 53.418182373046875 1984.709228515625 237.17892456054688 
84
0 2034.11474609375 528.2528076171875 2543.414306640625 957.8914794921875 
3 1496.8514404296875 7.286155700683594 1565.7227783203125 177.4536895751953 
3 2152.959228515625 31.449005126953125 2211.861572265625 142.22665405273438 
3 1897.0303955078125 53.43940734863281 1984.802734375 237.2830810546875 
85
0 2012.6768798828125 529.0694580078125 2539.849853515625 956.9736938476562 
3 1496.8436279296875 7.353736877441406 1565.68310546875 177.5570068359375 
3 2152.4833984375 30.652725219726562 2209.18017578125 140.81105041503906 
3 1896.9656982421875 53.62494659423828 1984.8651123046875 237.86642456054688 
86
3 1496.9595947265625 7.3421478271484375 1565.4947509765625 177.46340942382812 
3 2151.001220703125 29.310997009277344 2206.942626953125 138.81597900390625 
0 1995.968505859375 523.175048828125 2537.858154296875 956.5140380859375 
3 1896.97900390625 53.55897521972656 1985.0328369140625 237.953369140625 
0 1995.9896240234375 619.736083984375 2460.078369140625 956.66845703125 
87
0 1979.482177734375 522.5341796875 2534.269287109375 956.14990234375 
3 1497.177978515625 7.25543212890625 1565.474365234375 177.4967803955078 
3 2150.346435546875 29.071304321289062 2204.60205078125 135.71121215820312 
3 1897.1002197265625 53.90479278564453 1984.8870849609375 237.62039184570312 
88
3 1497.2410888671875 7.26080322265625 1565.4976806640625 177.41317749023438 
3 2149.46875 27.936416625976562 2202.856201171875 133.66720581054688 
3 1897.0406494140625 53.892982482910156 1984.9390869140625 237.5941162109375 
0 1980.41845703125 608.27734375 2450.24658203125 956.6806640625 
0 1979.535888671875 517.4598388671875 2529.596435546875 956.4063110351562 
89
3 1497.15283203125 7.301292419433594 1565.57177734375 177.35076904296875 
3 2147.6494140625 27.27906036376953 2201.84521484375 132.88772583007812 
3 1896.9088134765625 53.826622009277344 1985.0919189453125 237.70196533203125 
0 1984.48828125 516.8238525390625 2526.470947265625 956.5157470703125 
0 1985.064453125 599.357177734375 2445.936767578125 956.6724853515625 
90
3 1497.1505126953125 7.280120849609375 1565.519775390625 177.42323303222656 
3 2143.8076171875 26.696788787841797 2198.581787109375 131.8335418701172 
0 1985.2335205078125 595.374267578125 2437.31103515625 956.0514526367188 
3 2182.957275390625 496.16265869140625 2521.87548828125 630.7385864257812 
3 1897.081787109375 53.37976837158203 1985.6199951171875 237.62066650390625 
91
3 1497.147216796875 7.211357116699219 1565.5888671875 177.55426025390625 
3 2140.55126953125 26.045692443847656 2197.764404296875 132.0030517578125 
3 1896.806884765625 53.836280822753906 1984.951416015625 237.829833984375 
0 1985.0877685546875 502.27252197265625 2516.562744140625 954.4937744140625 
0 1985.4671630859375 588.60888671875 2427.2470703125 954.71875 
92
3 1497.15966796875 7.291969299316406 1565.5474853515625 177.36770629882812 
0 1987.5177001953125 504.912109375 2512.6982421875 955.2589111328125 
3 2135.390625 25.365612030029297 2194.539794921875 131.77928161621094 
3 1896.745849609375 58.3306884765625 1984.94873046875 238.44192504882812 
93
3 1497.2283935546875 7.340660095214844 1565.5032958984375 177.46095275878906 
3 2131.052490234375 25.261676788330078 2192.321044921875 131.40789794921875 
3 1896.8118896484375 65.00374603271484 1985.1669921875 239.18621826171875 
0 1990.1806640625 506.848876953125 2503.883056640625 956.20068359375 
0 1989.119140625 524.6514892578125 2416.154541015625 956.8074951171875 
94
3 1497.24169921875 7.231636047363281 1565.3349609375 177.34022521972656 
3 2129.39453125 24.418136596679688 2190.414794921875 130.89544677734375 
3 1896.6336669921875 64.21768951416016 1985.1551513671875 238.70797729492188 
0 1989.740234375 553.0606689453125 2397.69970703125 954.82861328125 
0 1989.7886962890625 505.22406005859375 2495.468994140625 954.288330078125 
95
3 1497.2470703125 7.1857757568359375 1565.229248046875 177.48257446289062 
3 2126.806884765625 24.94829559326172 2187.484375 131.44241333007812 
3 1896.6292724609375 67.61506652832031 1984.400146484375 239.0648193359375 
0 1988.111328125 497.23663330078125 2488.184326171875 952.280029296875 
96
3 1497.260498046875 7.078483581542969 1565.2486572265625 177.42916870117188 
3 2124.932861328125 25.392547607421875 2186.221923828125 131.8483428955078 
3 1896.9697265625 67.92130279541016 1984.631103515625 239.5316162109375 
0 1988.7308349609375 492.68701171875 2483.614501953125 945.2879028320312 
0 1989.6446533203125 514.8814697265625 2366.70263671875 946.0930786132812 
97
3 1497.308837890625 7.167747497558594 1565.3363037109375 177.58834838867188 
0 1989.5198974609375 484.5660400390625 2475.68505859375 938.2101440429688 
3 1897.0018310546875 68.04194641113281 1985.217529296875 238.48471069335938 
3 2123.411865234375 25.323917388916016 2183.296875 131.64230346679688 
98
3 1497.330810546875 7.259819030761719 1565.3480224609375 177.3934326171875 
3 2121.341552734375 25.74231719970703 2180.828369140625 130.37725830078125 
0 1989.535888671875 482.06671142578125 2469.375 935.9879150390625 
3 1896.885009765625 66.21083068847656 1985.8701171875 238.76626586914062 
99
0 1989.8203125 476.53900146484375 2462.44189453125 924.502197265625 
3 1497.3060302734375 7.278724670410156 1565.3975830078125 177.4043731689453 
3 2119.927001953125 25.545150756835938 2178.205078125 129.10604858398438 
3 1896.84765625 62.86299133300781 1985.851806640625 238.205810546875 
100
0 1990.2520751953125 471.2623291015625 2457.018310546875 919.0725708007812 
3 1497.339111328125 7.3342742919921875 1565.3780517578125 177.29681396484375 
3 2118.806396484375 24.76525115966797 2176.97265625 128.50672912597656 
3 1896.9071044921875 63.79627990722656 1985.4281005859375 237.63278198242188 
101
0 1988.04248046875 466.84307861328125 2451.94873046875 917.6929931640625 
3 1497.2642822265625 7.3365478515625 1565.3797607421875 177.28793334960938 
3 2118.434814453125 24.416290283203125 2175.421630859375 127.13330078125 
3 1896.6142578125 58.871070861816406 1985.06689453125 238.04010009765625 
102
0 1988.866455078125 461.72882080078125 2447.06640625 916.3504638671875 
3 1497.158935546875 7.3151702880859375 1565.490966796875 177.15972900390625 
3 2117.139404296875 24.236976623535156 2173.579833984375 125.66853332519531 
3 1896.50537109375 56.1693115234375 1984.732666015625 238.91146850585938 
103
0 1988.099609375 458.29547119140625 2441.56396484375 915.9093017578125 
3 1497.1829833984375 7.422218322753906 1565.49169921875 177.17840576171875 
3 2115.866943359375 23.468246459960938 2171.62841796875 122.61491394042969 
3 1896.5989990234375 55.30131530761719 1984.6343994140625 241.2711181640625 
104
0 1989.4620361328125 454.7506103515625 2437.99609375 915.5332641601562 
3 1497.1990966796875 7.4331512451171875 1565.49072265625 177.23399353027344 
3 2115.303955078125 23.10704803466797 2170.89599609375 121.828125 
3 1896.6588134765625 55.3480224609375 1984.5472412109375 241.06283569335938 
105
3 1497.3494873046875 7.4726715087890625 1565.416259765625 177.22679138183594 
3 2115.547607421875 22.26459503173828 2169.02880859375 121.86349487304688 
0 1988.0972900390625 453.2918395996094 2434.21728515625 913.4931030273438 
3 1896.5477294921875 55.62311553955078 1984.344970703125 240.52056884765625 
106
3 1497.3133544921875 7.4574737548828125 1565.3896484375 177.19717407226562 
1 1983.0472412109375 452.68609619140625 2431.10400390625 834.0462646484375 
3 2115.11376953125 21.529022216796875 2167.5234375 119.74615478515625 
3 1896.5159912109375 56.301727294921875 1984.0106201171875 240.8541259765625 
107
3 1497.1710205078125 7.436363220214844 1565.4476318359375 177.3850555419922 
1 1989.1124267578125 452.6640930175781 2430.42919921875 831.7138671875 
3 2114.27294921875 21.471481323242188 2166.255615234375 120.025390625 
3 1896.6363525390625 58.21821594238281 1983.2586669921875 238.8548583984375 
108
3 1497.164306640625 7.506019592285156 1565.3873291015625 177.38685607910156 
3 2111.4013671875 21.525245666503906 2164.615478515625 120.07870483398438 
1 1990.0599365234375 453.2789306640625 2428.47607421875 830.217041015625 
3 1896.6448974609375 59.709800720214844 1982.87646484375 237.785888671875 
109
3 1497.1767578125 7.5198516845703125 1565.3499755859375 177.51528930664062 
1 1985.33837890625 455.18280029296875 2427.902587890625 829.9424438476562 
3 2109.902099609375 21.48780059814453 2162.1064453125 120.00491333007812 
3 1896.6719970703125 60.48243713378906 1982.69189453125 237.12750244140625 
110
3 1497.1859130859375 7.50238037109375 1565.3240966796875 177.62832641601562 
3 2105.076171875 21.447391510009766 2160.407470703125 120.22932434082031 
3 1896.7593994140625 61.009605407714844 1982.630859375 237.10302734375 
0 1986.757080078125 457.3996276855469 2427.873291015625 917.1786499023438 
111
3 1497.177978515625 7.521888732910156 1565.313720703125 177.5264129638672 
3 2098.64892578125 21.59014892578125 2158.656005859375 120.09584045410156 
3 1896.874755859375 61.46929931640625 1982.626220703125 237.0994873046875 
0 1985.2457275390625 460.5508117675781 2429.083251953125 912.893310546875 
112
3 1497.19384765625 7.4998626708984375 1565.284423828125 177.59312438964844 
3 2094.659912109375 21.782737731933594 2156.08056640625 119.43455505371094 
3 1896.940673828125 62.102508544921875 1982.6087646484375 237.08132934570312 
0 1984.9671630859375 466.01507568359375 2428.562744140625 916.431640625 
113
3 1497.2017822265625 7.500938415527344 1565.283935546875 177.59878540039062 
0 1984.1058349609375 469.1177978515625 2427.29345703125 916.3126220703125 
3 1897.0489501953125 61.97209167480469 1982.6578369140625 237.37936401367188 
3 2093.26611328125 22.057708740234375 2154.65478515625 119.92829895019531 
114
0 1985.374755859375 471.81439208984375 2426.957275390625 915.3178100585938 
3 1497.17529296875 7.4821624755859375 1565.3001708984375 177.63577270507812 
3 2095.264404296875 22.15009307861328 2151.99169921875 119.09259033203125 
3 1896.9713134765625 62.31073760986328 1982.680419921875 237.58953857421875 
115
0 1978.994384765625 474.25128173828125 2425.05078125 915.6536865234375 
3 1497.17041015625 7.403106689453125 1565.273681640625 177.73635864257812 
3 2096.164306640625 21.924339294433594 2149.83447265625 119.89872741699219 
3 1897.0302734375 62.704986572265625 1982.682373046875 237.5965576171875 
116
0 1981.7012939453125 473.7527770996094 2425.052001953125 915.063720703125 
3 1497.2470703125 7.3856353759765625 1565.3912353515625 177.67041015625 
3 2093.7236328125 20.136512756347656 2147.818115234375 119.50140380859375 
3 1897.1060791015625 62.11454772949219 1982.772705078125 237.49282836914062 
117
3 1497.34228515625 7.419868469238281 1565.327880859375 177.77452087402344 
0 1977.889404296875 467.7071533203125 2425.378173828125 913.07861328125 
3 2093.674560546875 19.02410125732422 2144.260498046875 116.6893310546875 
3 1897.14794921875 62.17534637451172 1982.81396484375 237.47210693359375 
118
3 1497.3140869140625 7.425384521484375 1565.2833251953125 177.5826416015625 
0 1977.49560546875 463.123779296875 2414.498046875 913.1116943359375 
3 2092.828369140625 17.83966827392578 2142.7939453125 116.1260986328125 
3 1897.1600341796875 62.675010681152344 1982.8095703125 237.21368408203125 
119
3 1497.3189697265625 7.444244384765625 1565.2803955078125 177.5998077392578 
3 1897.19677734375 62.913597106933594 1982.7330322265625 237.12088012695312 
3 2092.42822265625 17.84465789794922 2141.147216796875 109.30470275878906 
0 1976.2603759765625 455.6804504394531 2410.175537109375 918.1492309570312 
1 1975.290283203125 456.03790283203125 2410.896484375 826.92724609375 
120
3 1497.3101806640625 7.358306884765625 1565.2987060546875 177.65493774414062 
0 1973.0198974609375 451.90130615234375 2408.541015625 916.1996459960938 
3 1897.3037109375 63.42955017089844 1982.7020263671875 236.75222778320312 
3 2091.008056640625 17.020301818847656 2139.29833984375 109.72601318359375 
121
3 1497.232177734375 7.369209289550781 1565.2635498046875 177.55674743652344 
3 1897.3150634765625 61.879486083984375 1982.8802490234375 236.75445556640625 
0 1969.883544921875 447.0018005371094 2401.90185546875 918.36279296875 
3 2089.51904296875 15.872489929199219 2138.1455078125 108.95242309570312 
1 1969.8631591796875 447.6051940917969 2402.17919921875 830.3611450195312 
122
0 1963.8106689453125 443.08642578125 2396.036376953125 919.3777465820312 
3 1497.1920166015625 7.375251770019531 1565.210693359375 177.59454345703125 
3 1897.176025390625 60.48023986816406 1983.0069580078125 236.70407104492188 
3 2086.3798828125 16.10083770751953 2136.581298828125 110.34950256347656 
123
0 1961.1048583984375 439.4178466796875 2394.2373046875 920.068115234375 
3 1497.162841796875 7.390228271484375 1565.2232666015625 177.6703643798828 
3 1897.1353759765625 60.11730194091797 1983.4893798828125 236.62139892578125 
3 2083.51171875 14.227912902832031 2135.478515625 108.376220703125 
124
0 1957.656982421875 434.52288818359375 2390.643310546875 922.91357421875 
3 1497.1611328125 7.4340972900390625 1565.255859375 177.58245849609375 
3 1896.957275390625 58.319801330566406 1984.1610107421875 236.71624755859375 
3 2079.321533203125 13.339527130126953 2132.49267578125 110.62759399414062 
125
0 1956.1900634765625 427.9772033691406 2382.25927734375 924.0706787109375 
3 1497.1422119140625 7.376800537109375 1565.18798828125 177.4945068359375 
3 1897.2203369140625 68.78006744384766 1983.5291748046875 236.52493286132812 
3 2075.310302734375 13.757057189941406 2131.4150390625 110.58668518066406 
126
3 1497.1207275390625 7.3853759765625 1565.2032470703125 177.5999755859375 
3 1897.22314453125 69.8602066040039 1982.186279296875 236.60113525390625 
3 2071.397216796875 13.959327697753906 2129.516357421875 110.7606201171875 
1 1954.694580078125 423.54180908203125 2365.5576171875 829.46728515625 
0 1955.8890380859375 423.97943115234375 2378.305419921875 914.3736572265625 
127
3 1497.139404296875 7.39886474609375 1565.19580078125 177.64540100097656 
3 1897.2181396484375 69.1540298461914 1981.4385986328125 236.76486206054688 
3 2070.440673828125 13.977771759033203 2126.60986328125 110.9644775390625 
1 1950.65869140625 423.0506286621094 2293.266845703125 830.697998046875 
0 1950.0699462890625 422.2889099121094 2368.330810546875 920.5081787109375 
128
3 1497.14208984375 7.430320739746094 1565.2435302734375 177.8091583251953 
3 1896.9024658203125 69.16930389404297 1980.829345703125 236.75027465820312 
3 2067.50341796875 14.2291259765625 2124.353271484375 110.81721496582031 
129
3 1497.137451171875 7.409637451171875 1565.206787109375 177.82241821289062 
3 1896.8834228515625 67.96353912353516 1981.1578369140625 236.96563720703125 
0 1948.47412109375 420.31732177734375 2360.5927734375 934.0458374023438 
3 2057.609619140625 13.679035186767578 2122.8896484375 110.34396362304688 
130
3 1497.1614990234375 7.418739318847656 1565.2508544921875 177.80665588378906 
3 1896.792724609375 66.06206512451172 1982.4002685546875 236.8040771484375 
1 1949.6556396484375 420.5829772949219 2358.785888671875 830.909912109375 
3 2061.857177734375 13.299201965332031 2121.68212890625 108.74076843261719 
131
1 1950.4498291015625 420.06964111328125 2359.83642578125 830.015625 
3 1497.19482421875 7.5193939208984375 1565.4210205078125 177.80386352539062 
3 1897.0400390625 54.46979522705078 1984.68798828125 237.0042724609375 
3 2064.47607421875 13.359825134277344 2119.59375 107.98924255371094 
132
1 1951.5152587890625 419.4680480957031 2357.0185546875 828.9735107421875 
3 1497.2000732421875 7.487861633300781 1565.4334716796875 177.8701171875 
3 1897.410888671875 54.408477783203125 1985.383544921875 237.1773681640625 
3 2063.6083984375 13.68212890625 2118.036376953125 107.33270263671875 
133
1 1951.2230224609375 418.4081726074219 2356.41748046875 829.7776489257812 
3 1497.186767578125 7.503120422363281 1565.389892578125 178.0057830810547 
3 1897.71875 54.21910095214844 1985.73828125 236.7513427734375 
3 2063.880126953125 13.649078369140625 2116.049560546875 105.91319274902344 
134
3 1497.194580078125 7.522987365722656 1565.3753662109375 177.89605712890625 
1 1953.7110595703125 416.7849426269531 2355.23388671875 830.582275390625 
3 1897.7303466796875 54.34039306640625 1985.888427734375 236.8984375 
3 2053.8115234375 13.079242706298828 2114.30908203125 105.31639099121094 
3 2050.230712890625 13.330978393554688 2114.841552734375 105.5167236328125 
135
3 1497.154052734375 7.500465393066406 1565.40234375 177.92958068847656 
1 1964.666748046875 416.3739013671875 2353.11669921875 831.8753662109375 
3 1897.7635498046875 54.121559143066406 1986.0107421875 236.87710571289062 
3 2050.983154296875 12.269718170166016 2112.9033203125 102.37019348144531 
136
1 1973.114013671875 415.2231750488281 2354.7490234375 830.6557006835938 
3 1497.1865234375 7.473762512207031 1565.3917236328125 177.913330078125 
3 2051.2568359375 12.416618347167969 2111.45263671875 100.4742431640625 
3 1897.8360595703125 54.29469299316406 1985.9730224609375 236.78765869140625 
137
1 1973.529541015625 411.2542419433594 2355.689697265625 830.8779296875 
3 1497.0733642578125 7.4827880859375 1565.4251708984375 177.81918334960938 
3 2052.476806640625 11.08123779296875 2110.202392578125 98.23544311523438 
138
3 1497.1051025390625 7.510154724121094 1565.437744140625 177.91294860839844 
1 1973.69677734375 409.4565734863281 2351.230712890625 830.4747314453125 
139
1 1962.889892578125 405.27728271484375 2357.744140625 828.2969970703125 
3 1497.1593017578125 7.5204010009765625 1565.52880859375 177.75868225097656 
140
1 1953.2392578125 405.623046875 2358.674560546875 826.908935546875 
3 1497.18212890625 7.554252624511719 1565.4171142578125 177.75888061523438 
3 1897.577392578125 54.718589782714844 1984.6116943359375 237.20693969726562 
141
1 1952.1719970703125 404.77960205078125 2359.38720703125 825.8056640625 
3 1497.0848388671875 7.415153503417969 1565.5125732421875 177.8610076904297 
3 1897.477783203125 54.704200744628906 1984.79248046875 237.4903564453125 
142
1 1954.5084228515625 404.1477355957031 2360.612548828125 826.3099365234375 
3 1497.0350341796875 7.367103576660156 1565.427001953125 177.79812622070312 
3 1897.583984375 54.930320739746094 1984.8175048828125 237.2261962890625 
143
1 1953.75830078125 403.99310302734375 2361.35595703125 822.2597045898438 
3 1496.9925537109375 6.876152038574219 1565.5491943359375 177.73646545410156 
3 2046.343505859375 7.8733978271484375 2101.6318359375 100.00430297851562 
3 1897.7783203125 54.862060546875 1984.876708984375 236.923095703125 
144
1 1954.96044921875 405.8729248046875 2361.749755859375 825.0126953125 
3 1497.002685546875 6.597511291503906 1565.4649658203125 177.9112548828125 
3 2045.498779296875 8.474994659423828 2099.2978515625 100.20237731933594 
145
1 1959.1207275390625 409.33154296875 2362.48974609375 825.9244995117188 
3 1496.795166015625 6.526763916015625 1565.349609375 177.9521026611328 
3 2045.6983642578125 8.689064025878906 2097.4013671875 98.91409301757812 
3 1897.616455078125 54.629119873046875 1985.01171875 236.99908447265625 
146
1 1954.9080810546875 413.49676513671875 2363.197265625 826.8929443359375 
3 1496.94384765625 6.426849365234375 1565.09423828125 177.586181640625 
3 2042.1708984375 7.628803253173828 2094.750244140625 98.81594848632812 
3 1897.5765380859375 54.68229675292969 1984.7943115234375 237.24868774414062 
147
1 1952.7701416015625 414.5246887207031 2364.27880859375 825.9677124023438 
3 1496.975830078125 6.3972930908203125 1565.0400390625 177.57638549804688 
3 2039.966796875 7.137676239013672 2092.61572265625 98.865966796875 
3 1897.5157470703125 54.71782684326172 1984.92578125 237.4769287109375 
148
1 1953.3583984375 419.5171813964844 2365.797607421875 822.977294921875 
3 1497.1187744140625 6.553253173828125 1565.0150146484375 177.56289672851562 
3 2038.6353759765625 7.60418701171875 2091.279052734375 98.85414123535156 
3 1897.5811767578125 54.603668212890625 1984.857177734375 237.63937377929688 
149
1 1953.1890869140625 421.83062744140625 2367.275146484375 826.47265625 
3 1497.058837890625 6.626075744628906 1565.17236328125 177.6017608642578 
3 2039.2249755859375 7.475543975830078 2090.81396484375 98.16490173339844 
3 1897.6212158203125 54.56275939941406 1984.90478515625 237.986328125 
150
1 1951.5030517578125 425.04913330078125 2369.503173828125 826.8837890625 
3 1497.0140380859375 6.5726470947265625 1565.13037109375 177.7486114501953 
3 2039.0343017578125 9.155811309814453 2087.99365234375 95.06837463378906 
3 1897.6427001953125 54.76756286621094 1984.650390625 237.81976318359375 
151
1 1951.247314453125 430.05023193359375 2371.333740234375 826.9219360351562 
3 1497.050048828125 6.2959136962890625 1565.06591796875 177.90155029296875 
3 2038.613037109375 6.0162353515625 2086.898193359375 95.82225036621094 
3 1897.54541015625 54.644439697265625 1984.6590576171875 238.111328125 
152
3 1497.204345703125 6.490180969238281 1564.955322265625 178.14137268066406 
1 1950.95068359375 436.6932373046875 2374.7255859375 823.343505859375 
3 2037.306396484375 3.770496368408203 2085.83251953125 99.19558715820312 
3 1897.48095703125 54.55195617675781 1984.6611328125 238.30734252929688 
153
3 1497.1256103515625 6.9764556884765625 1565.1142578125 178.1879119873047 
1 1951.719970703125 440.54559326171875 2374.562255859375 818.1919555664062 
3 2036.8284912109375 4.632266998291016 2084.375732421875 100.92794799804688 
3 1897.74365234375 54.27693176269531 1984.5225830078125 237.66839599609375 
154
3 1497.1312255859375 7.347770690917969 1565.0919189453125 178.1470947265625 
1 1952.6258544921875 443.1679382324219 2374.470947265625 817.8076171875 
3 2032.8665771484375 5.884281158447266 2081.60302734375 94.65733337402344 
3 1897.495361328125 54.107635498046875 1984.4951171875 237.99835205078125 
155
3 1497.24658203125 7.34075927734375 1564.961669921875 178.15301513671875 
1 1953.9332275390625 445.62274169921875 2375.72216796875 810.1444702148438 
3 2029.2862548828125 5.952171325683594 2079.727783203125 97.21588134765625 
3 1897.4974365234375 53.33934020996094 1984.4056396484375 238.10638427734375 
1 1952.7606201171875 446.3302917480469 2280.4638671875 808.2974243164062 
156
3 1497.4027099609375 7.388671875 1565.0673828125 177.98406982421875 
1 1951.9593505859375 446.36749267578125 2375.3525390625 810.6442260742188 
3 2026.2174072265625 6.756198883056641 2078.803955078125 95.94369506835938 
3 1897.27099609375 53.45851135253906 1984.1292724609375 238.17465209960938 
157
3 1497.1077880859375 7.301887512207031 1564.849853515625 177.90476989746094 
3 2022.4459228515625 6.581378936767578 2076.532470703125 96.35395812988281 
1 1952.364013671875 451.3398742675781 2375.654541015625 809.681396484375 
3 1897.185302734375 53.348655700683594 1984.078857421875 238.30206298828125 
158
3 1497.0013427734375 7.119895935058594 1564.6243896484375 177.97451782226562 
1 1954.5670166015625 457.48541259765625 2375.294677734375 809.7464599609375 
3 2020.43359375 6.6375579833984375 2074.102294921875 94.03077697753906 
3 1897.0595703125 53.01691436767578 1983.918701171875 237.99606323242188 
159
3 1496.7972412109375 7.284538269042969 1564.7392578125 178.0367431640625 
1 1957.3631591796875 462.9944152832031 2374.18408203125 811.0713500976562 
3 2016.849365234375 7.498485565185547 2072.490234375 93.14942932128906 
3 1897.0880126953125 53.01741027832031 1983.7279052734375 237.71694946289062 
3 2015.2908935546875 7.338176727294922 2072.625732421875 93.352294921875 
160
3 1496.7674560546875 7.26849365234375 1564.91845703125 177.93722534179688 
1 1958.3779296875 472.2178649902344 2377.1416015625 808.1859741210938 
3 2010.4046630859375 7.144725799560547 2071.9990234375 92.47773742675781 
3 1897.0439453125 53.39893341064453 1983.8826904296875 238.092529296875 
161
1 1956.4451904296875 475.1480712890625 2378.565673828125 809.638671875 
3 1496.410888671875 6.8265838623046875 1565.298095703125 177.70794677734375 
3 2007.5804443359375 6.778789520263672 2070.45947265625 93.22085571289062 
3 1896.7904052734375 53.441802978515625 1983.4075927734375 238.8583984375 
162
1 1956.94287109375 473.4996032714844 2379.6484375 808.6115112304688 
3 1496.5770263671875 6.773460388183594 1565.2911376953125 177.46876525878906 
3 2007.32177734375 6.571262359619141 2068.92822265625 92.4573974609375 
3 1896.890625 55.03825378417969 1983.11474609375 238.087890625 
163
1 1956.771728515625 471.8863830566406 2380.42529296875 807.41552734375 
3 1496.81201171875 6.7476348876953125 1565.33203125 177.47288513183594 
3 2007.123779296875 6.381755828857422 2066.903564453125 91.44380187988281 
3 1897.0784912109375 54.53279113769531 1983.0831298828125 237.754638671875 
164
3 1497.0418701171875 6.592979431152344 1565.1187744140625 177.55145263671875 
1 1956.562744140625 472.08489990234375 2382.03857421875 806.041259765625 
3 2006.6478271484375 6.340816497802734 2065.173095703125 89.93154907226562 
3 1897.0535888671875 56.01866912841797 1982.560546875 239.04168701171875 
165
1 1957.466064453125 469.6160583496094 2383.13037109375 806.540283203125 
3 1497.0205078125 5.999717712402344 1564.7255859375 177.4025421142578 
3 1896.9388427734375 70.52652740478516 1981.0164794921875 240.34262084960938 
3 2005.5380859375 5.694480895996094 2063.257080078125 88.94983673095703 
166
3 1497.0322265625 5.970924377441406 1564.4866943359375 177.48609924316406 
1 1958.0245361328125 467.963134765625 2385.148681640625 806.5423583984375 
3 1897.15478515625 65.99629211425781 1981.1395263671875 238.90911865234375 
3 2006.3101806640625 4.834480285644531 2060.83203125 86.86857604980469 
167
1 1958.567138671875 465.7957763671875 2389.28955078125 807.8084106445312 
3 1496.836181640625 5.983116149902344 1564.4471435546875 177.32032775878906 
3 1897.0103759765625 66.91075134277344 1980.76708984375 238.26828002929688 
3 2006.61083984375 2.790557861328125 2059.371337890625 85.806640625 
168
1 1959.237060546875 463.46734619140625 2392.43408203125 807.7188110351562 
3 1496.935302734375 5.7525634765625 1564.3885498046875 177.1630859375 
3 1897.0340576171875 68.7002944946289 1980.41552734375 238.3096923828125 
3 2009.401611328125 2.371623992919922 2057.720947265625 82.64739990234375 
169
3 1496.904296875 5.379478454589844 1564.4912109375 177.17398071289062 
1 1957.9365234375 463.783447265625 2395.8115234375 806.684326171875 
3 1896.714599609375 68.81585693359375 1980.4896240234375 238.79412841796875 
3 2009.6282958984375 1.8736534118652344 2055.7734375 83.67243957519531 
170
1 1957.59326171875 463.76458740234375 2397.645263671875 809.4439697265625 
3 1496.9764404296875 5.261962890625 1564.3875732421875 177.15780639648438 
3 1896.626953125 68.20903015136719 1981.41796875 238.80377197265625 
3 2008.566650390625 1.4788589477539062 2052.5439453125 84.18537902832031 
171
1 1957.797607421875 464.134521484375 2401.588134765625 809.8494262695312 
3 1497.0458984375 5.154365539550781 1564.3807373046875 177.2154541015625 
3 1896.6700439453125 62.993621826171875 1981.894287109375 239.13714599609375 
3 2007.385498046875 1.4108543395996094 2051.14599609375 83.48560333251953 
172
3 1496.97314453125 5.0711517333984375 1564.335205078125 177.18820190429688 
1 1958.993896484375 467.5151062011719 2404.469482421875 810.2755126953125 
3 1896.541748046875 64.48069763183594 1984.3956298828125 238.84445190429688 
3 2007.1439208984375 1.4045181274414062 2049.740966796875 83.61546325683594 
173
3 1497.12451171875 4.968742370605469 1564.4647216796875 176.97193908691406 
1 1956.78955078125 471.8199768066406 2405.750244140625 815.111328125 
3 1896.654052734375 63.588462829589844 1984.9481201171875 238.71026611328125 
3 2000.328857421875 1.0956077575683594 2049.00927734375 82.55296325683594 
174
3 1497.2022705078125 5.0799407958984375 1564.5235595703125 176.95468139648438 
3 1896.646240234375 64.38233184814453 1985.2127685546875 239.33895874023438 
3 1997.10498046875 1.2759170532226562 2049.0302734375 83.08184051513672 
0 1958.4381103515625 476.642333984375 2405.50732421875 977.2838134765625 
1 1958.991455078125 475.6802978515625 2406.3037109375 818.853759765625 
175
3 1497.742431640625 5.580894470214844 1564.2445068359375 176.88076782226562 
3 1896.699462890625 61.01716613769531 1985.4718017578125 239.0419921875 
1 1956.978515625 479.36553955078125 2406.970458984375 823.925537109375 
3 1997.9527587890625 0.9879608154296875 2047.2890625 82.93201446533203 
176
3 1497.9859619140625 6.118766784667969 1564.164306640625 176.48056030273438 
3 1896.7685546875 63.22344207763672 1985.4088134765625 238.40679931640625 
3 1997.111328125 0.9058341979980469 2046.7718505859375 82.70120239257812 
1 1958.9207763671875 482.28851318359375 2408.406494140625 819.6591796875 
177
3 1498.0679931640625 6.27880859375 1563.947265625 176.2959442138672 
3 1896.818115234375 65.03578186035156 1984.9288330078125 238.17056274414062 
3 1998.4967041015625 0.9489517211914062 2043.35693359375 82.9083480834961 
1 1959.698974609375 484.59814453125 2408.434814453125 821.7783203125 
178
3 1498.0313720703125 6.4405517578125 1564.0804443359375 176.4401397705078 
3 1896.65771484375 64.96737670898438 1984.8255615234375 237.633056640625 
3 2002.140869140625 1.7848663330078125 2042.03271484375 82.35922241210938 
1 1961.6470947265625 484.1634521484375 2409.002197265625 819.693359375 
0 1961.502685546875 484.89190673828125 2408.616455078125 1033.616455078125 
179
3 1497.9691162109375 6.6656341552734375 1564.1507568359375 176.44277954101562 
1 1959.7532958984375 482.98876953125 2407.920654296875 817.308349609375 
3 1896.476806640625 65.04741668701172 1984.8994140625 238.50079345703125 
3 2003.2720947265625 0.6829833984375 2040.658935546875 82.33120727539062 
180
3 1498.029541015625 7.030632019042969 1564.7647705078125 176.43589782714844 
1 1959.3397216796875 481.21868896484375 2407.72265625 810.7522583007812 
3 1896.4107666015625 64.5888900756836 1984.604248046875 237.82479858398438 
3 1997.7581787109375 0.8681259155273438 2038.566650390625 81.95114135742188 
181
3 1498.054931640625 7.123298645019531 1564.44677734375 176.3524932861328 
1 1959.073486328125 476.7891845703125 2407.672607421875 814.2042236328125 
3 1896.3953857421875 64.4214859008789 1984.98681640625 237.84024047851562 
3 1998.227783203125 0.7738265991210938 2037.081298828125 81.44532012939453 
182
1 1958.7247314453125 471.68084716796875 2407.197509765625 823.0960083007812 
3 1498.0743408203125 7.092231750488281 1564.0780029296875 176.02708435058594 
3 1896.407958984375 64.82196807861328 1984.9183349609375 238.5697021484375 
3 1997.780517578125 0.4597129821777344 2036.269775390625 79.66458892822266 
183
3 1498.0400390625 7.092018127441406 1564.3758544921875 175.845703125 
1 1961.81982421875 467.26702880859375 2404.9375 816.6550903320312 
3 1896.478271484375 65.4499740600586 1984.85009765625 238.3538818359375 
3 1993.0635986328125 0.0 2035.0645751953125 78.50813293457031 
184
3 1497.9393310546875 7.16448974609375 1564.4808349609375 175.96792602539062 
3 1896.468505859375 65.73068237304688 1984.7391357421875 238.7054443359375 
1 1966.5084228515625 462.2580261230469 2404.903076171875 819.204345703125 
3 1990.164794921875 0.0 2034.8480224609375 77.19082641601562 
185
3 1497.8974609375 7.20379638671875 1564.3447265625 175.927978515625 
3 1896.4215087890625 65.90111541748047 1985.302490234375 239.42703247070312 
1 1965.788818359375 455.4254150390625 2404.200439453125 821.36767578125 
3 1986.83154296875 0.32769012451171875 2030.4366455078125 77.48463439941406 
186
3 1497.771484375 7.236854553222656 1564.7138671875 175.7880859375 
1 1966.926025390625 452.45343017578125 2402.27490234375 826.17626953125 
3 1896.4620361328125 66.05511474609375 1985.58447265625 239.00347900390625 
3 1985.633056640625 0.15448379516601562 2029.7425537109375 77.40233612060547 
187
3 1497.46728515625 7.19317626953125 1564.489013671875 176.2394256591797 
1 1967.240478515625 445.9747619628906 2402.33837890625 821.0516357421875 
3 1896.4334716796875 65.91525268554688 1985.5509033203125 238.89089965820312 
3 1983.0924072265625 0.0391998291015625 2029.2835693359375 77.24241638183594 
188
3 1497.3834228515625 7.199440002441406 1564.467529296875 175.88629150390625 
1 1968.943359375 441.3269958496094 2400.977294921875 827.341064453125 
3 1896.4803466796875 65.64281463623047 1985.6768798828125 238.6202392578125 
3 1981.6158447265625 0.14897918701171875 2028.04541015625 77.32433319091797 
189
3 1497.0048828125 7.0641937255859375 1564.4112548828125 176.11715698242188 
1 1969.66259765625 438.94580078125 2400.43798828125 826.2655639648438 
3 1896.4405517578125 65.27761840820312 1985.685546875 239.04876708984375 
3 1980.9349365234375 0.4128761291503906 2027.5504150390625 77.81836700439453 
190
1 1969.7393798828125 434.0340270996094 2398.15625 825.91064453125 
3 1496.881591796875 7.133415222167969 1564.97314453125 176.23558044433594 
3 1896.4591064453125 65.0733871459961 1985.686767578125 238.724853515625 
3 1978.90966796875 0.6973838806152344 2025.8802490234375 77.72256469726562 
191
1 1970.191162109375 429.7893371582031 2396.7529296875 827.35791015625 
3 1496.2021484375 7.178001403808594 1565.044677734375 176.2333221435547 
3 1896.466064453125 65.21380615234375 1985.16796875 237.98226928710938 
3 1976.4490966796875 0.8501625061035156 2023.7730712890625 76.78263854980469 
192
1 1970.3143310546875 428.964111328125 2395.783447265625 824.2440795898438 
3 1496.256591796875 7.181724548339844 1565.083740234375 176.15110778808594 
3 1896.4854736328125 64.88013458251953 1985.191162109375 238.1644287109375 
3 1974.2447509765625 0.7261962890625 2021.4285888671875 76.90518188476562 
193
1 1969.409912109375 429.56146240234375 2396.264892578125 825.9644165039062 
3 1496.243896484375 7.321479797363281 1565.0047607421875 176.17489624023438 
3 1896.406982421875 64.4693832397461 1985.034912109375 238.83642578125 
3 1973.6749267578125 0.9692573547363281 2019.690673828125 76.76428985595703 
194
1 1970.758544921875 429.57122802734375 2393.244384765625 823.1348876953125 
3 1496.31201171875 7.264228820800781 1565.0152587890625 176.2319793701172 
3 1896.4000244140625 64.67205047607422 1984.77490234375 238.77630615234375 
3 1972.9144287109375 0.5446281433105469 2019.465087890625 76.01080322265625 
195
3 1496.3905029296875 7.4653472900390625 1564.917236328125 176.2740020751953 
1 1971.89990234375 430.0294189453125 2392.021484375 810.62841796875 
3 1896.399169921875 65.4951171875 1984.7542724609375 238.51919555664062 
3 1971.7275390625 0.5983505249023438 2018.83740234375 75.0869369506836 
196
3 1496.4862060546875 7.73779296875 1564.714599609375 176.3592987060547 
1 1972.3651123046875 431.099609375 2392.65576171875 812.182861328125 
3 1896.390625 65.64805603027344 1984.8544921875 238.41607666015625 
3 1969.8358154296875 0.4679603576660156 2018.3955078125 74.38758850097656 
197
3 1496.6500244140625 7.577369689941406 1564.6756591796875 176.6348419189453 
3 1896.5523681640625 66.83560943603516 1984.2921142578125 237.91534423828125 
1 1972.3194580078125 430.21624755859375 2392.5859375 811.551025390625 
198
3 1496.6368408203125 7.4364013671875 1564.684326171875 176.79405212402344 
3 1896.4940185546875 66.78314208984375 1984.5631103515625 238.20098876953125 
1 1971.0516357421875 430.60723876953125 2394.892822265625 814.6642456054688 
199
3 1496.6895751953125 7.271141052246094 1564.315673828125 176.76165771484375 
3 1896.4766845703125 66.38948822021484 1984.24560546875 238.38522338867188 
3 1967.2142333984375 0.0 2015.5406494140625 71.59041595458984 
200
3 1496.7076416015625 7.02197265625 1564.210693359375 176.9492645263672 
3 1896.46044921875 66.38388061523438 1983.6153564453125 238.409423828125 
1 1970.5233154296875 430.6294250488281 2396.20361328125 820.354736328125 
201
3 1496.711669921875 7.514808654785156 1563.907470703125 176.67849731445312 
3 1896.5418701171875 66.36662292480469 1983.3822021484375 238.16043090820312 
1 1969.7451171875 430.0495910644531 2399.103759765625 823.814208984375 
202
3 1496.770263671875 7.470954895019531 1563.7996826171875 176.71551513671875 
3 1896.5599365234375 66.17955780029297 1983.526123046875 238.03704833984375 
1 1967.28662109375 431.1551818847656 2401.5888671875 828.5823974609375 
203
0 1965.97216796875 428.5945739746094 2402.558837890625 850.9185791015625 
3 1496.6387939453125 7.772346496582031 1563.7623291015625 176.72735595703125 
3 1896.57861328125 66.15262603759766 1983.1343994140625 237.95553588867188 
204
0 1969.9571533203125 429.9658508300781 2406.325439453125 862.9879150390625 
3 1496.6298828125 7.888267517089844 1563.728759765625 176.81849670410156 
3 1896.5516357421875 66.31859588623047 1983.1239013671875 237.9339599609375 
205
0 1970.67138671875 434.810302734375 2407.0625 874.3778076171875 
3 1496.5777587890625 8.02288818359375 1563.621826171875 176.8731689453125 
3 1896.548583984375 66.2579345703125 1982.8187255859375 237.8797607421875 
206
1 1970.01220703125 437.60107421875 2409.229736328125 827.4005126953125 
3 1496.5142822265625 8.353874206542969 1563.52099609375 176.67674255371094 
3 1896.723876953125 66.32695770263672 1982.8858642578125 237.6734619140625 
207
3 1496.3389892578125 8.387588500976562 1563.076904296875 176.70535278320312 
0 1970.8837890625 438.9661865234375 2407.8369140625 845.8070678710938 
3 1896.7392578125 66.26239776611328 1982.9395751953125 237.66458129882812 
208
3 1496.2974853515625 8.485870361328125 1562.5877685546875 176.52069091796875 
3 1896.784912109375 66.42825317382812 1982.7998046875 237.6368408203125 
0 1970.857421875 442.301513671875 2408.5048828125 873.7720336914062 
209
3 1496.114501953125 8.296173095703125 1562.454345703125 176.7138671875 
3 1896.7745361328125 66.76692199707031 1982.7725830078125 237.66796875 
0 1971.26513671875 445.96319580078125 2409.7080078125 861.0904541015625 
210
3 1496.04150390625 8.314903259277344 1562.27734375 176.9149627685547 
3 1896.713623046875 66.65076446533203 1982.6007080078125 237.63900756835938 
1 1973.2064208984375 451.5533752441406 2410.708984375 828.8631591796875 
211
3 1496.03369140625 8.388465881347656 1562.0933837890625 177.00347900390625 
3 1896.722412109375 66.77713012695312 1982.370849609375 237.5784912109375 
0 1972.88232421875 454.67730712890625 2411.03515625 883.9598388671875 
212
3 1495.978759765625 8.3743896484375 1562.10302734375 177.0198974609375 
3 1896.783447265625 66.35733795166016 1982.5655517578125 237.771728515625 
213
3 1495.8631591796875 8.384315490722656 1561.779052734375 177.03427124023438 
3 1896.91796875 66.26902770996094 1982.5728759765625 237.30322265625 
214
3 1495.8712158203125 8.446159362792969 1561.9864501953125 177.15028381347656 
3 1896.778564453125 66.0835952758789 1982.4906005859375 237.83990478515625 
215
3 1495.8240966796875 8.468521118164062 1561.840576171875 177.31532287597656 
3 1896.903564453125 66.10194396972656 1982.45458984375 237.1497802734375 
3 1951.0645751953125 0.0 1992.1043701171875 98.5809326171875 
216
3 1495.69580078125 8.421051025390625 1561.731201171875 177.25071716308594 
3 1896.8592529296875 66.53096008300781 1982.543701171875 237.36932373046875 
217
3 1495.52001953125 8.444175720214844 1561.7406005859375 177.10675048828125 
3 1896.8232421875 66.94087982177734 1982.5040283203125 237.305419921875 
218
3 1495.4833984375 8.320640563964844 1561.4708251953125 177.038818359375 
3 1896.8421630859375 67.22067260742188 1982.362548828125 237.2733154296875 
219
3 1495.47705078125 8.414192199707031 1561.7581787109375 177.09393310546875 
3 1896.8087158203125 67.46119689941406 1982.224365234375 237.19143676757812 
220
3 1495.4149169921875 8.267562866210938 1561.69140625 177.13864135742188 
3 1896.76416015625 67.49710083007812 1981.983154296875 237.5582275390625 
1 1976.624267578125 490.014404296875 2428.2919921875 825.7073974609375 
221
3 1495.6070556640625 8.196640014648438 1561.3707275390625 176.92027282714844 
1 1976.401123046875 493.97442626953125 2431.6240234375 825.04296875 
3 1896.6636962890625 67.85420227050781 1982.0911865234375 237.39669799804688 
222
3 1495.6380615234375 8.112876892089844 1561.4677734375 177.0199737548828 
1 1975.8521728515625 497.52911376953125 2433.848876953125 825.3617553710938 
3 1896.561767578125 67.81884765625 1982.1416015625 237.29913330078125 
223
3 1495.6246337890625 8.2109375 1561.4388427734375 177.13059997558594 
1 1975.060302734375 503.78662109375 2435.90625 826.1126098632812 
3 1896.7098388671875 68.54668426513672 1982.061279296875 236.8232421875 
224
3 1495.555908203125 7.893501281738281 1561.3892822265625 177.19580078125 
3 1896.509765625 68.18526458740234 1982.0948486328125 237.49093627929688 
0 1973.5836181640625 507.78173828125 2440.694580078125 991.7357177734375 
1 1973.79736328125 508.98846435546875 2438.79931640625 827.57373046875 
225
3 1495.5445556640625 7.8029632568359375 1561.56640625 177.02810668945312 
1 1972.9647216796875 519.2374267578125 2439.595458984375 835.6743774414062 
3 1896.4754638671875 67.781494140625 1982.0462646484375 237.955078125 
226
3 1495.681640625 7.824104309082031 1561.699951171875 176.93438720703125 
1 1973.522216796875 520.922607421875 2441.96630859375 833.0321044921875 
3 1896.5081787109375 68.29197692871094 1982.04443359375 238.18792724609375 
227
0 1972.9384765625 525.6055297851562 2442.715576171875 847.46630859375 
3 1495.6212158203125 8.109931945800781 1561.77197265625 177.13217163085938 
3 1896.5748291015625 68.07221221923828 1982.139892578125 238.18414306640625 
228
0 1972.3671875 532.4046630859375 2443.877197265625 849.815673828125 
3 1495.625244140625 8.203300476074219 1561.830810546875 177.19601440429688 
3 1896.5965576171875 68.00718688964844 1982.23193359375 237.95980834960938 
229
0 1972.4691162109375 535.4210205078125 2448.9453125 849.4424438476562 
3 1495.539794921875 8.017051696777344 1561.9176025390625 176.828125 
3 1896.6402587890625 68.29534149169922 1982.3482666015625 238.33425903320312 
230
0 1972.6114501953125 534.82666015625 2449.047119140625 846.5084228515625 
3 1495.5250244140625 8.327987670898438 1561.904296875 176.74908447265625 
3 1896.7193603515625 68.50006866455078 1982.349609375 238.388916015625 
231
1 1972.45458984375 532.9000244140625 2450.701171875 834.5333251953125 
3 1495.666015625 8.101936340332031 1561.91357421875 176.70188903808594 
3 1896.7279052734375 67.0493392944336 1982.46875 238.31085205078125 
232
1 1973.2109375 524.755615234375 2453.84619140625 827.84228515625 
3 1495.7938232421875 8.110832214355469 1561.9854736328125 176.82699584960938 
3 1896.7296142578125 67.85982513427734 1982.3466796875 238.0723876953125 
233
3 1495.86328125 8.084281921386719 1561.979248046875 176.90232849121094 
1 1973.01025390625 519.9669799804688 2452.783447265625 826.2125854492188 
3 1896.719970703125 68.61516571044922 1982.1597900390625 237.8218994140625 
234
1 1973.6964111328125 511.7579345703125 2453.73193359375 826.3355712890625 
3 1495.7789306640625 8.196800231933594 1562.1004638671875 177.0403594970703 
3 1896.6363525390625 67.23699951171875 1982.265380859375 237.9847412109375 
235
3 1495.753173828125 8.145896911621094 1562.2166748046875 177.07540893554688 
3 1896.629150390625 67.36656951904297 1982.1893310546875 238.13140869140625 
0 1973.622802734375 502.85595703125 2454.861572265625 1029.40478515625 
1 1973.3211669921875 503.01495361328125 2453.916748046875 825.1451416015625 
236
3 1495.8638916015625 8.168167114257812 1562.5888671875 177.09075927734375 
3 1896.6451416015625 67.08208465576172 1982.1385498046875 237.8314208984375 
1 1974.614013671875 495.021240234375 2452.15869140625 825.76953125 
237
3 1496.0157470703125 8.0428466796875 1562.4736328125 177.0324249267578 
3 1896.53271484375 66.64120483398438 1982.326171875 238.38165283203125 
1 1974.8150634765625 486.7943115234375 2451.0048828125 825.7291259765625 
238
3 1495.9986572265625 7.978981018066406 1562.62109375 177.04383850097656 
3 1896.6649169921875 66.20748138427734 1982.2779541015625 238.467529296875 
0 1971.9715576171875 478.473876953125 2446.957763671875 974.0821533203125 
239
3 1495.9940185546875 7.995841979980469 1562.6346435546875 177.1740264892578 
3 1896.634765625 66.6532974243164 1982.13232421875 238.33880615234375 
1 1972.4737548828125 472.5916442871094 2443.332763671875 826.4847412109375 
240
3 1496.0606689453125 8.070732116699219 1562.596923828125 177.13648986816406 
1 1973.065185546875 465.6777648925781 2439.482421875 827.23583984375 
3 1896.6170654296875 66.25048065185547 1982.2744140625 238.463623046875 
241
1 1970.563720703125 459.9120178222656 2435.51220703125 827.0159301757812 
3 1496.0660400390625 8.01873779296875 1562.6708984375 177.12393188476562 
3 1896.5751953125 66.13214111328125 1982.227294921875 238.66598510742188 
242
1 1970.5284423828125 458.24737548828125 2427.19482421875 827.3863525390625 
3 1495.931396484375 8.098045349121094 1562.7845458984375 177.10731506347656 
3 1896.654296875 66.18244934082031 1982.5360107421875 238.69393920898438 
243
3 1495.9185791015625 7.932960510253906 1562.80029296875 177.10385131835938 
1 1969.196044921875 453.47528076171875 2425.92919921875 825.5819091796875 
3 1896.797607421875 65.82555389404297 1982.4853515625 238.01666259765625 
244
3 1496.0076904296875 7.962257385253906 1562.8525390625 177.1319580078125 
1 1970.1746826171875 450.38812255859375 2421.3349609375 824.6483154296875 
3 1896.677734375 66.51664733886719 1982.4046630859375 238.57192993164062 
245
1 1969.0628662109375 447.67584228515625 2415.8369140625 824.168701171875 
3 1495.9854736328125 7.911376953125 1563.2110595703125 177.36428833007812 
3 1896.716064453125 67.41474151611328 1982.4195556640625 238.833740234375 
246
1 1969.2681884765625 445.79144287109375 2412.259521484375 822.9880981445312 
3 1495.88134765625 7.831626892089844 1563.2408447265625 177.43084716796875 
3 1896.8525390625 67.5941162109375 1982.420654296875 237.77593994140625 
247
1 1971.8609619140625 444.2623291015625 2410.658447265625 826.3648681640625 
3 1495.95263671875 7.896034240722656 1563.3907470703125 177.50889587402344 
3 1896.718505859375 67.2408676147461 1982.4637451171875 238.5010986328125 
248
3 1495.95166015625 7.9177398681640625 1563.427978515625 177.47059631347656 
1 1974.6932373046875 443.4504089355469 2406.501953125 818.039794921875 
3 1896.74462890625 67.10079193115234 1982.6153564453125 238.29498291015625 
249
1 1974.2286376953125 440.33880615234375 2403.06689453125 799.0390014648438 
3 1496.33447265625 8.014442443847656 1564.2073974609375 177.6413116455078 
3 1896.630126953125 66.70491790771484 1982.7467041015625 238.07614135742188 
250
1 1969.3741455078125 437.2527160644531 2398.029296875 823.6570434570312 
3 1496.321533203125 7.827354431152344 1564.362548828125 177.53492736816406 
3 1896.5562744140625 66.78116607666016 1982.7447509765625 238.2303466796875 
251
3 1496.0364990234375 7.827705383300781 1564.53369140625 177.8741455078125 
1 1966.6663818359375 436.4054870605469 2395.7890625 801.9111938476562 
3 1896.572998046875 66.7872085571289 1982.8306884765625 238.1766357421875 
252
3 1496.0208740234375 7.8071441650390625 1564.6636962890625 177.86550903320312 
1 1965.9757080078125 435.69305419921875 2393.918701171875 783.3634643554688 
3 1896.544189453125 66.70828247070312 1982.9000244140625 238.48678588867188 
253
1 1958.4136962890625 434.3086853027344 2391.569091796875 803.9539794921875 
3 1496.37158203125 7.609535217285156 1564.696044921875 178.00204467773438 
3 1896.52685546875 67.08780670166016 1982.97607421875 238.42599487304688 
254
3 1496.5904541015625 7.4432525634765625 1564.938232421875 177.9327392578125 
1 1956.906494140625 432.39410400390625 2387.928955078125 800.9173583984375 
3 1896.5191650390625 65.76522827148438 1983.2943115234375 238.309814453125 
255
3 1496.6824951171875 7.4689483642578125 1564.8848876953125 177.9171600341797 
3 1896.5032958984375 65.64393615722656 1983.3167724609375 238.035888671875 
1 1957.37939453125 425.9281921386719 2380.921142578125 822.1287841796875 
256
3 1496.67919921875 7.448371887207031 1564.892333984375 177.94081115722656 
3 1896.498291015625 65.86370849609375 1983.3460693359375 238.38104248046875 
1 1959.130126953125 424.8743591308594 2377.46533203125 826.4522705078125 
257
3 1496.938720703125 7.419471740722656 1564.9385986328125 178.08377075195312 
3 1896.5537109375 65.385498046875 1983.4288330078125 238.53759765625 
1 1961.5738525390625 429.13287353515625 2373.2236328125 777.8663940429688 
258
3 1497.139892578125 7.378944396972656 1565.078369140625 177.92861938476562 
3 1896.431884765625 64.45940399169922 1983.9415283203125 239.82492065429688 
1 1964.868896484375 429.75982666015625 2370.313720703125 768.5388793945312 
259
3 1497.3226318359375 7.298316955566406 1565.1072998046875 177.88937377929688 
3 1896.345458984375 62.218101501464844 1984.3974609375 239.717529296875 
260
3 1497.3988037109375 7.335853576660156 1565.111328125 177.76937866210938 
3 1896.484375 63.175628662109375 1984.1424560546875 238.58639526367188 
1 1964.283447265625 437.6955871582031 2364.79931640625 772.6384887695312 
261
3 1497.2935791015625 7.274879455566406 1565.226318359375 177.90676879882812 
3 1896.48388671875 61.47631072998047 1984.3092041015625 238.76910400390625 
1 1964.865234375 444.4573059082031 2363.453857421875 775.8576049804688 
262
3 1497.5654296875 7.2894744873046875 1565.339599609375 177.7472381591797 
3 1896.5091552734375 61.201698303222656 1984.43896484375 238.8555908203125 
263
3 1497.642333984375 7.1964569091796875 1565.496826171875 177.84939575195312 
1 1963.9029541015625 447.68621826171875 2364.140869140625 772.4625854492188 
3 1896.6160888671875 62.29063415527344 1983.8990478515625 238.51461791992188 
264
3 1497.6868896484375 7.235557556152344 1565.7581787109375 177.74110412597656 
3 1896.628173828125 61.68650817871094 1983.72314453125 238.5491943359375 
1 1963.7701416015625 447.08367919921875 2364.552734375 775.9480590820312 
265
3 1497.6363525390625 7.217926025390625 1565.8037109375 177.76092529296875 
1 1963.96923828125 448.722900390625 2364.874267578125 774.5423583984375 
3 1896.6275634765625 61.866294860839844 1983.5462646484375 238.81768798828125 
266
3 1498.044189453125 7.313385009765625 1565.9073486328125 177.54885864257812 
3 1896.6761474609375 59.091102600097656 1983.6732177734375 238.64794921875 
1 1963.92919921875 446.94769287109375 2365.765625 779.9705200195312 
267
3 1498.1094970703125 7.3776092529296875 1565.7789306640625 177.6582794189453 
3 1896.581298828125 56.38843536376953 1984.05908203125 238.55645751953125 
1 1964.166259765625 446.3450927734375 2366.29345703125 775.072509765625 
268
3 1498.2353515625 7.414573669433594 1565.736328125 177.76803588867188 
1 1964.2041015625 444.14691162109375 2366.813232421875 776.0914306640625 
3 1896.774169921875 59.835838317871094 1982.99462890625 238.48577880859375 
269
3 1498.21142578125 7.47509765625 1565.6727294921875 177.72607421875 
1 1964.64599609375 443.3898620605469 2366.93798828125 772.2052001953125 
3 1896.670166015625 57.78746795654297 1983.111083984375 238.31170654296875 
270
1 1964.970458984375 443.837646484375 2366.8837890625 782.1058959960938 
3 1498.2744140625 7.585395812988281 1565.50732421875 177.75698852539062 
3 1896.7867431640625 57.836212158203125 1982.7471923828125 237.61279296875 
271
1 1964.900390625 443.4049072265625 2366.357666015625 791.12353515625 
3 1498.28076171875 7.600738525390625 1565.4893798828125 177.99105834960938 
3 1896.744140625 66.69774627685547 1981.0257568359375 237.5159912109375 
272
1 1965.5552978515625 444.77227783203125 2366.0498046875 782.8260498046875 
3 1498.28955078125 7.610557556152344 1565.494873046875 177.92471313476562 
3 1896.7801513671875 61.80451202392578 1980.88671875 237.9088134765625 
273
1 1966.517822265625 445.0500793457031 2365.07373046875 777.0006103515625 
3 1498.2720947265625 7.57373046875 1565.392578125 177.9030303955078 
3 1896.7254638671875 56.53417205810547 1981.6234130859375 238.29498291015625 
274
3 1498.34033203125 7.676055908203125 1565.396484375 177.9786834716797 
1 1967.149658203125 445.6231689453125 2364.800537109375 770.8927001953125 
3 1896.7015380859375 61.37593078613281 1981.02587890625 238.61419677734375 
275
1 1967.49853515625 446.9772644042969 2364.577880859375 768.817626953125 
3 1498.17236328125 7.6594390869140625 1565.41162109375 177.87371826171875 
3 1896.77734375 63.39879608154297 1980.8194580078125 238.630126953125 
276
3 1498.1522216796875 7.6356658935546875 1565.3604736328125 178.02972412109375 
1 1968.232666015625 446.9012756347656 2364.509033203125 768.35595703125 
3 1896.8402099609375 63.805397033691406 1980.887939453125 238.510498046875 
277
3 1498.1993408203125 7.52288818359375 1565.3880615234375 178.04824829101562 
1 1971.5703125 447.6156921386719 2364.30712890625 767.4564208984375 
3 1896.911376953125 57.747657775878906 1981.2724609375 238.68603515625 
278
3 1498.1837158203125 7.4781494140625 1565.4669189453125 177.94137573242188 
1 1970.566162109375 449.02972412109375 2363.171142578125 766.8758544921875 
3 1896.9312744140625 54.81413269042969 1981.91455078125 239.06903076171875 
279
3 1498.1129150390625 7.44342041015625 1565.4820556640625 178.0223388671875 
1 1966.54541015625 450.0302429199219 2362.294189453125 780.3275756835938 
3 1896.891357421875 54.21440124511719 1981.49072265625 238.7257080078125 
280
3 1497.94189453125 7.3923492431640625 1565.423583984375 178.0016326904297 
1 1968.2998046875 452.60345458984375 2362.123291015625 779.7780151367188 
3 1896.8233642578125 54.27044677734375 1981.2705078125 240.04071044921875 
281
3 1497.9193115234375 7.357658386230469 1565.4644775390625 178.10263061523438 
1 1967.864990234375 456.20806884765625 2361.515869140625 780.4364013671875 
3 1896.757080078125 53.83415222167969 1981.160400390625 242.03875732421875 
282
3 1497.8963623046875 7.313629150390625 1565.402587890625 178.17835998535156 
1 1968.964599609375 460.0794372558594 2361.093505859375 779.652099609375 
3 1896.83447265625 53.567344665527344 1981.2603759765625 241.37820434570312 
283
3 1497.98876953125 7.4501953125 1565.195068359375 178.17515563964844 
1 1968.8709716796875 464.32501220703125 2362.1259765625 784.9332885742188 
3 1896.952392578125 53.853302001953125 1981.11181640625 240.138427734375 
284
3 1497.9736328125 7.5531158447265625 1565.0452880859375 178.2321014404297 
1 1968.771728515625 470.2154235839844 2362.035888671875 793.68310546875 
3 1896.953857421875 53.9345703125 1980.790771484375 240.17138671875 
285
3 1498.0103759765625 7.502685546875 1564.963623046875 178.13720703125 
1 1968.5191650390625 475.09222412109375 2362.590576171875 800.5885009765625 
3 1896.8524169921875 53.719451904296875 1980.7548828125 239.68850708007812 
286
3 1498.0306396484375 7.519065856933594 1564.9268798828125 178.11167907714844 
3 1896.87548828125 53.61566162109375 1980.5086669921875 239.75048828125 
1 1968.346435546875 484.41668701171875 2364.476318359375 807.9823608398438 
287
3 1497.8502197265625 7.591743469238281 1564.9661865234375 178.24742126464844 
3 1897.0257568359375 53.61293029785156 1980.1417236328125 238.80294799804688 
1 1968.703125 488.98992919921875 2367.199951171875 808.0909423828125 
288
3 1497.939208984375 7.6488494873046875 1564.8135986328125 178.31692504882812 
3 1896.91455078125 53.379600524902344 1980.162109375 238.74740600585938 
1 1968.808837890625 492.0211181640625 2369.787109375 809.6419677734375 
289
3 1497.777587890625 7.66314697265625 1564.7552490234375 178.32066345214844 
1 1968.586181640625 494.145751953125 2373.7158203125 800.4592895507812 
3 1897.003662109375 53.273956298828125 1980.0828857421875 238.603759765625 
290
1 1969.403564453125 494.72833251953125 2377.344482421875 794.64306640625 
3 1497.8861083984375 7.758460998535156 1564.7276611328125 178.2838134765625 
3 1896.9788818359375 53.30524444580078 1980.0751953125 238.97064208984375 
291
1 1969.4842529296875 495.44366455078125 2383.17626953125 795.155517578125 
3 1497.8328857421875 7.976234436035156 1564.70703125 178.14425659179688 
3 1896.8798828125 53.33586883544922 1980.216796875 238.49261474609375 
292
1 1969.976806640625 495.2529296875 2388.949462890625 793.6547241210938 
3 1497.84716796875 8.096405029296875 1564.717529296875 178.19503784179688 
3 1896.8199462890625 53.54822540283203 1980.3572998046875 238.90399169921875 
293
1 1969.1109619140625 493.322265625 2394.82080078125 793.6986083984375 
3 1497.6669921875 8.266899108886719 1564.53076171875 178.25375366210938 
3 1896.9779052734375 53.79535675048828 1980.1488037109375 238.24169921875 
294
1 1968.716552734375 491.17559814453125 2398.919921875 795.338134765625 
3 1497.6722412109375 8.166358947753906 1564.4490966796875 178.15866088867188 
3 1896.9556884765625 53.71051788330078 1980.292236328125 238.624755859375 
295
1 1969.69580078125 491.46435546875 2402.1669921875 795.3203735351562 
3 1497.4942626953125 8.193641662597656 1564.2333984375 178.0827178955078 
3 1897.0465087890625 53.74226379394531 1980.395263671875 238.93798828125 
296
3 1497.3858642578125 8.289306640625 1563.9923095703125 177.94625854492188 
1 1968.3446044921875 491.53472900390625 2406.468017578125 795.5919799804688 
3 1896.8394775390625 53.78990936279297 1980.4857177734375 240.52032470703125 
3 1896.87744140625 52.937530517578125 1980.5745849609375 241.1651611328125 
297
3 1497.2166748046875 8.33636474609375 1563.9154052734375 178.0006866455078 
1 1970.089111328125 492.55487060546875 2407.9140625 797.1648559570312 
3 1896.909912109375 53.892189025878906 1980.3973388671875 240.24606323242188 
298
3 1497.2706298828125 8.453277587890625 1563.7513427734375 177.5646209716797 
1 1971.45166015625 495.92291259765625 2412.576904296875 795.5308227539062 
3 1897.1888427734375 53.842140197753906 1980.2158203125 238.03192138671875 
299
1 1971.6666259765625 497.418701171875 2412.849365234375 799.0578002929688 
3 1497.121826171875 8.419883728027344 1563.8013916015625 177.58482360839844 
3 1897.0023193359375 53.91432189941406 1980.3248291015625 238.22393798828125 
300
1 1970.025390625 499.7935791015625 2412.767822265625 800.5360717773438 
3 1496.9837646484375 8.536041259765625 1563.6573486328125 177.47097778320312 
3 1896.8671875 53.722206115722656 1980.521484375 238.72067260742188 
301
1 1970.2861328125 503.4442138671875 2412.4169921875 798.6911010742188 
3 1496.91064453125 8.587562561035156 1563.55810546875 177.4090576171875 
3 1896.99267578125 54.70817565917969 1980.3326416015625 238.35443115234375 
302
3 1497.0001220703125 8.676292419433594 1563.46630859375 177.3427734375 
1 1970.329833984375 509.2216796875 2414.10791015625 817.7591552734375 
3 1897.121337890625 54.627288818359375 1980.2181396484375 238.0902099609375 
303
3 1496.8525390625 8.717376708984375 1563.5325927734375 177.31063842773438 
3 1897.219970703125 54.25062561035156 1980.2576904296875 237.92123413085938 
1 1969.2044677734375 509.6064453125 2414.975341796875 825.4891357421875 
304
3 1496.767578125 8.756828308105469 1563.4195556640625 177.23529052734375 
3 1897.2491455078125 53.395050048828125 1980.6324462890625 237.78573608398438 
1 1973.595947265625 509.51141357421875 2415.89111328125 797.5111083984375 
305
1 1976.14892578125 506.7314453125 2417.458251953125 816.3761596679688 
3 1496.5711669921875 8.773162841796875 1563.5528564453125 177.25413513183594 
3 1897.2969970703125 53.57207489013672 1980.6595458984375 237.40234375 
306
1 1973.785888671875 504.8228759765625 2419.137939453125 799.2933349609375 
3 1496.476806640625 8.814567565917969 1563.5244140625 177.21383666992188 
3 1897.33349609375 54.21277618408203 1980.7960205078125 237.37216186523438 
307
1 1973.52197265625 501.60711669921875 2422.6748046875 794.7538452148438 
3 1496.5040283203125 8.758064270019531 1563.64013671875 177.33355712890625 
3 1897.270263671875 53.770973205566406 1981.199951171875 238.22149658203125 
308
3 1496.387939453125 8.745567321777344 1563.6544189453125 177.28323364257812 
1 1975.4703369140625 498.61700439453125 2425.275390625 796.000732421875 
3 1897.196533203125 53.896148681640625 1981.3138427734375 239.58547973632812 
309
3 1496.4033203125 8.717254638671875 1563.656005859375 177.2345428466797 
3 1897.130615234375 53.74286651611328 1981.6036376953125 240.82479858398438 
1 1979.8402099609375 496.3824462890625 2418.214111328125 792.8807373046875 
310
3 1496.41015625 8.780059814453125 1563.68359375 177.19012451171875 
3 1897.2650146484375 53.71552276611328 1981.766845703125 241.25140380859375 
1 1976.669921875 490.09423828125 2426.661376953125 793.3394775390625 
311
3 1496.2401123046875 9.249198913574219 1563.544677734375 177.42239379882812 
3 1897.315185546875 53.48399353027344 1981.98779296875 239.6568603515625 
0 1978.557373046875 484.956787109375 2429.134765625 933.2454833984375 
1 1978.2945556640625 484.7689208984375 2427.660400390625 797.6685791015625 
312
3 1496.192138671875 9.240615844726562 1563.2945556640625 177.15061950683594 
1 1981.0950927734375 479.64141845703125 2427.753662109375 796.6856689453125 
3 1897.2882080078125 53.43310546875 1981.9527587890625 239.26531982421875 
313
3 1496.0694580078125 9.193817138671875 1563.2772216796875 177.32186889648438 
3 1897.1771240234375 53.43775177001953 1982.121337890625 239.12606811523438 
1 1988.6253662109375 473.5222473144531 2428.879638671875 799.6820068359375 
314
3 1496.058349609375 9.210044860839844 1563.2305908203125 177.29638671875 
3 1897.1141357421875 53.50830841064453 1982.0738525390625 238.9949951171875 
1 1987.4908447265625 469.546142578125 2428.773681640625 796.9660034179688 
315
3 1496.058837890625 9.203269958496094 1563.4879150390625 177.29931640625 
3 1897.037841796875 53.45037841796875 1982.015380859375 240.28903198242188 
316
3 1496.0172119140625 9.2005615234375 1563.5311279296875 177.21630859375 
3 1897.0765380859375 53.40777587890625 1981.91162109375 240.37515258789062 
317
3 1496.0347900390625 9.157188415527344 1563.3150634765625 177.21017456054688 
3 1897.0457763671875 53.3956298828125 1981.949951171875 243.53594970703125 
318
3 1496.0535888671875 9.16253662109375 1563.267578125 177.144287109375 
3 1897.0819091796875 53.38310241699219 1981.8450927734375 244.09027099609375 
319
3 1495.82666015625 9.138839721679688 1563.2740478515625 177.34918212890625 
3 1897.340576171875 53.35981750488281 1981.7742919921875 241.093017578125 
320
3 1495.798828125 9.1346435546875 1563.2447509765625 177.2985076904297 
3 1897.3226318359375 53.3358154296875 1981.7752685546875 241.17831420898438 
321
3 1495.696533203125 9.174171447753906 1563.115234375 177.31629943847656 
3 1897.3260498046875 53.297813415527344 1981.75 240.72030639648438 
322
3 1495.6929931640625 9.177101135253906 1563.1156005859375 177.27232360839844 
3 1897.375 53.315582275390625 1981.74267578125 240.93826293945312 
323
3 1495.5325927734375 9.206977844238281 1562.73779296875 177.20172119140625 
3 1897.425537109375 53.318031311035156 1981.6419677734375 241.47671508789062 
324
3 1495.5458984375 9.215103149414062 1562.7083740234375 177.24246215820312 
3 1897.52783203125 53.24559020996094 1981.6427001953125 241.57757568359375 
325
3 1495.60205078125 9.217315673828125 1562.7618408203125 177.2581329345703 
3 1897.55126953125 53.364540100097656 1981.4906005859375 240.7344970703125 
326
3 1495.6357421875 9.322822570800781 1562.771240234375 177.63497924804688 
3 1897.453369140625 53.149436950683594 1981.4952392578125 240.80441284179688 
327
3 1495.5809326171875 9.285011291503906 1562.8072509765625 177.62579345703125 
3 1897.4224853515625 53.127540588378906 1981.5018310546875 241.38116455078125 
328
3 1495.5914306640625 9.332542419433594 1562.84326171875 177.6673583984375 
3 1897.380859375 52.92688751220703 1981.25048828125 240.7064208984375 
329
3 1495.5887451171875 9.360237121582031 1562.871337890625 177.63973999023438 
3 1897.393310546875 52.839378356933594 1981.2457275390625 240.45217895507812 
330
3 1495.66552734375 9.401222229003906 1562.9154052734375 177.6474609375 
3 1897.4173583984375 52.69914245605469 1981.153564453125 240.6624755859375 
1 1999.9678955078125 486.869384765625 2425.099853515625 823.30517578125 
331
3 1495.7314453125 9.451217651367188 1562.9886474609375 177.5418701171875 
3 1897.4283447265625 52.81816864013672 1981.127685546875 240.3486328125 
1 1999.8951416015625 486.61236572265625 2425.494873046875 820.0313720703125 
332
3 1495.7686767578125 9.468223571777344 1563.029052734375 177.73184204101562 
3 1897.401611328125 52.820526123046875 1981.108154296875 241.37185668945312 
1 1998.9708251953125 485.6632080078125 2425.115478515625 820.2680053710938 
333
3 1495.7786865234375 9.477859497070312 1563.052734375 177.78189086914062 
3 1897.425537109375 52.843833923339844 1981.11328125 241.54263305664062 
1 1999.4412841796875 484.3994140625 2424.4072265625 818.555419921875 
334
3 1496.0689697265625 9.594253540039062 1563.22607421875 177.74147033691406 
1 1999.2835693359375 482.8116455078125 2423.282958984375 814.5908203125 
3 1897.4271240234375 52.83837890625 1981.153564453125 241.7470703125 
335
3 1496.078857421875 9.582557678222656 1563.2257080078125 177.80325317382812 
1 1999.620361328125 478.7979736328125 2423.083251953125 808.3179321289062 
3 1897.4005126953125 52.79698944091797 1981.057373046875 240.90179443359375 
336
3 1495.9439697265625 9.647239685058594 1563.37841796875 177.75918579101562 
1 1999.61767578125 479.4822998046875 2423.503662109375 799.1317138671875 
3 1897.4649658203125 52.98949432373047 1981.016357421875 241.08193969726562 
337
3 1495.90576171875 9.642143249511719 1563.4110107421875 177.80929565429688 
3 1897.458740234375 52.953125 1981.06591796875 241.3590087890625 
1 1999.0633544921875 479.982421875 2423.922607421875 801.7334594726562 
338
3 1495.9088134765625 9.653404235839844 1563.434814453125 177.786376953125 
1 1999.718994140625 480.43634033203125 2422.781005859375 797.1842041015625 
3 1897.4569091796875 53.131629943847656 1980.911376953125 240.45126342773438 
339
3 1496.11279296875 9.77569580078125 1563.40869140625 177.87501525878906 
1 1999.63818359375 485.14910888671875 2421.212890625 794.2317504882812 
3 1897.40625 53.115028381347656 1981.0037841796875 240.84390258789062 
340
3 1496.1104736328125 9.740333557128906 1563.4852294921875 177.9347381591797 
3 1897.3463134765625 53.545379638671875 1981.143310546875 241.0078125 
1 1999.6114501953125 485.03515625 2420.19580078125 793.5869140625 
341
3 1496.3621826171875 9.852989196777344 1563.4246826171875 178.00144958496094 
3 1897.358154296875 53.94507598876953 1981.431396484375 240.783447265625 
1 1999.18408203125 487.76995849609375 2418.537109375 794.0889892578125 
342
3 1496.3111572265625 9.753067016601562 1563.463623046875 177.91915893554688 
1 1999.631591796875 489.27691650390625 2420.163330078125 794.2686157226562 
3 1897.3599853515625 53.99481201171875 1981.390625 241.24420166015625 
343
3 1496.2152099609375 9.889862060546875 1563.590576171875 177.80563354492188 
1 1999.4654541015625 489.0845947265625 2418.77001953125 793.721435546875 
3 1897.234130859375 54.195335388183594 1981.524658203125 241.01220703125 
344
3 1496.1788330078125 9.903060913085938 1563.58837890625 177.79412841796875 
1 1999.9757080078125 490.57781982421875 2418.44580078125 793.2627563476562 
3 1897.089111328125 54.27611541748047 1981.6822509765625 240.36856079101562 
345
3 1496.110107421875 10.076347351074219 1563.6055908203125 177.82546997070312 
1 2000.397216796875 490.9730224609375 2419.050537109375 793.5545654296875 
3 1896.7977294921875 54.18937683105469 1981.9769287109375 240.5562744140625 
346
1 2000.943115234375 488.6610107421875 2419.294677734375 793.9888916015625 
3 1496.168701171875 10.239151000976562 1563.6197509765625 177.8247833251953 
3 1896.82421875 54.46056365966797 1982.0145263671875 239.3092041015625 
347
3 1496.17578125 10.421180725097656 1563.6136474609375 177.68072509765625 
1 2001.400634765625 487.51531982421875 2420.06103515625 793.5145263671875 
3 1896.93896484375 54.600669860839844 1982.1949462890625 239.619140625 
348
3 1496.172119140625 10.422981262207031 1563.6077880859375 177.67625427246094 
3 1896.876220703125 54.682891845703125 1982.18994140625 239.72677612304688 
1 2002.05517578125 484.900634765625 2425.57421875 794.716552734375 
1 2001.110595703125 485.387451171875 2343.704345703125 793.5333862304688 
349
3 1496.251708984375 10.269256591796875 1563.70068359375 177.65858459472656 
1 2000.85595703125 481.770263671875 2424.973876953125 795.0501098632812 
3 1896.9727783203125 55.25090026855469 1982.22900390625 239.74688720703125 
350
3 1496.216552734375 10.319557189941406 1563.6505126953125 177.73095703125 
1 1999.5926513671875 478.88763427734375 2427.145263671875 796.2249755859375 
3 1896.935546875 55.06513977050781 1982.385009765625 240.0843505859375 
351
3 1496.1976318359375 10.168693542480469 1563.689453125 177.87176513671875 
1 1998.720947265625 477.1602783203125 2428.685791015625 802.0155639648438 
3 1896.8717041015625 55.79774475097656 1982.4395751953125 239.63250732421875 
352
3 1496.145263671875 10.157501220703125 1563.7821044921875 177.93673706054688 
1 1998.2769775390625 474.8616027832031 2430.7705078125 805.5401000976562 
3 1896.8485107421875 55.66907501220703 1982.53125 239.31219482421875 
353
3 1496.3486328125 10.142318725585938 1563.7574462890625 177.85897827148438 
1 1998.8807373046875 473.16448974609375 2434.94580078125 816.332275390625 
3 1896.85888671875 55.7611083984375 1982.6317138671875 239.88119506835938 
354
3 1496.2974853515625 10.120941162109375 1563.823486328125 177.8276824951172 
1 1998.7587890625 472.8594970703125 2436.236083984375 815.2048950195312 
3 1896.8853759765625 55.51417541503906 1982.638671875 239.6331787109375 
355
3 1496.433837890625 9.84228515625 1563.8218994140625 177.87582397460938 
3 1896.8477783203125 55.03846740722656 1982.7857666015625 241.125244140625 
1 1998.877685546875 474.4537353515625 2438.530029296875 819.8470458984375 
356
3 1496.83837890625 9.969070434570312 1563.78125 177.65333557128906 
3 1896.829833984375 54.506744384765625 1983.0721435546875 239.83135986328125 
1 2000.54296875 473.74810791015625 2440.461181640625 824.3460693359375 
357
3 1496.7904052734375 9.910491943359375 1563.8037109375 177.68679809570312 
3 1896.864013671875 54.46697235107422 1982.988037109375 239.814697265625 
1 1998.5999755859375 477.230224609375 2441.9609375 825.9434814453125 
358
3 1496.813232421875 9.855537414550781 1563.827880859375 177.73606872558594 
1 1997.92333984375 480.9605712890625 2442.562255859375 827.055908203125 
3 1896.91259765625 54.37462615966797 1982.97119140625 238.9945068359375 
359
3 1496.8021240234375 9.8126220703125 1563.7752685546875 177.73809814453125 
1 1998.417724609375 486.96783447265625 2445.184326171875 826.6258544921875 
3 1896.9229736328125 54.323204040527344 1983.0518798828125 238.6856689453125 
360
3 1496.7069091796875 9.779647827148438 1563.833251953125 177.57052612304688 
1 1999.28515625 492.37713623046875 2446.505859375 826.7724609375 
3 1896.8775634765625 54.3125 1983.0670166015625 239.021484375 
361
3 1496.775146484375 9.836212158203125 1563.84423828125 177.6056365966797 
1 1998.0338134765625 501.18359375 2447.102294921875 826.675048828125 
3 1896.887451171875 54.47099304199219 1983.0400390625 238.9166259765625 
362
3 1496.8096923828125 9.850074768066406 1563.8966064453125 177.59439086914062 
1 1998.1805419921875 507.8470458984375 2449.330810546875 826.012939453125 
3 1897.089599609375 54.675437927246094 1983.04150390625 238.81500244140625 
363
1 1997.1781005859375 515.3239135742188 2450.33642578125 827.5536499023438 
3 1496.837890625 9.840583801269531 1563.8675537109375 177.53790283203125 
3 1897.0684814453125 54.86863708496094 1982.9725341796875 238.796142578125 
364
3 1496.8704833984375 9.769508361816406 1563.8544921875 177.47857666015625 
3 1897.113037109375 55.065162658691406 1982.9627685546875 238.503173828125 
0 1997.0654296875 522.4274291992188 2448.713623046875 852.4407348632812 
365
3 1496.8853759765625 9.803337097167969 1563.861328125 177.4345245361328 
1 1996.5101318359375 526.0234375 2451.23095703125 835.8631591796875 
3 1897.1033935546875 54.79327392578125 1983.03271484375 238.43572998046875 
366
3 1496.8760986328125 9.80267333984375 1563.8582763671875 177.5266876220703 
3 1897.1429443359375 54.706077575683594 1983.045654296875 238.47079467773438 
1 1997.4012451171875 529.1741943359375 2452.723388671875 837.0857543945312 
0 1997.296875 528.762939453125 2455.455810546875 1041.741943359375 
367
3 1496.8538818359375 9.788520812988281 1563.8380126953125 177.49502563476562 
3 1897.199951171875 54.818092346191406 1982.9454345703125 238.200927734375 
1 1997.5557861328125 531.7139892578125 2369.87841796875 837.2992553710938 
368
3 1496.888916015625 9.759529113769531 1563.858642578125 177.47341918945312 
3 1897.2158203125 54.569801330566406 1983.163330078125 238.09783935546875 
1 1996.883544921875 531.2005004882812 2372.725830078125 834.760498046875 
1 1997.3052978515625 531.1777954101562 2461.314697265625 835.3486328125 
369
1 1997.766845703125 528.5382080078125 2461.3203125 830.8671264648438 
3 1496.9005126953125 9.717124938964844 1563.8299560546875 177.44802856445312 
3 1897.2274169921875 54.48326873779297 1983.14208984375 238.1800537109375 
370
3 1496.8839111328125 9.736534118652344 1563.83154296875 177.4286346435547 
1 1997.82421875 525.0660400390625 2466.3017578125 827.3779296875 
3 1897.24462890625 54.489295959472656 1983.13671875 238.2222900390625 
371
3 1496.8966064453125 9.789794921875 1564.0833740234375 177.47462463378906 
1 1998.9420166015625 520.2129516601562 2470.99951171875 825.9003295898438 
3 1897.33349609375 55.22886657714844 1982.91796875 238.8876953125 
372
3 1496.780029296875 9.666603088378906 1564.15771484375 177.2901153564453 
1 1999.164794921875 514.7456665039062 2472.904541015625 825.8281860351562 
3 1897.31591796875 55.28367614746094 1982.8875732421875 238.59808349609375 
373
3 1496.79345703125 9.64691162109375 1563.973388671875 177.31053161621094 
3 1897.3153076171875 55.102622985839844 1982.87255859375 238.34353637695312 
1 1999.6405029296875 510.05413818359375 2473.374267578125 825.634033203125 
1 1999.8177490234375 510.4970703125 2386.77880859375 824.9957275390625 
374
3 1496.7423095703125 9.640823364257812 1563.9237060546875 177.302001953125 
1 1999.43603515625 503.3197021484375 2474.83984375 825.5419921875 
3 1897.306884765625 55.23230743408203 1982.7591552734375 238.71371459960938 
375
3 1496.509765625 9.668045043945312 1563.934326171875 177.33206176757812 
3 1897.3370361328125 55.33594512939453 1982.6900634765625 238.72357177734375 
1 2000.931884765625 498.1251220703125 2392.83740234375 826.0098876953125 
376
3 1496.510498046875 9.681549072265625 1563.9376220703125 177.3600616455078 
1 1999.69775390625 495.94775390625 2477.338134765625 826.5989990234375 
3 1897.321533203125 55.369781494140625 1982.6014404296875 238.74560546875 
377
3 1496.4256591796875 9.6490478515625 1563.9005126953125 177.40109252929688 
1 1999.1966552734375 492.4482421875 2478.853515625 825.5902099609375 
3 1897.3021240234375 55.37428283691406 1982.535400390625 238.74655151367188 
378
3 1496.375 9.640182495117188 1563.9803466796875 177.4596405029297 
3 1897.2550048828125 55.50907897949219 1982.4764404296875 238.55328369140625 
1 2000.655029296875 491.82159423828125 2407.221923828125 825.0132446289062 
379
3 1496.1514892578125 9.579292297363281 1563.7816162109375 177.57000732421875 
1 1998.962890625 493.173095703125 2479.499755859375 825.5277709960938 
3 1897.2244873046875 55.05540466308594 1982.4139404296875 238.4913330078125 
380
3 1496.15478515625 9.608184814453125 1563.8482666015625 177.53810119628906 
1 1998.8988037109375 498.73846435546875 2479.275390625 824.9658203125 
3 1897.2406005859375 55.39796447753906 1982.3663330078125 238.45233154296875 
381
3 1495.960693359375 9.544601440429688 1563.665283203125 177.5377655029297 
1 1998.814453125 501.8822021484375 2478.380126953125 824.5177001953125 
3 1897.1878662109375 57.040306091308594 1982.169189453125 238.36962890625 
382
3 1495.924560546875 9.565177917480469 1563.6337890625 177.4716339111328 
1 1998.153076171875 509.076171875 2477.70263671875 824.5427856445312 
3 1897.17578125 58.360939025878906 1982.173828125 238.4085693359375 
383
3 1495.94921875 9.53558349609375 1563.602783203125 177.51019287109375 
1 1998.2247314453125 516.36376953125 2475.94189453125 824.837890625 
3 1897.08642578125 55.641090393066406 1982.424560546875 238.57730102539062 
384
3 1495.937255859375 9.452598571777344 1563.4822998046875 177.6313018798828 
1 1997.3170166015625 534.704833984375 2475.416259765625 824.1997680664062 
3 1897.0914306640625 63.22227478027344 1982.180419921875 238.71270751953125 
385
3 1496.0390625 9.474472045898438 1563.520263671875 177.82266235351562 
3 1897.0274658203125 64.73576354980469 1982.5799560546875 239.69540405273438 
1 1998.333251953125 527.25146484375 2474.219482421875 828.5452880859375 
386
3 1496.1290283203125 9.448638916015625 1563.371826171875 177.94163513183594 
3 1897.0230712890625 66.27664184570312 1982.67138671875 240.8126220703125 
0 1995.365234375 539.1868286132812 2472.744140625 845.9561767578125 
387
0 1994.7547607421875 545.5880126953125 2470.845703125 860.690673828125 
3 1496.18798828125 9.420295715332031 1563.4058837890625 177.8997802734375 
3 1897.034912109375 64.92500305175781 1982.09423828125 239.9058837890625 
388
0 1994.4862060546875 553.5325927734375 2468.473388671875 872.2020263671875 
3 1496.2095947265625 9.440277099609375 1563.353271484375 177.94577026367188 
3 1897.12548828125 68.85098266601562 1981.21044921875 239.74038696289062 
389
0 1994.0794677734375 557.1971435546875 2466.9306640625 881.5209350585938 
3 1496.2506103515625 9.3907470703125 1563.3509521484375 177.89830017089844 
3 1897.105224609375 69.3191909790039 1981.142578125 239.324951171875 
390
0 1992.212158203125 559.1532592773438 2468.42822265625 881.3846435546875 
3 1496.281494140625 9.338600158691406 1563.266845703125 177.90087890625 
3 1897.1055908203125 67.28636932373047 1981.150634765625 240.705078125 
391
0 1991.322998046875 558.6113891601562 2470.375732421875 871.5925903320312 
3 1496.3829345703125 9.349411010742188 1563.2174072265625 177.9727020263672 
3 1897.18408203125 67.523193359375 1982.4066162109375 240.4049072265625 
392
0 1990.1746826171875 556.8829345703125 2471.09521484375 863.3152465820312 
3 1496.3416748046875 9.3641357421875 1563.188232421875 177.9124755859375 
3 1897.14453125 58.26573944091797 1982.9884033203125 240.17340087890625 
393
0 1989.8646240234375 552.74755859375 2472.7529296875 859.1643676757812 
3 1496.3504638671875 9.378654479980469 1563.1787109375 177.87486267089844 
3 1897.1199951171875 54.80156707763672 1984.12646484375 240.70892333984375 
394
0 1989.896240234375 543.6521606445312 2472.8544921875 851.183349609375 
3 1496.35791015625 9.399009704589844 1563.178955078125 177.9053192138672 
3 1897.0938720703125 54.91096496582031 1984.025390625 240.71990966796875 
395
3 1496.392333984375 9.382774353027344 1563.1400146484375 177.85440063476562 
1 1989.056396484375 538.2594604492188 2472.89404296875 829.9845581054688 
3 1896.9671630859375 55.85541534423828 1983.95654296875 242.23257446289062 
396
3 1496.371826171875 9.473564147949219 1563.225830078125 177.88525390625 
3 1896.7806396484375 57.45130157470703 1984.024658203125 241.2142333984375 
1 1989.5325927734375 533.7611694335938 2379.10595703125 829.4510498046875 
1 1989.2835693359375 533.599853515625 2473.578125 829.86767578125 
1 1990.023193359375 533.978271484375 2474.59326171875 829.318603515625 
397
3 1496.358154296875 9.479255676269531 1563.2359619140625 177.78347778320312 
3 1896.607666015625 57.741455078125 1984.0860595703125 241.04403686523438 
1 1987.206298828125 526.29248046875 2378.725341796875 825.41357421875 
1 1986.961181640625 526.2982177734375 2474.820556640625 826.5315551757812 
398
3 1496.318115234375 9.446258544921875 1563.224365234375 177.79290771484375 
3 1896.675537109375 59.928375244140625 1983.291748046875 239.87203979492188 
1 1992.1895751953125 521.08935546875 2377.78857421875 824.9364013671875 
1 1992.6702880859375 520.498046875 2472.222900390625 826.013427734375 
399
3 1496.275390625 9.492042541503906 1563.275390625 177.7755126953125 
3 1896.8316650390625 62.10340881347656 1983.3240966796875 239.92999267578125 
1 1991.727294921875 516.640380859375 2377.557861328125 825.301025390625 
400
3 1496.345947265625 9.512771606445312 1563.174560546875 177.76382446289062 
3 1896.931640625 63.15635681152344 1983.52734375 238.258056640625 
1 1993.3167724609375 513.968505859375 2373.1640625 825.8983154296875 
401
3 1496.2259521484375 9.28924560546875 1563.1280517578125 177.4567413330078 
3 1896.66748046875 62.54644775390625 1984.1011962890625 239.60406494140625 
1 1995.3343505859375 510.67333984375 2458.94091796875 828.1082763671875 
402
3 1496.3507080078125 9.354972839355469 1563.1845703125 177.34503173828125 
1 1999.17919921875 508.403076171875 2456.968505859375 826.7957763671875 
3 1896.635498046875 62.898277282714844 1984.5123291015625 239.38082885742188 
403
3 1496.281005859375 9.19451904296875 1563.2196044921875 177.36764526367188 
3 1896.7620849609375 61.9744873046875 1985.0673828125 240.12997436523438 
1 2003.7587890625 505.57568359375 2455.144287109375 827.782470703125 
404
3 1496.2882080078125 9.133621215820312 1563.2271728515625 177.33534240722656 
1 2004.507568359375 504.557861328125 2450.661865234375 826.3861083984375 
3 1896.688720703125 62.099998474121094 1985.2900390625 239.64794921875 
405
1 2004.3778076171875 502.03656005859375 2447.00927734375 825.8215942382812 
3 1496.2330322265625 9.157875061035156 1563.24462890625 177.33033752441406 
3 1896.6827392578125 61.05351257324219 1985.39453125 238.85723876953125 
406
3 1496.2724609375 9.19134521484375 1563.214111328125 177.26551818847656 
1 2005.2889404296875 501.21343994140625 2442.014892578125 826.0489501953125 
3 1896.87548828125 59.903892517089844 1985.6146240234375 238.7470703125 
407
3 1496.3692626953125 9.199531555175781 1563.2392578125 177.31275939941406 
1 2003.682373046875 516.9566650390625 2436.74267578125 825.0697631835938 
3 1896.7540283203125 60.34275817871094 1985.6920166015625 239.26394653320312 
3 2497.198974609375 872.4459838867188 2559.0517578125 1012.9674072265625 
408
1 2004.294921875 496.091552734375 2433.186767578125 825.9190673828125 
3 1496.390869140625 9.190467834472656 1563.3021240234375 177.36526489257812 
3 1896.6619873046875 60.370216369628906 1985.768798828125 240.02587890625 
3 2496.639892578125 839.4326171875 2559.014404296875 1012.7783203125 
409
1 2000.16064453125 495.3973388671875 2428.73046875 825.3045043945312 
3 1496.4925537109375 9.193672180175781 1563.2186279296875 177.20362854003906 
3 1896.6092529296875 59.99555206298828 1985.708984375 240.44570922851562 
3 2496.82861328125 831.3250122070312 2559.05322265625 1011.230224609375 
410
3 1496.5179443359375 9.173194885253906 1563.2578125 177.25900268554688 
1 1996.39404296875 495.2777099609375 2426.016357421875 825.0231323242188 
3 1896.6561279296875 59.785606384277344 1985.601806640625 239.9840087890625 
411
3 1496.4930419921875 9.162055969238281 1563.4898681640625 177.3003387451172 
1 1997.302001953125 496.3853759765625 2421.658203125 826.524169921875 
3 1896.5784912109375 59.80177307128906 1985.115966796875 239.60107421875 
412
1 1991.7451171875 499.3267822265625 2417.3095703125 827.8959350585938 
3 1496.537353515625 9.196990966796875 1563.496337890625 177.3594512939453 
3 1896.5556640625 60.0667724609375 1984.63037109375 239.72918701171875 
3 2495.71826171875 825.0759887695312 2558.97216796875 1011.302978515625 
413
3 1496.550048828125 9.065605163574219 1563.5718994140625 177.42364501953125 
3 1896.539306640625 58.14098358154297 1984.46923828125 240.59027099609375 
1 1980.8614501953125 500.6417236328125 2415.339599609375 829.1820678710938 
414
3 1496.522216796875 9.1053466796875 1563.6959228515625 177.48321533203125 
1 1999.8570556640625 503.76593017578125 2412.3037109375 816.4354248046875 
3 1896.4580078125 57.32536315917969 1984.2374267578125 239.94964599609375 
415
1 1999.164306640625 505.27032470703125 2410.5859375 792.84765625 
3 1496.697021484375 9.120811462402344 1563.6949462890625 177.38790893554688 
3 1896.5789794921875 56.60166931152344 1983.77294921875 238.797607421875 
416
1 2001.0306396484375 509.34820556640625 2410.446044921875 785.103759765625 
3 1496.6270751953125 9.219161987304688 1563.8773193359375 177.37074279785156 
3 1896.85498046875 57.90668487548828 1983.45654296875 239.02447509765625 
417
1 2001.4732666015625 512.5692749023438 2408.224853515625 787.143798828125 
3 1496.625244140625 9.212196350097656 1563.8670654296875 177.41043090820312 
3 1896.8238525390625 58.288421630859375 1983.4149169921875 239.40505981445312 
418
3 1496.578369140625 9.202903747558594 1563.80078125 177.51052856445312 
1 2000.6463623046875 515.2428588867188 2409.35205078125 792.4341430664062 
3 1896.7779541015625 55.90727233886719 1983.5277099609375 239.78939819335938 
3 2492.566162109375 845.581298828125 2559.029541015625 1005.6981201171875 
419
0 2000.6282958984375 518.5872192382812 2408.6025390625 864.890869140625 
3 1496.74560546875 9.226463317871094 1563.9608154296875 177.5301971435547 
3 1896.8006591796875 55.87628936767578 1983.6378173828125 241.41375732421875 
420
3 1496.7071533203125 9.186981201171875 1563.979248046875 177.51686096191406 
0 2002.449462890625 522.830078125 2404.465087890625 867.8134765625 
3 1896.860595703125 56.6749267578125 1983.5467529296875 241.19680786132812 
421
3 1496.704345703125 9.159080505371094 1564.0670166015625 177.55084228515625 
1 2003.0477294921875 528.4190673828125 2397.785888671875 805.5746459960938 
3 1896.859130859375 56.65968322753906 1983.5123291015625 241.50454711914062 
422
3 1496.751953125 9.2298583984375 1564.046875 177.54531860351562 
3 1896.8603515625 56.041786193847656 1983.401123046875 241.9326171875 
1 2003.6968994140625 533.7886962890625 2407.02490234375 804.02880859375 
0 2003.9525146484375 533.683349609375 2408.216064453125 875.9754028320312 
0 2004.44140625 533.6007080078125 2406.963134765625 867.785888671875 
423
3 1496.7349853515625 9.16705322265625 1564.0469970703125 177.41326904296875 
1 2003.6951904296875 539.13623046875 2421.28173828125 807.001953125 
3 1896.7447509765625 55.25495910644531 1983.802001953125 244.1475830078125 
0 2003.4925537109375 538.6221923828125 2421.17578125 877.8224487304688 
424
3 1496.846923828125 9.161109924316406 1564.0533447265625 177.41458129882812 
1 2003.730224609375 541.9462280273438 2425.3759765625 809.4478149414062 
3 1896.78759765625 54.80864715576172 1983.742431640625 245.854736328125 
425
1 2005.0740966796875 545.9105834960938 2429.596923828125 825.9700927734375 
3 1496.79736328125 9.173294067382812 1564.052734375 177.39129638671875 
3 1896.7403564453125 54.20258331298828 1983.9481201171875 245.92926025390625 
426
1 2004.987060546875 547.06103515625 2434.880615234375 829.3909301757812 
3 1496.7877197265625 9.199005126953125 1564.081298828125 177.54864501953125 
3 1896.8167724609375 54.608253479003906 1984.0318603515625 246.6224365234375 
3 2480.479736328125 823.6387939453125 2558.807861328125 1002.5816650390625 
427
0 2004.7412109375 549.1911010742188 2438.123779296875 843.0757446289062 
3 1496.9403076171875 9.180213928222656 1564.19873046875 177.5392303466797 
3 1896.7391357421875 54.92942810058594 1983.994384765625 246.40261840820312 
3 2479.7548828125 822.2373046875 2558.510498046875 1002.42333984375 
428
0 2006.5067138671875 551.3623657226562 2438.852294921875 858.9307250976562 
3 1496.9307861328125 9.188362121582031 1564.1844482421875 177.50376892089844 
3 1896.699951171875 55.79380798339844 1983.7615966796875 245.40097045898438 
429
3 1496.9874267578125 9.155479431152344 1564.2374267578125 177.63316345214844 
0 2004.0010986328125 554.4496459960938 2414.486083984375 888.309326171875 
3 1896.6021728515625 57.13273620605469 1983.6456298828125 245.54263305664062 
3 2476.012451171875 822.561767578125 2558.805419921875 1003.64697265625 
430
0 2008.5587158203125 556.0084228515625 2416.8232421875 842.5283203125 
3 1496.957275390625 9.191726684570312 1564.275146484375 177.6922607421875 
3 1896.579345703125 57.99158477783203 1983.5933837890625 245.62429809570312 
3 2481.011474609375 823.8018798828125 2559.16552734375 1004.8477783203125 
431
0 2009.6796875 559.501953125 2439.947509765625 880.5831298828125 
3 1497.353515625 9.243072509765625 1564.4901123046875 177.57997131347656 
3 1896.6416015625 62.44096374511719 1982.9425048828125 240.05072021484375 
3 2487.207275390625 823.917236328125 2558.977783203125 1001.9683837890625 
432
0 2009.9581298828125 562.11767578125 2457.45751953125 885.3815307617188 
3 1497.32373046875 9.226081848144531 1564.4808349609375 177.5550994873047 
3 1896.6473388671875 64.54003143310547 1982.6800537109375 239.490966796875 
3 2490.421630859375 824.0753173828125 2559.205078125 1005.8060302734375 
433
0 2010.567138671875 563.5755004882812 2457.66064453125 877.0013427734375 
3 1497.3433837890625 9.21728515625 1564.4671630859375 177.55441284179688 
3 1896.5765380859375 64.50639343261719 1982.635498046875 239.8609619140625 
3 2493.109130859375 835.6368408203125 2559.200439453125 1006.39111328125 
434
0 2009.67333984375 566.421630859375 2454.6796875 888.0839233398438 
3 1497.33642578125 9.211326599121094 1564.35693359375 177.59947204589844 
3 1896.634765625 65.25892639160156 1982.7540283203125 241.12435913085938 
3 2495.2529296875 842.4033203125 2559.0771484375 1007.4603271484375 
435
0 2003.5347900390625 569.1802978515625 2417.1220703125 900.1173706054688 
3 1497.184814453125 9.265838623046875 1564.4110107421875 177.62649536132812 
3 1896.5660400390625 65.89154815673828 1982.74462890625 241.87664794921875 
3 2495.0205078125 848.9163208007812 2559.048828125 1007.740966796875 
436
0 2003.6773681640625 570.00390625 2420.7734375 899.1396484375 
3 1497.1884765625 9.261619567871094 1564.4102783203125 177.6617889404297 
3 1896.43896484375 65.28974914550781 1982.8458251953125 241.73822021484375 
3 2495.584228515625 855.3015747070312 2559.096923828125 1007.7877197265625 
437
0 2002.205322265625 569.2820434570312 2423.3017578125 894.2133178710938 
3 1497.0926513671875 9.230964660644531 1564.518310546875 177.62295532226562 
3 1896.38427734375 63.550880432128906 1983.285888671875 241.14895629882812 
3 2495.20751953125 858.2852783203125 2559.07666015625 1008.597900390625 
438
0 2002.139892578125 568.0125122070312 2437.0 895.8402709960938 
3 1497.2061767578125 9.296348571777344 1564.47509765625 177.59857177734375 
3 1896.369140625 62.094207763671875 1983.743408203125 241.59759521484375 
3 2495.618896484375 912.2120971679688 2558.9697265625 1008.4105224609375 
3 2495.258056640625 863.7380981445312 2559.087158203125 1008.5341796875 
439
0 2003.153076171875 565.72216796875 2475.99365234375 891.4412841796875 
3 1497.337646484375 9.34027099609375 1564.4239501953125 177.51321411132812 
3 1896.27783203125 59.39863586425781 1984.169189453125 240.43359375 
3 2494.279052734375 864.6793823242188 2558.98828125 1010.6180419921875 
440
0 2004.09130859375 564.1801147460938 2431.1611328125 877.5482177734375 
3 1497.3485107421875 9.335090637207031 1564.4256591796875 177.50498962402344 
3 1896.27978515625 57.721412658691406 1984.1962890625 239.50872802734375 
3 2494.618896484375 867.9149169921875 2558.98388671875 1010.965087890625 
441
0 2005.104736328125 561.8831787109375 2470.38720703125 870.8749389648438 
3 1497.31396484375 9.371131896972656 1564.5098876953125 177.56008911132812 
3 1896.32470703125 56.71630096435547 1984.422607421875 239.43765258789062 
3 2494.933349609375 916.2171020507812 2558.989013671875 1008.8731689453125 
442
0 2005.9287109375 560.07421875 2492.036376953125 889.3059692382812 
3 1497.286865234375 9.393470764160156 1564.5731201171875 177.59854125976562 
3 1896.399169921875 56.34257507324219 1984.5753173828125 239.705810546875 
3 2494.192626953125 917.7330932617188 2558.951416015625 1007.6617431640625 
443
0 2006.931396484375 556.57177734375 2436.22900390625 847.221435546875 
3 1497.3026123046875 9.344573974609375 1564.614990234375 177.5467987060547 
3 1896.351806640625 56.12651824951172 1984.4871826171875 239.25015258789062 
3 2494.758056640625 921.2578735351562 2558.954345703125 1006.4210205078125 
444
3 1497.238525390625 9.324546813964844 1564.598388671875 177.5811004638672 
0 2007.299560546875 555.4539794921875 2468.203125 844.59130859375 
3 1896.4522705078125 55.91478729248047 1984.5208740234375 238.85867309570312 
445
3 1497.2098388671875 9.293907165527344 1564.60107421875 177.43310546875 
0 2007.17822265625 554.7901611328125 2466.56982421875 843.2179565429688 
3 1896.447021484375 56.183197021484375 1984.4884033203125 239.30767822265625 
446
3 1497.483642578125 9.195724487304688 1564.5721435546875 177.78355407714844 
0 2009.005859375 553.6163330078125 2497.93115234375 845.0945434570312 
3 1896.640625 57.01625061035156 1984.8184814453125 238.96017456054688 
447
3 1497.54150390625 9.207527160644531 1564.541748046875 177.9912567138672 
0 2010.112060546875 554.5965576171875 2496.6845703125 846.3466186523438 
3 1896.6251220703125 57.77850341796875 1984.7625732421875 238.54998779296875 
3 2494.933349609375 926.0587768554688 2558.93408203125 1006.3841552734375 
448
3 1497.5126953125 9.256515502929688 1564.5313720703125 178.0054168701172 
0 2009.639404296875 558.0999145507812 2498.839111328125 849.4296875 
3 1896.66796875 57.953330993652344 1984.734619140625 238.43328857421875 
449
3 1497.489013671875 9.307289123535156 1564.4625244140625 177.88870239257812 
0 2009.286865234375 559.219970703125 2499.209228515625 847.9459838867188 
3 1896.64990234375 58.73748016357422 1984.675537109375 238.27093505859375 
450
3 1497.522705078125 9.413436889648438 1564.3818359375 177.9451904296875 
3 1896.7242431640625 59.593597412109375 1984.661865234375 238.42227172851562 
0 2008.6417236328125 562.2813110351562 2520.575439453125 853.8278198242188 
451
3 1497.644287109375 9.523521423339844 1564.27685546875 177.92974853515625 
0 2009.316650390625 563.9487915039062 2545.101318359375 860.228515625 
3 1896.912109375 61.332557678222656 1984.5074462890625 237.97882080078125 
3 2498.549072265625 822.865966796875 2558.99755859375 1008.20068359375 
452
3 1497.6258544921875 9.847557067871094 1564.16650390625 177.94943237304688 
1 2009.9886474609375 565.4388427734375 2503.330810546875 838.9969482421875 
3 1896.96337890625 62.13671112060547 1984.4765625 237.984375 
3 2495.15771484375 822.0667114257812 2558.930908203125 1068.602294921875 
453
0 2010.127685546875 565.698486328125 2500.946533203125 840.8151245117188 
3 1497.644287109375 9.929679870605469 1564.24609375 177.83297729492188 
3 1897.030517578125 61.773521423339844 1984.499755859375 238.22402954101562 
3 2488.238525390625 828.447021484375 2558.929931640625 1067.8564453125 
3 2490.363037109375 829.5216064453125 2559.0126953125 1011.3223876953125 
454
3 1497.663330078125 9.678543090820312 1564.433349609375 177.9570770263672 
0 2012.375244140625 568.0358276367188 2447.400390625 843.794677734375 
3 1897.045166015625 62.49797058105469 1984.55419921875 238.268798828125 
3 2485.535400390625 831.7195434570312 2559.01123046875 1068.5113525390625 
3 2488.3154296875 833.0090942382812 2559.044921875 1011.2703857421875 
455
3 1497.7091064453125 9.326072692871094 1564.45703125 177.74746704101562 
0 2013.5960693359375 567.9027099609375 2502.08544921875 846.702880859375 
3 1897.0899658203125 61.261192321777344 1984.636962890625 238.0859375 
456
3 1497.692626953125 9.027183532714844 1564.63623046875 177.77081298828125 
3 1897.05224609375 62.10826873779297 1984.619873046875 238.12710571289062 
0 2011.7142333984375 569.4335327148438 2504.91357421875 997.524169921875 
0 2013.1514892578125 568.6653442382812 2503.879150390625 988.66455078125 
3 2493.161376953125 848.0050048828125 2558.90234375 1067.1552734375 
0 2013.0772705078125 569.4200439453125 2503.5400390625 849.482177734375 
457
0 2012.682373046875 573.7010498046875 2452.606201171875 842.624755859375 
3 1497.6805419921875 8.916427612304688 1564.73583984375 177.98765563964844 
3 1897.0146484375 61.983741760253906 1984.5692138671875 238.1805419921875 
3 2496.072998046875 853.7003784179688 2558.903564453125 1066.3568115234375 
458
0 2011.03564453125 575.7987060546875 2505.5859375 845.3741455078125 
3 1497.623291015625 8.913414001464844 1564.69921875 177.9685516357422 
3 1897.0433349609375 62.38702392578125 1984.4869384765625 238.05267333984375 
3 2496.755615234375 857.2243041992188 2558.908203125 1066.4892578125 
459
0 2010.7890625 578.3301391601562 2454.8330078125 857.6111450195312 
3 1497.6156005859375 8.841789245605469 1564.71826171875 177.98486328125 
3 1896.9951171875 61.97504425048828 1984.5389404296875 238.064453125 
3 2497.387451171875 862.0020751953125 2559.003173828125 1012.970947265625 
3 2496.58056640625 858.9776611328125 2559.01513671875 1067.3199462890625 
460
0 2011.0787353515625 583.4180908203125 2454.755615234375 887.514404296875 
3 1497.587646484375 8.815040588378906 1564.7159423828125 177.9813995361328 
3 1897.0531005859375 62.137962341308594 1984.376220703125 238.2781982421875 
461
3 1497.7119140625 8.737236022949219 1564.5362548828125 177.6490478515625 
0 2010.9146728515625 587.8321533203125 2473.86083984375 882.9632568359375 
3 1897.021484375 60.669761657714844 1984.3702392578125 238.46466064453125 
462
0 2010.0699462890625 592.4930419921875 2485.725830078125 895.7529907226562 
3 1497.6783447265625 8.722427368164062 1564.5499267578125 177.63487243652344 
3 1897.0106201171875 60.76653289794922 1984.29443359375 238.55816650390625 
463
0 2008.869873046875 596.45361328125 2498.6455078125 901.032470703125 
3 1497.781982421875 8.715034484863281 1564.4725341796875 177.43197631835938 
3 1897.028076171875 60.702911376953125 1984.3331298828125 238.912841796875 
464
0 2010.0654296875 598.4231567382812 2503.0556640625 903.6204833984375 
3 1497.78271484375 8.694175720214844 1564.4478759765625 177.45858764648438 
3 1897.0157470703125 60.430503845214844 1984.3316650390625 239.26446533203125 
465
0 2013.766357421875 599.9569702148438 2503.293701171875 901.0928955078125 
3 1497.7293701171875 8.665061950683594 1564.3740234375 177.49298095703125 
3 1896.99609375 60.959228515625 1984.3060302734375 239.22567749023438 
3 2496.77490234375 951.5315551757812 2558.97998046875 1006.4449462890625 
466
0 2016.521240234375 600.15625 2503.994384765625 891.311279296875 
3 1497.7200927734375 8.649803161621094 1564.4075927734375 177.46275329589844 
3 1896.9951171875 60.746482849121094 1984.2686767578125 239.40557861328125 
3 2496.16455078125 950.4220581054688 2559.00146484375 1007.123046875 
467
0 2017.89892578125 598.028564453125 2506.017333984375 898.8609619140625 
3 1497.73779296875 8.623741149902344 1564.4814453125 177.397705078125 
3 1896.95654296875 60.49931335449219 1984.2337646484375 239.47235107421875 
3 2495.2294921875 948.775634765625 2559.02978515625 1007.6837158203125 
468
0 2010.996826171875 595.1980590820312 2509.96044921875 912.7328491210938 
3 1497.7503662109375 8.595314025878906 1564.4808349609375 177.4024658203125 
3 1896.959716796875 60.81884765625 1984.154541015625 239.11029052734375 
3 2495.345703125 948.54052734375 2559.0400390625 1008.268798828125 
469
0 2011.038330078125 589.8179321289062 2514.175537109375 910.6253662109375 
3 1497.7252197265625 8.628692626953125 1564.498291015625 177.57412719726562 
3 1896.98583984375 61.430511474609375 1984.1192626953125 239.25958251953125 
3 2495.697998046875 948.367919921875 2559.0537109375 1008.20654296875 
470
0 2012.5030517578125 583.43359375 2519.387451171875 910.8905029296875 
3 1497.7213134765625 8.685806274414062 1564.51318359375 177.5816650390625 
3 1896.9820556640625 61.55943298339844 1984.1142578125 239.366943359375 
3 2496.050048828125 948.97509765625 2559.07080078125 1008.2156982421875 
471
0 2017.2288818359375 577.3603515625 2524.9580078125 871.9802856445312 
3 1497.5675048828125 8.754692077636719 1564.4539794921875 177.61233520507812 
3 1897.021240234375 60.99311828613281 1984.02294921875 239.15972900390625 
3 2496.27197265625 948.8859252929688 2559.065673828125 1008.0548095703125 
472
0 2018.9249267578125 569.7279052734375 2459.109130859375 874.3046264648438 
3 1496.946533203125 8.941604614257812 1563.776611328125 177.42056274414062 
3 1896.9515380859375 60.97895050048828 1983.740234375 238.52301025390625 
3 2495.38134765625 949.38525390625 2559.089111328125 1009.116943359375 
473
0 2025.31103515625 562.6585693359375 2534.586181640625 885.7857055664062 
3 1495.7677001953125 8.944259643554688 1562.3797607421875 177.40023803710938 
3 1896.6456298828125 57.51415252685547 1984.7989501953125 235.88201904296875 
3 2494.789794921875 950.8509521484375 2559.05029296875 1008.9244384765625 
474
0 2022.185302734375 552.4068603515625 2534.96875 844.491455078125 
3 1494.3326416015625 9.126518249511719 1562.0577392578125 175.14785766601562 
3 1892.35302734375 53.88453674316406 1981.39501953125 237.7509765625 
475
0 2017.1943359375 547.0075073242188 2535.92138671875 842.9349365234375 
3 1492.6439208984375 9.486335754394531 1558.8843994140625 175.89398193359375 
3 1890.732177734375 54.672760009765625 1980.34423828125 243.57550048828125 
476
3 1490.143798828125 9.323661804199219 1557.6492919921875 173.6916961669922 
0 2011.8231201171875 539.0076904296875 2533.71142578125 843.7884521484375 
3 1887.4840087890625 52.45896911621094 1977.6417236328125 240.635498046875 
3 511.47216796875 307.27081298828125 591.772216796875 366.28619384765625 
477
0 2014.53173828125 530.2399291992188 2529.928466796875 843.511474609375 
3 1486.384765625 9.513015747070312 1554.4818115234375 171.90713500976562 
3 1885.2784423828125 52.57501220703125 1975.0108642578125 236.7579345703125 
3 522.2731323242188 302.79998779296875 598.2044067382812 361.03375244140625 
478
0 2007.2041015625 523.7783203125 2524.5625 842.7333374023438 
3 1880.69873046875 51.547637939453125 1969.1553955078125 234.30630493164062 
3 1482.65283203125 8.704559326171875 1549.2249755859375 170.39508056640625 
3 534.319580078125 297.5020446777344 601.1466674804688 354.26385498046875 
479
3 1477.7218017578125 9.071502685546875 1544.694091796875 169.7678985595703 
3 1875.658203125 49.98004150390625 1964.583984375 239.67144775390625 
1 2000.18603515625 518.03955078125 2516.0224609375 839.4344482421875 
480
3 1471.179443359375 8.336341857910156 1538.818115234375 173.35641479492188 
3 1869.7916259765625 49.2452392578125 1957.6611328125 237.28729248046875 
0 1993.16259765625 515.0730590820312 2508.09814453125 840.9423217773438 
481
3 1465.865478515625 7.8594970703125 1532.5447998046875 170.83636474609375 
3 1863.49755859375 60.22822570800781 1949.8275146484375 238.99911499023438 
482
1 1983.710205078125 504.57904052734375 2493.0947265625 839.8101196289062 
3 1458.8072509765625 7.961822509765625 1525.6060791015625 171.61546325683594 
3 1856.4403076171875 48.063819885253906 1944.553955078125 232.61346435546875 
483
3 1451.657958984375 7.47760009765625 1516.710693359375 169.62521362304688 
3 1848.5361328125 48.25292205810547 1935.7691650390625 235.74322509765625 
0 1976.697509765625 540.7957763671875 2488.196533203125 852.3211669921875 
3 297.57421875 153.65176391601562 377.25830078125 222.96124267578125 
484
3 1445.0732421875 8.538299560546875 1510.8428955078125 170.22390747070312 
0 1971.4149169921875 557.600830078125 2478.375732421875 863.9598999023438 
3 1843.0465087890625 46.484474182128906 1928.098388671875 239.39447021484375 
3 2455.3203125 850.20068359375 2559.013427734375 1062.37548828125 
485
3 1436.8388671875 7.123817443847656 1504.5504150390625 171.83023071289062 
3 1833.2491455078125 43.53101348876953 1921.367919921875 235.5816650390625 
0 1964.166748046875 558.0897216796875 2475.426025390625 903.7117309570312 
3 2448.938232421875 848.0137329101562 2559.194580078125 1059.6572265625 
3 2450.558349609375 891.4938354492188 2559.174072265625 1061.35302734375 
0 1965.9677734375 489.58013916015625 2474.18115234375 928.091796875 
486
3 1430.151611328125 6.635978698730469 1496.9981689453125 171.51254272460938 
3 1827.0555419921875 43.97589111328125 1912.532958984375 233.6488037109375 
0 1956.875244140625 557.005859375 2466.864990234375 903.8576049804688 
3 2444.84130859375 851.4732055664062 2559.021484375 1057.427490234375 
487
0 1953.3162841796875 499.1353759765625 2463.917236328125 915.9591674804688 
3 1421.8221435546875 7.8183441162109375 1487.4346923828125 169.87684631347656 
3 1819.1650390625 42.59032440185547 1904.203369140625 237.23880004882812 
3 2440.87353515625 851.1603393554688 2558.991455078125 1054.694091796875 
488
0 1945.1611328125 499.16796875 2460.716064453125 925.6705322265625 
3 1414.3887939453125 5.5654144287109375 1480.3922119140625 169.6202392578125 
3 1813.3896484375 40.79700469970703 1896.112060546875 229.63311767578125 
3 2433.43408203125 850.4856567382812 2558.9921875 1051.6004638671875 
489
0 1937.861328125 502.867431640625 2453.02783203125 933.3955688476562 
3 1403.9766845703125 5.3638458251953125 1471.811767578125 167.7607421875 
3 1804.753173828125 39.28147888183594 1885.26318359375 230.45306396484375 
3 2427.644775390625 854.1923217773438 2559.453125 1043.8076171875 
490
0 1929.043212890625 505.45416259765625 2447.34521484375 942.391845703125 
3 1397.1307373046875 5.0243682861328125 1463.0084228515625 169.24411010742188 
3 1794.1783447265625 37.96039581298828 1878.2398681640625 233.6727294921875 
3 2419.64208984375 854.8984375 2559.60107421875 1042.109375 
491
0 1921.767333984375 512.820068359375 2441.798828125 903.1593627929688 
3 1387.938232421875 5.1455841064453125 1453.3021240234375 167.8712921142578 
3 1787.71533203125 39.73247528076172 1869.309326171875 229.34210205078125 
492
0 1913.9072265625 520.1334838867188 2438.726318359375 934.057861328125 
3 1378.8232421875 3.9566192626953125 1445.2003173828125 167.4908905029297 
3 1776.9691162109375 37.157875061035156 1858.4093017578125 224.37847900390625 
3 2409.50732421875 852.2474975585938 2559.04248046875 1033.19287109375 
493
0 1910.060546875 529.0197143554688 2432.412353515625 925.9638671875 
3 1370.516845703125 5.962623596191406 1435.1121826171875 168.28726196289062 
3 1766.0986328125 36.50037384033203 1849.5355224609375 227.05987548828125 
3 2403.273193359375 848.3956298828125 2559.03564453125 1030.6712646484375 
3 2401.673095703125 848.0306396484375 2559.233642578125 1029.6800537109375 
494
3 1361.7586669921875 9.392913818359375 1424.660400390625 167.94862365722656 
0 1904.7142333984375 538.4576416015625 2425.79931640625 890.6343994140625 
3 1764.2401123046875 34.92985534667969 1841.7847900390625 224.8394775390625 
3 2396.84228515625 845.0811157226562 2559.05859375 1026.5289306640625 
495
0 1897.1734619140625 554.622314453125 2427.06787109375 898.7271728515625 
3 1353.44873046875 4.4414215087890625 1417.4222412109375 167.01670837402344 
3 1754.1846923828125 35.945587158203125 1831.6602783203125 222.38873291015625 
496
3 1344.712646484375 4.562042236328125 1408.7918701171875 167.3289337158203 
0 1889.11279296875 577.939697265625 2424.67822265625 922.305908203125 
3 1743.5509033203125 36.08051300048828 1821.603759765625 222.2501220703125 
3 2388.7255859375 833.8079833984375 2559.019775390625 1018.09326171875 
3 0.429229736328125 508.7255859375 109.54498291015625 713.4559326171875 
497
3 1335.6009521484375 6.6959228515625 1400.7972412109375 167.89083862304688 
3 1735.1353759765625 30.546974182128906 1813.3330078125 221.20025634765625 
0 1882.683349609375 577.7693481445312 2422.416748046875 921.5177001953125 
3 2384.608642578125 830.1236572265625 2559.067626953125 1014.6981201171875 
498
3 1326.4259033203125 3.731109619140625 1392.727783203125 167.63949584960938 
3 1727.707763671875 29.14905548095703 1805.1697998046875 220.303466796875 
0 1880.466064453125 542.0228271484375 2422.468994140625 901.3350830078125 
3 2381.04638671875 820.6318969726562 2558.942138671875 1011.943359375 
0 1878.66796875 578.1906127929688 2309.820068359375 893.0623779296875 
499
3 1316.5963134765625 2.3826217651367188 1381.0621337890625 167.65586853027344 
3 1715.9063720703125 30.440353393554688 1793.419921875 222.18914794921875 
0 1865.470703125 547.0948486328125 2311.156005859375 902.6779174804688 
0 1863.0020751953125 529.1620483398438 2418.3779296875 911.197998046875 
3 2378.68017578125 825.5269165039062 2558.98583984375 1008.2822265625 
500
3 1305.6080322265625 3.5416183471679688 1371.3111572265625 168.016357421875 
3 1707.4532470703125 28.411766052246094 1784.2755126953125 215.79820251464844 
0 1862.0609130859375 522.2968139648438 2412.53173828125 909.3822631835938 
3 2465.76123046875 798.44189453125 2558.985595703125 856.7427368164062 
501
3 1295.183349609375 1.2031173706054688 1359.6890869140625 169.35118103027344 
3 1698.04638671875 26.493316650390625 1773.524658203125 213.7569122314453 
0 1847.4964599609375 513.46435546875 2409.29296875 911.9686279296875 
3 2454.5224609375 786.2894287109375 2559.10400390625 854.789794921875 
502
3 1283.59619140625 1.721038818359375 1349.0928955078125 167.3466796875 
3 1687.9490966796875 24.672401428222656 1761.62744140625 216.56265258789062 
0 1843.1207275390625 506.01617431640625 2399.242919921875 888.06396484375 
3 2443.448974609375 632.328369140625 2558.984130859375 847.8832397460938 
503
3 1271.457275390625 4.2735137939453125 1338.009765625 167.8199005126953 
3 1674.0732421875 24.929290771484375 1747.6851806640625 211.44886779785156 
0 1828.69873046875 502.91748046875 2389.751220703125 915.8614501953125 
3 2430.47998046875 615.1986083984375 2559.219482421875 867.5589599609375 
504
0 1819.778564453125 492.4554443359375 2377.3466796875 880.710693359375 
3 1259.4202880859375 2.4568710327148438 1322.602294921875 168.12205505371094 
3 1662.745849609375 22.40264892578125 1733.7032470703125 215.49302673339844 
3 2422.291015625 609.7647705078125 2559.04736328125 865.4390258789062 
505
3 1244.071044921875 1.5395050048828125 1311.7867431640625 168.15480041503906 
3 1647.831298828125 20.304237365722656 1720.5352783203125 213.30856323242188 
0 1815.2890625 489.35858154296875 2366.88232421875 863.3480834960938 
3 2361.94677734375 604.2052001953125 2558.83056640625 976.3516845703125 
506
0 1799.925048828125 485.313720703125 2353.251953125 859.84228515625 
3 1231.410400390625 2.1314239501953125 1294.4420166015625 165.6350555419922 
3 1635.854248046875 20.498611450195312 1705.480224609375 213.01150512695312 
3 2361.670654296875 601.6207275390625 2558.8486328125 972.2348022460938 
3 2401.353271484375 602.3778686523438 2558.971435546875 864.7295532226562 
507
0 1784.9970703125 480.11785888671875 2340.647705078125 898.1187744140625 
3 2353.3544921875 598.8284912109375 2558.983642578125 966.9266967773438 
3 1620.4964599609375 19.100631713867188 1690.07763671875 206.31613159179688 
3 1215.1429443359375 2.4834747314453125 1281.0877685546875 165.82476806640625 
508
0 1777.687255859375 477.3992919921875 2326.83740234375 855.3953857421875 
3 1201.7501220703125 3.79498291015625 1266.8387451171875 166.51248168945312 
3 2344.181396484375 597.6619262695312 2558.912109375 959.334228515625 
3 1604.3505859375 17.89190673828125 1676.894287109375 200.12017822265625 
509
0 1769.9449462890625 476.221435546875 2305.4189453125 851.70361328125 
3 1185.6707763671875 3.380157470703125 1252.9505615234375 166.73243713378906 
3 1592.72265625 17.5247802734375 1660.8197021484375 206.6980743408203 
3 2335.3505859375 594.8038330078125 2558.824951171875 953.3572998046875 
3 2385.960693359375 594.0586547851562 2558.71826171875 865.9068603515625 
3 2218.601318359375 77.78327178955078 2262.132080078125 142.5185546875 
510
0 1757.17919921875 477.810302734375 2286.5556640625 882.0348510742188 
3 1171.9427490234375 10.243362426757812 1237.7099609375 167.50384521484375 
3 2321.09619140625 593.5202026367188 2558.82470703125 949.4788818359375 
3 1575.796142578125 16.012405395507812 1644.23095703125 204.6304931640625 
511
3 1157.0860595703125 6.1856842041015625 1222.3580322265625 168.1160888671875 
3 1561.6905517578125 13.423751831054688 1629.0816650390625 201.51141357421875 
0 1749.516357421875 473.3269348144531 2265.4912109375 877.8382568359375 
3 2313.15625 592.6806030273438 2558.64794921875 943.3566284179688 
0 1748.2769775390625 473.8961181640625 2148.593017578125 877.22412109375 
3 2361.848388671875 591.8911743164062 2558.86328125 864.047119140625 
0 1748.614501953125 473.7396240234375 2264.95361328125 879.0350341796875 
512
3 1142.2459716796875 12.493843078613281 1209.7080078125 168.82107543945312 
0 1734.778564453125 479.533203125 2247.942138671875 875.5596923828125 
3 1545.6309814453125 14.30108642578125 1612.171875 201.91917419433594 
3 2295.480712890625 589.2225952148438 2558.949951171875 938.65234375 
513
3 1126.0146484375 8.288688659667969 1191.997802734375 168.4787139892578 
0 1725.984375 475.0925598144531 2227.986328125 871.031494140625 
3 1530.6585693359375 11.484375 1596.2171630859375 202.7449188232422 
3 2281.69091796875 585.80322265625 2558.878662109375 930.7122192382812 
514
0 1716.371826171875 475.1955261230469 2205.59912109375 869.1154174804688 
3 1110.455078125 6.2283172607421875 1176.3045654296875 169.29745483398438 
3 1513.89697265625 12.425003051757812 1579.84765625 201.79397583007812 
3 2263.689208984375 583.3849487304688 2558.955322265625 925.990234375 
3 2299.22509765625 583.6439208984375 2558.904541015625 867.8177490234375 
515
0 1702.72021484375 474.9879455566406 2187.915283203125 865.66845703125 
3 2279.9638671875 580.3644409179688 2558.89208984375 865.1087646484375 
3 1093.0028076171875 6.7419281005859375 1158.888671875 169.85440063476562 
3 1498.48828125 9.07659912109375 1562.0552978515625 195.29689025878906 
516
0 1685.8663330078125 472.8706970214844 2171.380126953125 863.255859375 
3 1075.06787109375 8.415435791015625 1144.4947509765625 170.32568359375 
3 1481.310302734375 11.152023315429688 1545.3077392578125 196.41156005859375 
3 2261.298828125 575.4332275390625 2558.953369140625 866.30419921875 
517
3 2243.26513671875 570.6561889648438 2559.298828125 849.4334106445312 
1 1671.6676025390625 469.60638427734375 2150.52294921875 834.0896606445312 
3 1057.0712890625 8.585922241210938 1127.754638671875 170.7140655517578 
3 1465.859375 7.994560241699219 1526.7955322265625 193.7929229736328 
518
0 1658.1781005859375 463.28680419921875 2130.05078125 856.0111694335938 
3 2223.269287109375 564.714111328125 2545.090087890625 848.2863159179688 
3 1042.4940185546875 9.332229614257812 1112.1912841796875 170.47549438476562 
3 1447.6290283203125 9.267654418945312 1509.08984375 193.9230499267578 
519
0 1643.70947265625 457.6118469238281 2110.5029296875 851.7060546875 
3 1025.22216796875 9.393280029296875 1093.7535400390625 171.1744842529297 
3 1430.617919921875 9.103706359863281 1490.6348876953125 194.2200164794922 
3 2206.449462890625 560.4572143554688 2516.064208984375 896.1025390625 
3 2206.344970703125 559.98291015625 2516.05126953125 891.895263671875 
520
1 1631.7901611328125 452.52459716796875 2087.802490234375 839.0890502929688 
3 2189.01123046875 553.63623046875 2500.041748046875 887.1182250976562 
3 1008.03271484375 10.095932006835938 1078.1533203125 173.96786499023438 
3 1417.4736328125 8.225601196289062 1473.8638916015625 197.26785278320312 
521
1 1615.149658203125 446.4472351074219 2066.28857421875 835.7158203125 
3 2169.86474609375 549.0572509765625 2485.7763671875 882.341064453125 
3 991.37158203125 13.366508483886719 1064.155029296875 176.3489532470703 
3 1395.6783447265625 4.865447998046875 1454.9930419921875 192.0896453857422 
522
0 1603.59716796875 441.541748046875 2045.3572998046875 843.3140869140625 
3 2144.879638671875 544.9092407226562 2470.305908203125 875.266845703125 
3 972.3939819335938 12.5943603515625 1042.7574462890625 174.73040771484375 
3 1379.55126953125 6.718147277832031 1436.8585205078125 193.529541015625 
3 570.2327880859375 53.04655456542969 658.6604614257812 141.29611206054688 
523
1 1587.71630859375 434.8980712890625 2021.0333251953125 838.7344360351562 
3 2115.010498046875 543.2383422851562 2455.56298828125 867.65380859375 
3 954.2824096679688 12.880783081054688 1025.5943603515625 178.0657501220703 
3 1362.396728515625 7.540840148925781 1419.0147705078125 189.49383544921875 
524
1 1572.6505126953125 430.7821350097656 1993.886474609375 810.2918701171875 
0 2091.105224609375 539.4109497070312 2437.75439453125 862.894287109375 
3 935.090576171875 16.02892303466797 1007.3590087890625 180.22225952148438 
3 1342.72216796875 5.20770263671875 1400.7169189453125 190.57818603515625 
525
0 2071.824951171875 537.2544555664062 2420.8857421875 857.210205078125 
1 1557.888427734375 423.18804931640625 1968.27587890625 832.169921875 
3 918.3860473632812 15.85406494140625 989.2970581054688 181.127197265625 
3 1324.7720947265625 6.439826965332031 1383.514892578125 190.6404266357422 
526
0 2054.14013671875 533.9086303710938 2402.771240234375 854.3982543945312 
1 1545.263671875 413.167724609375 1940.8846435546875 831.8177490234375 
3 900.4306030273438 17.64154052734375 974.681884765625 184.46804809570312 
3 1307.626953125 4.8555450439453125 1364.3240966796875 187.21511840820312 
527
0 2037.9859619140625 528.49951171875 2383.25 848.5565185546875 
1 1532.054931640625 403.2288818359375 1913.326904296875 833.78564453125 
3 881.7736206054688 22.167678833007812 954.2951049804688 185.1276397705078 
3 1288.0009765625 11.4544677734375 1344.1685791015625 189.8773651123047 
528
1 1521.903076171875 393.617919921875 1881.8572998046875 835.5777587890625 
1 2021.0010986328125 524.199951171875 2365.025146484375 836.8860473632812 
3 861.6302490234375 22.742630004882812 944.6517944335938 188.9500732421875 
3 1269.5924072265625 3.8967666625976562 1326.45458984375 189.1847686767578 
529
1 1508.26220703125 383.64739990234375 1853.4149169921875 824.5449829101562 
1 2004.0936279296875 515.334228515625 2343.62158203125 833.77490234375 
3 843.84814453125 24.714431762695312 917.4727783203125 186.89439392089844 
3 1249.71533203125 19.170852661132812 1306.1334228515625 191.03106689453125 
530
1 1986.661865234375 508.2491455078125 2322.034912109375 829.2518310546875 
1 1492.420654296875 374.3641357421875 1821.56396484375 822.4915161132812 
3 824.3316040039062 25.60345458984375 900.6841430664062 192.06488037109375 
3 1230.4617919921875 15.38397216796875 1286.5841064453125 192.11753845214844 
531
1 1970.826904296875 498.77099609375 2301.81982421875 823.42919921875 
1 1478.9688720703125 364.14324951171875 1792.6865234375 819.5731201171875 
3 804.280029296875 27.442672729492188 878.5416870117188 193.87554931640625 
3 1210.6192626953125 6.676002502441406 1266.190673828125 189.7288360595703 
532
1 1954.556884765625 490.0758056640625 2280.97412109375 820.1412353515625 
1 1462.0740966796875 355.7626037597656 1762.54541015625 818.0013427734375 
3 784.5502319335938 28.99889373779297 857.3909301757812 195.54637145996094 
3 1190.906005859375 5.1386260986328125 1245.420166015625 188.77903747558594 
533
1 1444.3197021484375 347.5390625 1730.8629150390625 814.4293823242188 
1 1936.6937255859375 483.3154296875 2258.13427734375 809.380859375 
3 764.3408203125 34.10987854003906 848.3153076171875 199.7991485595703 
3 1168.6968994140625 4.410957336425781 1226.115234375 190.16639709472656 
534
1 1424.8214111328125 340.96405029296875 1699.7294921875 813.4224853515625 
1 1914.917724609375 476.9542236328125 2236.595703125 808.6637573242188 
3 743.950439453125 34.234466552734375 818.8502807617188 199.78941345214844 
3 1147.5709228515625 6.241912841796875 1207.029052734375 193.2406463623047 
3 2434.554443359375 146.6577606201172 2487.66943359375 241.05575561523438 
535
1 1892.2318115234375 469.92041015625 2212.531982421875 803.2049560546875 
1 1405.766845703125 332.90313720703125 1669.3033447265625 811.4210205078125 
3 724.5035400390625 38.727989196777344 800.5037841796875 204.6423797607422 
3 1128.1015625 7.9721221923828125 1184.9083251953125 197.97755432128906 
536
1 1387.552978515625 325.76715087890625 1637.9359130859375 808.958251953125 
1 1867.6468505859375 466.1329040527344 2189.8466796875 797.6240234375 
3 703.5969848632812 39.03626251220703 786.09521484375 206.78997802734375 
3 2394.150390625 133.7606201171875 2448.531982421875 222.13323974609375 
3 1104.791259765625 9.654014587402344 1164.4881591796875 190.1999053955078 
3 2320.82421875 134.3029327392578 2363.1435546875 194.28431701660156 
537
1 1839.53564453125 462.5401611328125 2169.85400390625 792.402587890625 
1 1367.006591796875 321.1289367675781 1608.81103515625 807.11572265625 
3 682.8844604492188 42.954620361328125 766.4436645507812 209.67813110351562 
3 1086.355712890625 8.999725341796875 1146.9866943359375 194.77777099609375 
3 2373.276611328125 128.9329071044922 2426.051025390625 227.5157470703125 
538
1 1348.710205078125 316.4366455078125 1580.0106201171875 803.1204833984375 
1 1813.4310302734375 459.1781311035156 2144.7509765625 788.9759521484375 
3 660.2548217773438 44.40950012207031 740.3713989257812 212.58905029296875 
3 1064.175048828125 8.647865295410156 1122.583740234375 195.86778259277344 
3 2351.10205078125 122.89239501953125 2404.390625 224.78582763671875 
539
1 1325.5338134765625 310.947021484375 1550.34521484375 803.2200927734375 
1 1784.44580078125 457.736328125 2123.416259765625 780.7955932617188 
3 638.7430419921875 51.03306579589844 719.9976806640625 216.8849639892578 
3 1040.3548583984375 10.893089294433594 1100.8167724609375 196.1442413330078 
540
1 1755.0567626953125 458.19464111328125 2098.756591796875 776.298828125 
1 1302.7047119140625 306.7794189453125 1528.272216796875 801.5330810546875 
3 617.6690673828125 53.7611083984375 703.9766845703125 220.00515747070312 
3 1017.90576171875 12.984954833984375 1081.299560546875 194.0876007080078 
541
1 1723.1673583984375 457.20672607421875 2069.55419921875 774.095703125 
1 1278.51611328125 302.9522705078125 1498.00244140625 799.5028076171875 
3 596.8799438476562 56.71538543701172 690.5603637695312 224.13583374023438 
3 996.662109375 13.397003173828125 1057.0911865234375 203.02548217773438 
542
1 1694.1942138671875 459.062744140625 2044.971923828125 767.5537109375 
1 1254.7603759765625 298.2891540527344 1479.168701171875 799.0172729492188 
3 573.7652587890625 59.982696533203125 666.6044311523438 228.09332275390625 
3 973.7647094726562 14.51654052734375 1035.241455078125 196.9187774658203 
3 2269.403076171875 100.22999572753906 2320.1298828125 193.7647705078125 
543
1 1666.300537109375 462.1233215332031 2017.4786376953125 763.1717529296875 
1 1229.7021484375 295.48138427734375 1433.3243408203125 798.568115234375 
3 948.1641235351562 17.461883544921875 1017.6926879882812 206.57830810546875 
3 551.760986328125 64.76641845703125 643.4327392578125 232.0556640625 
3 2243.817626953125 96.02937316894531 2296.278076171875 193.105224609375 
544
1 1636.0557861328125 463.0849304199219 1987.7178955078125 758.25341796875 
1 1204.730224609375 293.0754699707031 1428.7052001953125 798.85888671875 
3 528.0203857421875 69.63575744628906 625.396240234375 237.08685302734375 
3 924.3764038085938 18.45733642578125 989.087158203125 200.44680786132812 
545
1 1608.91796875 464.2518615722656 1961.5020751953125 754.2311401367188 
1 1177.5703125 292.24853515625 1399.7705078125 800.701904296875 
3 506.0603942871094 72.17561340332031 601.6585693359375 239.35134887695312 
3 900.2716064453125 21.126251220703125 961.4624633789062 202.3628387451172 
546
1 1581.274658203125 463.3891296386719 1931.1546630859375 748.8999633789062 
1 1146.2666015625 291.2672119140625 1368.3961181640625 801.1348876953125 
3 482.6266174316406 77.55633544921875 572.6287841796875 245.21722412109375 
3 877.5377197265625 22.42072296142578 949.5424194335938 207.44190979003906 
3 2176.047607421875 80.7098617553711 2224.34716796875 179.9607391357422 
547
1 1553.6240234375 458.30615234375 1904.8887939453125 744.4081420898438 
1 1114.9119873046875 289.5531005859375 1347.479248046875 805.7139282226562 
3 459.39398193359375 82.44805908203125 554.01904296875 249.73968505859375 
3 852.399658203125 24.89508819580078 927.4542236328125 214.71484375 
3 2152.37451171875 74.46903991699219 2200.941162109375 173.21627807617188 
548
1 1529.2177734375 454.1622314453125 1878.139892578125 739.3585205078125 
1 1083.5361328125 287.07586669921875 1319.760009765625 807.2631225585938 
3 435.9378967285156 86.40641784667969 524.394775390625 256.0533447265625 
3 828.4457397460938 27.205612182617188 894.3460083007812 209.28277587890625 
3 2129.8955078125 70.2093734741211 2173.612060546875 161.51220703125 
549
1 1054.07861328125 287.2936706542969 1288.43505859375 812.2632446289062 
3 411.7098083496094 91.95161437988281 513.2667236328125 259.9842224121094 
3 803.8699340820312 29.829818725585938 879.578857421875 214.9031982421875 
1 1502.175537109375 449.5210266113281 1845.291015625 735.014404296875 
550
1 1475.36083984375 446.117431640625 1821.4356689453125 728.9883422851562 
1 1023.038818359375 287.98052978515625 1263.701171875 811.0767211914062 
3 386.27874755859375 96.9525146484375 479.7511291503906 266.18695068359375 
3 777.0794067382812 34.64018249511719 856.6929321289062 220.085693359375 
3 2083.934814453125 62.30036926269531 2134.265869140625 154.61090087890625 
551
1 1447.03662109375 442.91015625 1794.727294921875 723.2072143554688 
3 361.2267761230469 103.65847778320312 463.754638671875 272.2486877441406 
1 992.2354125976562 286.6795959472656 1219.853271484375 814.6343383789062 
3 751.990234375 36.50685119628906 831.1073608398438 224.73748779296875 
552
1 1418.213134765625 439.2586669921875 1771.24560546875 718.8494873046875 
1 961.1004638671875 287.3238220214844 1203.7852783203125 815.9697265625 
3 335.0821533203125 108.21957397460938 438.39581298828125 277.7447509765625 
3 724.5667724609375 40.34223175048828 805.7943115234375 226.36618041992188 
553
1 1390.294677734375 435.56195068359375 1745.286376953125 714.6720581054688 
3 311.3497009277344 115.28556823730469 415.69805908203125 283.1495361328125 
1 929.75537109375 290.86651611328125 1170.2679443359375 815.1845703125 
3 697.4833984375 41.98829650878906 765.7077026367188 229.13092041015625 
554
1 1360.8419189453125 433.4530944824219 1726.115234375 707.73583984375 
1 897.9321899414062 290.15789794921875 1145.098876953125 818.2393188476562 
3 284.1668395996094 122.86318969726562 392.04730224609375 292.19281005859375 
3 670.1806030273438 48.10743713378906 758.6273193359375 237.63873291015625 
555
1 1332.459228515625 431.1047668457031 1696.739501953125 705.3093872070312 
1 866.517578125 293.17462158203125 1112.9764404296875 820.114501953125 
3 259.4153747558594 128.047607421875 371.5506591796875 299.7707824707031 
3 643.2704467773438 50.365684509277344 713.5118408203125 233.16278076171875 
556
1 1303.1236572265625 427.957275390625 1671.5545654296875 700.568603515625 
1 836.3803100585938 295.29534912109375 1087.502197265625 822.677978515625 
3 231.56077575683594 134.598388671875 341.55755615234375 304.9017333984375 
3 616.6235961914062 55.556793212890625 687.8162841796875 236.32183837890625 
557
1 1275.5048828125 426.989990234375 1646.81005859375 699.5946655273438 
1 803.2872314453125 298.0782165527344 1056.718994140625 823.052734375 
3 206.12652587890625 141.39047241210938 319.7391662597656 311.96295166015625 
3 588.458740234375 60.78539276123047 684.0601196289062 248.55947875976562 
558
1 1247.1954345703125 422.3227844238281 1616.232666015625 705.61279296875 
1 773.8037109375 303.58575439453125 1028.597900390625 824.879638671875 
3 178.2648162841797 149.5051727294922 289.573974609375 319.14276123046875 
3 560.2351684570312 67.48870086669922 634.2532958984375 248.713623046875 
3 559.8548583984375 66.13412475585938 660.300048828125 255.22406005859375 
559
1 1218.6243896484375 421.2755126953125 1586.8865966796875 702.6472778320312 
1 741.6290893554688 306.2539978027344 1001.7736206054688 827.6337890625 
3 151.45950317382812 157.1468505859375 268.47393798828125 329.1181640625 
3 532.0643920898438 71.7858657836914 629.9066772460938 258.98406982421875 
3 0.1340923309326172 297.17523193359375 29.759788513183594 368.6515197753906 
560
1 1188.480224609375 418.84356689453125 1564.3173828125 715.12158203125 
1 710.4456176757812 310.6996154785156 981.2099609375 831.6536865234375 
3 125.43305969238281 165.9151611328125 239.3331756591797 337.1551208496094 
3 501.9584045410156 75.02747344970703 603.734375 259.55743408203125 
561
1 1159.5753173828125 417.8497009277344 1539.472412109375 708.092041015625 
1 678.4806518554688 314.9310302734375 961.03564453125 835.0347900390625 
3 98.57160186767578 172.2490997314453 218.71124267578125 346.68865966796875 
3 474.8644104003906 80.63542938232422 577.090087890625 266.2011413574219 
562
1 645.8233642578125 319.2250061035156 926.0223388671875 839.0789794921875 
1 1129.798095703125 416.00994873046875 1512.990966796875 696.785888671875 
3 71.41510009765625 181.75994873046875 192.09832763671875 356.70068359375 
3 446.133056640625 85.5223617553711 549.5407104492188 269.5835266113281 
563
0 617.178466796875 324.7062683105469 910.9927978515625 841.6950073242188 
1 1100.9688720703125 416.14373779296875 1478.254638671875 703.4306640625 
3 42.422828674316406 191.66287231445312 168.26869201660156 364.99468994140625 
3 420.27490234375 91.20779418945312 523.2872314453125 280.5707092285156 
564
0 585.87158203125 329.78448486328125 890.2864990234375 843.6591796875 
1 1071.6845703125 415.0084228515625 1454.41064453125 704.15283203125 
3 14.084091186523438 200.8968505859375 144.48333740234375 374.248779296875 
3 389.86431884765625 97.91470336914062 494.3791198730469 283.5653076171875 
565
0 552.2669067382812 334.39508056640625 855.2301025390625 848.547607421875 
1 1041.4715576171875 415.0816650390625 1421.9180908203125 696.4509887695312 
3 0.2070159912109375 210.320068359375 115.21769714355469 384.4344482421875 
566
0 523.4227905273438 341.3619689941406 837.5081176757812 852.1625366210938 
1 1011.9984130859375 414.8899230957031 1397.876220703125 704.69189453125 
3 0.23712158203125 244.19830322265625 85.15351867675781 396.22613525390625 
567
1 983.94775390625 414.90704345703125 1371.8271484375 701.2590942382812 
0 492.736328125 346.15557861328125 814.294189453125 856.0565185546875 
3 302.1824645996094 119.04374694824219 415.79443359375 303.54742431640625 
3 0.21237659454345703 311.2235412597656 61.869022369384766 406.05291748046875 
568
0 462.3136291503906 353.4945068359375 798.1802978515625 861.6334838867188 
1 956.952880859375 415.6900634765625 1344.0489501953125 705.0750732421875 
3 268.08392333984375 125.35348510742188 389.7142333984375 313.44598388671875 
3 0.3154869079589844 338.59039306640625 48.87413024902344 411.74456787109375 
569
1 927.4409790039062 415.8607482910156 1312.636962890625 697.9843139648438 
0 430.3898010253906 359.72454833984375 765.904296875 867.78271484375 
3 239.67994689941406 133.23141479492188 360.5550842285156 317.4373474121094 
3 0.02302074432373047 348.8887634277344 22.903900146484375 420.2255554199219 
570
1 901.3861083984375 417.17388916015625 1286.957763671875 714.4298095703125 
0 400.8544921875 366.5680236816406 739.1221313476562 872.2615966796875 
3 211.91595458984375 143.09413146972656 310.28173828125 327.43768310546875 
571
0 370.7912902832031 374.8286437988281 724.4432373046875 879.0333862304688 
1 873.6634521484375 418.5258483886719 1261.47802734375 701.7950439453125 
3 179.911865234375 149.20895385742188 283.7769775390625 332.45941162109375 
572
1 848.1394653320312 420.6108093261719 1234.39697265625 703.729736328125 
0 341.68389892578125 384.7222900390625 721.7166137695312 883.5948486328125 
3 151.0194854736328 157.79135131835938 277.5298767089844 345.699462890625 
573
1 821.9117431640625 421.2621154785156 1211.6063232421875 715.4115600585938 
0 310.52252197265625 393.0511474609375 675.4911499023438 888.6234741210938 
3 121.56173706054688 167.1212615966797 253.42446899414062 360.1737365722656 
574
0 280.25213623046875 400.6553649902344 660.79541015625 894.6038208007812 
1 794.874755859375 424.1753845214844 1182.3226318359375 714.1788940429688 
3 93.80796813964844 177.86534118652344 198.91683959960938 359.3604431152344 
3 40.53917694091797 129.96485900878906 78.09063720703125 182.4042510986328 
575
1 768.5007934570312 426.25732421875 1154.8802490234375 717.8388061523438 
0 249.4235076904297 410.0401611328125 630.5130615234375 902.1988525390625 
3 62.32672882080078 184.98023986816406 199.669677734375 375.23236083984375 
3 62.89124298095703 185.7845916748047 196.29998779296875 372.4248352050781 
576
0 219.36192321777344 419.09185791015625 607.3823852539062 909.5721435546875 
1 742.60986328125 430.04571533203125 1126.33837890625 706.9464721679688 
3 33.63567352294922 194.18020629882812 169.48072814941406 379.9703674316406 
577
1 713.9616088867188 433.8454284667969 1102.10546875 724.633544921875 
0 190.20855712890625 429.46734619140625 589.7286376953125 913.50146484375 
578
1 687.6376342773438 437.3625793457031 1076.89892578125 725.02880859375 
0 161.64102172851562 439.56610107421875 564.726318359375 923.7586669921875 
579
1 659.5645141601562 439.5259704589844 1046.0806884765625 731.77880859375 
0 130.5312042236328 449.83880615234375 542.927734375 931.921142578125 
3 0.21431732177734375 255.03350830078125 89.56715393066406 413.3799743652344 
3 2228.055419921875 805.836669921875 2559.0283203125 1076.4219970703125 
580
1 633.5728759765625 443.6531982421875 1020.89697265625 740.8409423828125 
0 99.65621948242188 459.9432373046875 522.4569091796875 939.8590087890625 
3 2127.378662109375 763.63427734375 2558.931640625 1076.4127197265625 
581
1 603.97265625 448.2353515625 990.9827880859375 743.4197998046875 
0 69.63322448730469 470.95452880859375 498.2842712402344 947.4151611328125 
3 2096.858642578125 735.44970703125 2558.893310546875 1076.4141845703125 
582
1 574.8524169921875 452.46881103515625 963.54443359375 747.4976806640625 
0 37.202880859375 482.07958984375 476.21551513671875 954.1768798828125 
3 2062.26806640625 704.1777954101562 2558.66796875 1075.121826171875 
583
1 543.9063110351562 459.9026184082031 935.3675537109375 750.5030517578125 
0 7.73284912109375 494.62127685546875 457.4775695800781 964.8836059570312 
3 2100.53515625 684.1871948242188 2558.86279296875 1075.143310546875 
584
1 510.4080810546875 461.59417724609375 904.3983154296875 751.1328125 
3 2001.758056640625 668.92529296875 2558.870849609375 1076.2298583984375 
0 1.239410400390625 506.108642578125 541.43408203125 995.3878173828125 
0 0.6551666259765625 506.42706298828125 446.47039794921875 980.2296142578125 
3 0.5058937072753906 833.6129150390625 154.89877319335938 993.6627197265625 
585
3 1976.89208984375 654.409912109375 2558.8681640625 1076.2012939453125 
1 477.3896484375 464.37994384765625 875.0822143554688 761.291015625 
0 1.010772705078125 518.6492309570312 518.5352172851562 1006.55810546875 
586
1 442.700439453125 467.5016784667969 841.94775390625 763.2735595703125 
3 1998.720703125 639.9053344726562 2541.775634765625 1075.69580078125 
0 0.7392730712890625 546.48388671875 404.23529052734375 995.224609375 
587
3 1986.7283935546875 627.6867065429688 2509.6904296875 1075.5281982421875 
0 0.476226806640625 584.391357421875 380.8641357421875 1005.127685546875 
1 406.2251892089844 468.65972900390625 807.3253173828125 770.6885986328125 
1 406.15472412109375 469.01708984375 807.4832763671875 770.923583984375 
588
1 368.5577392578125 473.1285095214844 767.4044189453125 778.6162719726562 
0 1879.5126953125 613.163330078125 2476.935791015625 1074.705810546875 
0 0.7035903930664062 628.4404907226562 440.48284912109375 1019.495361328125 
589
1 332.964111328125 477.4725341796875 731.7796630859375 782.6874389648438 
0 1841.544921875 600.8283081054688 2444.31884765625 1074.483642578125 
0 0.54681396484375 682.243408203125 437.9884033203125 1044.611083984375 
590
0 1814.513671875 588.9493408203125 2410.102294921875 1073.3426513671875 
1 296.1084289550781 481.15802001953125 695.9681396484375 783.4053955078125 
3 0.7462539672851562 731.4383544921875 318.9667053222656 1035.81884765625 
0 1.132049560546875 716.906982421875 417.2310485839844 1065.4683837890625 
591
1 260.4676818847656 487.367431640625 658.4205322265625 795.593505859375 
0 1835.008544921875 575.4942016601562 2374.90625 1072.019287109375 
0 0.20355224609375 767.0936279296875 390.09906005859375 1072.05859375 
592
1 225.13002014160156 493.986328125 636.0506591796875 802.9166259765625 
0 1750.845458984375 563.8052978515625 2341.5205078125 1073.0098876953125 
593
1 190.5277862548828 502.29815673828125 608.0134887695312 813.6719970703125 
0 1719.943603515625 556.0746459960938 2305.783203125 1074.23876953125 
3 1983.0048828125 145.21572875976562 2030.0692138671875 277.1217041015625 
594
1 156.54168701171875 509.004150390625 581.1378173828125 812.11474609375 
0 1699.8062744140625 542.5515747070312 2271.106201171875 1072.1593017578125 
595
1 122.33274841308594 516.628662109375 556.62158203125 827.6497802734375 
0 1662.6875 533.4901123046875 2235.01806640625 1071.84423828125 
596
1 92.77130126953125 524.2833862304688 531.2071533203125 832.0350341796875 
0 1652.61279296875 522.92333984375 2199.97216796875 1071.5228271484375 
597
0 59.61419677734375 531.9586791992188 503.8122253417969 841.1843872070312 
0 1607.220458984375 515.57568359375 2164.156005859375 1072.910888671875 
598
0 30.08905029296875 540.4334716796875 480.3168640136719 849.4254150390625 
0 1596.8013916015625 507.87066650390625 2128.093994140625 1072.76416015625 
599
3 1.95538330078125 551.4923095703125 456.12896728515625 857.35205078125 
0 1544.893798828125 499.363525390625 2089.67431640625 1072.464599609375 
600
3 1.3541259765625 562.10205078125 434.1172180175781 874.6279907226562 
0 1509.484130859375 493.4293212890625 2052.0146484375 1072.597412109375 
601
3 0.8145294189453125 571.7461547851562 409.1940002441406 883.7037963867188 
0 1486.291015625 485.3367919921875 2015.897705078125 1071.5693359375 
602
3 0.165191650390625 583.7625122070312 384.2505187988281 893.19873046875 
0 1452.0623779296875 481.0242919921875 1977.4613037109375 1070.339111328125 
603
0 1429.4097900390625 476.6292724609375 1941.125244140625 1066.0771484375 
3 0.6197509765625 594.1806030273438 361.2100830078125 889.281982421875 
604
0 1387.9215087890625 470.1527404785156 1902.6142578125 1065.7012939453125 
3 1.426177978515625 607.9871826171875 339.1136474609375 915.5690307617188 
605
0 1351.72412109375 465.5434265136719 1865.392578125 1064.6375732421875 
3 0.76361083984375 621.7313842773438 316.1286926269531 920.7115478515625 
606
0 1320.422607421875 462.77960205078125 1827.674560546875 1059.93505859375 
3 0.12738037109375 637.3343505859375 293.130126953125 933.5674438476562 
607
0 1299.545166015625 457.224365234375 1797.10498046875 1059.625732421875 
3 0.375030517578125 647.93603515625 272.8553466796875 950.1511840820312 
608
0 1266.56103515625 453.5462951660156 1752.4300537109375 1058.9697265625 
3 0.59912109375 665.1991577148438 249.9039306640625 939.952880859375 
609
0 1234.0560302734375 450.167724609375 1715.6829833984375 1055.343994140625 
3 0.8870697021484375 679.1895141601562 227.69171142578125 963.1627197265625 
610
0 1203.78369140625 446.8219299316406 1681.211669921875 1054.4542236328125 
3 0.3725738525390625 709.474853515625 206.8545684814453 986.8020629882812 
611
0 1172.64697265625 444.0237731933594 1648.8719482421875 1052.0589599609375 
3 0.34543609619140625 735.6519775390625 188.48165893554688 998.9798583984375 
612
0 1139.333251953125 441.3926696777344 1616.405029296875 1051.220947265625 
3 0.24888229370117188 762.5682373046875 163.8854522705078 1001.157470703125 
613
0 1115.49365234375 440.6841125488281 1583.552734375 1050.8499755859375 
3 0.3460807800292969 798.4934692382812 141.7567138671875 998.7581787109375 
3 262.9190673828125 129.681640625 306.5745849609375 190.36302185058594 
614
0 1079.984619140625 440.3089294433594 1551.844970703125 1050.11083984375 
615
0 1047.574462890625 436.5235595703125 1518.44580078125 1049.708984375 
3 1405.5655517578125 36.81221008300781 1440.0364990234375 122.27420043945312 
616
0 1006.9819946289062 438.9565124511719 1487.12548828125 1049.2900390625 
3 0.63470458984375 922.103515625 89.0944595336914 1034.504638671875 
617
0 963.09716796875 440.0950012207031 1452.2012939453125 1049.1124267578125 
618
0 938.1370239257812 437.1438293457031 1420.4857177734375 1049.4305419921875 
619
0 894.7774047851562 436.9581298828125 1386.312744140625 1048.1376953125 
620
0 870.8939208984375 439.219482421875 1356.8955078125 1047.7110595703125 
621
0 836.802978515625 438.3417663574219 1324.9388427734375 1049.382080078125 
622
0 812.3631591796875 441.6567687988281 1297.0223388671875 1049.09326171875 
623
0 785.4532470703125 440.9188232421875 1263.354736328125 1050.5205078125 
624
0 755.8109130859375 443.8144226074219 1234.7998046875 1052.8052978515625 
625
0 733.4478149414062 445.728515625 1202.5062255859375 1051.420654296875 
626
0 700.1980590820312 447.9241638183594 1175.2406005859375 1053.4888916015625 
627
0 672.095947265625 452.01239013671875 1148.50048828125 1056.854736328125 
628
0 642.3775634765625 456.7078552246094 1127.9127197265625 1058.49853515625 
629
0 609.1972045898438 457.2218322753906 1107.444091796875 1060.026123046875 
630
0 575.46923828125 462.0456848144531 1086.4287109375 1062.136474609375 
631
0 548.359619140625 463.62969970703125 1068.404052734375 1063.3072509765625 
632
0 515.0360717773438 467.75897216796875 1048.108154296875 1065.857177734375 
633
0 489.8118896484375 474.40667724609375 1027.927734375 1066.8463134765625 
634
0 458.53228759765625 478.13824462890625 1008.9591674804688 1066.92822265625 
635
0 432.74407958984375 479.78485107421875 991.526611328125 1069.834716796875 
636
0 403.7374267578125 485.59173583984375 970.6797485351562 1069.6844482421875 
637
0 376.63934326171875 490.438720703125 953.4547119140625 1066.7342529296875 
638
0 351.17242431640625 492.8212890625 933.698486328125 1064.7376708984375 
639
0 324.4662170410156 499.019287109375 914.5501708984375 1069.108642578125 
640
0 300.72064208984375 501.6439208984375 896.6345825195312 1066.9669189453125 
641
0 276.9072570800781 503.9306640625 879.8652954101562 1069.7923583984375 
642
0 254.16122436523438 508.7557373046875 862.498046875 1065.8475341796875 
643
0 233.01422119140625 511.60443115234375 846.7225341796875 1066.747802734375 
644
0 210.9765625 518.3952026367188 828.2386474609375 1069.5303955078125 
645
0 188.076171875 522.7545166015625 811.7117919921875 1071.276611328125 
646
0 171.76666259765625 524.3101806640625 795.69677734375 1072.3402099609375 
647
0 151.1478271484375 525.3768920898438 778.3440551757812 1073.3316650390625 
648
0 132.2769775390625 531.2870483398438 762.6470336914062 1074.3497314453125 
649
0 116.35125732421875 534.7921752929688 746.96875 1074.2052001953125 
650
0 103.18731689453125 535.856689453125 732.6229248046875 1072.65380859375 
651
0 84.84756469726562 538.7454223632812 716.7754516601562 1070.8291015625 
652
0 68.28729248046875 544.287841796875 703.9154052734375 1074.460205078125 
653
0 57.408477783203125 546.1474609375 690.4301147460938 1073.8912353515625 
3 1696.25830078125 0.08828353881835938 1793.001953125 97.21221923828125 
654
0 46.78521728515625 548.2093505859375 676.4305419921875 1072.49365234375 
655
0 30.575439453125 550.3666381835938 664.7977294921875 1072.7327880859375 
656
0 19.383941650390625 552.8031616210938 648.717529296875 1072.7998046875 
657
0 8.76641845703125 555.97607421875 635.5883178710938 1071.224609375 
658
0 0.0 556.7733154296875 626.8976440429688 1071.1195068359375 
659
0 0.0 559.1384887695312 614.39892578125 1072.1204833984375 
660
0 0.0 560.9505615234375 601.753173828125 1072.3267822265625 
661
0 0.0 564.1654663085938 589.071533203125 1072.974609375 
662
0 0.0 565.45849609375 575.8666381835938 1072.379638671875 
663
0 0.2906494140625 567.2257690429688 567.255859375 1073.3896484375 
664
0 0.7402496337890625 569.32177734375 553.1904296875 1072.6038818359375 
665
0 1.01898193359375 573.5955810546875 546.205810546875 1071.6644287109375 
666
0 1.0228424072265625 578.4671630859375 535.5723876953125 1071.348876953125 
667
0 1.3309783935546875 584.0408935546875 525.8731689453125 1068.9456787109375 
668
0 0.9801177978515625 589.41748046875 517.1998291015625 1068.142822265625 
669
0 0.8489532470703125 597.472412109375 504.835205078125 1066.8197021484375 
670
0 0.825103759765625 615.9341430664062 495.65252685546875 1065.802734375 
671
0 0.946990966796875 627.2454223632812 488.36004638671875 1065.646240234375 
672
0 0.576751708984375 633.640869140625 477.980712890625 1065.14599609375 
673
0 0.8865814208984375 687.87353515625 470.1160888671875 1065.0126953125 
674
0 0.8112335205078125 689.72314453125 459.22222900390625 1061.71044921875 
675
0 0.455413818359375 689.75732421875 455.71551513671875 1061.73828125 
676
0 0.6294097900390625 692.390380859375 428.6641845703125 1058.55859375 
677
0 0.620208740234375 692.1121826171875 433.4079895019531 1061.070556640625 
678
0 0.635894775390625 690.3587646484375 422.05657958984375 1056.867431640625 
679
0 0.770843505859375 692.481689453125 420.6953430175781 1055.856689453125 
680
0 0.81756591796875 693.001220703125 400.26800537109375 1050.7769775390625 
681
0 0.7280731201171875 690.9994506835938 391.66192626953125 1049.411865234375 
3 2462.645263671875 377.36248779296875 2558.93603515625 490.47723388671875 
682
0 0.80267333984375 693.9786376953125 398.430908203125 1051.172119140625 
683
0 0.655364990234375 693.3257446289062 399.4581298828125 1052.3203125 
684
0 0.8988494873046875 692.48486328125 397.0567932128906 1053.1278076171875 
3 2415.47021484375 358.55950927734375 2539.07861328125 500.1749267578125 
685
0 0.8310546875 694.9949951171875 384.5362854003906 1050.9818115234375 
686
0 0.706634521484375 693.4288330078125 390.036865234375 1050.0009765625 
687
0 0.542755126953125 691.3795166015625 386.4194641113281 1049.5662841796875 
688
0 0.5026397705078125 690.68701171875 380.083251953125 1049.9000244140625 
689
0 0.6795654296875 692.8012084960938 379.0804443359375 1048.7066650390625 
