0
3 327.21270751953125 406.86810302734375 450.56494140625 767.499755859375 
3 221.06365966796875 463.0318603515625 277.8519592285156 613.478759765625 
3 265.8770751953125 462.4947509765625 338.1673583984375 621.422119140625 
1
3 327.72174072265625 408.81024169921875 449.44964599609375 767.5343017578125 
3 265.91424560546875 457.11676025390625 341.33941650390625 622.5579833984375 
3 221.7129364013672 463.6687316894531 279.5970458984375 614.6738891601562 
2
3 326.9369201660156 409.6497802734375 450.2220153808594 767.419921875 
3 221.236083984375 464.27081298828125 279.843994140625 615.7189331054688 
3 264.5519714355469 465.1177978515625 339.42431640625 622.4722900390625 
3
3 326.08001708984375 406.7117614746094 450.3818664550781 766.12451171875 
3 221.810546875 463.45111083984375 277.691650390625 613.4144897460938 
3 265.0128173828125 457.8717041015625 337.2424621582031 620.1590576171875 
4
3 326.593017578125 406.55792236328125 450.32562255859375 767.7431030273438 
3 221.8700408935547 463.4841613769531 277.5330810546875 613.8656005859375 
3 264.1427001953125 458.13763427734375 336.2970886230469 620.0612182617188 
5
3 326.0120544433594 407.99505615234375 449.52459716796875 766.0365600585938 
3 221.47821044921875 464.2405700683594 278.6812744140625 614.5061645507812 
3 264.302490234375 459.76641845703125 337.532958984375 620.0355224609375 
6
3 325.23590087890625 407.336669921875 449.262451171875 765.646728515625 
3 220.86715698242188 463.23211669921875 277.910888671875 613.008056640625 
3 263.9902038574219 458.89874267578125 336.73248291015625 619.0623779296875 
7
3 325.0906982421875 406.4906005859375 449.5970458984375 766.9200439453125 
3 220.78457641601562 462.80206298828125 277.4475402832031 613.3465576171875 
3 263.78955078125 462.6533203125 337.057861328125 619.1533203125 
3 267.1702880859375 470.20703125 330.9227600097656 613.8317260742188 
8
3 324.3527526855469 406.54022216796875 449.82904052734375 766.946044921875 
3 220.94921875 463.1714172363281 276.99365234375 614.4501953125 
3 263.638671875 459.24029541015625 336.0790100097656 619.4657592773438 
9
3 322.8310241699219 407.02130126953125 449.9217224121094 766.1954345703125 
3 221.01365661621094 463.04034423828125 277.8683776855469 614.41796875 
10
3 323.1916198730469 406.9342041015625 450.3157958984375 767.428466796875 
3 220.75502014160156 462.7640380859375 277.7298278808594 613.6784057617188 
11
3 322.827880859375 407.11358642578125 451.4481201171875 767.6707763671875 
3 221.2349395751953 463.220947265625 277.1593017578125 613.7711181640625 
12
3 322.6209716796875 406.8270263671875 453.4878845214844 768.4407348632812 
3 221.07244873046875 462.9396057128906 276.86383056640625 614.586181640625 
3 266.7525329589844 473.7973937988281 327.755615234375 613.4862060546875 
3 262.01568603515625 465.7821350097656 333.3309631347656 619.0660400390625 
13
3 321.38140869140625 407.48699951171875 451.4298095703125 768.6268310546875 
3 220.47628784179688 461.16339111328125 276.646240234375 612.5579833984375 
3 265.6099853515625 471.6340026855469 324.784912109375 612.625732421875 
3 260.72869873046875 463.24627685546875 333.65435791015625 617.7813720703125 
14
3 318.9921875 407.3760681152344 454.947509765625 769.3551025390625 
3 220.7412109375 462.309814453125 276.4217834472656 613.2640380859375 
3 267.7361755371094 471.65386962890625 324.4277038574219 615.3463745117188 
15
3 317.9356689453125 408.3057861328125 456.89825439453125 768.0635986328125 
3 220.21084594726562 461.3943786621094 276.43988037109375 613.2128295898438 
3 266.83221435546875 474.2978515625 323.8478088378906 613.850341796875 
16
3 317.218994140625 409.259033203125 459.08697509765625 767.7138061523438 
3 220.07565307617188 459.96112060546875 276.32220458984375 610.8833618164062 
3 265.4535217285156 468.6846923828125 326.08966064453125 610.2026977539062 
17
3 316.31927490234375 409.4739990234375 462.39764404296875 767.6804809570312 
3 220.30520629882812 460.16094970703125 275.5614013671875 611.12939453125 
3 265.6210021972656 470.5928955078125 326.0810852050781 611.2219848632812 
18
3 315.1632080078125 409.5647277832031 465.04010009765625 767.4464721679688 
3 220.29681396484375 460.81549072265625 275.6094055175781 611.7666015625 
3 265.90142822265625 470.7673645019531 325.6485900878906 613.2342529296875 
19
3 314.90411376953125 409.1747131347656 467.3628845214844 766.9510498046875 
3 220.19500732421875 460.1540222167969 275.6183166503906 611.897216796875 
3 265.28631591796875 465.4666748046875 325.5654296875 613.0964965820312 
20
3 314.3021545410156 408.71649169921875 469.357421875 769.34912109375 
3 219.79550170898438 460.06903076171875 274.880615234375 613.291259765625 
3 265.5020751953125 465.96405029296875 323.54571533203125 612.8014526367188 
21
3 314.0169982910156 409.0187072753906 471.33197021484375 767.7280883789062 
3 219.9111785888672 460.54425048828125 274.3597717285156 614.2318115234375 
3 267.0414733886719 465.99908447265625 322.8946533203125 614.2156982421875 
22
3 312.64227294921875 409.68463134765625 472.4730224609375 768.13330078125 
3 219.0121307373047 459.1405334472656 274.0013427734375 613.1607666015625 
3 265.5033264160156 463.36053466796875 322.8083190917969 612.0703125 
23
3 312.88226318359375 409.4523010253906 471.6361999511719 768.785888671875 
3 219.0145263671875 459.7010498046875 274.4551696777344 611.695556640625 
3 265.9055480957031 462.75445556640625 323.50335693359375 612.1107177734375 
24
3 313.33599853515625 408.16796875 472.4085388183594 767.5101928710938 
3 219.6083984375 461.37042236328125 274.289794921875 613.5828857421875 
3 266.38323974609375 466.88916015625 321.9747009277344 613.1281127929688 
25
3 313.259765625 408.8121337890625 471.80218505859375 767.90185546875 
3 218.99002075195312 460.25482177734375 273.78802490234375 613.7391357421875 
3 265.9239196777344 465.7561340332031 321.8955993652344 612.549072265625 
26
3 314.2217712402344 408.61785888671875 471.49676513671875 766.8737182617188 
3 219.23281860351562 460.7108459472656 273.4436340332031 614.6143798828125 
3 266.04638671875 465.9405212402344 323.44329833984375 612.0808715820312 
27
3 313.68560791015625 408.4162902832031 471.0255432128906 768.0364379882812 
3 219.36126708984375 461.9140625 273.83526611328125 614.6265869140625 
3 266.0721435546875 467.96575927734375 321.52911376953125 613.5263671875 
28
3 313.33343505859375 408.33416748046875 471.52679443359375 768.2054443359375 
3 219.08436584472656 461.6453857421875 274.0918273925781 615.1656494140625 
3 266.2762756347656 469.13836669921875 321.3648681640625 614.9431762695312 
29
3 314.22174072265625 407.8931579589844 470.2962646484375 765.79541015625 
3 218.40228271484375 460.32037353515625 273.47174072265625 614.89697265625 
3 267.0960388183594 465.85357666015625 320.6322937011719 614.378662109375 
30
3 315.156494140625 407.76385498046875 469.36785888671875 765.3788452148438 
3 218.7835235595703 462.0337829589844 273.8880615234375 614.6937866210938 
3 267.2851867675781 469.173583984375 322.45391845703125 613.6978149414062 
31
3 316.13916015625 408.00616455078125 468.2327880859375 766.7305297851562 
3 218.66220092773438 461.6353454589844 274.0832214355469 614.468505859375 
32
3 316.6509704589844 407.9306945800781 464.6261901855469 765.086669921875 
3 219.01414489746094 461.0398864746094 273.3580322265625 613.7057495117188 
33
3 317.6549377441406 407.77166748046875 464.05914306640625 765.6053466796875 
3 219.7315673828125 461.39739990234375 273.73175048828125 614.6130981445312 
3 267.58447265625 468.59552001953125 325.5447082519531 615.7520751953125 
34
3 318.2103576660156 408.1643371582031 463.615234375 766.8023071289062 
3 219.34683227539062 461.48150634765625 273.76251220703125 615.6678466796875 
35
3 318.2802429199219 408.0672912597656 461.3021240234375 765.4251708984375 
3 219.29840087890625 461.5181884765625 273.66900634765625 615.8160400390625 
3 267.91546630859375 468.645751953125 324.7936706542969 614.50390625 
36
3 319.53173828125 408.2035217285156 455.8084716796875 765.9449462890625 
3 219.74026489257812 461.9057922363281 274.28802490234375 614.5986938476562 
3 265.7799072265625 467.93060302734375 323.9559326171875 615.1505737304688 
37
3 319.441162109375 408.2098388671875 452.7906188964844 766.1094360351562 
3 219.10812377929688 462.110107421875 274.09814453125 614.1221923828125 
38
3 319.9898681640625 407.7710266113281 451.8411865234375 766.141357421875 
3 219.55950927734375 462.808837890625 274.35748291015625 613.95751953125 
39
3 319.59588623046875 409.17724609375 451.3367919921875 765.1770629882812 
3 218.67294311523438 461.450927734375 274.4920349121094 614.912353515625 
40
3 320.4949035644531 408.6048889160156 451.4183349609375 766.0669555664062 
3 219.25759887695312 462.3419494628906 274.7528076171875 615.6550903320312 
3 267.01800537109375 466.60296630859375 321.3141784667969 614.628173828125 
41
3 320.5125427246094 407.3757019042969 451.3568115234375 764.9057006835938 
3 219.70516967773438 462.5495910644531 274.09478759765625 614.109130859375 
42
3 321.30108642578125 407.0474853515625 451.67413330078125 766.53759765625 
3 220.1710968017578 462.63671875 274.1754150390625 614.2445678710938 
43
3 322.3789367675781 407.80120849609375 451.54412841796875 765.6531372070312 
3 219.89048767089844 462.7034912109375 274.5451965332031 613.9124755859375 
3 266.74267578125 467.820556640625 320.3888854980469 613.30615234375 
44
3 322.3780517578125 407.5329895019531 452.0980224609375 765.26171875 
3 219.623779296875 462.05950927734375 274.44329833984375 614.2044677734375 
45
3 323.34466552734375 408.02447509765625 452.13330078125 765.6141357421875 
3 219.97601318359375 462.79833984375 274.57611083984375 614.026123046875 
3 266.3775329589844 466.69696044921875 321.53802490234375 613.25439453125 
46
3 324.1085205078125 407.9578857421875 451.2468566894531 765.7937622070312 
3 220.0780792236328 463.18365478515625 274.43255615234375 614.23876953125 
3 266.62640380859375 467.4071044921875 321.70806884765625 614.4017944335938 
47
3 323.6113586425781 408.6976318359375 449.99700927734375 765.7142944335938 
3 219.85549926757812 462.357421875 274.54437255859375 612.8402099609375 
3 265.521728515625 467.33624267578125 320.1341552734375 613.599853515625 
48
3 323.1959228515625 408.8458557128906 449.4414367675781 765.4334716796875 
3 219.4375762939453 461.78070068359375 274.7361145019531 612.609130859375 
3 265.22796630859375 469.26068115234375 319.12579345703125 613.62158203125 
49
3 322.9915466308594 409.1547546386719 447.6123962402344 764.94873046875 
3 219.29110717773438 461.3828430175781 274.64788818359375 612.1114501953125 
3 266.15643310546875 467.70111083984375 319.3167419433594 612.3416137695312 
50
3 322.444580078125 409.1671142578125 447.20513916015625 766.1341552734375 
3 219.41213989257812 461.62017822265625 274.0446472167969 612.366455078125 
3 265.1369934082031 468.9985656738281 318.9512023925781 612.9291381835938 
51
3 321.60394287109375 408.84100341796875 446.9332275390625 766.707275390625 
3 219.39820861816406 461.8497619628906 274.3737487792969 613.6085205078125 
52
3 322.48455810546875 409.0544128417969 446.922607421875 766.8224487304688 
3 219.067626953125 461.4075927734375 274.6302795410156 614.0725708007812 
3 266.0762023925781 469.0567932128906 318.4521484375 612.9717407226562 
53
3 321.73492431640625 408.54266357421875 446.3564758300781 766.6411743164062 
3 219.56723022460938 461.7694091796875 274.4554138183594 614.8804321289062 
54
3 322.03936767578125 407.4617614746094 445.90167236328125 765.9812622070312 
3 219.5349884033203 461.834228515625 274.2135925292969 614.2742919921875 
55
3 321.3089599609375 407.5478210449219 446.6563720703125 766.0697021484375 
3 219.27159118652344 462.30938720703125 274.0899353027344 614.1766357421875 
56
3 320.9642333984375 407.32049560546875 446.13446044921875 766.69580078125 
3 219.3160400390625 461.71142578125 274.2160949707031 615.224365234375 
57
3 321.4536437988281 407.3810119628906 446.2493896484375 766.4961547851562 
3 219.5260009765625 461.3357849121094 273.822021484375 615.1074829101562 
58
3 321.4353942871094 407.801513671875 446.0790710449219 766.8785400390625 
3 219.1468505859375 461.0116882324219 273.8542785644531 614.9986572265625 
59
3 322.18115234375 407.408935546875 446.25677490234375 765.5879516601562 
3 219.01486206054688 460.35870361328125 273.6451416015625 613.724365234375 
60
3 321.9037780761719 407.40240478515625 446.4561767578125 765.91845703125 
3 219.7280731201172 461.66162109375 273.3243408203125 614.437744140625 
61
3 322.03228759765625 407.1236572265625 446.2928466796875 765.8483276367188 
3 219.93260192871094 461.55572509765625 273.88189697265625 613.8695678710938 
62
3 321.149169921875 406.91046142578125 446.3846435546875 764.6200561523438 
3 219.71420288085938 461.10809326171875 274.24029541015625 614.7153930664062 
63
3 321.1128845214844 406.7654113769531 446.41876220703125 765.1959228515625 
3 219.64932250976562 460.74859619140625 273.6701965332031 614.884521484375 
64
3 320.19989013671875 407.82763671875 445.32781982421875 765.318603515625 
3 219.61883544921875 461.3432922363281 274.17376708984375 614.48828125 
65
3 320.5590515136719 407.4747619628906 445.82861328125 766.06494140625 
3 219.33128356933594 461.38494873046875 274.30096435546875 614.8676147460938 
66
3 319.1302490234375 406.1243591308594 445.61981201171875 766.215087890625 
3 219.65057373046875 461.41302490234375 274.1611328125 614.5132446289062 
3 265.5510559082031 467.9049072265625 320.8636169433594 613.3271484375 
67
3 319.04254150390625 405.7618408203125 445.4513854980469 766.7364501953125 
3 219.0582275390625 460.74334716796875 274.64508056640625 613.9937133789062 
68
3 317.919189453125 405.80548095703125 445.0267639160156 765.7937622070312 
3 219.21087646484375 461.37542724609375 274.9008483886719 613.9786376953125 
3 265.4754638671875 467.22332763671875 321.9687194824219 612.9755859375 
69
3 318.0677795410156 406.6967468261719 445.1597900390625 766.47900390625 
3 219.066650390625 461.13165283203125 274.66583251953125 614.2178344726562 
70
3 317.18450927734375 406.94732666015625 444.92401123046875 764.884033203125 
3 219.06942749023438 461.61468505859375 274.8788146972656 615.152587890625 
71
3 316.704345703125 407.71124267578125 445.10784912109375 765.103759765625 
72
3 316.5359191894531 406.5346984863281 444.85052490234375 764.8795166015625 
3 219.17848205566406 461.4837341308594 274.16229248046875 614.9254150390625 
73
3 316.300537109375 406.4702453613281 444.8751220703125 764.9514770507812 
3 219.53196716308594 461.56365966796875 273.7760925292969 614.9688110351562 
3 264.8819885253906 467.43951416015625 321.8574523925781 612.3760375976562 
74
3 316.02142333984375 406.506591796875 444.62371826171875 764.994873046875 
3 219.72830200195312 461.51629638671875 273.94964599609375 614.3479614257812 
3 264.739013671875 466.4251708984375 321.72412109375 611.861083984375 
75
3 316.7472229003906 406.5282897949219 445.05059814453125 766.620849609375 
3 219.6859588623047 461.2557678222656 274.39398193359375 614.3705444335938 
3 265.318603515625 465.82305908203125 322.4524230957031 611.9576416015625 
76
3 317.31146240234375 406.47552490234375 445.1436767578125 765.754150390625 
3 219.48394775390625 460.89422607421875 274.2035827636719 615.2718505859375 
3 265.9246826171875 465.65826416015625 323.18951416015625 612.634521484375 
77
3 317.03826904296875 407.0609436035156 445.338623046875 765.8648681640625 
3 219.0538787841797 459.91326904296875 274.2430419921875 615.3926391601562 
3 265.3611145019531 465.47705078125 322.7023010253906 612.156494140625 
78
3 317.77978515625 407.94879150390625 445.49212646484375 766.16015625 
3 219.53369140625 460.37335205078125 274.2091064453125 614.8050537109375 
3 264.920166015625 466.3417053222656 323.4330749511719 613.1551513671875 
79
3 317.403564453125 407.87835693359375 445.76617431640625 766.5115356445312 
3 219.50244140625 460.532470703125 274.394287109375 614.0966186523438 
3 264.9249267578125 466.47265625 323.95867919921875 613.2640380859375 
80
3 317.393798828125 407.9453125 446.282470703125 767.4564208984375 
3 219.28924560546875 460.4927978515625 274.81121826171875 615.138671875 
3 264.6865539550781 465.23956298828125 322.359375 613.0115966796875 
81
3 318.6536560058594 407.3632507324219 447.3079833984375 766.7391357421875 
3 219.9777374267578 461.8121337890625 274.4667053222656 615.0731201171875 
3 264.6082763671875 467.12017822265625 321.96942138671875 613.1761474609375 
82
3 319.4491882324219 406.8567810058594 449.3267822265625 766.66845703125 
3 219.56643676757812 461.105712890625 274.7436828613281 614.5421752929688 
83
3 319.3551025390625 406.1230773925781 449.68505859375 766.1643676757812 
3 219.83078002929688 461.5919494628906 274.87615966796875 614.6690063476562 
3 264.8840637207031 467.07391357421875 322.0621337890625 614.3796997070312 
84
3 319.9932861328125 406.843505859375 450.0610656738281 765.8140869140625 
3 219.76962280273438 462.2884826660156 274.7379150390625 615.2548217773438 
3 265.11676025390625 469.397705078125 320.6025695800781 613.7550659179688 
85
3 321.11053466796875 406.95001220703125 449.5386657714844 765.0189208984375 
3 219.7023468017578 462.19915771484375 274.39794921875 614.9254150390625 
3 265.1380310058594 468.4503479003906 321.2548522949219 613.3905639648438 
86
3 321.2335510253906 406.5916442871094 449.3806457519531 764.676513671875 
3 219.22433471679688 461.5366516113281 274.3476867675781 614.4156494140625 
3 265.36688232421875 468.8272705078125 320.86041259765625 611.8035278320312 
87
3 320.75799560546875 406.42303466796875 449.0847473144531 765.3193359375 
3 219.47918701171875 461.78179931640625 274.78802490234375 615.5253295898438 
3 264.7332763671875 468.15655517578125 319.6408386230469 612.074951171875 
88
3 320.01446533203125 406.7736511230469 449.3227844238281 764.8804931640625 
3 219.3031005859375 461.6610107421875 274.7738037109375 615.3174438476562 
3 265.073974609375 467.79852294921875 319.19415283203125 613.008056640625 
89
3 319.7110290527344 406.75689697265625 447.79144287109375 764.7778930664062 
3 219.25767517089844 461.5721435546875 274.72772216796875 615.2236328125 
3 264.3158264160156 467.2475280761719 318.56573486328125 614.6694946289062 
90
3 320.04931640625 408.49090576171875 445.6751403808594 764.7843017578125 
3 219.29580688476562 461.4690856933594 274.63787841796875 614.2039794921875 
91
3 318.98028564453125 408.05810546875 444.814453125 765.4282836914062 
3 218.8585205078125 461.51470947265625 274.7609558105469 614.6796875 
92
3 318.12261962890625 407.6973876953125 445.0537109375 764.6277465820312 
3 219.26113891601562 461.71624755859375 274.40655517578125 615.823974609375 
3 264.3263854980469 469.18634033203125 318.9043273925781 613.1582641601562 
93
3 317.56439208984375 407.172607421875 445.0309753417969 765.0684814453125 
3 264.97125244140625 466.7509460449219 318.1813049316406 612.69189453125 
3 218.8314971923828 461.8673400878906 274.2992858886719 615.2798461914062 
94
3 316.8601989746094 407.20654296875 445.53643798828125 765.3170166015625 
3 264.076904296875 464.99700927734375 318.1063537597656 613.2172241210938 
3 218.6905517578125 461.74407958984375 274.1624755859375 615.6383666992188 
95
3 315.8428955078125 406.41119384765625 446.33026123046875 764.8179931640625 
3 218.72210693359375 461.30108642578125 273.8932189941406 614.5930786132812 
3 263.4891662597656 467.8144226074219 319.7326354980469 613.4055786132812 
96
3 315.5631408691406 406.6863098144531 445.9312744140625 765.2489013671875 
3 218.5818328857422 461.4407043457031 273.70794677734375 614.0011596679688 
3 262.7251892089844 469.09918212890625 318.8089904785156 613.0244750976562 
97
3 315.0241394042969 406.8652038574219 445.20574951171875 765.7168579101562 
3 218.53915405273438 461.3482360839844 274.0326843261719 614.324951171875 
3 263.5251159667969 469.7403259277344 318.32470703125 613.61083984375 
98
3 314.56207275390625 406.34820556640625 444.5447998046875 765.921630859375 
3 218.2627716064453 460.33612060546875 274.09228515625 614.75634765625 
3 263.6751708984375 465.617431640625 319.0647277832031 615.7626342773438 
99
3 313.82598876953125 406.487060546875 444.42071533203125 766.417236328125 
3 263.38336181640625 466.6897888183594 318.3205871582031 614.4647216796875 
3 218.1085968017578 460.47509765625 273.79443359375 614.30615234375 
100
3 312.68603515625 406.96478271484375 444.45721435546875 766.4482421875 
3 264.5128173828125 470.4736633300781 316.51507568359375 614.3434448242188 
3 218.23220825195312 461.2125244140625 273.6552734375 614.1583862304688 
101
3 312.48321533203125 406.51739501953125 444.71148681640625 766.7166137695312 
3 218.46221923828125 461.52508544921875 273.1628723144531 612.7810668945312 
3 263.4466552734375 470.0063781738281 316.7562255859375 614.21533203125 
102
3 311.9197998046875 406.0838623046875 445.1324157714844 766.6397705078125 
3 218.28070068359375 461.5000305175781 273.3529357910156 613.1204833984375 
3 263.3925476074219 468.6343994140625 315.89306640625 614.1790161132812 
103
3 311.370361328125 405.4197998046875 443.5752868652344 766.6455688476562 
3 217.8411865234375 461.81732177734375 272.552734375 613.370849609375 
3 263.391357421875 470.1517333984375 315.5296325683594 614.1869506835938 
104
3 311.6541442871094 404.9737243652344 443.657470703125 766.7305908203125 
3 218.02777099609375 461.8006896972656 272.63922119140625 613.123779296875 
3 263.2615051269531 470.5623779296875 314.9609375 612.9669189453125 
105
3 311.8887634277344 404.81365966796875 444.5131530761719 766.5003662109375 
3 217.216552734375 459.41278076171875 273.13262939453125 610.2003173828125 
3 262.97552490234375 465.9300537109375 316.5108642578125 611.6422119140625 
106
3 312.78497314453125 404.80609130859375 443.8779296875 767.9401245117188 
3 217.844970703125 461.3930969238281 272.8164367675781 611.5758056640625 
3 262.86749267578125 467.135498046875 315.3316955566406 612.7220458984375 
107
3 313.307861328125 404.98223876953125 443.8450012207031 767.4107666015625 
3 217.67575073242188 461.3163757324219 272.3330078125 611.2465209960938 
3 262.8382568359375 467.9717102050781 315.753173828125 612.6275024414062 
108
3 314.653564453125 405.58355712890625 443.0462951660156 766.3573608398438 
3 217.98129272460938 462.360107421875 272.4272766113281 611.8421630859375 
3 263.6273193359375 468.12451171875 314.996826171875 613.005126953125 
109
3 321.5994567871094 405.92535400390625 448.50146484375 765.950927734375 
3 220.88137817382812 462.6946105957031 275.9043273925781 614.1669311523438 
3 267.5047302246094 470.15948486328125 324.84112548828125 614.1343383789062 
110
3 325.0513916015625 406.0650329589844 449.68798828125 765.444091796875 
3 265.5028381347656 458.66668701171875 340.7923583984375 621.1477661132812 
3 222.27999877929688 461.42578125 277.8227233886719 614.1205444335938 
111
3 326.7763977050781 407.0263671875 451.0734558105469 765.557861328125 
3 223.09490966796875 461.32989501953125 277.8821105957031 613.74853515625 
3 266.5812072753906 461.79052734375 341.4277038574219 621.5523681640625 
3 268.5342712402344 472.955322265625 330.80712890625 614.8955078125 
112
3 326.72998046875 406.1893615722656 450.68389892578125 766.502197265625 
3 222.14852905273438 461.91473388671875 278.60052490234375 613.2265625 
3 266.20281982421875 463.91961669921875 340.8701477050781 621.142333984375 
3 267.7469482421875 471.20367431640625 330.97149658203125 614.3453369140625 
113
3 325.78680419921875 405.6199951171875 450.1495056152344 767.8572998046875 
3 222.3391571044922 461.2027587890625 278.19287109375 609.3128662109375 
3 264.4241638183594 462.0211486816406 338.95831298828125 619.0789794921875 
114
3 325.0408630371094 405.48626708984375 449.667236328125 766.6346435546875 
3 222.00160217285156 460.94342041015625 277.63037109375 609.3428955078125 
3 264.133056640625 460.97772216796875 340.2694091796875 619.838134765625 
115
3 325.1759338378906 405.5157165527344 449.6241760253906 766.1420288085938 
3 222.48843383789062 461.56494140625 277.6573486328125 608.8870239257812 
3 264.28521728515625 460.84197998046875 341.05755615234375 619.5339965820312 
116
3 317.8172607421875 405.0029296875 446.2744140625 767.4413452148438 
3 217.73867797851562 458.5111083984375 273.074951171875 611.222412109375 
3 262.5926208496094 464.400390625 315.86419677734375 610.9114990234375 
117
3 317.9400634765625 405.2150573730469 443.700927734375 768.5615234375 
3 262.12750244140625 472.1304016113281 314.17669677734375 611.6769409179688 
3 217.73895263671875 462.6949462890625 270.7548828125 609.05029296875 
118
3 317.1240539550781 404.39111328125 443.05712890625 768.677490234375 
3 263.0307312011719 469.75030517578125 314.05078125 613.8743896484375 
3 216.80612182617188 466.269287109375 268.85931396484375 611.3375244140625 
119
3 318.01995849609375 406.30975341796875 443.5946960449219 767.5946044921875 
3 263.75341796875 470.8409729003906 314.70233154296875 613.6455078125 
120
3 317.39288330078125 405.7445983886719 444.10382080078125 767.5360107421875 
3 216.2288818359375 460.5653076171875 272.87225341796875 611.1370849609375 
3 262.8138122558594 472.0262145996094 315.57476806640625 610.3565063476562 
121
3 317.1147155761719 405.356201171875 444.022705078125 767.7163696289062 
3 216.62095642089844 462.31689453125 273.004638671875 611.6093139648438 
3 262.8670959472656 474.5799865722656 314.61553955078125 609.5474853515625 
122
3 316.8642272949219 405.09356689453125 444.0022888183594 767.7103271484375 
3 216.48086547851562 462.18359375 273.1610412597656 610.6508178710938 
3 263.2823181152344 473.0328369140625 315.2907409667969 610.3570556640625 
123
3 316.5476379394531 405.4064025878906 444.42864990234375 767.4794311523438 
3 216.00933837890625 460.883056640625 273.4703369140625 611.2163696289062 
124
3 316.28509521484375 405.5387878417969 444.4126281738281 767.978759765625 
3 216.05511474609375 460.8792724609375 273.5692138671875 610.6981201171875 
3 262.5933532714844 475.5855712890625 315.70928955078125 612.9866943359375 
125
3 315.4541320800781 405.7544860839844 444.0224609375 768.345703125 
3 262.56396484375 476.9881591796875 315.44085693359375 611.3457641601562 
126
3 314.75616455078125 406.1335144042969 443.452880859375 767.9100952148438 
3 215.42079162597656 459.0946044921875 272.75128173828125 610.3274536132812 
127
3 315.2038879394531 405.97161865234375 442.8613586425781 767.8773193359375 
128
3 314.5664367675781 405.86688232421875 443.64495849609375 766.6759643554688 
3 261.56317138671875 467.0316467285156 317.445556640625 610.417724609375 
129
3 314.19122314453125 406.0531005859375 442.84625244140625 767.9240112304688 
3 261.85504150390625 472.1498107910156 317.2432556152344 610.919921875 
130
3 314.59405517578125 406.04010009765625 442.73895263671875 767.4832763671875 
3 216.71405029296875 457.24285888671875 269.8033447265625 612.8170776367188 
3 260.87811279296875 470.594482421875 319.15423583984375 611.9830322265625 
131
3 314.2837829589844 405.3815002441406 442.5189208984375 766.377197265625 
3 216.60877990722656 456.7679443359375 269.8710021972656 611.3621215820312 
3 260.7644348144531 469.01263427734375 317.92486572265625 611.114013671875 
132
3 314.07659912109375 406.55859375 442.390380859375 767.31005859375 
3 216.50750732421875 457.28387451171875 270.4212646484375 613.970703125 
3 260.4619140625 474.61865234375 318.8087158203125 611.8203735351562 
133
3 314.0063171386719 406.9827880859375 441.36590576171875 767.307373046875 
3 260.4091796875 470.17913818359375 319.69085693359375 613.7735595703125 
3 216.34036254882812 458.76507568359375 269.7212219238281 613.6701049804688 
134
3 313.3687744140625 407.0984802246094 440.4915771484375 765.829833984375 
3 261.27099609375 469.925048828125 316.1997985839844 614.134521484375 
3 215.00125122070312 459.621826171875 268.57763671875 612.3373413085938 
135
3 312.500732421875 406.0982666015625 439.87353515625 766.1390380859375 
3 214.81439208984375 459.71990966796875 268.59979248046875 610.6626586914062 
136
3 311.72711181640625 406.32586669921875 439.49249267578125 765.1843872070312 
137
3 311.02630615234375 406.4361877441406 439.35308837890625 765.167724609375 
138
3 311.06927490234375 407.2845458984375 439.62481689453125 765.0386352539062 
3 213.1451416015625 458.3694763183594 268.3339538574219 610.7781982421875 
139
3 311.70489501953125 408.04669189453125 439.4512939453125 764.8492431640625 
3 213.28128051757812 458.95001220703125 268.2625732421875 610.6580810546875 
140
3 311.9566955566406 407.5390319824219 439.6629638671875 765.276123046875 
141
3 312.0572204589844 406.38665771484375 440.43359375 765.7413330078125 
142
3 311.5960693359375 405.2340087890625 439.74603271484375 766.7891845703125 
3 213.122314453125 457.24530029296875 267.1304626464844 612.4296875 
143
3 311.6595764160156 405.2353515625 439.6744079589844 766.6353149414062 
3 213.15679931640625 457.23907470703125 267.0757141113281 612.2484741210938 
144
3 312.0220947265625 405.3934326171875 439.3393249511719 766.26708984375 
3 213.50514221191406 457.896484375 267.0408630371094 613.5831298828125 
145
3 311.3907470703125 404.12469482421875 438.650390625 766.60986328125 
146
3 310.3626708984375 405.42315673828125 438.222412109375 766.9932861328125 
147
3 310.1527404785156 406.1279296875 438.24029541015625 765.6070556640625 
148
3 309.05731201171875 405.0169372558594 438.062255859375 765.12646484375 
149
3 309.2989807128906 405.7169494628906 437.3602294921875 764.732666015625 
150
3 309.64093017578125 406.95465087890625 437.46771240234375 766.9462890625 
151
3 309.16839599609375 407.8852844238281 437.67523193359375 765.5615844726562 
152
3 308.99493408203125 407.06903076171875 437.33575439453125 767.0032958984375 
153
3 309.1090393066406 407.6451416015625 437.4949035644531 765.9906005859375 
154
3 308.44854736328125 405.10650634765625 437.3522644042969 765.83203125 
155
3 308.1799621582031 404.798095703125 437.77044677734375 765.9343872070312 
156
3 308.17242431640625 403.6578369140625 438.4388427734375 766.2240600585938 
157
3 309.56756591796875 404.9143981933594 438.40496826171875 764.4673461914062 
158
3 308.09039306640625 405.662841796875 438.916748046875 766.6334228515625 
159
3 308.17022705078125 405.6819763183594 438.44586181640625 766.0233764648438 
160
3 307.9623107910156 405.7379150390625 438.2747497558594 765.8395385742188 
161
3 308.13885498046875 403.1646423339844 438.3072509765625 765.0155639648438 
162
3 308.3675231933594 403.0719909667969 437.7794494628906 763.699951171875 
163
3 308.3324890136719 403.7405090332031 436.8309631347656 765.05859375 
164
3 308.15960693359375 405.7242736816406 437.3934631347656 764.6605224609375 
165
3 306.932373046875 405.30487060546875 437.98846435546875 763.9676513671875 
166
3 306.2665100097656 406.5069580078125 437.3628845214844 763.8799438476562 
167
3 306.1392517089844 406.1649169921875 437.1605224609375 764.346923828125 
168
3 306.921630859375 404.53497314453125 437.05120849609375 764.905517578125 
169
3 307.5978698730469 404.0995788574219 437.117919921875 764.8016967773438 
170
3 307.873291015625 403.28997802734375 437.45947265625 765.7906494140625 
171
3 308.45709228515625 402.4488830566406 438.21124267578125 766.0728759765625 
172
3 308.06695556640625 403.42852783203125 438.661376953125 766.0332641601562 
173
3 308.044677734375 402.8198547363281 437.8417053222656 766.0111083984375 
174
3 306.910400390625 402.8106994628906 438.82415771484375 766.5355224609375 
175
3 307.3631896972656 402.6711730957031 440.50567626953125 765.7359619140625 
176
3 305.8874816894531 401.6976013183594 440.3804931640625 765.7149658203125 
177
3 305.810302734375 401.6093444824219 441.9031677246094 766.7518310546875 
178
3 305.2198791503906 403.14605712890625 442.03118896484375 766.779052734375 
179
3 305.4533386230469 403.0142822265625 443.35870361328125 765.5418090820312 
180
3 308.31011962890625 401.5579833984375 444.1971130371094 764.6890869140625 
181
3 308.5242004394531 401.642578125 444.76605224609375 766.3861083984375 
182
3 307.7293701171875 401.98358154296875 441.046142578125 766.1014404296875 
183
3 306.9068298339844 401.55328369140625 442.4923095703125 766.6598510742188 
184
3 306.69317626953125 401.3868408203125 440.78607177734375 767.0665283203125 
185
3 307.67010498046875 401.53759765625 439.5315856933594 767.0952758789062 
186
3 307.2431640625 401.5079040527344 437.81927490234375 766.1588745117188 
187
3 307.805419921875 401.52923583984375 438.1778869628906 767.5245361328125 
188
3 307.58941650390625 401.50909423828125 437.5107421875 767.05078125 
189
3 307.463134765625 401.5068054199219 437.6689453125 765.97607421875 
190
3 307.013427734375 401.45904541015625 438.70709228515625 766.5162353515625 
191
3 306.951904296875 401.05133056640625 439.43206787109375 765.88916015625 
192
3 306.48907470703125 401.71124267578125 439.1102294921875 766.4595336914062 
193
3 306.7178649902344 402.44940185546875 439.18707275390625 767.1917724609375 
194
3 306.6910400390625 402.24090576171875 439.0236511230469 766.0853271484375 
195
3 306.509765625 402.33074951171875 438.8759765625 765.6820678710938 
196
3 306.2168884277344 402.1529846191406 438.7996826171875 765.1041870117188 
197
3 305.94036865234375 402.2769470214844 438.6792297363281 766.24658203125 
198
3 305.0599060058594 402.389404296875 437.53076171875 766.461181640625 
199
3 305.1502685546875 402.45672607421875 436.8520202636719 766.0341796875 
200
3 305.9647521972656 402.6374816894531 437.1102294921875 766.4178466796875 
201
3 306.16571044921875 402.60186767578125 437.05938720703125 766.2262573242188 
202
3 307.4257507324219 402.4150085449219 436.954345703125 766.7517700195312 
203
3 307.20050048828125 401.9563293457031 436.83685302734375 766.4342651367188 
204
3 307.33642578125 402.0585021972656 436.5753479003906 767.5259399414062 
205
3 307.69476318359375 402.1625061035156 436.6053466796875 767.0595703125 
206
3 307.8100891113281 401.6910095214844 436.5270080566406 766.4170532226562 
207
3 308.1569519042969 402.0299072265625 436.8655700683594 767.18701171875 
208
3 309.3509216308594 402.48663330078125 437.0926208496094 765.4151611328125 
209
3 310.14910888671875 402.25201416015625 437.14886474609375 766.43701171875 
210
3 310.5211486816406 402.4012756347656 437.0018005371094 769.3016357421875 
211
3 311.2332458496094 401.90899658203125 437.40045166015625 768.6256713867188 
212
3 311.24700927734375 402.4406433105469 437.056396484375 768.976318359375 
213
3 310.78729248046875 402.3208923339844 437.0900573730469 769.27587890625 
214
3 311.3775634765625 402.52362060546875 437.226806640625 768.1968383789062 
215
3 311.29534912109375 402.2198181152344 437.6399230957031 768.0393676757812 
216
3 311.6831359863281 402.24993896484375 437.90277099609375 768.3048095703125 
217
3 311.5699462890625 402.1517028808594 438.1087646484375 768.3140869140625 
218
3 311.6315612792969 402.5060119628906 438.154541015625 768.4491577148438 
219
3 311.94342041015625 401.5848083496094 438.58392333984375 767.6746826171875 
220
3 311.351318359375 401.384033203125 438.7359619140625 767.215576171875 
221
3 311.0635070800781 401.0833740234375 438.6595458984375 767.8541259765625 
222
3 311.75909423828125 401.4018859863281 438.6378479003906 768.5040283203125 
223
3 311.4815368652344 401.5119323730469 438.6916809082031 768.1975708007812 
224
3 310.9300537109375 400.9449462890625 438.6417236328125 768.3151245117188 
225
3 310.8174133300781 401.07525634765625 438.17291259765625 767.9035034179688 
226
3 310.5314025878906 401.56640625 438.675537109375 768.2142333984375 
227
3 310.83258056640625 402.0135498046875 438.3869934082031 768.2788696289062 
228
3 311.0799560546875 402.1853942871094 438.54779052734375 767.247802734375 
229
3 310.8934326171875 402.5616455078125 438.9700927734375 765.43505859375 
230
3 311.22467041015625 402.80389404296875 439.0848083496094 765.2431640625 
231
3 310.8807373046875 402.9945373535156 439.0509338378906 765.466552734375 
232
3 310.6619567871094 401.95159912109375 439.01129150390625 766.7259521484375 
233
3 311.272216796875 402.3417663574219 438.9913330078125 766.2550048828125 
234
3 311.04034423828125 402.49041748046875 438.9146728515625 765.9014282226562 
235
3 310.39447021484375 402.20684814453125 438.9582824707031 766.05029296875 
236
3 310.35064697265625 402.8022766113281 439.1688537597656 766.4422607421875 
237
3 310.74237060546875 402.75531005859375 439.24749755859375 767.8866577148438 
238
3 310.3873596191406 401.9960632324219 438.9227600097656 767.490478515625 
239
3 310.0518493652344 401.87237548828125 439.0460205078125 766.744384765625 
240
3 309.22723388671875 403.5630798339844 438.906494140625 765.1294555664062 
241
3 309.2769775390625 402.89862060546875 438.908203125 765.8466796875 
242
3 309.2128601074219 402.52496337890625 438.59124755859375 765.7161865234375 
243
3 309.1029968261719 402.60186767578125 438.77264404296875 765.5938110351562 
244
3 308.984375 402.61029052734375 438.4516296386719 766.2099609375 
245
3 309.00140380859375 402.8392333984375 437.7649841308594 766.6253662109375 
246
3 308.8299560546875 402.72357177734375 437.36920166015625 766.251708984375 
247
3 309.62493896484375 403.525634765625 436.76116943359375 767.8553466796875 
248
3 308.85772705078125 402.7911071777344 436.6007995605469 768.0430297851562 
249
3 307.4930114746094 402.53106689453125 436.55035400390625 767.0206298828125 
250
3 306.5199279785156 404.0263366699219 436.1416015625 765.43017578125 
251
3 306.42987060546875 403.32952880859375 436.0619201660156 765.6077270507812 
252
3 306.3641052246094 402.8800048828125 436.22412109375 766.2593994140625 
253
3 307.6280212402344 403.3506774902344 436.35040283203125 765.7542114257812 
254
3 307.15838623046875 402.78350830078125 436.4007568359375 765.6150512695312 
255
3 306.21038818359375 403.1908264160156 436.4770202636719 763.6990356445312 
256
3 306.0147705078125 403.3023376464844 435.7550354003906 765.592529296875 
257
3 307.34912109375 403.8247375488281 436.20159912109375 767.3917236328125 
258
3 306.0006103515625 403.63336181640625 436.2574768066406 765.8402709960938 
259
3 305.6304931640625 404.0496826171875 435.9526062011719 766.6756591796875 
260
3 305.53375244140625 405.4462890625 435.52520751953125 767.0740356445312 
261
3 305.1025695800781 404.42083740234375 436.04522705078125 766.4677734375 
262
3 305.20025634765625 404.9737243652344 435.65203857421875 660.5066528320312 
263
3 292.849365234375 406.795654296875 437.3812255859375 768.296630859375 
264
3 306.1853332519531 402.85418701171875 436.5535583496094 767.4473876953125 
3 208.897705078125 460.5762634277344 262.5726318359375 604.927490234375 
265
3 306.2519836425781 402.87518310546875 436.2373352050781 766.508544921875 
3 0.6265869140625 227.58078002929688 68.53532409667969 662.4725952148438 
266
3 305.9017333984375 403.161865234375 436.23358154296875 766.0973510742188 
267
3 305.6540222167969 403.8467102050781 436.24798583984375 767.4862060546875 
268
3 305.3196105957031 403.9776306152344 436.4208984375 766.2333984375 
269
3 305.4325866699219 404.20123291015625 435.78155517578125 766.9707641601562 
270
3 306.7530212402344 402.3547668457031 436.3243408203125 767.326171875 
271
3 306.2049560546875 402.7667236328125 436.2490234375 767.33837890625 
272
3 306.96771240234375 402.4759826660156 436.20880126953125 766.4715576171875 
273
3 306.98602294921875 402.35906982421875 436.30035400390625 767.2342529296875 
274
3 307.2774658203125 402.5798034667969 436.3422546386719 767.043701171875 
275
3 307.5239562988281 402.75732421875 435.82403564453125 764.5416870117188 
276
3 307.98919677734375 402.90460205078125 435.92681884765625 765.2476806640625 
277
3 307.94207763671875 402.7705993652344 436.327392578125 764.730224609375 
278
3 308.0577697753906 402.8271789550781 436.12615966796875 764.234375 
279
3 307.7943115234375 402.4772644042969 436.21087646484375 763.8431396484375 
280
3 308.42071533203125 402.4633483886719 436.7593994140625 765.1234130859375 
281
3 307.928955078125 401.7158203125 436.92041015625 766.6348876953125 
282
3 307.7831726074219 402.69769287109375 436.8153991699219 765.7318725585938 
283
3 307.70709228515625 403.49493408203125 437.8999328613281 764.4898681640625 
284
3 307.4647216796875 403.24053955078125 439.1051330566406 765.968994140625 
285
3 308.42181396484375 403.95367431640625 439.70904541015625 769.62158203125 
286
3 306.24005126953125 405.6792297363281 442.18646240234375 769.7874755859375 
287
3 306.487548828125 405.6244812011719 445.49176025390625 766.7034301757812 
288
3 306.95751953125 405.95294189453125 448.9346008300781 767.3567504882812 
3 306.39459228515625 407.6203308105469 448.8804016113281 767.203369140625 
289
3 307.43292236328125 407.31378173828125 454.2539978027344 767.351806640625 
290
3 309.11749267578125 407.3949279785156 457.501220703125 765.729736328125 
291
3 310.970458984375 406.1778259277344 459.0699462890625 762.9580078125 
292
3 309.8954162597656 406.75274658203125 462.42254638671875 762.340576171875 
293
3 311.09112548828125 408.1729431152344 464.26739501953125 759.9142456054688 
294
3 314.52935791015625 407.75115966796875 463.17462158203125 760.574462890625 
3 208.49014282226562 462.30194091796875 263.7398681640625 606.1090087890625 
295
3 314.882568359375 407.63323974609375 462.16326904296875 761.1689453125 
296
3 314.3722229003906 409.6828308105469 463.8695068359375 761.1678466796875 
297
3 314.38623046875 410.8856506347656 462.8494873046875 762.3121948242188 
298
3 312.0447998046875 410.95904541015625 464.1352844238281 760.2562866210938 
299
3 313.5484924316406 411.8105163574219 464.9393310546875 758.0084228515625 
3 254.7933349609375 467.27264404296875 308.08123779296875 606.774658203125 
300
3 313.2364196777344 411.9335632324219 469.7906799316406 763.564453125 
3 253.192138671875 468.69085693359375 307.8050231933594 607.0276489257812 
301
3 311.8057861328125 410.4414367675781 473.0638732910156 764.0484008789062 
3 254.42294311523438 467.8014221191406 308.00238037109375 605.9677124023438 
302
3 333.8437805175781 410.73211669921875 477.44683837890625 759.81298828125 
3 254.00131225585938 464.80487060546875 308.44573974609375 608.3706665039062 
3 300.05242919921875 447.40289306640625 349.77764892578125 612.3184204101562 
303
3 337.2022399902344 411.05621337890625 483.45703125 763.6595458984375 
3 255.64064025878906 464.72589111328125 308.30938720703125 605.0640869140625 
3 295.92315673828125 452.82666015625 351.441650390625 615.41552734375 
304
3 334.1934814453125 409.46630859375 487.1688537597656 762.0624389648438 
3 255.90350341796875 466.4938659667969 308.52313232421875 604.3680419921875 
3 295.8721923828125 455.5954284667969 353.0732421875 616.5947875976562 
305
1 343.7664794921875 408.64697265625 491.36395263671875 760.9930419921875 
3 255.62892150878906 466.28173828125 308.614013671875 605.5736694335938 
3 295.2047424316406 453.003662109375 354.61016845703125 619.130615234375 
3 293.34197998046875 445.0247802734375 358.5519104003906 620.1171875 
3 208.77056884765625 462.5131530761719 263.4451599121094 608.0977783203125 
306
1 346.78778076171875 407.9894714355469 497.9539794921875 761.9010009765625 
3 255.789794921875 466.1058349609375 308.9327392578125 605.621337890625 
3 296.48553466796875 453.4858703613281 356.0521545410156 618.3275146484375 
3 208.78399658203125 461.5133972167969 263.8602294921875 608.021240234375 
307
1 345.3639221191406 409.2748718261719 500.9817810058594 761.4197387695312 
3 297.3309326171875 453.776123046875 356.01513671875 619.98046875 
3 255.19699096679688 466.2106018066406 308.19342041015625 605.6357421875 
1 346.34857177734375 410.18768310546875 499.81842041015625 761.7947998046875 
3 208.96119689941406 461.10223388671875 263.3934326171875 609.3909912109375 
308
1 349.4000549316406 408.0975341796875 506.853515625 758.1373901367188 
3 296.3011474609375 452.27716064453125 355.9911193847656 619.1181030273438 
3 253.63235473632812 465.392333984375 308.20709228515625 605.0889892578125 
3 208.84341430664062 460.6795654296875 262.61334228515625 609.39208984375 
309
1 350.642822265625 406.8721923828125 513.2115478515625 757.5155029296875 
3 296.5519714355469 446.8733825683594 360.21710205078125 620.92333984375 
3 254.71853637695312 464.2700500488281 309.0053405761719 605.5856323242188 
3 297.5075988769531 451.9822998046875 358.6080322265625 620.322998046875 
3 208.5878448486328 461.38372802734375 262.8450927734375 610.9715576171875 
310
1 353.64373779296875 406.2589416503906 516.7734375 756.65185546875 
3 296.1571350097656 446.3088684082031 362.09033203125 620.539306640625 
3 254.24612426757812 465.96026611328125 308.21728515625 605.4310913085938 
3 296.7568359375 451.5845947265625 359.9963073730469 620.210693359375 
311
1 356.3770751953125 405.32110595703125 521.9503784179688 759.9439086914062 
3 297.24176025390625 442.83770751953125 365.04217529296875 618.9585571289062 
3 252.91305541992188 463.5998840332031 308.480224609375 604.419677734375 
312
1 358.79608154296875 404.2643737792969 522.1767578125 763.5254516601562 
3 293.59478759765625 444.65435791015625 363.55877685546875 621.1336669921875 
3 295.6921081542969 450.7052001953125 360.784912109375 620.79931640625 
3 256.09539794921875 466.0780029296875 308.2998962402344 605.751708984375 
313
1 360.6300354003906 406.7098388671875 524.3692016601562 771.852783203125 
3 294.9703369140625 442.7503662109375 363.7883605957031 619.023193359375 
3 254.87881469726562 465.31536865234375 307.9762878417969 603.9793090820312 
3 295.51800537109375 449.11700439453125 360.10528564453125 618.880615234375 
314
1 362.3605041503906 406.6961975097656 524.3002319335938 770.25732421875 
3 295.42535400390625 448.9737854003906 360.325439453125 618.2213134765625 
3 254.5935516357422 466.43182373046875 308.4093322753906 603.3869018554688 
315
1 363.56451416015625 405.8962097167969 527.9226684570312 768.9190063476562 
3 254.059814453125 466.8080749511719 308.8190612792969 604.9723510742188 
316
1 365.71368408203125 404.52581787109375 529.0433959960938 762.9706420898438 
3 253.35870361328125 464.01898193359375 308.3158874511719 602.7161254882812 
317
1 366.7944030761719 406.07403564453125 529.5477294921875 754.4251098632812 
3 253.39364624023438 464.87701416015625 307.7119445800781 603.0270385742188 
3 208.32763671875 460.0465087890625 262.65911865234375 607.5628051757812 
318
1 368.3280944824219 406.3440856933594 530.847900390625 759.336181640625 
3 253.6439666748047 465.36590576171875 309.0592346191406 604.0599365234375 
3 296.5525207519531 448.7413330078125 357.2254638671875 618.0560913085938 
319
1 370.1794738769531 406.7866516113281 532.0839233398438 756.5970458984375 
3 254.38169860839844 466.97601318359375 308.8935546875 603.0238037109375 
3 296.16448974609375 450.1398010253906 357.3246154785156 617.761474609375 
320
1 369.3935546875 407.6907958984375 533.9547119140625 759.8695678710938 
3 255.1984405517578 466.168701171875 308.940185546875 605.060791015625 
3 295.99432373046875 451.0523986816406 357.5853271484375 617.806640625 
321
1 370.04150390625 407.81524658203125 534.4642333984375 766.16748046875 
3 255.46823120117188 465.8174743652344 309.0544128417969 603.8597412109375 
3 296.353515625 451.314453125 357.5801696777344 617.2677001953125 
3 208.404541015625 460.437744140625 263.8855285644531 610.8033447265625 
322
1 373.17236328125 408.5798034667969 535.9698486328125 762.6566162109375 
3 296.8035888671875 450.2918701171875 356.3797607421875 616.97900390625 
3 255.49163818359375 464.46826171875 308.5926513671875 603.2142333984375 
3 208.51992797851562 460.7491149902344 263.91046142578125 611.1818237304688 
323
1 374.87750244140625 409.7046203613281 538.1339721679688 762.7388916015625 
3 297.0290222167969 451.6159973144531 356.0254211425781 616.341552734375 
3 254.36752319335938 466.8577880859375 308.45050048828125 603.5792846679688 
324
1 379.0546569824219 410.7725830078125 540.4198608398438 768.9287109375 
3 296.6689453125 451.34271240234375 354.95977783203125 616.7433471679688 
3 208.46453857421875 460.2607727050781 263.65911865234375 609.3013305664062 
3 254.23301696777344 465.8287353515625 308.4954833984375 602.531005859375 
325
1 378.2055969238281 411.7919921875 544.174560546875 770.4857177734375 
3 298.2160949707031 451.6462097167969 355.14300537109375 616.9959716796875 
3 253.886962890625 463.90802001953125 309.09222412109375 601.6472778320312 
3 208.26036071777344 460.0580749511719 263.45880126953125 608.4083251953125 
326
1 380.8817138671875 413.8035888671875 546.6519775390625 771.9481201171875 
3 208.26766967773438 460.351806640625 262.97723388671875 608.12939453125 
3 298.05767822265625 449.726806640625 354.29559326171875 616.4963989257812 
3 254.89686584472656 464.8730163574219 309.1083679199219 602.1424560546875 
327
1 384.4836730957031 411.20050048828125 549.280517578125 770.252197265625 
3 297.647705078125 451.5574035644531 354.42877197265625 616.3272705078125 
3 208.18658447265625 459.84661865234375 263.4371643066406 607.2059326171875 
3 254.09295654296875 464.415283203125 308.97906494140625 599.5087890625 
328
1 389.6108093261719 412.0281982421875 552.326416015625 770.335693359375 
3 297.31915283203125 447.7763671875 353.796630859375 617.56787109375 
3 207.81898498535156 459.27349853515625 263.02008056640625 607.3170776367188 
3 254.74005126953125 463.70660400390625 308.7370910644531 602.9811401367188 
3 291.983642578125 440.8995361328125 355.4502258300781 620.5611572265625 
329
1 393.7630920410156 414.7752685546875 555.5811157226562 770.2496337890625 
3 253.77532958984375 464.47491455078125 308.6675720214844 604.3348999023438 
3 297.0079040527344 450.00384521484375 354.24127197265625 618.2006225585938 
3 207.8675994873047 460.57781982421875 263.484619140625 608.9342041015625 
330
1 399.21514892578125 410.3581237792969 559.6441040039062 773.544921875 
3 297.1044006347656 450.87652587890625 354.91058349609375 618.3843994140625 
3 293.4302978515625 442.2999572753906 357.57830810546875 621.5117797851562 
3 254.52728271484375 462.8416442871094 309.29388427734375 606.3992309570312 
331
1 408.0489807128906 408.40887451171875 564.0729370117188 774.4542236328125 
3 296.8541259765625 448.37774658203125 355.4375 618.312744140625 
3 253.35365295410156 462.7490234375 309.7631530761719 604.5635375976562 
3 289.9599304199219 441.34674072265625 355.97711181640625 621.2750244140625 
3 207.89767456054688 460.58624267578125 263.92901611328125 607.5492553710938 
332
1 415.04034423828125 404.2755126953125 567.6412353515625 775.4755859375 
3 296.8416748046875 445.3874816894531 354.8652038574219 619.065673828125 
3 253.5675048828125 463.63232421875 309.51324462890625 604.9139404296875 
3 208.2298583984375 460.2652587890625 263.3578796386719 607.8511962890625 
3 289.4539794921875 439.3105773925781 354.7535705566406 621.269287109375 
333
1 420.007080078125 400.0550537109375 570.3042602539062 773.5413208007812 
3 289.8271179199219 439.4257507324219 355.9812927246094 622.3424072265625 
3 253.52862548828125 462.1106872558594 309.73065185546875 605.438720703125 
3 208.38626098632812 461.278076171875 263.39617919921875 608.6690673828125 
3 296.3733825683594 445.3565673828125 354.983642578125 618.769287109375 
334
1 429.1885070800781 399.30181884765625 575.7463989257812 772.2196655273438 
3 290.14947509765625 439.4151306152344 356.259521484375 621.2344970703125 
3 253.89285278320312 461.4831848144531 309.5075378417969 604.4111328125 
3 208.03558349609375 460.9814758300781 263.7033386230469 607.9280395507812 
3 297.230712890625 445.9785461425781 355.038818359375 618.2824096679688 
335
1 436.0793151855469 398.631591796875 579.8088989257812 773.3128662109375 
3 255.02035522460938 462.445556640625 307.9783630371094 602.6819458007812 
3 290.6175842285156 440.47186279296875 356.06439208984375 621.982421875 
3 208.33309936523438 460.5105285644531 264.12493896484375 607.4254150390625 
3 297.0938720703125 446.9695129394531 354.8050537109375 618.8765258789062 
336
1 442.42730712890625 399.08941650390625 583.745849609375 770.2354736328125 
3 254.70130920410156 461.95391845703125 309.0069274902344 603.53515625 
3 291.9109191894531 440.6153564453125 356.31341552734375 622.8605346679688 
3 297.1332092285156 448.09503173828125 354.5399169921875 619.3695068359375 
3 208.0996856689453 460.336669921875 264.737060546875 609.1526489257812 
337
1 449.127685546875 399.3258056640625 589.0924072265625 768.939453125 
3 293.8739013671875 440.8857421875 357.3922424316406 621.537841796875 
3 254.1905517578125 462.8354187011719 309.5840759277344 603.8458862304688 
3 297.8071594238281 447.5726623535156 354.5334777832031 618.9139404296875 
3 208.03164672851562 460.4111022949219 264.30096435546875 608.7879638671875 
338
1 456.9540710449219 398.7604064941406 597.6444091796875 770.201416015625 
3 293.0192565917969 440.52996826171875 356.18402099609375 623.1453857421875 
3 297.69451904296875 445.8055419921875 354.1933898925781 619.285400390625 
3 254.6494140625 463.61614990234375 309.0302734375 605.0313720703125 
3 208.19134521484375 460.41461181640625 264.0560302734375 607.7714233398438 
339
1 461.3638916015625 400.44708251953125 609.0071411132812 768.478515625 
3 292.46636962890625 440.6543884277344 355.14263916015625 622.4482421875 
3 297.0870361328125 446.561767578125 353.2040100097656 619.23095703125 
3 253.96157836914062 463.5127258300781 309.2339172363281 606.6644287109375 
3 208.16265869140625 460.51385498046875 263.94427490234375 609.9734497070312 
340
1 465.92669677734375 403.0617370605469 628.6994018554688 771.8726806640625 
3 292.79193115234375 440.48712158203125 355.13665771484375 622.1104125976562 
3 296.958984375 445.34051513671875 353.6640625 619.2154541015625 
3 208.30870056152344 459.9214782714844 263.6529541015625 609.398681640625 
3 254.02017211914062 465.1310119628906 308.9039001464844 606.5576782226562 
341
1 468.9465637207031 403.6097717285156 648.03466796875 773.406494140625 
3 293.0472106933594 441.00299072265625 355.7182922363281 623.238525390625 
3 253.82000732421875 462.2205505371094 308.0182800292969 605.400146484375 
3 208.55862426757812 460.84722900390625 263.46136474609375 607.4379272460938 
3 297.18701171875 445.1952209472656 354.05670166015625 620.09033203125 
342
1 471.44317626953125 405.49774169921875 660.9794311523438 772.4278564453125 
3 294.29840087890625 442.9339599609375 355.9171142578125 621.6839599609375 
3 253.8795166015625 465.6816101074219 309.1652526855469 607.6246337890625 
3 296.9398498535156 447.7330322265625 353.53466796875 619.5291748046875 
3 208.73751831054688 461.06744384765625 263.48419189453125 609.94921875 
343
1 473.2684020996094 408.4565734863281 666.0070190429688 772.537109375 
3 294.75628662109375 443.57440185546875 356.5628662109375 621.55419921875 
3 254.30438232421875 465.15185546875 309.2499694824219 606.1749267578125 
3 208.79054260253906 460.7392578125 263.547119140625 610.37451171875 
3 297.0362243652344 449.16558837890625 354.05316162109375 618.7220458984375 
344
1 471.8939208984375 406.5621643066406 659.9880981445312 774.6605224609375 
3 290.7587585449219 441.5985107421875 354.9505310058594 621.9837646484375 
3 254.06924438476562 463.01470947265625 308.62713623046875 606.3953857421875 
3 208.13772583007812 460.3211669921875 263.81805419921875 611.023193359375 
3 296.6044616699219 445.8209228515625 353.8851318359375 618.8812255859375 
345
1 473.8501281738281 406.2027587890625 658.2951049804688 778.6947021484375 
3 294.2542724609375 442.09698486328125 355.4228210449219 621.826904296875 
3 254.22296142578125 462.76031494140625 309.561279296875 605.7127685546875 
3 297.72357177734375 447.59930419921875 353.3304443359375 618.8616333007812 
3 207.64590454101562 460.1139221191406 264.1606750488281 611.0272827148438 
346
1 476.04876708984375 408.572509765625 666.6033935546875 779.3919677734375 
3 253.674560546875 463.34735107421875 309.795166015625 605.0772705078125 
3 297.8270568847656 447.2923278808594 353.4990234375 618.4151611328125 
3 207.73056030273438 460.5010070800781 264.11920166015625 609.2328491210938 
3 292.48663330078125 441.8243408203125 354.84051513671875 622.1057739257812 
347
1 480.6535949707031 401.605224609375 667.55224609375 779.7471313476562 
3 253.60977172851562 461.8984680175781 309.0196228027344 603.5672607421875 
3 207.814208984375 459.7925720214844 263.4122314453125 608.140380859375 
3 287.4058837890625 440.5777587890625 355.17779541015625 619.6958618164062 
348
1 483.14239501953125 403.87347412109375 665.836181640625 780.2218017578125 
3 207.7476806640625 460.18682861328125 264.06854248046875 609.035888671875 
3 297.590576171875 446.28607177734375 353.81304931640625 616.82666015625 
349
1 485.49237060546875 403.7280578613281 661.3387451171875 777.3466796875 
3 208.03640747070312 460.2322998046875 264.1846923828125 609.7264404296875 
3 299.0839538574219 447.29986572265625 353.90191650390625 618.0189819335938 
350
1 501.5884094238281 401.5260009765625 665.474853515625 774.808349609375 
3 292.71160888671875 440.0316162109375 355.3670654296875 621.5413818359375 
3 208.32003784179688 460.346923828125 262.6925048828125 607.0091552734375 
3 298.60064697265625 445.001220703125 353.93267822265625 617.919677734375 
3 254.6766357421875 465.0852355957031 308.7080383300781 602.9840087890625 
351
1 514.6646728515625 399.6309814453125 670.4544677734375 772.20947265625 
3 295.634521484375 440.33038330078125 356.3110656738281 621.0969848632812 
3 299.8398742675781 446.81842041015625 353.78436279296875 617.9091796875 
3 208.61203002929688 461.488037109375 264.16168212890625 607.3941650390625 
3 254.91055297851562 464.4278869628906 309.30029296875 604.0888671875 
352
1 524.828857421875 397.5568542480469 675.1165771484375 773.4036254882812 
3 293.10455322265625 440.51715087890625 355.6085205078125 621.8777465820312 
3 298.8358459472656 447.1134338378906 353.68377685546875 619.06005859375 
3 208.1931610107422 460.5599670410156 264.5473937988281 608.00146484375 
3 254.91021728515625 466.43243408203125 308.7215576171875 602.540771484375 
353
1 536.73193359375 392.76873779296875 683.5145874023438 780.2423095703125 
3 290.560302734375 438.6275939941406 354.44781494140625 622.0270385742188 
3 208.07835388183594 459.2168884277344 263.7193908691406 606.2318115234375 
3 253.9892120361328 463.3314514160156 308.4391784667969 604.1052856445312 
354
1 558.481201171875 390.60418701171875 693.6055908203125 773.7727661132812 
3 292.3441162109375 438.159912109375 355.2609558105469 622.1917724609375 
3 208.1380615234375 459.80670166015625 264.5156555175781 607.439697265625 
3 253.4498291015625 463.2450256347656 309.1969299316406 603.3220825195312 
355
1 568.397216796875 389.8970947265625 705.817626953125 769.8101806640625 
3 298.978515625 445.6116027832031 354.2010192871094 618.6725463867188 
3 291.92816162109375 439.962646484375 354.9849548339844 621.893310546875 
3 208.48968505859375 460.0796813964844 264.0957946777344 606.725830078125 
3 254.3365478515625 463.12774658203125 309.41064453125 603.4923095703125 
356
1 573.7083740234375 390.61505126953125 720.67529296875 774.9857177734375 
3 298.72918701171875 444.20343017578125 354.2803955078125 619.2247314453125 
3 290.18035888671875 438.26495361328125 355.32940673828125 622.7662353515625 
3 208.06192016601562 458.96575927734375 264.75787353515625 607.5555419921875 
357
1 579.53271484375 389.43133544921875 732.1517333984375 778.4207153320312 
3 290.3680419921875 438.10858154296875 356.34808349609375 621.7412719726562 
3 298.72723388671875 446.43621826171875 354.27398681640625 618.914306640625 
3 208.18692016601562 458.63995361328125 264.785400390625 608.19482421875 
358
1 585.597900390625 390.3833312988281 749.470703125 783.239501953125 
3 291.5679626464844 439.2763366699219 355.73614501953125 622.9576416015625 
3 298.58154296875 443.9976806640625 354.13800048828125 618.8735961914062 
3 253.285400390625 463.4629211425781 308.7425231933594 603.0487060546875 
3 208.48989868164062 458.5970764160156 263.7117004394531 607.7288818359375 
359
1 590.0020751953125 389.57708740234375 761.179443359375 781.3985595703125 
3 292.583251953125 440.138427734375 355.9052734375 622.7091064453125 
3 252.68939208984375 463.0035400390625 308.77154541015625 603.6741943359375 
3 208.60623168945312 458.8985595703125 263.2581481933594 606.53564453125 
360
1 597.0669555664062 390.04986572265625 768.930908203125 784.08447265625 
3 294.684814453125 439.3916015625 355.49005126953125 620.041259765625 
3 254.78292846679688 463.23779296875 309.3070983886719 601.82373046875 
3 208.713623046875 460.9696044921875 263.98883056640625 604.8086547851562 
3 298.64654541015625 444.55731201171875 354.21160888671875 617.4014282226562 
361
1 602.8104858398438 394.67120361328125 781.180419921875 780.3992919921875 
3 295.32373046875 439.74591064453125 355.31005859375 620.6149291992188 
3 254.476318359375 462.9419860839844 309.04022216796875 603.7581176757812 
3 299.19647216796875 444.6561584472656 354.1592712402344 617.8760375976562 
3 208.40853881835938 460.92333984375 264.65740966796875 606.260498046875 
362
1 605.4248657226562 395.11102294921875 789.1422729492188 784.8599853515625 
3 293.5085754394531 438.517333984375 355.2213134765625 622.007568359375 
3 254.12005615234375 461.6507568359375 308.63348388671875 601.6470336914062 
3 298.34320068359375 444.4281921386719 354.09515380859375 618.3055419921875 
3 208.1962890625 460.4570617675781 264.0265197753906 606.9961547851562 
363
1 609.2160034179688 398.99493408203125 793.945556640625 786.3381958007812 
3 294.085693359375 440.4035339355469 356.3740539550781 621.7799682617188 
3 254.47360229492188 460.88653564453125 308.98150634765625 603.8007202148438 
3 297.9352722167969 448.6780700683594 354.63348388671875 618.81982421875 
3 207.83551025390625 460.3666076660156 264.1767883300781 607.7783813476562 
364
1 610.4743041992188 399.4023742675781 799.0616455078125 792.4026489257812 
3 296.5399169921875 443.23846435546875 356.82427978515625 620.3748168945312 
3 299.892822265625 449.2328796386719 354.87542724609375 617.9367065429688 
3 254.04205322265625 463.1216125488281 309.33502197265625 604.9755859375 
3 208.2780303955078 461.3535461425781 264.56195068359375 607.1336059570312 
365
1 610.3413696289062 397.74114990234375 800.6570434570312 792.6253051757812 
3 298.1617126464844 445.537109375 354.314453125 619.5819091796875 
3 253.380859375 462.635009765625 308.9434509277344 605.0009155273438 
3 293.71173095703125 441.0753173828125 355.5211181640625 622.5185546875 
3 208.16793823242188 460.9325866699219 263.83526611328125 607.0913696289062 
366
1 615.8662109375 396.73040771484375 803.2864990234375 793.9194946289062 
3 294.675537109375 443.5454406738281 355.5085144042969 622.6143798828125 
3 298.612548828125 448.087646484375 354.062744140625 619.3553466796875 
3 253.99884033203125 463.9259948730469 308.6156005859375 606.0000610351562 
3 207.75616455078125 461.6818542480469 264.34906005859375 610.6268920898438 
367
1 627.9115600585938 394.4823303222656 807.963134765625 793.98046875 
3 299.4462890625 447.462890625 354.46514892578125 618.2318115234375 
3 254.0618896484375 464.0274353027344 308.6958312988281 605.6353759765625 
3 295.0946960449219 443.03265380859375 355.72039794921875 621.825927734375 
3 207.84649658203125 460.9468688964844 264.17315673828125 609.3717651367188 
368
1 641.9425048828125 391.3580017089844 810.802978515625 794.58984375 
3 293.1398620605469 440.51007080078125 356.4794921875 620.5577392578125 
3 252.9221649169922 464.9775390625 308.759521484375 604.39306640625 
3 208.2714385986328 460.34710693359375 262.68994140625 606.5515747070312 
3 298.030517578125 444.51654052734375 354.91058349609375 617.2701416015625 
369
1 657.90576171875 397.12823486328125 811.9368896484375 796.4408569335938 
3 294.9114990234375 443.8204650878906 355.37762451171875 621.3451538085938 
3 253.89108276367188 462.51593017578125 308.7027282714844 603.7385864257812 
3 298.67254638671875 447.683349609375 354.12127685546875 618.3782958984375 
3 207.95782470703125 460.29913330078125 263.9508056640625 608.4398193359375 
370
1 673.2706298828125 391.26416015625 814.4800415039062 796.0999145507812 
3 294.95196533203125 442.3831787109375 356.82012939453125 620.4527587890625 
3 298.45538330078125 447.2735595703125 354.40399169921875 618.6351318359375 
3 253.90701293945312 466.609375 308.9500732421875 603.2117919921875 
371
1 686.4732666015625 388.0346374511719 814.2844848632812 795.6207275390625 
3 293.2344970703125 440.3834228515625 355.83685302734375 622.1314086914062 
3 254.10464477539062 464.29345703125 308.9422607421875 604.54052734375 
3 297.6337585449219 444.3375244140625 354.2059020996094 618.8563842773438 
3 208.17575073242188 459.36224365234375 262.820068359375 607.23095703125 
372
1 698.4903564453125 385.3374938964844 823.4227294921875 794.631591796875 
3 293.7027587890625 441.50115966796875 355.51837158203125 621.4588623046875 
3 253.9628448486328 463.5779113769531 308.9422607421875 603.9151000976562 
3 298.1182861328125 445.54534912109375 353.8089904785156 618.6163940429688 
3 208.7098388671875 459.974609375 263.3876647949219 605.921875 
373
1 706.8223876953125 381.7540283203125 833.0703125 793.0823364257812 
3 292.4604797363281 441.7755126953125 355.4349365234375 622.052001953125 
3 254.47369384765625 462.93731689453125 308.6551513671875 602.372802734375 
3 297.79754638671875 446.81011962890625 354.3186950683594 619.23583984375 
3 208.99984741210938 460.13189697265625 263.67071533203125 603.624755859375 
374
1 714.8827514648438 379.985595703125 850.36181640625 793.872802734375 
3 294.68719482421875 441.494140625 355.502685546875 621.5413818359375 
3 254.59408569335938 462.5043640136719 308.0899353027344 605.6315307617188 
3 208.67681884765625 460.33465576171875 263.08270263671875 606.779052734375 
3 297.82720947265625 444.944580078125 354.10406494140625 618.9274291992188 
375
1 721.6739501953125 380.10491943359375 861.79931640625 792.01220703125 
3 294.5624084472656 441.6112976074219 355.0548095703125 620.59375 
3 253.48312377929688 461.6055908203125 308.20501708984375 604.3673706054688 
3 297.621337890625 445.92852783203125 353.8189697265625 618.282958984375 
3 208.69418334960938 459.717041015625 264.245361328125 606.9774169921875 
376
1 726.7359619140625 384.1143798828125 867.7373046875 793.4967041015625 
3 253.69998168945312 463.7017822265625 308.7435302734375 605.09716796875 
3 293.4036865234375 443.8717041015625 355.1265869140625 621.8857421875 
3 297.13873291015625 449.2822265625 353.84918212890625 618.6162719726562 
3 208.62400817871094 460.6000671386719 264.75238037109375 609.871826171875 
377
1 731.6768188476562 382.20697021484375 876.3989868164062 793.30224609375 
3 293.5735778808594 440.7093505859375 355.50634765625 622.3992309570312 
3 253.91842651367188 463.53350830078125 308.98675537109375 606.0007934570312 
3 297.8206481933594 444.71649169921875 354.41961669921875 619.0467529296875 
3 208.78477478027344 459.974365234375 264.58599853515625 608.5310668945312 
378
1 732.969970703125 384.32427978515625 920.2967529296875 791.310791015625 
3 292.91058349609375 439.12548828125 355.57794189453125 622.2730102539062 
3 253.35464477539062 464.98712158203125 309.3212890625 605.1028442382812 
3 298.32318115234375 444.78076171875 354.35198974609375 619.09423828125 
3 208.4969482421875 459.8747863769531 264.72723388671875 608.8424682617188 
379
1 733.357666015625 384.6909484863281 956.6185302734375 794.68017578125 
3 298.3720703125 445.1360778808594 353.7944641113281 619.5209350585938 
3 291.6268310546875 438.88555908203125 354.8431091308594 622.235107421875 
3 208.0220489501953 460.14324951171875 264.66094970703125 609.7764892578125 
3 253.61563110351562 465.3582458496094 309.55523681640625 605.1318359375 
380
1 735.3033447265625 386.1563415527344 912.9906005859375 791.6136474609375 
3 291.5478515625 438.35357666015625 354.82659912109375 622.5789184570312 
3 297.3233642578125 444.10748291015625 354.1282653808594 619.3419189453125 
3 253.83631896972656 464.11236572265625 308.8482971191406 605.3048095703125 
3 208.35263061523438 459.39404296875 264.7690734863281 608.3468017578125 
381
1 736.7371826171875 387.26397705078125 941.5726318359375 795.3330078125 
3 294.21087646484375 439.07421875 355.5045166015625 621.4952392578125 
3 253.66717529296875 465.0992431640625 308.0738525390625 606.0308837890625 
3 301.3413391113281 443.44708251953125 353.6956787109375 616.4863891601562 
3 208.58692932128906 459.34844970703125 265.1401672363281 607.0836181640625 
382
1 741.8595581054688 388.5250244140625 964.8255615234375 796.411376953125 
3 253.45343017578125 462.6602783203125 308.6974792480469 605.7177734375 
3 293.8244934082031 440.69085693359375 355.1488342285156 622.667236328125 
3 299.010986328125 445.708984375 354.1378173828125 619.5003662109375 
3 208.2847900390625 460.09783935546875 264.919189453125 609.2384033203125 
383
1 742.0128173828125 388.99420166015625 962.6168212890625 797.2113647460938 
3 298.6659851074219 448.4078063964844 354.482421875 619.51318359375 
3 253.04026794433594 462.6396484375 308.39288330078125 605.010009765625 
3 294.7727355957031 442.0426940917969 355.53155517578125 622.3920288085938 
384
1 747.6087646484375 386.4903564453125 968.0321044921875 797.5367431640625 
3 253.22235107421875 461.97589111328125 308.9749450683594 604.8480834960938 
3 294.2123718261719 439.84130859375 355.6640319824219 622.5474853515625 
3 298.4888610839844 445.2215881347656 354.52581787109375 619.4537353515625 
3 208.25143432617188 460.5405578613281 265.06427001953125 608.6763916015625 
385
1 753.6087646484375 385.924560546875 964.3277587890625 799.4132080078125 
3 293.6220397949219 439.9503479003906 355.47528076171875 621.977294921875 
3 299.11102294921875 444.8815612792969 354.2606201171875 618.72216796875 
3 207.96682739257812 459.8824768066406 266.1131286621094 610.0714111328125 
3 253.37368774414062 462.563232421875 309.4742736816406 608.1978759765625 
386
1 774.2144165039062 385.4920349121094 954.654296875 796.995361328125 
3 292.767578125 441.35992431640625 355.5994873046875 621.9142456054688 
3 298.4869079589844 446.1067199707031 354.2489929199219 618.526611328125 
3 208.14501953125 459.84600830078125 266.7078857421875 608.9423217773438 
3 253.05804443359375 463.34820556640625 309.17413330078125 605.5224609375 
387
1 790.0955810546875 382.66119384765625 956.9813232421875 797.1158447265625 
3 292.9681396484375 440.59820556640625 355.07452392578125 621.5341186523438 
3 252.30569458007812 461.1365966796875 308.8529052734375 606.1949462890625 
3 298.0279541015625 444.1158142089844 354.12164306640625 618.0726318359375 
3 208.2015380859375 459.6080017089844 265.35595703125 608.389404296875 
388
1 804.0298461914062 379.1677551269531 965.8883056640625 798.9876708984375 
3 293.1954345703125 440.38568115234375 355.08612060546875 621.4894409179688 
3 253.90447998046875 463.0440673828125 309.44287109375 606.39501953125 
3 298.265380859375 444.3417663574219 354.29547119140625 618.0863037109375 
3 207.9601593017578 459.57696533203125 265.4395446777344 609.9842529296875 
389
1 841.53466796875 376.1644287109375 983.5440673828125 795.59521484375 
3 295.503173828125 440.5430908203125 355.80535888671875 621.7959594726562 
3 299.0625305175781 446.16943359375 354.774658203125 618.7717895507812 
3 252.7403564453125 462.9722900390625 308.72216796875 605.4895629882812 
3 208.46759033203125 460.0370178222656 264.14453125 606.8922119140625 
390
1 857.5746459960938 375.48199462890625 998.8968505859375 799.381591796875 
3 298.6368713378906 445.2247314453125 354.35772705078125 619.447509765625 
3 291.599609375 440.24713134765625 355.364013671875 622.7988891601562 
3 253.59796142578125 466.0020751953125 308.8218078613281 604.749267578125 
3 208.5647735595703 459.8998718261719 264.1610107421875 604.1771850585938 
391
1 866.6854248046875 374.6188659667969 1021.0247802734375 795.5809326171875 
3 298.1575622558594 445.122314453125 354.28729248046875 618.7760620117188 
3 289.02850341796875 440.57391357421875 355.4127197265625 622.2929077148438 
3 208.5534210205078 459.68902587890625 264.3638916015625 607.010498046875 
392
1 872.3710327148438 374.91119384765625 1032.596435546875 813.784912109375 
3 293.3466796875 440.6902770996094 355.8928527832031 620.7098388671875 
3 299.04046630859375 445.07177734375 353.8062744140625 618.474853515625 
3 253.40765380859375 467.2689514160156 308.7493896484375 606.551025390625 
393
1 883.8109130859375 369.8674621582031 1042.8118896484375 824.4305419921875 
3 298.6588439941406 446.16192626953125 353.837158203125 619.3888549804688 
3 208.30584716796875 458.7741394042969 265.3815002441406 608.164306640625 
394
1 892.8627319335938 370.1093444824219 1059.0791015625 815.405029296875 
3 289.5301513671875 439.00787353515625 354.88787841796875 622.8057250976562 
3 297.86541748046875 445.5364990234375 353.8587951660156 618.9091186523438 
3 208.38766479492188 459.8374328613281 265.2862548828125 610.2112426757812 
395
1 897.81689453125 374.29443359375 1072.308349609375 818.0538330078125 
3 296.7847900390625 447.6330871582031 354.20880126953125 619.3775634765625 
3 288.99658203125 441.5218505859375 355.142333984375 623.189453125 
3 208.63755798339844 459.8857727050781 265.24810791015625 609.230224609375 
396
1 904.6470947265625 377.2118225097656 1084.653564453125 814.0 
3 298.7508850097656 447.728759765625 354.3360595703125 618.7007446289062 
3 292.6894226074219 442.1846923828125 355.4218444824219 621.979248046875 
3 253.1267852783203 464.69189453125 309.42388916015625 606.0668334960938 
3 208.81581115722656 459.797607421875 264.1690979003906 604.6444091796875 
397
1 907.2694702148438 377.54541015625 1106.6424560546875 815.822509765625 
3 298.3233642578125 448.279541015625 354.48541259765625 619.0119018554688 
3 292.2392272949219 442.2939453125 355.2971496582031 622.6217041015625 
3 253.279541015625 464.82574462890625 309.1597900390625 607.2410888671875 
3 208.89820861816406 459.70184326171875 264.506591796875 605.4404907226562 
398
1 906.3019409179688 380.5401611328125 1122.992919921875 815.160400390625 
3 297.7007141113281 446.6904602050781 354.2937316894531 618.7371826171875 
3 291.33123779296875 441.34222412109375 355.33489990234375 622.157470703125 
3 253.68017578125 463.81231689453125 308.88079833984375 605.6600341796875 
399
1 908.5257568359375 384.8940124511719 1130.216796875 819.8458251953125 
1 906.075927734375 384.10601806640625 1129.42626953125 819.0545654296875 
3 299.456298828125 447.09393310546875 354.15667724609375 618.4398193359375 
3 293.0080261230469 441.6297912597656 355.3892822265625 621.5746459960938 
3 254.1767120361328 463.59027099609375 309.2861328125 604.4589233398438 
400
1 906.4976806640625 388.56427001953125 1132.700927734375 829.2994384765625 
1 908.1340942382812 388.1840515136719 1134.04638671875 834.9032592773438 
3 299.4390869140625 448.1650085449219 354.0858154296875 619.1170654296875 
3 292.8956298828125 442.2684631347656 355.2478942871094 622.6054077148438 
3 254.32749938964844 463.28082275390625 308.9007263183594 604.936279296875 
401
1 909.3057861328125 387.7532958984375 1138.5189208984375 837.7852783203125 
1 910.1473388671875 386.6627197265625 1138.58447265625 832.472900390625 
3 293.68353271484375 440.82684326171875 355.32672119140625 622.8642578125 
3 298.92303466796875 447.2588195800781 354.180419921875 619.2379760742188 
3 254.66445922851562 463.6914367675781 309.24432373046875 605.1004638671875 
402
1 913.88818359375 388.4579772949219 1142.856689453125 850.998291015625 
3 293.0029296875 441.1495361328125 355.25762939453125 623.3485107421875 
3 298.430419921875 447.12548828125 353.869384765625 619.8419189453125 
3 254.9154510498047 464.00146484375 309.27294921875 604.9254150390625 
403
1 926.4907836914062 386.88092041015625 1143.081787109375 847.7408447265625 
1 923.9351806640625 386.99896240234375 1141.6241455078125 844.2021484375 
3 294.01849365234375 441.3503723144531 356.3299560546875 621.772705078125 
3 299.0713806152344 447.6639404296875 354.4355163574219 619.4412841796875 
3 254.7224578857422 465.04229736328125 309.19293212890625 605.5721435546875 
404
1 946.5872802734375 385.57672119140625 1136.172607421875 836.5606689453125 
3 254.29083251953125 464.75543212890625 309.01470947265625 605.5140380859375 
3 293.1795654296875 440.60821533203125 355.3105163574219 623.2863159179688 
3 297.998046875 446.68634033203125 354.163818359375 619.8414306640625 
3 209.15219116210938 459.7882080078125 263.64453125 606.6185302734375 
405
1 966.202392578125 385.97283935546875 1139.6025390625 834.48486328125 
3 299.8135986328125 446.9197082519531 354.10540771484375 619.24658203125 
3 293.83111572265625 440.75775146484375 355.52044677734375 622.876953125 
3 255.24954223632812 465.07672119140625 309.11260986328125 604.5347900390625 
406
1 1006.6041870117188 380.09820556640625 1151.027587890625 838.4788818359375 
3 293.0125732421875 439.95538330078125 355.26019287109375 621.88525390625 
3 298.7065124511719 444.6340026855469 354.28741455078125 619.06689453125 
3 255.05145263671875 466.6996765136719 308.8407287597656 606.04052734375 
407
1 1018.15771484375 381.3646545410156 1157.9517822265625 832.915283203125 
3 255.07763671875 466.7257080078125 308.3458557128906 605.6329345703125 
3 294.147705078125 440.57196044921875 355.0271301269531 622.0438842773438 
3 298.96453857421875 445.65936279296875 354.0457763671875 619.473876953125 
3 209.05416870117188 459.75836181640625 263.4374084472656 607.4790649414062 
408
1 1033.5926513671875 379.39776611328125 1164.8612060546875 835.2418212890625 
3 254.6282501220703 467.3716735839844 308.209716796875 603.9177856445312 
3 294.5233154296875 441.6622314453125 354.89691162109375 622.135498046875 
3 298.8124694824219 446.032470703125 354.1148376464844 619.485107421875 
3 209.06979370117188 460.06591796875 263.69903564453125 608.3212890625 
409
1 1041.5054931640625 377.3605041503906 1178.214599609375 836.8504638671875 
3 292.25286865234375 441.069580078125 354.9542236328125 622.266357421875 
3 297.63726806640625 445.9588623046875 354.1578369140625 619.1292114257812 
3 255.0264129638672 466.9452209472656 308.82281494140625 605.2884521484375 
410
1 1051.0291748046875 374.82672119140625 1194.0413818359375 833.30908203125 
3 293.3768310546875 441.6898193359375 354.9656677246094 622.8626708984375 
3 298.3562316894531 446.6228942871094 354.2320556640625 619.4619750976562 
3 254.48516845703125 465.90435791015625 308.5719909667969 604.1820068359375 
411
1 1058.003662109375 375.275390625 1217.7745361328125 834.5458984375 
3 298.6288146972656 447.3416748046875 354.4115295410156 619.46826171875 
3 254.2441864013672 465.493896484375 309.079345703125 602.8765258789062 
3 293.29620361328125 441.5477294921875 355.234619140625 622.642822265625 
412
1 1062.6885986328125 378.35107421875 1250.5059814453125 838.390869140625 
3 293.19854736328125 440.6177673339844 356.44366455078125 622.4742431640625 
3 254.25164794921875 464.91351318359375 309.0478820800781 603.171142578125 
3 297.730712890625 446.21307373046875 354.65081787109375 619.5957641601562 
413
1 1063.845458984375 382.6634216308594 1278.0208740234375 843.1990966796875 
1 1062.824462890625 381.11578369140625 1278.350830078125 848.1834716796875 
3 292.3719482421875 442.1192321777344 356.45703125 621.533935546875 
3 298.03570556640625 448.94622802734375 354.3271179199219 619.1135864257812 
3 255.15841674804688 466.538330078125 308.15802001953125 604.5439453125 
3 208.86672973632812 459.7171630859375 263.847900390625 606.7570190429688 
414
1 1064.177978515625 384.1024169921875 1301.8546142578125 840.5367431640625 
3 254.72030639648438 467.2374267578125 308.5174560546875 604.5169677734375 
3 298.89599609375 447.5755615234375 354.45831298828125 618.9609375 
3 208.99615478515625 459.68536376953125 263.88873291015625 607.6098022460938 
415
1 1063.502685546875 386.318115234375 1326.037109375 854.6077880859375 
3 294.40087890625 441.86444091796875 355.41021728515625 621.4998168945312 
3 254.91738891601562 466.4508361816406 308.2684020996094 604.1053466796875 
3 208.97048950195312 459.9028015136719 264.26678466796875 607.8532104492188 
416
1 1061.79638671875 386.5968933105469 1402.928955078125 859.4381103515625 
3 254.0327911376953 466.56121826171875 308.8275146484375 604.2113647460938 
3 294.4691162109375 440.96929931640625 355.10546875 621.8340454101562 
3 299.2449951171875 446.61346435546875 353.827880859375 618.549072265625 
417
1 1063.744140625 387.48004150390625 1334.8262939453125 835.1063232421875 
3 294.3463134765625 440.5711669921875 355.7023620605469 621.5245361328125 
3 254.75680541992188 466.22442626953125 308.4398193359375 604.8799438476562 
3 208.4282684326172 459.10748291015625 264.3626708984375 608.5110473632812 
418
1 1066.4415283203125 389.6300354003906 1338.48974609375 836.9851684570312 
3 254.841552734375 466.6529846191406 308.98651123046875 606.15771484375 
3 294.55877685546875 440.50042724609375 355.09765625 622.0306396484375 
3 300.26702880859375 447.2513427734375 353.7829284667969 617.992919921875 
3 208.28744506835938 459.59033203125 264.786376953125 609.4694213867188 
419
1 1072.5679931640625 387.8441162109375 1343.2474365234375 844.3236083984375 
3 255.08731079101562 465.19561767578125 309.002685546875 605.6696166992188 
3 208.34756469726562 459.5570983886719 263.6553039550781 608.2864379882812 
3 296.00286865234375 440.03961181640625 356.5335693359375 620.97705078125 
3 294.749755859375 440.670654296875 355.5281982421875 622.4430541992188 
420
0 1081.234619140625 385.1490783691406 1347.066650390625 867.955322265625 
3 254.3182373046875 464.7303771972656 308.41290283203125 607.0230712890625 
3 292.60772705078125 438.3319091796875 354.9981689453125 622.3370361328125 
3 208.55300903320312 459.83441162109375 264.0826721191406 608.8743896484375 
3 301.4814758300781 442.35369873046875 353.8126220703125 616.366455078125 
421
1 1092.9388427734375 382.17474365234375 1394.9373779296875 842.6678466796875 
3 255.04342651367188 464.78179931640625 309.1469421386719 607.3553466796875 
3 292.9310302734375 440.0900573730469 355.17828369140625 621.9395141601562 
3 299.0760192871094 444.843017578125 354.2978210449219 618.498046875 
3 208.32179260253906 459.920654296875 264.50439453125 609.89501953125 
422
1 1116.136474609375 379.93194580078125 1345.655517578125 825.0330810546875 
3 254.52882385253906 464.9720764160156 308.8946533203125 607.36669921875 
3 294.2382507324219 441.15069580078125 355.35491943359375 620.8717041015625 
3 298.39813232421875 445.62017822265625 354.31658935546875 617.6065673828125 
3 208.5135498046875 459.9211120605469 263.98516845703125 609.5660400390625 
1 1170.724609375 377.3681945800781 1345.697509765625 820.3685302734375 
423
1 1129.609375 375.7786865234375 1397.672607421875 828.966552734375 
3 254.34463500976562 466.10302734375 308.7367858886719 607.04296875 
3 293.3125 440.552490234375 355.7283630371094 621.0781860351562 
3 208.75827026367188 459.98785400390625 263.28948974609375 609.1281127929688 
3 298.1851501464844 445.1168518066406 354.4234619140625 617.6837158203125 
424
1 1150.7645263671875 371.27679443359375 1379.830078125 828.1140747070312 
3 255.05416870117188 466.00640869140625 308.7475891113281 606.8218383789062 
3 299.3097229003906 446.3929138183594 354.3161926269531 619.0311279296875 
3 294.0751037597656 440.85467529296875 355.1874084472656 622.3767700195312 
3 208.27450561523438 459.79205322265625 264.212646484375 608.6149291992188 
425
1 1173.870849609375 365.4079284667969 1394.58935546875 827.6484375 
3 292.0254821777344 437.708984375 355.6643371582031 623.1304931640625 
3 254.70263671875 466.4808349609375 308.0103454589844 606.36669921875 
3 208.29598999023438 459.0553894042969 263.1664123535156 608.103759765625 
426
1 1199.4554443359375 361.3375244140625 1387.718505859375 828.7725830078125 
3 254.49462890625 465.87774658203125 308.6424865722656 606.4931030273438 
3 292.41790771484375 439.634765625 355.26153564453125 622.793212890625 
3 298.82562255859375 444.273681640625 354.2176818847656 619.1200561523438 
3 208.72206115722656 459.5157470703125 263.5888977050781 609.786865234375 
427
1 1224.0382080078125 358.0860900878906 1393.4403076171875 827.06787109375 
3 254.92117309570312 465.32342529296875 308.1642150878906 605.1453857421875 
3 298.5822448730469 443.61767578125 354.00115966796875 618.8186645507812 
3 291.12823486328125 438.6029052734375 355.12969970703125 622.62060546875 
3 208.4065704345703 459.04534912109375 263.48193359375 608.99609375 
428
1 1237.4154052734375 354.0772705078125 1400.171875 828.733642578125 
3 283.89190673828125 436.48931884765625 355.77734375 621.4535522460938 
3 208.52325439453125 458.39666748046875 262.86749267578125 609.1719360351562 
3 299.12200927734375 440.11865234375 354.317626953125 616.829345703125 
429
1 1246.600341796875 354.2498474121094 1405.86474609375 835.6710205078125 
3 255.23968505859375 465.2149658203125 308.4779052734375 605.5882568359375 
3 292.6336364746094 438.5957336425781 355.1529846191406 622.1343994140625 
3 209.00827026367188 459.4010925292969 263.46966552734375 608.4984741210938 
3 300.82598876953125 443.0888671875 353.89996337890625 617.49560546875 
430
1 1254.129638671875 355.44140625 1425.77392578125 841.4602661132812 
3 255.78273010253906 465.976806640625 308.6983947753906 607.0386962890625 
3 293.5523986816406 438.7840576171875 355.2994384765625 622.2092895507812 
3 208.96975708007812 459.57171630859375 263.2060546875 609.3660278320312 
431
1 1260.08544921875 355.8719787597656 1456.3814697265625 844.043701171875 
3 292.2735595703125 437.68255615234375 355.5973815917969 621.6424560546875 
3 256.1564025878906 466.2130126953125 307.392822265625 607.2059936523438 
3 208.80050659179688 458.7951965332031 262.7104797363281 608.9776000976562 
3 300.1645202636719 440.9017639160156 354.2872314453125 616.1917724609375 
432
1 1261.472900390625 357.7480773925781 1496.47998046875 849.4048461914062 
3 255.0457305908203 465.0357971191406 308.3201904296875 606.3029174804688 
3 293.215576171875 439.6219482421875 355.27252197265625 622.0476684570312 
3 208.67672729492188 459.88433837890625 263.8842468261719 608.4482421875 
3 298.0882263183594 445.1702880859375 353.98455810546875 618.4349365234375 
433
1 1261.0504150390625 359.0787048339844 1523.36376953125 850.0616455078125 
3 292.60504150390625 439.18975830078125 355.28564453125 621.0460205078125 
3 255.0074462890625 465.7017822265625 308.144775390625 605.7528076171875 
3 209.00140380859375 459.33782958984375 263.7206726074219 607.1871948242188 
434
0 1260.813232421875 361.30047607421875 1544.916259765625 882.0704956054688 
3 291.9859313964844 438.516357421875 355.71124267578125 622.88916015625 
3 254.88287353515625 464.66973876953125 307.583984375 606.6953125 
3 208.59371948242188 458.46087646484375 263.15283203125 608.3339233398438 
435
1 1260.52099609375 362.42706298828125 1557.0904541015625 866.99658203125 
3 254.5202178955078 466.5674743652344 308.220458984375 605.4432373046875 
3 290.2198486328125 438.15057373046875 355.447021484375 622.7218017578125 
3 297.16009521484375 445.1106262207031 354.2812194824219 618.7354736328125 
3 208.73593139648438 458.607177734375 263.5882873535156 607.9993896484375 
436
1 1262.8133544921875 366.15863037109375 1558.7926025390625 862.4555053710938 
3 291.947998046875 439.61810302734375 355.3907470703125 623.593017578125 
3 254.32901000976562 468.1923522949219 307.99176025390625 605.692138671875 
3 297.392333984375 445.84954833984375 354.159912109375 619.6361083984375 
3 208.57669067382812 459.5804443359375 262.8946838378906 608.0886840820312 
437
1 1265.0240478515625 364.5405578613281 1559.8291015625 862.9639892578125 
3 291.87353515625 438.842529296875 355.916748046875 622.80908203125 
3 254.34771728515625 465.0921936035156 306.5151062011719 607.6826171875 
3 208.75924682617188 458.77850341796875 262.9858703613281 608.5648193359375 
3 299.400634765625 443.264404296875 354.6845703125 619.14794921875 
438
1 1272.4658203125 364.54913330078125 1568.83154296875 859.6055908203125 
3 253.38821411132812 466.60137939453125 307.4847412109375 605.9871215820312 
3 294.13922119140625 439.891357421875 355.5423583984375 622.7483520507812 
3 208.92263793945312 459.5040283203125 263.2066650390625 608.9840087890625 
3 298.10797119140625 446.2955322265625 354.4707946777344 618.9736328125 
439
1 1285.664794921875 364.2560119628906 1568.4517822265625 863.00732421875 
3 291.2957763671875 440.34893798828125 355.76776123046875 623.3071899414062 
3 296.95928955078125 446.0379638671875 354.8816833496094 619.635009765625 
3 252.68658447265625 467.6495361328125 308.54779052734375 605.3106689453125 
3 209.123291015625 460.19775390625 263.10223388671875 607.9390869140625 
440
1 1308.41015625 361.9664611816406 1558.220458984375 859.7722778320312 
3 292.3615417480469 438.21728515625 355.8721008300781 622.4691162109375 
3 252.76458740234375 464.40234375 307.12298583984375 604.9180908203125 
3 208.86917114257812 458.4505920410156 262.2119140625 608.3001708984375 
3 299.43060302734375 442.23516845703125 354.4880676269531 618.9498291015625 
441
1 1349.636962890625 359.1982727050781 1567.419189453125 864.41455078125 
1 1377.46533203125 359.6917419433594 1562.3089599609375 858.0535888671875 
3 294.3253173828125 439.67572021484375 355.553955078125 622.431640625 
3 252.4974365234375 465.33929443359375 308.8832702636719 605.7322998046875 
3 209.04373168945312 459.50390625 262.51226806640625 608.9974365234375 
442
0 1353.3759765625 353.3670959472656 1567.728515625 867.98388671875 
3 295.32354736328125 439.92254638671875 355.1374206542969 621.9674072265625 
3 253.5823516845703 465.0260009765625 308.7706298828125 606.2931518554688 
3 300.81549072265625 444.65966796875 353.7663879394531 618.7386474609375 
3 209.30984497070312 459.577392578125 262.32037353515625 609.092529296875 
443
1 1374.1400146484375 350.1209716796875 1570.0235595703125 860.8740234375 
1 1371.9248046875 350.4817199707031 1569.765625 857.3259887695312 
3 292.1959533691406 437.66522216796875 356.0020446777344 621.4091796875 
3 208.9930419921875 457.538330078125 262.56915283203125 608.052490234375 
3 253.89315795898438 462.35015869140625 307.5473327636719 605.4442138671875 
3 300.42816162109375 441.82745361328125 354.2330627441406 617.65771484375 
444
1 1412.247802734375 346.2318115234375 1583.3067626953125 858.6930541992188 
3 292.6534118652344 438.14202880859375 355.82470703125 621.5762939453125 
3 253.6182861328125 461.74029541015625 307.27630615234375 605.47509765625 
3 208.6614532470703 457.8402099609375 262.4662170410156 608.4185791015625 
3 299.41949462890625 441.8000793457031 354.4067077636719 618.22998046875 
445
1 1425.587158203125 342.33477783203125 1595.911376953125 860.2186889648438 
3 293.34771728515625 439.4988098144531 355.7127685546875 621.4660034179688 
3 253.4319305419922 464.5872802734375 308.15362548828125 604.8780517578125 
3 209.76878356933594 459.7105407714844 262.48712158203125 607.562744140625 
446
1 1434.250244140625 342.8672790527344 1629.828125 859.30859375 
3 292.61907958984375 438.78973388671875 355.5572509765625 620.97216796875 
3 253.17117309570312 462.5391845703125 307.90118408203125 604.9864501953125 
3 209.42172241210938 458.727783203125 262.6668701171875 607.9678955078125 
447
1 1443.843505859375 343.71917724609375 1656.028564453125 863.2098999023438 
1 1444.19580078125 342.31414794921875 1654.6103515625 861.7354736328125 
3 293.87823486328125 439.1065979003906 355.6016845703125 621.1646728515625 
3 253.943603515625 462.67138671875 307.44293212890625 604.8247680664062 
3 209.679931640625 458.86474609375 262.9168701171875 606.9572143554688 
448
1 1451.237060546875 341.5107421875 1672.70556640625 865.88671875 
3 253.73707580566406 465.0145263671875 307.956787109375 604.4228515625 
3 294.0697326660156 439.66998291015625 355.1563720703125 621.8980712890625 
3 209.5614013671875 459.2474670410156 263.2255859375 606.5771484375 
3 298.616943359375 442.998046875 354.0985412597656 618.7254638671875 
449
0 1458.2647705078125 340.0762634277344 1691.15380859375 867.8311767578125 
3 253.5011444091797 463.79541015625 307.47064208984375 604.9782104492188 
3 295.30548095703125 439.47821044921875 355.1535339355469 621.0106201171875 
3 209.62759399414062 459.02301025390625 262.67437744140625 604.43359375 
3 299.6860656738281 442.57122802734375 353.9605407714844 617.6902465820312 
450
0 1463.4351806640625 342.0331726074219 1714.642333984375 867.9173583984375 
3 293.7955627441406 440.0382080078125 356.36553955078125 621.4351806640625 
3 298.09344482421875 447.2377624511719 354.8585205078125 618.02978515625 
3 255.32952880859375 465.4910888671875 306.5141906738281 605.4563598632812 
3 209.19146728515625 459.0127258300781 263.0428466796875 607.1728515625 
451
0 1464.543212890625 342.4437255859375 1739.784423828125 869.86083984375 
3 292.19268798828125 439.7672424316406 356.0215759277344 621.1763916015625 
3 297.02703857421875 446.53094482421875 354.64349365234375 617.9312744140625 
3 209.22560119628906 458.93743896484375 263.101806640625 605.2808837890625 
3 253.57833862304688 467.266845703125 306.61187744140625 605.3787841796875 
452
0 1464.0001220703125 344.0014953613281 1757.287109375 867.7894287109375 
3 293.77301025390625 440.12432861328125 356.080322265625 620.3783569335938 
3 252.97581481933594 465.80712890625 306.7567138671875 605.7500610351562 
3 209.05838012695312 458.05572509765625 262.53936767578125 607.6754150390625 
3 297.932373046875 445.47857666015625 354.66845703125 617.478271484375 
453
0 1464.17041015625 343.7142639160156 1769.7916259765625 868.9127197265625 
3 208.72784423828125 458.1429748535156 262.9185485839844 608.6322021484375 
3 253.834228515625 465.9254150390625 307.0406188964844 606.1392822265625 
3 291.5055236816406 439.75238037109375 355.85589599609375 620.1737670898438 
3 297.7777404785156 445.0242004394531 354.4497985839844 617.1466674804688 
454
1 1465.2769775390625 346.58514404296875 1772.152587890625 864.4085083007812 
3 294.74700927734375 439.908935546875 356.1880798339844 620.0626220703125 
3 254.00079345703125 464.16278076171875 306.8326416015625 604.5567016601562 
3 208.8742218017578 458.41864013671875 262.5349426269531 607.0809936523438 
455
1 1466.082763671875 344.1505126953125 1767.649658203125 863.6141967773438 
3 295.4299621582031 439.4755859375 356.6636657714844 620.2318115234375 
3 298.53948974609375 446.21087646484375 354.65673828125 616.979248046875 
3 253.79342651367188 467.0710144042969 306.86248779296875 604.3911743164062 
3 209.37637329101562 459.4016418457031 262.7176513671875 609.2744140625 
456
0 1467.9383544921875 342.5041809082031 1766.201904296875 872.3427734375 
3 294.8928527832031 440.0953369140625 356.51361083984375 620.525146484375 
3 254.08404541015625 466.3984375 306.08544921875 605.269287109375 
3 209.31541442871094 458.907470703125 262.5780029296875 610.6046142578125 
457
3 1477.525390625 338.93011474609375 1767.6544189453125 876.4385986328125 
3 293.2620544433594 439.2086181640625 356.3787841796875 620.5919189453125 
3 209.67001342773438 458.8719177246094 262.48834228515625 610.36376953125 
3 300.3664245605469 443.6529235839844 354.241943359375 616.174072265625 
3 254.5869140625 467.8455810546875 306.6174621582031 605.8538208007812 
458
3 1489.5638427734375 335.16552734375 1759.77197265625 880.4959716796875 
3 292.72967529296875 438.713134765625 356.2460021972656 621.3851928710938 
3 253.66064453125 467.7360534667969 306.66644287109375 605.49365234375 
3 209.74081420898438 458.7893371582031 263.6533203125 608.6083984375 
459
3 1503.63916015625 327.4083557128906 1772.22265625 878.0128784179688 
3 289.5641784667969 437.1866455078125 355.98480224609375 620.9393310546875 
3 209.84112548828125 458.14599609375 263.09149169921875 609.25439453125 
3 300.0598449707031 442.2008056640625 354.0544128417969 615.4650268554688 
3 253.2371063232422 465.6053466796875 306.327392578125 607.0296020507812 
460
3 1523.81884765625 325.2120666503906 1781.0394287109375 864.8776245117188 
3 292.4067077636719 437.9598083496094 355.83758544921875 620.802734375 
3 209.71746826171875 458.0116882324219 263.037109375 608.1163940429688 
3 253.008056640625 466.74481201171875 306.4318542480469 605.8770141601562 
3 300.24566650390625 443.14794921875 354.18206787109375 616.8432006835938 
461
3 1541.02685546875 323.3328857421875 1788.0869140625 861.43017578125 
3 294.35626220703125 439.1087951660156 355.6105041503906 621.1448364257812 
3 253.633056640625 465.7826843261719 306.41937255859375 605.4532470703125 
3 210.16720581054688 458.1802978515625 263.375732421875 608.4501953125 
462
3 1565.4111328125 321.5479736328125 1801.1019287109375 858.8886108398438 
3 294.19476318359375 439.8138427734375 356.0782470703125 620.219482421875 
3 254.05307006835938 466.0082702636719 306.23297119140625 605.39892578125 
3 210.3775177001953 458.3403625488281 263.4462890625 608.0638427734375 
463
3 1588.318603515625 319.9805908203125 1811.3909912109375 856.034423828125 
3 295.1573181152344 439.3380432128906 356.022705078125 621.1467895507812 
3 298.7450256347656 444.5539855957031 354.7189025878906 618.3368530273438 
3 254.86729431152344 467.28790283203125 306.9132080078125 604.9407958984375 
464
3 1610.5294189453125 320.32794189453125 1820.61865234375 849.628173828125 
3 293.6620788574219 438.7628173828125 355.5736999511719 621.4439697265625 
3 300.3742370605469 443.3090515136719 354.55548095703125 617.966796875 
3 254.38510131835938 464.6329650878906 306.8193664550781 604.8968505859375 
465
3 1619.2509765625 317.43560791015625 1826.129638671875 842.1771240234375 
3 292.32177734375 438.4291076660156 355.4104309082031 621.8724975585938 
3 300.05230712890625 442.4468994140625 353.9842224121094 617.9302368164062 
3 254.05274963378906 463.1694030761719 307.3651123046875 604.7236328125 
466
3 1630.166015625 315.9163818359375 1836.3212890625 854.9659423828125 
3 294.5094909667969 439.25848388671875 355.93646240234375 621.63037109375 
3 300.7991638183594 443.4622802734375 354.29144287109375 616.9381103515625 
3 255.85122680664062 464.25677490234375 307.5223388671875 605.2234497070312 
3 210.27919006347656 458.16400146484375 263.171875 606.9845581054688 
467
3 1637.2913818359375 313.1000671386719 1844.3668212890625 867.9144287109375 
3 292.1575927734375 438.5979309082031 356.161865234375 621.4188232421875 
3 299.462890625 442.35003662109375 354.3665466308594 616.4324340820312 
3 254.62945556640625 461.6401062011719 307.550048828125 605.233154296875 
3 210.17930603027344 457.73028564453125 263.32958984375 606.9454345703125 
468
3 1650.000244140625 312.2107238769531 1862.959716796875 861.2107543945312 
3 293.5149841308594 439.3790283203125 356.1942138671875 622.1947021484375 
3 300.14129638671875 443.1931457519531 354.58477783203125 617.3419189453125 
3 255.27479553222656 465.9685363769531 307.349365234375 606.1968383789062 
469
3 1655.0826416015625 311.9965515136719 1907.17236328125 868.85791015625 
3 293.2353820800781 438.6531982421875 355.92108154296875 621.35205078125 
3 299.96588134765625 442.96826171875 354.712646484375 615.4622192382812 
3 255.07546997070312 466.9142761230469 306.95574951171875 606.0878295898438 
470
3 1664.797119140625 310.887939453125 1917.18994140625 863.5699462890625 
3 294.6404724121094 438.5530700683594 355.998046875 619.99658203125 
3 300.02435302734375 442.50885009765625 354.51605224609375 615.6904296875 
3 255.39483642578125 466.1084289550781 307.0897216796875 605.79736328125 
3 209.64669799804688 458.3321228027344 262.7182922363281 609.0259399414062 
471
3 1669.4893798828125 310.80792236328125 1918.0322265625 856.5863037109375 
3 295.32373046875 438.62969970703125 356.24237060546875 619.9725341796875 
3 300.87127685546875 442.9376220703125 354.4990234375 616.0013427734375 
3 254.53533935546875 464.8388671875 308.0827331542969 605.6803588867188 
3 209.98611450195312 458.93450927734375 263.0433349609375 606.9798583984375 
472
3 1673.8934326171875 309.83746337890625 1919.720947265625 855.302001953125 
3 293.58087158203125 438.647216796875 355.9935302734375 620.2127075195312 
3 299.8441162109375 442.52081298828125 354.6606140136719 616.26220703125 
3 254.80917358398438 462.5968017578125 307.8240966796875 605.9341430664062 
3 209.6727294921875 458.3887023925781 263.10650634765625 607.6339721679688 
473
3 1674.352294921875 309.8028564453125 1919.728759765625 862.21044921875 
3 294.5709533691406 438.84869384765625 355.7159118652344 620.734619140625 
3 300.947998046875 443.1334228515625 354.64630126953125 617.4373779296875 
3 255.23458862304688 462.49798583984375 308.1966857910156 604.0697631835938 
3 209.75912475585938 458.48236083984375 263.6918640136719 607.230712890625 
474
3 1673.5762939453125 311.0278015136719 1919.6759033203125 863.4578247070312 
3 295.6522216796875 439.80926513671875 355.76361083984375 620.3150634765625 
3 253.93373107910156 462.09368896484375 308.95654296875 605.261962890625 
3 210.00347900390625 459.2005920410156 264.6107482910156 607.5454711914062 
3 301.1406555175781 444.1392517089844 354.446044921875 617.28173828125 
475
3 1671.7086181640625 311.55145263671875 1919.701416015625 870.4323120117188 
3 294.9225158691406 437.6023864746094 356.29852294921875 619.9319458007812 
3 299.73309326171875 441.43475341796875 354.9287109375 617.5391235351562 
3 254.19091796875 461.00286865234375 307.9048156738281 605.822998046875 
3 209.6011505126953 458.58831787109375 263.4902648925781 607.7525634765625 
476
3 1670.5008544921875 312.5581970214844 1919.7147216796875 860.6353759765625 
3 295.23291015625 438.6266784667969 356.1568908691406 620.5831298828125 
3 299.64501953125 442.5354309082031 354.8775939941406 617.7081298828125 
3 253.80252075195312 461.67034912109375 308.2727966308594 606.6719360351562 
3 210.10433959960938 458.8907775878906 263.56524658203125 606.4192504882812 
477
3 1673.4349365234375 310.3050842285156 1919.7015380859375 863.8130493164062 
3 294.7470703125 439.468994140625 356.1468811035156 621.4998779296875 
3 300.52728271484375 444.22430419921875 354.55316162109375 617.536376953125 
3 253.8170166015625 464.8047180175781 308.3358154296875 607.0484008789062 
3 210.06239318847656 458.94219970703125 263.16156005859375 607.0555419921875 
478
3 1675.759521484375 308.4396057128906 1919.77294921875 853.3505859375 
3 294.35357666015625 438.46075439453125 355.9041442871094 621.0025634765625 
3 300.06341552734375 442.26171875 354.533447265625 618.1666259765625 
3 254.27577209472656 462.5094909667969 307.5740051269531 606.8638305664062 
3 209.81268310546875 458.14117431640625 263.076904296875 607.595458984375 
479
3 1687.1689453125 305.23638916015625 1919.6846923828125 855.3453369140625 
3 291.92767333984375 438.54376220703125 355.1741638183594 622.0166015625 
3 299.6178894042969 442.55853271484375 354.1142272949219 618.4652709960938 
3 253.89837646484375 461.6651916503906 307.7378845214844 606.1988525390625 
480
3 1699.215087890625 306.7340393066406 1919.692626953125 866.298828125 
3 291.0032043457031 436.5943908691406 355.8094482421875 621.5834350585938 
481
3 1718.6561279296875 308.3805236816406 1919.747802734375 856.4035034179688 
3 290.19989013671875 435.4432373046875 356.28863525390625 622.0816040039062 
482
3 1737.0556640625 311.411376953125 1919.753173828125 862.2799072265625 
3 291.360107421875 436.0518493652344 356.30694580078125 621.7462158203125 
483
3 1756.65478515625 312.8288269042969 1919.7227783203125 863.5576171875 
3 287.40594482421875 437.510986328125 356.6618957519531 621.656494140625 
484
3 1779.8134765625 330.0179748535156 1919.18212890625 846.0419311523438 
3 293.9617004394531 436.56817626953125 356.4091796875 622.0897216796875 
3 302.6235046386719 442.5234375 354.6600646972656 616.626953125 
3 209.73056030273438 458.5252990722656 263.4808654785156 607.4642944335938 
3 254.05093383789062 466.79339599609375 308.241455078125 604.7860717773438 
485
3 295.4858703613281 438.0677490234375 355.7604675292969 620.2171020507812 
3 1806.7763671875 363.8517150878906 1919.1829833984375 867.554443359375 
486
3 295.2533874511719 439.12615966796875 356.0567932128906 620.1998901367188 
3 254.2484893798828 464.265625 308.0293884277344 604.225830078125 
487
3 1836.627685546875 377.8896789550781 1919.147216796875 867.2080078125 
3 296.2900085449219 438.7408447265625 356.26422119140625 622.72900390625 
3 254.14486694335938 464.3910827636719 308.2586975097656 603.5484619140625 
3 210.06234741210938 458.34783935546875 263.0556640625 606.0675048828125 
488
3 1841.755126953125 379.5396728515625 1919.1478271484375 863.8748779296875 
3 292.90771484375 438.08392333984375 356.2476806640625 623.6024780273438 
3 209.83470153808594 458.1663818359375 263.5885009765625 608.9788818359375 
489
3 1851.10888671875 388.85369873046875 1919.1396484375 863.004150390625 
3 292.9569091796875 439.0899353027344 356.02655029296875 623.4219360351562 
490
3 1857.8206787109375 391.1373596191406 1919.111572265625 861.1888427734375 
3 292.7547607421875 438.9461669921875 355.620849609375 623.8126220703125 
491
3 1864.83349609375 400.704345703125 1919.091552734375 860.3116455078125 
3 293.57568359375 439.265869140625 356.01007080078125 622.58056640625 
492
3 1871.958740234375 404.8115234375 1919.095947265625 862.96728515625 
3 293.13311767578125 437.6495361328125 355.7166748046875 621.265625 
3 210.1781005859375 458.60791015625 263.44403076171875 609.292724609375 
493
3 1878.77587890625 417.57086181640625 1919.115478515625 862.2366943359375 
3 294.11248779296875 439.4434814453125 355.5769348144531 622.2269897460938 
3 209.72247314453125 458.4773254394531 263.1358337402344 609.00830078125 
3 254.47140502929688 465.109375 306.9690856933594 602.3177490234375 
494
3 293.9169921875 438.4642333984375 355.5585632324219 623.1150512695312 
3 1886.2181396484375 420.57135009765625 1919.09326171875 863.6995239257812 
3 209.86602783203125 458.2215576171875 263.0858154296875 608.902099609375 
3 254.2558135986328 466.19586181640625 306.75537109375 602.5023803710938 
3 298.39031982421875 444.13128662109375 354.51214599609375 620.0093383789062 
495
3 292.27777099609375 438.85711669921875 355.6305236816406 622.9190673828125 
3 299.2784423828125 442.36865234375 354.1418151855469 620.4324951171875 
3 209.72222900390625 458.7014465332031 263.0556335449219 608.689697265625 
496
3 291.69927978515625 438.82049560546875 355.4735412597656 622.85791015625 
3 209.57327270507812 459.0731506347656 262.9598693847656 608.5899658203125 
497
3 291.8958435058594 438.23199462890625 355.52069091796875 622.2071533203125 
498
3 291.7758483886719 438.60723876953125 355.14434814453125 621.759765625 
499
3 292.7044372558594 438.9815368652344 355.1512756347656 622.3560791015625 
500
3 289.9166259765625 437.7831115722656 355.39697265625 622.3187255859375 
501
3 290.6797790527344 437.99639892578125 355.13922119140625 622.1903686523438 
502
3 290.032958984375 438.08441162109375 354.95465087890625 622.042236328125 
503
3 290.7217102050781 438.48028564453125 355.14166259765625 620.882568359375 
3 298.83349609375 442.4506530761719 353.92779541015625 618.0152587890625 
504
3 290.134033203125 438.79266357421875 354.7069091796875 621.9010620117188 
505
3 290.15460205078125 439.0457763671875 354.96612548828125 621.973876953125 
506
3 291.511474609375 438.19940185546875 353.95648193359375 620.5050048828125 
507
3 292.7545471191406 439.41937255859375 354.14666748046875 621.0316162109375 
508
3 290.5772705078125 438.1485900878906 355.1790466308594 622.12255859375 
509
3 290.1485900878906 437.9930419921875 355.0270690917969 621.2638549804688 
510
3 293.8257751464844 438.7024841308594 355.4065856933594 621.9758911132812 
3 298.56298828125 443.7008056640625 353.3819580078125 619.840087890625 
511
3 297.9715881347656 447.619140625 355.03204345703125 618.3223876953125 
3 252.21087646484375 464.7404479980469 305.76678466796875 605.1940307617188 
3 292.9796142578125 440.78564453125 355.40191650390625 621.0664672851562 
512
3 298.0017395019531 446.2642822265625 354.2637939453125 619.1578979492188 
3 292.5172119140625 441.07537841796875 355.02239990234375 621.3826904296875 
3 251.25735473632812 467.0050964355469 306.0037841796875 605.4094848632812 
513
3 292.2757568359375 439.6249694824219 354.45794677734375 621.7125854492188 
3 251.67071533203125 465.2348327636719 305.018310546875 604.8348999023438 
3 298.1834411621094 444.2670593261719 352.89373779296875 619.4136962890625 
3 209.07135009765625 461.0413818359375 262.631103515625 604.0618896484375 
514
3 294.6865539550781 443.15972900390625 354.9001770019531 622.25927734375 
3 298.314453125 448.2884521484375 353.8744201660156 619.2301025390625 
3 209.4140625 460.2765197753906 264.4541015625 611.0933837890625 
515
3 292.8433837890625 439.14892578125 355.60479736328125 618.37744140625 
3 300.25091552734375 442.5977783203125 354.1350402832031 616.9549560546875 
