0
3 1050.244140625 34.69783020019531 1107.727294921875 147.595458984375 
3 669.4593505859375 131.59962463378906 768.985595703125 259.9632568359375 
1
3 1050.5838623046875 36.27296447753906 1109.2122802734375 145.768310546875 
3 669.3099365234375 133.2823028564453 772.700439453125 259.8907165527344 
2
3 1050.6337890625 34.90861511230469 1109.9276123046875 144.6811065673828 
3 668.3735961914062 134.3186492919922 774.3208618164062 260.5043029785156 
3
3 1050.8980712890625 34.483642578125 1109.2061767578125 144.3413543701172 
4
3 1051.421875 33.67438507080078 1107.872314453125 143.7542724609375 
3 667.3629760742188 141.67922973632812 779.0305786132812 261.0268249511719 
5
3 1051.8055419921875 35.63063049316406 1107.7412109375 144.3893280029297 
3 666.8717041015625 145.63214111328125 780.927734375 261.0293273925781 
6
3 1053.858154296875 34.39292907714844 1107.6728515625 144.9206085205078 
7
3 1054.4017333984375 35.38764953613281 1107.36328125 144.44058227539062 
3 666.25439453125 150.3111114501953 783.3514404296875 261.6655578613281 
8
3 1054.1893310546875 36.02516174316406 1107.86328125 144.67507934570312 
3 666.0193481445312 153.26751708984375 784.5239868164062 262.569580078125 
9
3 1054.0528564453125 36.89306640625 1107.6846923828125 144.7590789794922 
3 665.930908203125 154.46063232421875 784.879150390625 264.6493225097656 
10
3 1054.3826904296875 37.34727478027344 1107.8004150390625 144.5812530517578 
3 665.9459228515625 156.5087432861328 786.1233520507812 264.890869140625 
3 0.29400634765625 896.0772705078125 122.24053192138672 1024.4644775390625 
11
3 1053.9183349609375 37.505889892578125 1107.5023193359375 144.6424560546875 
3 665.7083740234375 156.95750427246094 787.5997314453125 263.134521484375 
3 1085.3526611328125 0.0 1105.2314453125 31.554092407226562 
12
3 1053.888427734375 37.75958251953125 1109.6988525390625 144.3486328125 
3 665.5241088867188 159.73764038085938 789.8982543945312 263.08868408203125 
3 0.36148834228515625 877.6931762695312 150.72879028320312 1024.881103515625 
3 1085.3927001953125 0.0 1105.498291015625 31.69934844970703 
13
3 1053.5269775390625 37.663299560546875 1111.0966796875 144.2626953125 
3 665.18994140625 161.274169921875 791.5671997070312 262.8489990234375 
3 0.24045181274414062 807.4890747070312 157.6178436279297 1026.771484375 
14
3 1053.8009033203125 38.054290771484375 1111.1396484375 145.04714965820312 
3 665.216796875 161.90370178222656 794.1582641601562 261.68487548828125 
3 0.26230621337890625 800.7234497070312 156.84774780273438 1025.50927734375 
3 1085.76611328125 0.0 1105.5623779296875 32.240447998046875 
15
3 1053.703369140625 37.29304504394531 1110.7242431640625 144.57977294921875 
3 665.2252197265625 163.86605834960938 794.9972534179688 261.3321838378906 
3 0.24653244018554688 849.6533813476562 160.06092834472656 1027.440185546875 
16
3 1053.0006103515625 34.754638671875 1111.4964599609375 141.1229248046875 
3 665.1836547851562 165.2740478515625 795.4718017578125 261.9048156738281 
3 0.06925201416015625 793.083984375 160.89117431640625 1019.581298828125 
3 0.02478790283203125 841.842529296875 158.25521850585938 1020.2056884765625 
17
3 0.2821922302246094 775.3616333007812 159.19125366210938 1007.5946044921875 
3 1053.756591796875 33.31220245361328 1113.1802978515625 138.51234436035156 
3 665.3463134765625 165.65036010742188 794.9827880859375 261.16436767578125 
18
3 0.3843345642089844 761.501220703125 158.65676879882812 994.4197998046875 
3 1055.707275390625 32.45977783203125 1113.751220703125 138.19113159179688 
3 665.28125 165.61566162109375 794.7915649414062 260.896240234375 
19
3 1055.1795654296875 31.97357940673828 1113.718505859375 138.12533569335938 
3 665.3208618164062 166.86871337890625 795.3500366210938 261.1385498046875 
3 0.3794670104980469 744.40478515625 161.536865234375 991.8577880859375 
20
3 665.290283203125 167.68661499023438 795.1647338867188 260.5719299316406 
3 1055.6455078125 31.583847045898438 1113.82177734375 137.5655059814453 
3 0.46636962890625 737.5057983398438 170.64276123046875 987.4901123046875 
21
3 665.3211059570312 167.90869140625 794.7955322265625 260.49237060546875 
3 0.7276535034179688 727.772216796875 189.186767578125 979.7320556640625 
3 1057.0740966796875 31.509803771972656 1115.4344482421875 135.9742889404297 
22
3 665.5418701171875 167.73699951171875 794.8802490234375 259.29315185546875 
3 0.5711593627929688 718.59521484375 201.34030151367188 971.9795532226562 
3 1057.6534423828125 29.680816650390625 1116.8096923828125 134.86412048339844 
23
3 665.40966796875 167.67723083496094 794.7579956054688 259.1849365234375 
3 1057.478759765625 28.889434814453125 1117.8717041015625 134.45761108398438 
3 0.5716934204101562 715.5955200195312 212.4747772216797 960.551025390625 
24
3 665.4653930664062 167.76248168945312 794.99658203125 259.1670837402344 
3 1057.621826171875 28.992263793945312 1119.34765625 134.83688354492188 
3 0.5443572998046875 715.0323486328125 217.6426544189453 951.7896728515625 
25
3 665.373046875 167.4877166748047 795.2342529296875 259.2865295410156 
3 1058.4061279296875 30.750350952148438 1118.4571533203125 134.07904052734375 
3 0.4531097412109375 715.3611450195312 220.96749877929688 949.33544921875 
26
3 665.3488159179688 166.6180877685547 795.51025390625 259.32318115234375 
3 1059.9647216796875 30.37531280517578 1118.438720703125 133.5777587890625 
3 0.3455352783203125 724.5970458984375 218.05030822753906 948.7533569335938 
27
3 1060.5928955078125 30.586044311523438 1117.431640625 133.25198364257812 
3 665.1237182617188 166.4025421142578 795.3668212890625 259.6695556640625 
3 0.5209808349609375 711.4190063476562 220.61077880859375 948.7476196289062 
28
3 1060.9525146484375 31.255714416503906 1115.8016357421875 133.09539794921875 
3 664.9949340820312 165.5951385498047 795.8156127929688 259.31768798828125 
3 0.6894378662109375 710.01318359375 214.23187255859375 948.189208984375 
29
3 0.5640945434570312 705.3740844726562 216.1936798095703 947.76416015625 
3 664.8391723632812 165.0016326904297 795.8690185546875 259.0889892578125 
3 1062.300048828125 31.774627685546875 1114.372802734375 132.77609252929688 
30
3 0.5109634399414062 702.3217163085938 215.370849609375 946.9126586914062 
3 664.955078125 164.7744903564453 796.1058349609375 258.38616943359375 
3 1063.415771484375 33.410491943359375 1115.2847900390625 133.68875122070312 
3 1703.5565185546875 11.330734252929688 1732.235595703125 87.6142578125 
31
3 664.4552612304688 163.4263916015625 796.2915649414062 259.1040954589844 
3 1064.0885009765625 33.593971252441406 1117.7335205078125 133.5389404296875 
3 0.7163848876953125 709.3218994140625 216.46014404296875 947.4314575195312 
3 1703.433349609375 13.195167541503906 1731.84130859375 86.25218963623047 
32
3 0.6436386108398438 729.69140625 218.77365112304688 947.514404296875 
3 1064.5672607421875 33.633338928222656 1118.2744140625 133.73805236816406 
3 664.4661254882812 161.66815185546875 796.015869140625 259.7945251464844 
3 1703.2110595703125 12.974067687988281 1732.03466796875 87.46097564697266 
33
3 0.559844970703125 700.7764282226562 224.07089233398438 945.524658203125 
3 664.6665649414062 159.00425720214844 795.4588012695312 260.8121337890625 
3 1064.666015625 31.841690063476562 1118.720458984375 132.91452026367188 
3 1703.2354736328125 11.202728271484375 1732.8367919921875 88.06661224365234 
3 623.1077880859375 67.87802124023438 651.9447021484375 113.16676330566406 
34
3 0.519744873046875 678.25439453125 217.9066162109375 945.5950317382812 
3 1065.9310302734375 30.170997619628906 1118.685546875 131.04959106445312 
3 664.7051391601562 155.52200317382812 793.7236328125 259.5759582519531 
3 1703.310546875 11.57733154296875 1732.722412109375 87.89585876464844 
3 622.9207763671875 68.93231201171875 651.1957397460938 113.3121337890625 
35
3 1066.4114990234375 30.026947021484375 1118.5511474609375 129.71359252929688 
3 664.3422241210938 153.03378295898438 790.7261962890625 260.053955078125 
3 0.7708969116210938 715.5543212890625 214.79501342773438 946.2705688476562 
3 1703.238525390625 14.045379638671875 1731.8203125 86.72447967529297 
3 622.6221313476562 68.62934875488281 650.6993408203125 113.53045654296875 
36
3 0.48351287841796875 679.4141845703125 225.83213806152344 947.1376953125 
3 1068.3984375 27.542118072509766 1119.0054931640625 128.78390502929688 
3 664.47802734375 148.33798217773438 789.5668334960938 260.3022766113281 
3 1703.16357421875 13.468387603759766 1732.298828125 86.7158432006836 
3 622.843505859375 68.94996643066406 650.646728515625 113.43270874023438 
37
3 1068.856201171875 27.540607452392578 1119.28857421875 127.84820556640625 
3 0.6128692626953125 680.8336791992188 222.28001403808594 947.1361694335938 
3 664.400390625 145.35183715820312 788.5646362304688 260.5277099609375 
3 1703.318115234375 12.307899475097656 1732.8604736328125 88.10049438476562 
38
3 0.5377578735351562 668.2036743164062 222.1105499267578 947.2632446289062 
3 1069.1552734375 27.913311004638672 1119.8492431640625 128.53843688964844 
3 664.9933471679688 139.39285278320312 787.31494140625 260.50897216796875 
3 1703.4326171875 12.8515625 1732.8199462890625 87.33297729492188 
39
3 0.52960205078125 649.9459838867188 226.4846649169922 948.2953491210938 
3 1071.0810546875 27.982006072998047 1119.316162109375 127.63128662109375 
3 665.3251953125 134.50274658203125 785.1592407226562 261.5205383300781 
3 1703.702880859375 13.0540771484375 1732.659423828125 86.32183837890625 
40
3 0.49135589599609375 644.7710571289062 225.3325653076172 948.6568603515625 
3 665.0758056640625 132.08477783203125 783.4464721679688 260.7415466308594 
3 1072.2559814453125 27.789886474609375 1120.1837158203125 126.4697265625 
3 1703.332275390625 13.178009033203125 1732.50537109375 87.74287414550781 
41
3 0.4144744873046875 640.3408203125 224.25917053222656 948.53759765625 
3 665.535888671875 128.09449768066406 782.3357543945312 261.94659423828125 
3 1072.41162109375 26.801925659179688 1122.6722412109375 126.41561889648438 
3 1703.1414794921875 12.548530578613281 1732.7060546875 87.96871948242188 
42
3 0.42273712158203125 646.8458862304688 224.3563995361328 948.3563232421875 
3 665.7452392578125 126.263671875 779.5655517578125 261.16656494140625 
3 1073.018310546875 26.642906188964844 1122.9544677734375 126.474365234375 
3 1703.4193115234375 12.606704711914062 1732.8377685546875 87.29541778564453 
43
3 0.37239837646484375 633.0556640625 231.1693115234375 948.0364379882812 
3 665.5299682617188 124.23370361328125 777.5661010742188 259.86126708984375 
3 1073.493408203125 26.95417022705078 1124.2738037109375 126.5679931640625 
3 1703.5372314453125 13.439598083496094 1732.5740966796875 85.95260620117188 
3 622.60009765625 69.18959045410156 651.0286865234375 113.24896240234375 
44
3 0.37346649169921875 630.302490234375 234.0597381591797 949.3807373046875 
3 665.6937255859375 120.86354064941406 775.4494018554688 260.533935546875 
3 1074.751220703125 26.93470001220703 1126.2659912109375 126.29966735839844 
3 1703.1976318359375 12.489654541015625 1732.564208984375 86.634765625 
3 622.9173583984375 68.64749908447266 651.7390747070312 113.45805358886719 
45
3 0.39041900634765625 624.7734375 234.19882202148438 950.5878295898438 
3 666.0099487304688 116.74200439453125 774.2455444335938 260.5885009765625 
3 1074.9935302734375 27.751136779785156 1126.8702392578125 126.60835266113281 
3 1703.11279296875 12.41501235961914 1732.899169921875 88.10179138183594 
3 623.0507202148438 68.471923828125 652.37890625 113.22007751464844 
46
3 0.40185546875 619.8829345703125 235.825439453125 952.8843383789062 
3 665.98046875 116.31207275390625 772.9998168945312 261.4140930175781 
3 1074.703369140625 28.045562744140625 1127.430908203125 126.38217163085938 
3 1703.0634765625 12.817924499511719 1732.7882080078125 87.59880065917969 
3 623.0982666015625 68.69979858398438 651.7976684570312 113.27568054199219 
47
3 0.3481903076171875 620.0184936523438 235.5087890625 961.6918334960938 
3 666.1142578125 115.068603515625 772.9403686523438 262.39459228515625 
3 1075.292236328125 28.073081970214844 1129.4952392578125 126.49148559570312 
3 1703.3997802734375 13.724700927734375 1732.83935546875 86.32511901855469 
48
3 0.3082122802734375 619.7261352539062 235.010009765625 968.8444213867188 
3 665.9445190429688 115.43612670898438 773.09521484375 262.57647705078125 
3 1075.3939208984375 28.40015411376953 1129.9031982421875 126.0098876953125 
3 1703.1446533203125 13.122581481933594 1732.8673095703125 87.4935531616211 
49
0 0.3965301513671875 620.1610717773438 234.66180419921875 981.217041015625 
3 666.2820434570312 114.98785400390625 773.1769409179688 265.3189392089844 
3 1076.3961181640625 27.682815551757812 1129.375732421875 125.31724548339844 
3 1703.0870361328125 12.559837341308594 1733.2396240234375 87.9903793334961 
50
0 0.4488372802734375 620.7271728515625 235.32322692871094 990.6796875 
3 666.1272583007812 115.77850341796875 773.2195434570312 263.74261474609375 
3 1076.79052734375 27.575233459472656 1130.1629638671875 125.48968505859375 
3 1703.4117431640625 11.942916870117188 1733.0108642578125 87.3294906616211 
51
0 0.4390716552734375 620.519287109375 235.66976928710938 997.0191650390625 
3 665.967041015625 116.01235961914062 773.3156127929688 262.89312744140625 
3 1077.1483154296875 27.525177001953125 1129.4334716796875 124.24971008300781 
3 1703.35009765625 14.079200744628906 1733.2362060546875 86.7738037109375 
52
0 0.41788482666015625 621.8232421875 235.20565795898438 1000.6644287109375 
3 665.8677978515625 116.4803466796875 773.580810546875 264.4400939941406 
3 1077.8094482421875 26.97372055053711 1128.56005859375 121.919921875 
3 1703.09033203125 12.844444274902344 1732.7999267578125 87.81090545654297 
53
0 0.4832000732421875 623.0408935546875 235.07107543945312 1004.65576171875 
3 665.641845703125 115.68594360351562 773.7015991210938 264.9306945800781 
3 1077.656494140625 27.044517517089844 1128.043212890625 120.42579650878906 
3 1703.406982421875 12.675727844238281 1733.117431640625 87.66604614257812 
54
0 0.441986083984375 624.6038818359375 235.55160522460938 1008.5931396484375 
3 665.83740234375 116.73548889160156 773.7186889648438 265.2408142089844 
3 1077.5389404296875 26.565658569335938 1128.66015625 116.78450012207031 
3 1703.490234375 12.726242065429688 1733.125 87.95761108398438 
55
0 0.4541473388671875 626.1536865234375 235.60694885253906 1013.182373046875 
3 665.5992431640625 116.90065002441406 773.5034790039062 265.657958984375 
3 1077.56005859375 24.34735107421875 1128.5631103515625 117.58079528808594 
3 1703.1800537109375 13.916984558105469 1733.208740234375 86.9565200805664 
56
0 0.4935150146484375 626.7152099609375 235.2322998046875 1014.908447265625 
3 665.454345703125 117.5911865234375 773.5736083984375 265.3232421875 
3 1077.442138671875 25.38001251220703 1129.560546875 117.77664184570312 
3 1702.8499755859375 14.292251586914062 1732.87451171875 88.11541748046875 
57
0 0.3833160400390625 631.28857421875 234.31271362304688 1021.365478515625 
3 665.395263671875 117.19166564941406 773.6241455078125 265.77703857421875 
3 1077.3560791015625 24.419719696044922 1130.768798828125 118.22932434082031 
3 1703.42529296875 13.10321044921875 1733.328125 88.02706909179688 
3 622.7261962890625 65.1330337524414 652.2103271484375 110.28579711914062 
58
3 665.5167236328125 117.29739379882812 773.311767578125 266.8752746582031 
0 0.4547271728515625 638.2237548828125 234.79193115234375 1021.4970703125 
3 1076.956298828125 22.244888305664062 1130.111572265625 116.49629211425781 
3 1703.0826416015625 13.042564392089844 1733.403564453125 87.90017700195312 
59
0 0.3691864013671875 639.8353271484375 234.78738403320312 1020.5328369140625 
3 665.6015014648438 116.76400756835938 773.0361328125 266.10711669921875 
3 1076.9737548828125 20.912216186523438 1130.4317626953125 117.11221313476562 
3 1702.86767578125 13.841651916503906 1733.1898193359375 86.45521545410156 
60
3 665.6668701171875 118.16311645507812 773.2182006835938 264.5921630859375 
0 0.7177886962890625 714.974609375 235.33999633789062 1017.007568359375 
3 1076.934326171875 23.05168914794922 1131.16259765625 118.5345458984375 
3 0.6418685913085938 636.0081176757812 160.29498291015625 820.561279296875 
3 1702.8389892578125 12.669353485107422 1733.05615234375 87.96219635009766 
61
3 665.360107421875 117.27767944335938 773.4990844726562 266.9365234375 
3 1076.880615234375 22.80853271484375 1131.25146484375 116.64726257324219 
0 0.847137451171875 716.4481201171875 234.94921875 1018.5802001953125 
3 0.4375762939453125 643.567626953125 158.33262634277344 818.1171264648438 
3 1703.8173828125 12.4918212890625 1733.3941650390625 88.00133514404297 
62
3 665.72607421875 117.23103332519531 773.1648559570312 264.5846252441406 
3 1076.634033203125 22.60147476196289 1131.409912109375 116.5616455078125 
0 0.6057281494140625 718.529296875 235.43112182617188 1019.9434814453125 
3 1703.74853515625 12.298637390136719 1733.8526611328125 87.04129028320312 
63
3 665.5654296875 118.39479064941406 772.566650390625 265.4781799316406 
0 0.772125244140625 721.8681640625 236.03515625 1020.0909423828125 
3 1076.3577880859375 23.390071868896484 1130.7999267578125 117.35995483398438 
3 1703.1583251953125 13.195053100585938 1733.443603515625 86.21202087402344 
3 0.79461669921875 658.8386840820312 152.30064392089844 807.3652954101562 
64
3 665.91259765625 119.42129516601562 771.8638916015625 265.24920654296875 
0 0.43115997314453125 667.6865234375 236.18984985351562 1022.4378662109375 
3 1076.0174560546875 24.3363037109375 1132.0718994140625 114.73793029785156 
3 1703.7257080078125 12.137504577636719 1733.0174560546875 88.30217742919922 
65
3 665.5252685546875 118.06852722167969 770.8099975585938 265.517822265625 
3 1076.133544921875 23.64586639404297 1132.280029296875 115.51699829101562 
0 0.4739837646484375 688.5337524414062 235.57388305664062 1021.930419921875 
66
0 0.5239639282226562 718.9403076171875 236.03170776367188 1021.701171875 
3 665.4044189453125 116.57368469238281 770.8182373046875 264.6907958984375 
3 1076.38916015625 23.693206787109375 1132.6038818359375 114.85578918457031 
67
3 665.6658325195312 115.04849243164062 768.9114379882812 263.8169250488281 
3 1076.2259521484375 24.04314422607422 1132.6927490234375 115.10943603515625 
0 0.39298248291015625 737.7562255859375 236.00204467773438 1020.545166015625 
3 623.17578125 69.30227661132812 651.283203125 113.07611083984375 
68
3 665.8150024414062 116.15667724609375 766.5750732421875 263.1938171386719 
3 1076.4737548828125 24.967254638671875 1132.755859375 115.5184326171875 
0 0.4840240478515625 732.64599609375 235.32980346679688 1020.1805419921875 
69
3 667.1788940429688 114.51307678222656 765.330322265625 266.6317138671875 
3 1076.8038330078125 23.768531799316406 1134.007568359375 116.22923278808594 
0 0.38166046142578125 735.9903564453125 234.03623962402344 1019.5234375 
0 0.0 679.361328125 234.0846710205078 1019.337158203125 
70
3 667.6740112304688 114.06179809570312 766.1470947265625 266.0698547363281 
0 0.3555755615234375 699.65625 236.16433715820312 1020.2938232421875 
3 1077.5623779296875 23.726173400878906 1134.7451171875 116.91523742675781 
3 622.3230590820312 57.828643798828125 654.3173828125 111.64385986328125 
71
0 0.34192657470703125 699.1751708984375 236.85365295410156 1018.6904296875 
3 668.611572265625 112.72207641601562 765.5042114257812 268.0600280761719 
3 1080.767578125 22.783920288085938 1136.1973876953125 115.3919677734375 
72
0 0.337371826171875 706.8023071289062 235.93902587890625 1018.4560546875 
3 669.0647583007812 111.87828063964844 765.6758422851562 262.751953125 
3 1081.8773193359375 22.279335021972656 1136.5665283203125 115.1043701171875 
73
0 0.419891357421875 713.6397094726562 236.43511962890625 1016.4996337890625 
3 670.0877685546875 112.93722534179688 767.642333984375 262.23333740234375 
3 1085.199951171875 20.651592254638672 1139.4365234375 113.84164428710938 
3 1093.7421875 0.0 1112.6451416015625 33.125648498535156 
74
3 674.8179321289062 112.08720397949219 769.71142578125 261.63739013671875 
0 0.47509765625 716.9576416015625 239.37664794921875 1017.19287109375 
3 1088.2593994140625 20.19427490234375 1141.491455078125 114.32743835449219 
75
3 675.939208984375 113.51937866210938 774.6323852539062 264.86944580078125 
3 1091.0029296875 19.01415252685547 1142.4752197265625 112.40684509277344 
0 0.2053985595703125 715.5703735351562 240.1095733642578 1017.962890625 
0 0.5363922119140625 789.1558227539062 239.79470825195312 1017.4827880859375 
76
3 680.7044677734375 111.21621704101562 779.2967529296875 263.7581787109375 
3 1093.9512939453125 17.36725616455078 1146.6396484375 113.1328125 
0 0.35144805908203125 718.6719360351562 243.80294799804688 1015.2137451171875 
0 0.618438720703125 785.8181762695312 242.91653442382812 1014.64208984375 
77
3 682.6185302734375 111.39637756347656 782.9718017578125 266.10833740234375 
3 1098.8720703125 19.080963134765625 1148.927734375 113.26341247558594 
0 0.6178359985351562 790.752197265625 245.10256958007812 1012.989013671875 
0 0.3021240234375 728.215087890625 245.95437622070312 1013.828369140625 
78
3 684.8482666015625 111.322265625 785.9486083984375 266.3341369628906 
3 1102.0196533203125 19.78915023803711 1151.6024169921875 114.07391357421875 
0 0.3450775146484375 749.82275390625 249.28378295898438 1012.2872314453125 
79
3 689.113037109375 110.18495178222656 792.8568725585938 258.6962890625 
3 1105.7845458984375 19.45919418334961 1154.3798828125 113.13430786132812 
0 0.4138336181640625 685.2046508789062 252.37423706054688 1008.8138427734375 
80
3 693.3071899414062 108.86651611328125 797.344482421875 264.81781005859375 
3 1111.0150146484375 18.862995147705078 1157.3748779296875 112.32069396972656 
0 0.34444427490234375 737.7345581054688 253.1895751953125 1007.982666015625 
0 0.3812255859375 666.0086669921875 254.0791015625 1007.8321533203125 
81
3 695.50048828125 109.58963012695312 802.36962890625 263.9356994628906 
0 0.29085540771484375 664.9926147460938 255.6158905029297 1008.59130859375 
3 1114.3787841796875 18.507537841796875 1162.1422119140625 110.47012329101562 
82
3 697.8110961914062 110.05191040039062 807.3568725585938 259.45928955078125 
0 0.22927093505859375 654.1675415039062 259.41748046875 1007.5723876953125 
3 1117.8433837890625 16.76593017578125 1164.72802734375 110.97216796875 
3 1328.1220703125 14.023052215576172 1364.7684326171875 65.8901596069336 
83
0 0.3749237060546875 645.644287109375 260.3822021484375 1006.0302734375 
3 704.962890625 111.82666015625 812.7572021484375 255.27197265625 
3 1121.5460205078125 21.50727081298828 1169.4539794921875 111.01309204101562 
3 1125.134765625 0.0 1144.3077392578125 30.820556640625 
84
0 0.4285125732421875 637.14208984375 264.9971618652344 1003.9708251953125 
3 710.2799682617188 110.86209106445312 816.8248291015625 261.27899169921875 
3 1124.2099609375 20.223663330078125 1174.1971435546875 110.16552734375 
3 1129.2359619140625 0.0 1148.351318359375 30.38011932373047 
85
0 0.438079833984375 636.60302734375 267.7799072265625 1005.2216796875 
3 713.6664428710938 109.86024475097656 821.7083740234375 261.7012939453125 
3 1128.2279052734375 19.696670532226562 1177.7490234375 111.38497924804688 
86
0 0.45227813720703125 630.05517578125 270.89532470703125 1002.17822265625 
3 717.206298828125 108.73260498046875 826.7738647460938 255.42153930664062 
3 1130.966796875 19.121482849121094 1182.66162109375 110.95826721191406 
3 1137.346923828125 0.0 1155.502685546875 28.045745849609375 
3 1344.755126953125 15.482490539550781 1382.875 70.73519134521484 
87
0 0.4479522705078125 626.603271484375 272.47674560546875 1001.5601806640625 
3 1135.3258056640625 19.107398986816406 1187.110595703125 110.4359130859375 
3 722.0567626953125 106.71450805664062 829.396240234375 253.19708251953125 
88
0 0.46099090576171875 622.7362060546875 275.98046875 998.4818115234375 
3 726.8560791015625 106.33059692382812 833.0770874023438 251.6556396484375 
3 1139.6502685546875 19.540924072265625 1194.0474853515625 109.94793701171875 
89
0 0.48096466064453125 620.4339599609375 280.0271911621094 994.705810546875 
3 730.718017578125 107.68084716796875 836.9940795898438 250.7864990234375 
3 1145.6829833984375 20.761512756347656 1198.1470947265625 107.94369506835938 
90
0 0.4691009521484375 618.4095458984375 282.2940368652344 992.492431640625 
3 735.1159057617188 106.19015502929688 841.3270263671875 250.27346801757812 
3 1149.91748046875 17.815567016601562 1203.04296875 107.84037780761719 
91
0 0.4212188720703125 615.3818969726562 284.013671875 991.554443359375 
3 740.1819458007812 106.43409729003906 844.697509765625 249.6865234375 
3 1155.7037353515625 17.06407928466797 1206.322509765625 106.85850524902344 
92
0 0.405731201171875 613.1331787109375 286.6775207519531 989.135498046875 
3 743.4005126953125 104.78327941894531 849.357666015625 246.1546630859375 
3 1164.68212890625 16.735260009765625 1210.79736328125 105.50767517089844 
93
0 0.33902740478515625 612.0745849609375 288.8132019042969 988.616455078125 
3 748.95849609375 103.23129272460938 852.5734252929688 246.6405029296875 
3 1161.851806640625 13.774040222167969 1214.7816162109375 104.8212890625 
94
0 0.4320526123046875 610.9300537109375 293.038330078125 987.9214477539062 
3 753.9332885742188 102.52928161621094 856.8323974609375 247.46359252929688 
3 1167.099365234375 15.299583435058594 1216.3662109375 103.50180053710938 
95
0 0.4491424560546875 609.3156127929688 296.91339111328125 986.425048828125 
3 756.9608154296875 101.30126953125 860.622802734375 247.658935546875 
3 1169.968505859375 16.102439880371094 1220.1815185546875 103.88505554199219 
3 1169.462646484375 14.9705810546875 1219.9847412109375 103.28341674804688 
96
0 0.471099853515625 608.7941284179688 297.5439453125 986.7324829101562 
3 761.60498046875 100.56378173828125 864.047119140625 245.691650390625 
3 1175.520263671875 16.368881225585938 1224.890869140625 102.61238098144531 
97
0 0.5704421997070312 607.1162109375 300.5053405761719 985.6434326171875 
3 1178.3121337890625 16.535049438476562 1230.0467529296875 101.6151123046875 
3 765.4190063476562 100.19894409179688 867.8008422851562 244.7354736328125 
98
0 0.5035324096679688 608.0221557617188 304.70806884765625 984.1386108398438 
3 769.1978759765625 102.23887634277344 871.03857421875 246.18637084960938 
3 1182.4736328125 18.673614501953125 1232.369140625 99.63894653320312 
3 1388.179931640625 12.536956787109375 1431.531982421875 87.6751708984375 
99
0 0.495391845703125 607.6292724609375 304.49066162109375 983.1650390625 
3 772.5280151367188 102.481201171875 874.1160278320312 248.27978515625 
3 1184.16064453125 18.692726135253906 1235.8580322265625 101.77908325195312 
100
3 776.6744995117188 102.23477172851562 876.19384765625 239.5574951171875 
0 0.177886962890625 604.760009765625 307.7102355957031 979.2410888671875 
3 1193.601318359375 19.053268432617188 1240.678466796875 101.42793273925781 
3 1189.42431640625 18.988372802734375 1236.2906494140625 100.99980163574219 
3 1192.9881591796875 0.0 1208.672119140625 25.51952362060547 
101
0 0.1568145751953125 604.166015625 309.51513671875 978.7728271484375 
3 779.73095703125 99.64035034179688 880.1636962890625 236.92849731445312 
3 1199.2066650390625 16.02196502685547 1245.1790771484375 101.51719665527344 
102
0 0.217681884765625 603.08544921875 313.343994140625 980.3258056640625 
3 782.594970703125 99.50863647460938 884.4423828125 240.46820068359375 
3 1197.035888671875 15.744949340820312 1248.6173095703125 102.33270263671875 
103
0 0.120941162109375 600.7308349609375 315.74609375 978.3468017578125 
3 787.4425659179688 100.08732604980469 887.3379516601562 254.3114013671875 
3 1198.9342041015625 16.806068420410156 1251.0289306640625 102.92024230957031 
104
0 0.046966552734375 599.4010009765625 316.7347412109375 974.9879760742188 
3 791.5007934570312 99.40567016601562 890.4581298828125 248.72015380859375 
3 1202.3148193359375 18.544944763183594 1255.05322265625 101.15110778808594 
105
0 0.100738525390625 596.96435546875 318.25616455078125 973.80419921875 
3 794.6759033203125 98.72282409667969 893.7667236328125 241.9886474609375 
3 1211.115966796875 19.15896224975586 1259.3519287109375 101.60917663574219 
3 743.2630615234375 48.580474853515625 769.8629150390625 92.98533630371094 
106
0 0.0 596.6787109375 319.05816650390625 973.535888671875 
3 796.9061279296875 96.98980712890625 896.732177734375 245.93914794921875 
3 1213.9365234375 14.623313903808594 1262.240966796875 100.06353759765625 
107
0 0.0 596.3812255859375 322.96697998046875 972.0639038085938 
3 800.4258422851562 97.7696533203125 900.4584350585938 251.5286865234375 
3 1215.159912109375 12.40433120727539 1266.8905029296875 99.45913696289062 
108
0 0.02081298828125 595.4019775390625 323.6076965332031 969.037109375 
3 804.6280517578125 97.96774291992188 902.6360473632812 251.07144165039062 
3 1216.7244873046875 12.771446228027344 1269.5068359375 99.13592529296875 
109
0 0.09161376953125 594.8585205078125 328.9652099609375 968.450439453125 
3 808.3970947265625 96.57269287109375 906.6175537109375 245.4805908203125 
3 1221.238037109375 12.068119049072266 1275.3326416015625 98.89117431640625 
110
0 0.0 595.3450317382812 331.09130859375 970.8013916015625 
3 1223.6978759765625 11.371864318847656 1277.5042724609375 98.63130187988281 
3 810.532958984375 97.68270874023438 907.8162231445312 248.90380859375 
111
0 0.0 594.8684692382812 331.99981689453125 967.0106811523438 
3 1226.93603515625 11.82430648803711 1281.38671875 98.54795837402344 
3 814.1273803710938 96.51544189453125 909.9014892578125 239.44879150390625 
112
0 0.0 594.8433227539062 335.2745361328125 964.83544921875 
3 817.5214233398438 96.49037170410156 913.37744140625 237.23638916015625 
3 1231.3892822265625 12.489822387695312 1282.2918701171875 98.43063354492188 
113
0 0.0 593.39794921875 336.85235595703125 964.5015869140625 
3 1232.4111328125 12.721477508544922 1284.1888427734375 98.50471496582031 
3 821.8358154296875 97.26467895507812 917.2818603515625 238.15521240234375 
114
0 0.0 596.377685546875 340.5321350097656 964.0537109375 
3 1241.8031005859375 14.69720458984375 1285.796875 98.02944946289062 
3 825.136962890625 96.21609497070312 918.9144287109375 239.87445068359375 
3 771.9154663085938 42.81169128417969 796.716064453125 86.75682067871094 
115
0 0.0 595.4013671875 341.7814025878906 964.113037109375 
3 1243.7132568359375 12.267066955566406 1289.8924560546875 97.44827270507812 
3 826.2478637695312 93.04006958007812 922.55078125 235.42138671875 
116
0 0.0 594.5961303710938 344.5625305175781 961.614013671875 
3 830.5230102539062 93.99490356445312 925.21435546875 243.49020385742188 
3 1248.021484375 12.019287109375 1291.3612060546875 98.40745544433594 
117
0 0.0 594.522216796875 345.7802734375 962.3737182617188 
3 833.49951171875 93.06315612792969 927.8206787109375 244.5052490234375 
3 1253.4991455078125 13.462699890136719 1296.36767578125 97.19529724121094 
118
0 0.0 594.8590087890625 349.3721008300781 959.9345703125 
3 835.5220336914062 94.01914978027344 931.7567749023438 251.66845703125 
3 1253.44287109375 11.770797729492188 1299.681396484375 97.25872802734375 
119
0 0.060577392578125 594.734619140625 351.0232849121094 959.6649169921875 
3 838.8040161132812 93.83929443359375 934.0615234375 249.47085571289062 
3 1255.9388427734375 14.977607727050781 1302.29541015625 95.61344909667969 
120
0 0.676361083984375 591.510986328125 352.1895751953125 958.330078125 
3 841.3338012695312 92.82847595214844 938.6220703125 250.397705078125 
3 1258.3056640625 12.8939208984375 1306.167236328125 96.84359741210938 
121
0 0.6145782470703125 588.8345336914062 353.6246337890625 957.7103271484375 
3 844.1982421875 92.35762023925781 939.5980224609375 239.32632446289062 
3 1262.900390625 12.410930633544922 1311.33203125 96.37185668945312 
122
0 0.2042694091796875 588.6513671875 357.21392822265625 955.7972412109375 
3 847.0275268554688 92.6103515625 940.2196044921875 243.69332885742188 
3 1266.8619384765625 12.701774597167969 1320.3046875 95.00212097167969 
123
0 0.281494140625 585.8770141601562 358.4189147949219 954.5316162109375 
3 850.3673095703125 92.39170837402344 942.3412475585938 235.50393676757812 
3 1272.2950439453125 14.81954574584961 1313.56982421875 95.74061584472656 
124
0 0.008148193359375 582.7288818359375 359.7537841796875 953.7348022460938 
3 853.3228149414062 91.42874145507812 945.8339233398438 243.8330078125 
3 1274.4364013671875 14.98575210571289 1315.301025390625 95.30758666992188 
3 1274.14892578125 14.167564392089844 1315.74658203125 94.47343444824219 
125
0 0.415374755859375 578.466552734375 362.08038330078125 952.8494873046875 
3 856.0587768554688 91.73255920410156 948.1543579101562 252.57073974609375 
3 1277.036376953125 12.392524719238281 1322.6446533203125 93.88526916503906 
126
0 0.4974365234375 576.3870239257812 364.4990234375 950.5556030273438 
3 857.708251953125 91.58206176757812 951.341796875 250.78494262695312 
3 1280.9244384765625 10.760810852050781 1323.987548828125 91.7826919555664 
127
0 0.5310821533203125 576.0999145507812 367.9779357910156 948.9921875 
3 861.1402587890625 88.74356842041016 953.2975463867188 247.6888427734375 
3 1283.490966796875 10.090179443359375 1328.3460693359375 91.89041900634766 
128
0 0.3273468017578125 572.9637451171875 369.33740234375 948.4237060546875 
3 864.3430786132812 89.73804473876953 954.56591796875 243.486328125 
3 1286.1661376953125 9.581478118896484 1332.075927734375 92.37734985351562 
3 1487.24169921875 14.164485931396484 1528.4898681640625 79.64393615722656 
129
0 0.14715576171875 569.4580078125 371.83465576171875 946.9170532226562 
3 867.1388549804688 89.80071258544922 953.4918212890625 241.84469604492188 
3 1291.390380859375 11.251049041748047 1333.7984619140625 91.6661376953125 
130
0 6.3329925537109375 568.0049438476562 373.73095703125 946.7318115234375 
3 869.6891479492188 89.09104919433594 956.9806518554688 237.7362060546875 
3 1292.60107421875 12.396041870117188 1337.54248046875 90.7121353149414 
131
0 14.20098876953125 566.0474853515625 378.0815124511719 945.3567504882812 
3 1295.0203857421875 10.085647583007812 1340.675537109375 89.79841613769531 
3 872.0242309570312 89.74250793457031 958.2028198242188 238.46051025390625 
132
0 22.680938720703125 564.880615234375 379.4956359863281 945.0707397460938 
3 873.87353515625 88.36857604980469 958.2092895507812 237.24618530273438 
3 1298.524658203125 8.53070068359375 1343.0439453125 91.30783081054688 
3 1495.2301025390625 2.6647186279296875 1543.9638671875 93.82656860351562 
133
0 30.26202392578125 563.3162231445312 379.6046447753906 943.2528076171875 
3 877.3714599609375 90.81683349609375 957.6624755859375 232.279541015625 
3 1301.98779296875 8.978248596191406 1343.0311279296875 91.34529113769531 
134
0 39.896484375 563.3526611328125 382.26837158203125 944.0693969726562 
3 1305.1143798828125 10.211040496826172 1346.2242431640625 89.31486511230469 
3 880.8978881835938 90.56633758544922 959.56396484375 220.91748046875 
135
0 47.32908630371094 563.28125 384.529296875 942.2518310546875 
3 1307.9036865234375 11.418071746826172 1349.3599853515625 89.13151550292969 
3 882.5698852539062 89.53437042236328 961.6871337890625 239.43502807617188 
136
0 55.439483642578125 563.1873168945312 385.4140930175781 940.9189453125 
3 885.7010498046875 87.88186645507812 964.4495849609375 242.53558349609375 
3 1310.6497802734375 11.564804077148438 1353.0 89.91419982910156 
3 1509.383056640625 18.490692138671875 1556.9652099609375 88.02957916259766 
137
0 60.659149169921875 563.843505859375 388.33203125 939.69580078125 
3 1314.27783203125 9.714591979980469 1356.9417724609375 90.28556823730469 
3 888.906982421875 88.3401870727539 968.0979614257812 235.388427734375 
138
0 65.75581359863281 562.2147216796875 390.2571716308594 939.0380859375 
3 890.6756591796875 88.18904113769531 965.3533935546875 235.78884887695312 
3 1316.4698486328125 10.189605712890625 1359.5576171875 89.83729553222656 
3 1517.4881591796875 25.01272201538086 1557.658447265625 70.87654876708984 
139
0 68.84573364257812 561.1502685546875 392.40655517578125 939.685791015625 
3 1320.009765625 11.350395202636719 1363.57568359375 90.36042785644531 
3 893.3931274414062 87.88363647460938 970.1600952148438 234.1240234375 
3 1932.9200439453125 68.94795227050781 1959.5634765625 119.16429138183594 
140
0 70.14376831054688 562.009033203125 395.9351806640625 938.6492919921875 
3 895.4935302734375 86.58804321289062 979.9708862304688 237.53009033203125 
3 1324.2845458984375 11.102313995361328 1366.6358642578125 90.89842224121094 
3 1935.5184326171875 62.771087646484375 1964.04296875 114.804931640625 
141
0 69.90878295898438 560.7535400390625 396.6844482421875 935.1751708984375 
3 896.8229370117188 84.96095275878906 973.2188720703125 244.16958618164062 
3 1326.396728515625 10.549591064453125 1370.334716796875 89.8014907836914 
3 1527.7120361328125 21.44750213623047 1564.3388671875 69.29579162597656 
142
0 68.2957763671875 558.3997802734375 399.629638671875 933.85888671875 
3 899.138427734375 84.21589660644531 974.7523803710938 241.45703125 
3 1330.042236328125 10.084487915039062 1373.999755859375 89.9588851928711 
3 1532.6739501953125 23.440837860107422 1570.0726318359375 70.06515502929688 
143
0 62.930511474609375 557.837646484375 401.32391357421875 935.9854736328125 
3 901.3009033203125 85.67556762695312 979.4379272460938 242.16156005859375 
3 1333.5081787109375 9.587600708007812 1374.587158203125 87.88416290283203 
144
0 60.86564636230469 555.6670532226562 405.50714111328125 935.1026611328125 
3 902.86083984375 83.71810150146484 982.28076171875 234.78244018554688 
3 1337.4627685546875 8.74432373046875 1377.84619140625 87.70588684082031 
145
0 57.60943603515625 555.7988891601562 406.0802001953125 931.7340087890625 
3 1340.6346435546875 9.29831314086914 1382.9638671875 86.12150573730469 
3 905.7916259765625 84.12736511230469 983.3632202148438 232.04779052734375 
146
0 55.26063537597656 553.4135131835938 409.71746826171875 931.454345703125 
3 908.2672729492188 82.35348510742188 982.1915893554688 232.71096801757812 
3 1344.2591552734375 8.443172454833984 1385.3209228515625 86.95689392089844 
147
0 53.472503662109375 551.8146362304688 411.9076843261719 933.8562622070312 
3 909.7703857421875 83.42530822753906 984.4010620117188 232.57928466796875 
3 1347.591552734375 8.725601196289062 1388.9874267578125 85.66974639892578 
3 1959.0247802734375 41.59248352050781 1994.81640625 121.49615478515625 
148
0 50.431365966796875 552.4697265625 414.158447265625 930.4425048828125 
3 1349.6007080078125 8.198478698730469 1392.508544921875 85.11918640136719 
3 912.9580688476562 83.35221862792969 986.1199340820312 231.61529541015625 
149
0 45.67138671875 553.1392211914062 416.4029541015625 927.5897216796875 
3 916.2721557617188 82.15353393554688 988.8929443359375 230.30517578125 
3 1356.256591796875 9.448741912841797 1397.074462890625 85.029541015625 
150
0 45.927093505859375 550.9365234375 417.1681213378906 925.8760375976562 
3 918.5988159179688 82.10009765625 993.5316772460938 228.23681640625 
3 1358.532470703125 9.438648223876953 1400.4952392578125 84.54082489013672 
151
0 43.20220947265625 551.4053955078125 420.17132568359375 925.8007202148438 
3 920.773193359375 82.92805480957031 993.8033447265625 229.41043090820312 
3 1362.09228515625 9.17236328125 1402.0899658203125 85.65009307861328 
3 942.6303100585938 82.61981201171875 995.322021484375 164.731689453125 
152
0 40.7791748046875 551.913818359375 424.7562255859375 922.6695556640625 
3 923.24072265625 78.60493469238281 996.1084594726562 232.04696655273438 
3 1365.7052001953125 8.42535400390625 1406.4620361328125 85.88322448730469 
153
0 38.65498352050781 550.2703247070312 429.07769775390625 923.389892578125 
3 1369.7578125 9.008460998535156 1407.724365234375 85.69209289550781 
3 925.9998168945312 80.09195709228516 999.1617431640625 228.63955688476562 
154
0 36.884429931640625 548.0715942382812 433.4903564453125 920.880859375 
3 927.7891845703125 79.35130310058594 1004.848876953125 229.1729736328125 
3 1373.352294921875 11.982135772705078 1411.805419921875 86.13227844238281 
155
0 36.33746337890625 547.36328125 438.2239074707031 921.1829833984375 
3 1375.822998046875 12.668712615966797 1415.92431640625 86.60795593261719 
3 930.2911376953125 79.09449768066406 1007.2819213867188 225.72259521484375 
3 1573.5712890625 25.033504486083984 1612.6534423828125 75.65608215332031 
156
0 35.85270690917969 547.414306640625 445.4527587890625 919.4799194335938 
3 1379.9378662109375 12.733318328857422 1418.689697265625 85.60076141357422 
3 932.5269165039062 79.5455322265625 1013.8651123046875 228.51727294921875 
3 1575.439697265625 20.217361450195312 1617.3468017578125 89.88238525390625 
157
0 36.18701171875 545.8189697265625 450.9407958984375 917.8551635742188 
3 935.654296875 77.97039794921875 1017.5314331054688 225.26214599609375 
3 1383.0770263671875 11.726547241210938 1423.3447265625 86.4488754272461 
158
0 35.81153869628906 543.421630859375 457.57379150390625 917.378173828125 
3 938.0314331054688 77.30770111083984 1019.747802734375 222.46929931640625 
3 1388.0816650390625 10.991153717041016 1426.729248046875 86.06246948242188 
3 1583.4305419921875 25.016090393066406 1624.08984375 84.86304473876953 
159
0 36.30436706542969 539.909912109375 462.0979309082031 915.5609741210938 
3 941.2186889648438 77.04298400878906 1030.3917236328125 224.23165893554688 
3 1390.672119140625 12.2030029296875 1431.4552001953125 85.90727233886719 
160
0 38.29789733886719 538.8516235351562 463.8570556640625 915.8330688476562 
3 944.6438598632812 76.93449401855469 1036.3577880859375 223.47116088867188 
3 1392.409912109375 10.28659439086914 1436.35888671875 85.60191345214844 
3 1592.9990234375 23.657875061035156 1629.814453125 72.3717041015625 
161
0 38.28819274902344 536.1973266601562 467.6451416015625 914.2879028320312 
3 949.55908203125 76.20974731445312 1039.1204833984375 225.07513427734375 
3 1397.005126953125 8.212081909179688 1440.65283203125 85.98895263671875 
162
0 43.493011474609375 533.47705078125 472.39581298828125 912.0955810546875 
3 953.3917236328125 76.03325653076172 1046.7506103515625 226.39712524414062 
3 1399.6837158203125 8.420257568359375 1443.911376953125 85.37186431884766 
163
0 50.493621826171875 533.05810546875 476.0615539550781 911.4063720703125 
3 956.9758911132812 74.61915588378906 1047.03564453125 224.20956420898438 
3 1403.75390625 7.3405914306640625 1446.340087890625 84.78328704833984 
164
0 64.83035278320312 531.7982177734375 478.632568359375 909.1031494140625 
3 961.0194702148438 73.23300170898438 1054.6697998046875 229.53076171875 
3 1407.97998046875 8.235088348388672 1451.62255859375 84.55140686035156 
165
0 76.16836547851562 528.7744750976562 480.67431640625 907.68115234375 
3 965.5115966796875 73.07720947265625 1062.5885009765625 224.80621337890625 
3 1412.678466796875 8.468780517578125 1456.499267578125 84.62255096435547 
166
0 90.92388916015625 527.6028442382812 482.1098327636719 906.3765869140625 
3 970.2413330078125 73.00621032714844 1067.9676513671875 230.70343017578125 
3 1416.0570068359375 7.689846038818359 1462.17626953125 83.91056060791016 
167
0 103.17411804199219 526.0033569335938 478.32025146484375 904.1489868164062 
3 976.8103637695312 73.11878204345703 1067.96337890625 230.3291015625 
3 1420.2596435546875 8.083015441894531 1465.43017578125 85.25845336914062 
3 1623.2454833984375 28.123153686523438 1662.6346435546875 77.58930969238281 
168
0 114.0003662109375 523.6051635742188 491.0241394042969 902.4315795898438 
3 985.3419189453125 71.56500244140625 1082.583251953125 224.6290283203125 
3 1426.66943359375 8.833602905273438 1472.1409912109375 85.10384368896484 
3 1628.416259765625 27.124431610107422 1667.7144775390625 88.77217102050781 
169
0 123.37350463867188 520.5155029296875 493.2488098144531 900.4414672851562 
3 989.72216796875 66.84829711914062 1087.7064208984375 223.46905517578125 
3 1432.929931640625 8.38193130493164 1477.69775390625 83.4811019897461 
3 0.0 210.5636444091797 41.512664794921875 258.1313781738281 
170
0 133.27816772460938 518.5891723632812 499.40570068359375 902.5792236328125 
3 997.846923828125 68.559326171875 1092.30224609375 235.28436279296875 
3 1437.127685546875 7.717517852783203 1480.5052490234375 83.22624206542969 
3 0.0 205.9635009765625 33.85104751586914 256.26226806640625 
171
0 141.3822784423828 517.5306396484375 503.79345703125 898.6549072265625 
3 1006.2896728515625 68.21652221679688 1099.1663818359375 227.78216552734375 
3 1443.5506591796875 8.66119384765625 1487.742919921875 84.60920715332031 
3 0.0695505142211914 204.2967987060547 34.927032470703125 257.1747131347656 
172
0 147.86956787109375 514.7047119140625 508.7108154296875 897.529296875 
3 1015.0261840820312 66.94739532470703 1107.65234375 221.98284912109375 
3 1449.2711181640625 8.631446838378906 1492.865234375 83.25900268554688 
3 1651.1715087890625 25.073455810546875 1687.1546630859375 77.83808898925781 
3 7.246854782104492 204.68148803710938 41.0 252.41342163085938 
173
0 153.39051818847656 514.1690063476562 512.3987426757812 895.7391357421875 
3 1023.5996704101562 68.18484497070312 1113.538330078125 231.966796875 
3 1456.0595703125 10.549976348876953 1498.436767578125 82.81317901611328 
174
0 157.6796875 512.5322265625 515.20654296875 895.4613037109375 
3 1031.2666015625 67.31135559082031 1115.195068359375 220.33633422851562 
3 1461.6217041015625 8.545982360839844 1503.766357421875 83.51933288574219 
175
1 160.92617797851562 510.07513427734375 522.0498046875 892.280517578125 
3 1037.52294921875 66.75224304199219 1122.8463134765625 230.21014404296875 
3 1467.1024169921875 7.277057647705078 1509.5032958984375 82.26957702636719 
3 23.617237091064453 199.85494995117188 74.24320983886719 246.81036376953125 
176
1 165.86846923828125 508.4500732421875 526.9429931640625 889.2626953125 
3 1043.6795654296875 64.88684844970703 1131.263916015625 222.6878662109375 
3 1473.981689453125 7.937061309814453 1517.293701171875 82.70076751708984 
177
1 168.09323120117188 506.81494140625 529.4652099609375 888.8543701171875 
3 1051.766357421875 64.62722778320312 1139.8128662109375 218.9276885986328 
3 1480.7578125 7.463741302490234 1524.45361328125 81.17196655273438 
178
1 170.47772216796875 503.537841796875 533.4486083984375 886.2872314453125 
3 1060.1009521484375 62.850341796875 1148.468017578125 221.33697509765625 
3 1487.950927734375 7.644451141357422 1530.00830078125 82.16455078125 
3 28.423725128173828 188.328857421875 70.35258483886719 244.77423095703125 
179
1 172.07989501953125 502.260498046875 539.7471923828125 884.6764526367188 
3 1067.2381591796875 62.32450866699219 1158.149658203125 225.48562622070312 
3 1494.8013916015625 7.8444061279296875 1536.3253173828125 80.11058044433594 
3 1019.9093627929688 20.152515411376953 1045.0916748046875 63.25422668457031 
180
1 169.29232788085938 499.03564453125 547.8656005859375 882.7511596679688 
3 1075.8232421875 61.70277404785156 1166.5299072265625 221.26983642578125 
3 1503.6148681640625 8.43136215209961 1543.2056884765625 81.99842071533203 
181
1 162.2933349609375 497.51507568359375 550.251953125 882.2440185546875 
3 1509.58447265625 8.91671371459961 1551.76318359375 83.32251739501953 
3 1083.0665283203125 63.486480712890625 1176.7012939453125 228.99786376953125 
182
1 163.87725830078125 493.8756103515625 553.5569458007812 878.3759765625 
3 1516.9185791015625 10.280288696289062 1559.1484375 83.31253051757812 
3 1091.375 61.89231872558594 1184.64697265625 226.38656616210938 
3 1091.8232421875 61.9271240234375 1184.335205078125 201.05003356933594 
183
1 152.51300048828125 490.4908447265625 560.5513916015625 876.508544921875 
3 1099.0889892578125 62.82762908935547 1192.481201171875 218.83273315429688 
3 1522.0386962890625 8.997982025146484 1565.6639404296875 83.23108673095703 
184
1 158.497802734375 489.81756591796875 567.9013671875 875.7117919921875 
3 1527.4403076171875 11.51412582397461 1569.1688232421875 85.58427429199219 
3 1106.32275390625 62.04908752441406 1197.461181640625 222.918212890625 
3 1052.0992431640625 17.110633850097656 1077.0323486328125 58.219093322753906 
3 1728.046630859375 30.382598876953125 1764.3572998046875 86.0235824584961 
185
1 151.8441619873047 488.28009033203125 571.8223876953125 874.666015625 
3 1112.786865234375 63.53727722167969 1204.5579833984375 216.83001708984375 
3 1534.3045654296875 10.924179077148438 1576.5810546875 85.15373992919922 
3 2151.497802734375 78.69778442382812 2191.732666015625 153.13526916503906 
186
1 154.5401611328125 484.26776123046875 574.8113403320312 872.8093872070312 
3 1538.711181640625 13.355648040771484 1580.9515380859375 86.03878784179688 
3 1119.4681396484375 63.11003875732422 1211.23828125 223.89300537109375 
3 1064.190673828125 16.63300323486328 1088.9056396484375 60.4447021484375 
187
1 156.29632568359375 483.0086669921875 577.411865234375 870.8523559570312 
3 1127.2225341796875 62.55926513671875 1218.030029296875 220.73348999023438 
3 1544.4696044921875 12.010955810546875 1588.6435546875 86.25286865234375 
188
1 169.6901397705078 481.47979736328125 584.5090942382812 867.976318359375 
3 1553.4124755859375 10.716445922851562 1594.444091796875 84.8836669921875 
3 1134.361083984375 62.7691650390625 1226.75341796875 219.25201416015625 
189
1 194.22621154785156 479.740234375 592.06982421875 866.2752075195312 
3 1142.612548828125 62.50434875488281 1232.3529052734375 205.9680938720703 
3 1560.4136962890625 11.597007751464844 1599.84716796875 87.4952621459961 
3 1083.9708251953125 17.31909942626953 1109.8892822265625 59.70301818847656 
190
1 189.1986541748047 478.91943359375 596.4685668945312 865.5203857421875 
3 1567.412841796875 12.413101196289062 1608.295166015625 86.06448364257812 
3 1150.648681640625 62.41644287109375 1242.0333251953125 221.69915771484375 
191
1 208.2140655517578 477.0238037109375 603.2099609375 864.4973754882812 
3 1160.8582763671875 60.54339599609375 1250.177001953125 212.4967803955078 
3 1575.7371826171875 10.448028564453125 1615.5557861328125 86.86412048339844 
3 1099.7940673828125 12.548904418945312 1124.994873046875 52.96815490722656 
192
1 230.80545043945312 477.063720703125 606.182861328125 861.5160522460938 
3 1583.9892578125 12.617111206054688 1624.8953857421875 88.0174331665039 
3 1168.26708984375 60.725982666015625 1258.8203125 220.00335693359375 
3 1106.380859375 11.679367065429688 1133.3671875 54.268211364746094 
193
1 245.87991333007812 475.164794921875 614.9024047851562 857.5538330078125 
3 1176.471923828125 59.176727294921875 1265.7772216796875 226.01898193359375 
3 1590.98095703125 10.623367309570312 1631.0963134765625 88.73230743408203 
194
1 254.41314697265625 476.03564453125 618.9400634765625 856.104248046875 
3 1184.7076416015625 59.848724365234375 1274.2557373046875 226.6826171875 
3 1599.14013671875 11.654678344726562 1637.6689453125 87.73767852783203 
3 125.06419372558594 167.54293823242188 158.04454040527344 214.99806213378906 
195
1 267.5208435058594 474.00079345703125 624.5081176757812 853.78173828125 
3 1192.0728759765625 59.57556915283203 1280.5819091796875 226.416259765625 
3 1606.883544921875 9.180988311767578 1644.525634765625 87.35726928710938 
196
1 278.3039245605469 475.5554504394531 629.59765625 852.9910888671875 
3 1200.44677734375 59.41401672363281 1289.8330078125 228.344482421875 
3 1614.184326171875 12.504638671875 1652.8013916015625 86.62787628173828 
3 1811.241943359375 27.382644653320312 1859.162841796875 110.63873291015625 
3 1136.1097412109375 11.539569854736328 1162.3359375 55.509681701660156 
197
1 287.34991455078125 476.6416015625 635.901123046875 852.5799560546875 
3 1208.1324462890625 60.26751708984375 1296.1688232421875 216.80784606933594 
3 1621.637939453125 13.146629333496094 1660.0721435546875 87.50251770019531 
3 1145.179443359375 14.141693115234375 1170.2781982421875 55.73895263671875 
198
1 296.0848083496094 475.38262939453125 644.34619140625 849.30078125 
3 1629.10791015625 12.628498077392578 1666.3614501953125 91.07102966308594 
3 1221.29345703125 60.43501281738281 1304.2794189453125 214.57447814941406 
3 1828.4415283203125 42.21876525878906 1864.876220703125 93.7489013671875 
199
1 301.6397399902344 474.3114013671875 646.9422607421875 846.9327392578125 
3 1225.7379150390625 59.990234375 1310.89892578125 216.95816040039062 
3 1635.8646240234375 13.905677795410156 1673.213623046875 87.92940521240234 
200
1 308.31207275390625 474.6501159667969 653.2428588867188 844.015869140625 
3 1236.2738037109375 60.62591552734375 1317.168701171875 214.60231018066406 
3 1642.0999755859375 12.365379333496094 1679.4298095703125 87.70384979248047 
3 1842.729736328125 38.97541809082031 1878.8365478515625 96.10479736328125 
3 1165.556396484375 12.551872253417969 1190.8013916015625 54.388916015625 
3 2260.90283203125 129.11056518554688 2292.209716796875 188.16293334960938 
201
1 310.56744384765625 471.23699951171875 660.7877807617188 842.685546875 
3 1244.2642822265625 59.973419189453125 1323.40771484375 211.74325561523438 
3 1650.8646240234375 15.745040893554688 1686.5908203125 87.32537078857422 
3 2268.197021484375 133.34671020507812 2299.237548828125 188.6993865966797 
3 1639.2044677734375 0.0 1658.9654541015625 24.16263198852539 
202
1 314.01971435546875 469.73638916015625 664.5100708007812 840.920166015625 
3 1255.5380859375 59.82122802734375 1332.2640380859375 221.13214111328125 
3 1657.225341796875 15.013168334960938 1693.4586181640625 86.88300323486328 
203
1 317.9000549316406 467.37701416015625 671.0678100585938 839.9520263671875 
3 1263.80859375 59.86804962158203 1339.572021484375 214.51719665527344 
3 1665.5185546875 14.709430694580078 1701.457275390625 86.67237091064453 
3 160.689697265625 141.7164764404297 206.61239624023438 196.0111083984375 
3 1654.0472412109375 0.0 1673.330322265625 25.682010650634766 
204
1 319.0190124511719 460.06268310546875 681.1420288085938 837.5726928710938 
3 1274.8448486328125 59.62303924560547 1348.205810546875 212.30258178710938 
3 1673.1708984375 18.599483489990234 1710.417724609375 89.3438949584961 
3 1197.049072265625 10.337821960449219 1220.9520263671875 50.089569091796875 
3 187.1817626953125 146.81976318359375 210.65621948242188 192.01718139648438 
205
1 323.2662658691406 459.7081298828125 686.9320068359375 834.8872680664062 
3 1286.0787353515625 59.904884338378906 1359.2947998046875 212.37088012695312 
3 1684.13427734375 19.9053955078125 1722.1290283203125 89.56828308105469 
3 1672.8507080078125 0.0 1693.25537109375 28.332550048828125 
3 189.3968505859375 138.719482421875 221.8297882080078 192.4029998779297 
206
1 326.8396301269531 454.851318359375 695.672119140625 833.802490234375 
3 1296.499267578125 59.169189453125 1371.3822021484375 212.66465759277344 
3 1695.79296875 22.482627868652344 1731.064453125 90.00662231445312 
3 1216.2591552734375 8.516162872314453 1241.49853515625 52.441627502441406 
3 2315.970703125 144.86672973632812 2346.278076171875 201.20570373535156 
207
1 332.1980895996094 451.217529296875 704.6893310546875 832.7730712890625 
3 1306.7720947265625 58.98907470703125 1384.9561767578125 212.3199005126953 
3 1704.454345703125 21.602081298828125 1742.2421875 89.33190155029297 
208
1 334.3291015625 447.2791442871094 709.890625 828.8821411132812 
3 1318.9034423828125 58.84684753417969 1399.2449951171875 225.28335571289062 
3 1717.551513671875 20.6383056640625 1754.7567138671875 90.06637573242188 
3 1238.7452392578125 6.609828948974609 1264.044677734375 51.80805206298828 
3 1704.6112060546875 0.0 1725.791748046875 30.506027221679688 
3 225.8283233642578 134.42518615722656 250.62185668945312 183.9160919189453 
209
1 339.1466064453125 442.9518737792969 718.892822265625 825.6582641601562 
3 1728.8153076171875 20.43260955810547 1768.287353515625 91.99575805664062 
3 1329.9658203125 57.89985656738281 1414.261962890625 223.8160400390625 
3 225.6728973388672 125.37416076660156 263.8979187011719 182.22666931152344 
3 1930.3267822265625 44.004981994628906 1969.45703125 110.67085266113281 
210
1 348.36651611328125 439.3951416015625 730.7058715820312 824.5887451171875 
3 1342.7821044921875 56.18772888183594 1423.995361328125 224.6541748046875 
3 1742.960693359375 19.890033721923828 1780.6490478515625 94.03890991210938 
3 237.18246459960938 121.16046142578125 274.0901184082031 180.3829345703125 
3 1261.903076171875 5.323829650878906 1288.1256103515625 52.34144592285156 
211
1 359.3622131347656 437.05767822265625 738.0247802734375 821.6758422851562 
3 1353.8731689453125 58.195777893066406 1438.2718505859375 226.7958984375 
3 248.75704956054688 117.63844299316406 286.7591857910156 177.92434692382812 
3 1756.2271728515625 28.037429809570312 1792.6177978515625 93.8704833984375 
3 1740.336181640625 0.0 1763.0537109375 31.59296417236328 
212
1 359.59381103515625 434.0810546875 750.941162109375 818.9735107421875 
3 1367.2310791015625 57.581817626953125 1453.1065673828125 231.72872924804688 
3 1765.6966552734375 20.788780212402344 1807.4805908203125 94.57794189453125 
3 258.9250183105469 114.39076232910156 296.583984375 174.47415161132812 
3 1290.6072998046875 9.341533660888672 1314.207275390625 50.724456787109375 
213
1 368.9259033203125 430.783935546875 760.2328491210938 816.8677978515625 
3 1380.9652099609375 58.680885314941406 1465.8492431640625 227.79507446289062 
3 1778.902099609375 19.75658416748047 1820.8038330078125 95.84977722167969 
3 271.2294006347656 111.27047729492188 307.798828125 170.8105010986328 
3 1764.8115234375 0.0 1786.678955078125 33.37568664550781 
3 1302.0516357421875 8.80670166015625 1325.5775146484375 49.762977600097656 
3 1979.8701171875 65.23197174072266 2018.6549072265625 127.87480163574219 
214
1 383.16302490234375 428.81024169921875 771.9539794921875 814.5209350585938 
3 1394.083740234375 58.2203369140625 1489.28271484375 235.35516357421875 
3 1792.36767578125 25.703857421875 1833.9866943359375 98.72120666503906 
3 283.9418640136719 111.59225463867188 316.6979064941406 168.90574645996094 
3 1776.8194580078125 0.0 1801.3818359375 34.9215087890625 
3 1314.830322265625 10.070472717285156 1339.067626953125 50.21943664550781 
215
1 407.58270263671875 425.96795654296875 780.296875 810.5989990234375 
3 1408.453369140625 62.227256774902344 1492.6614990234375 238.41693115234375 
3 1804.5235595703125 22.21259307861328 1850.12548828125 99.76834106445312 
3 297.2379150390625 107.04837036132812 333.0552978515625 165.04867553710938 
3 1789.987060546875 0.090179443359375 1815.8177490234375 35.61206817626953 
216
1 423.9159240722656 424.1206970214844 790.890380859375 807.8136596679688 
3 1421.5869140625 63.4647216796875 1505.10888671875 240.96435546875 
3 1818.5989990234375 35.649169921875 1864.4940185546875 101.96917724609375 
3 1803.6324462890625 1.4922409057617188 1828.0 39.92003631591797 
3 313.3613586425781 109.27789306640625 340.35552978515625 160.23414611816406 
3 2022.185546875 66.42372131347656 2060.107177734375 121.16911315917969 
3 1340.3660888671875 8.982345581054688 1365.5184326171875 50.77435302734375 
217
1 447.4924011230469 420.4747314453125 802.2440185546875 805.4984130859375 
3 1436.5257568359375 61.94233703613281 1520.0531005859375 240.25540161132812 
3 1834.420654296875 28.815322875976562 1879.52587890625 103.11395263671875 
3 1820.578369140625 0.8805694580078125 1838.978515625 37.549163818359375 
3 1354.689697265625 8.777095794677734 1379.603759765625 51.62495422363281 
3 325.1144104003906 104.36250305175781 351.96649169921875 156.42593383789062 
218
1 466.228271484375 420.64990234375 814.1024169921875 802.8911743164062 
3 1451.2159423828125 63.914398193359375 1532.82861328125 224.12384033203125 
3 1850.8599853515625 39.485260009765625 1894.1644287109375 104.78196716308594 
3 1832.887939453125 3.3404617309570312 1854.0499267578125 40.395751953125 
3 1370.83203125 9.061088562011719 1394.0325927734375 50.620704650878906 
3 339.6872863769531 104.00556945800781 365.83807373046875 152.04026794433594 
3 2474.957275390625 194.8096923828125 2507.7587890625 251.22470092773438 
219
1 485.00030517578125 419.1108703613281 827.436279296875 800.268310546875 
3 1466.751953125 66.23890686035156 1550.6666259765625 240.807373046875 
3 1866.8333740234375 37.99891662597656 1911.5286865234375 106.83204650878906 
3 355.4810485839844 105.64724731445312 379.869384765625 148.98873901367188 
3 1386.5457763671875 6.555515289306641 1410.3968505859375 50.412315368652344 
220
1 503.83697509765625 417.53118896484375 840.69677734375 798.1566772460938 
3 1482.5889892578125 66.93695068359375 1568.650146484375 237.97821044921875 
3 1882.0047607421875 40.66459655761719 1927.28955078125 110.25823974609375 
3 1864.5592041015625 6.929656982421875 1884.4493408203125 46.53706359863281 
3 360.77996826171875 91.19761657714844 395.74530029296875 147.37484741210938 
3 2084.6953125 81.45429992675781 2122.933837890625 137.41152954101562 
3 1401.1302490234375 8.160392761230469 1425.5458984375 50.73863983154297 
221
1 521.87109375 414.7962341308594 854.33984375 792.89111328125 
3 1498.1826171875 67.18986511230469 1586.587890625 242.93234252929688 
3 1899.06298828125 38.418800354003906 1946.1192626953125 111.37094116210938 
3 382.34283447265625 94.12554931640625 412.5054626464844 143.50839233398438 
3 1418.656005859375 8.396949768066406 1442.3623046875 50.54302978515625 
222
1 539.5023193359375 413.4693908691406 867.5620727539062 793.0257568359375 
3 1514.4910888671875 68.28919982910156 1601.8902587890625 231.82901000976562 
3 1915.90234375 46.92008972167969 1958.589111328125 115.43524169921875 
3 394.553466796875 90.5778579711914 426.8243713378906 140.26060485839844 
223
1 556.5886840820312 410.6759033203125 878.486083984375 790.23193359375 
3 1533.027587890625 69.97550964355469 1621.3638916015625 228.598876953125 
3 1932.823974609375 41.04362487792969 1977.8673095703125 118.43136596679688 
3 411.5326843261719 89.32556915283203 442.4246520996094 136.22802734375 
224
1 570.9071655273438 407.2484130859375 893.0406494140625 785.173583984375 
3 1548.20556640625 70.9727783203125 1635.6273193359375 241.30950927734375 
3 1951.1124267578125 52.74201965332031 1994.9852294921875 119.46510314941406 
3 426.2651062011719 85.55757141113281 458.8407287597656 135.24754333496094 
3 1932.7655029296875 14.672821044921875 1952.6041259765625 51.908592224121094 
225
1 585.2810668945312 405.91595458984375 907.7462158203125 785.834716796875 
3 1565.503662109375 71.62797546386719 1653.462890625 242.21133422851562 
3 1967.914794921875 51.289634704589844 2008.5501708984375 123.30389404296875 
3 441.0539245605469 82.21430969238281 473.6850891113281 132.9460906982422 
3 1949.3480224609375 15.458358764648438 1969.384765625 55.45037841796875 
226
1 597.7039794921875 403.18505859375 915.546142578125 780.6264038085938 
3 1581.750732421875 72.82211303710938 1668.896240234375 247.76748657226562 
3 1987.2391357421875 54.16484832763672 2029.27001953125 125.81234741210938 
3 457.6458435058594 76.98230743408203 491.70513916015625 127.78749084472656 
3 1501.92431640625 13.89944076538086 1524.9398193359375 53.111732482910156 
3 1966.7252197265625 19.098506927490234 1990.1744384765625 56.78971862792969 
227
1 610.8645629882812 399.8463134765625 936.3040161132812 778.4552001953125 
3 2003.5643310546875 49.93745422363281 2045.19140625 128.3119659423828 
3 1600.272216796875 74.04898071289062 1686.15576171875 248.80780029296875 
3 472.03704833984375 75.38920593261719 506.36651611328125 121.25053405761719 
3 2203.91748046875 106.67991638183594 2244.353515625 162.17481994628906 
228
1 625.5213012695312 397.2129211425781 937.8975219726562 777.5266723632812 
3 1615.869384765625 75.03180694580078 1700.350830078125 254.74594116210938 
3 2018.9327392578125 57.439186096191406 2060.453125 131.16188049316406 
3 486.7509765625 73.94038391113281 523.8140869140625 118.88441467285156 
3 1999.819580078125 23.606597900390625 2021.37451171875 64.02356719970703 
229
1 637.177490234375 394.0586853027344 965.529296875 774.4339599609375 
3 1631.4449462890625 76.63185119628906 1718.4287109375 250.34039306640625 
3 2035.3636474609375 59.97016906738281 2082.3857421875 135.04554748535156 
3 2017.37353515625 25.08171844482422 2037.6339111328125 63.29546356201172 
3 501.6184387207031 70.44296264648438 538.29150390625 117.39408874511719 
3 2239.96923828125 121.83183288574219 2278.831787109375 169.85342407226562 
230
1 651.271728515625 388.36639404296875 974.7864990234375 772.6551513671875 
3 1648.7686767578125 78.04270935058594 1735.3092041015625 244.44390869140625 
3 2054.681396484375 66.08406066894531 2099.228271484375 136.83779907226562 
3 517.7106323242188 66.57660675048828 552.7698364257812 113.83987426757812 
3 1569.693359375 13.757827758789062 1594.1107177734375 58.528160095214844 
3 2034.9453125 29.718246459960938 2055.930419921875 66.28926086425781 
231
1 664.0894165039062 388.33551025390625 994.0046997070312 770.021728515625 
3 1666.6112060546875 80.19485473632812 1752.0980224609375 257.44244384765625 
3 2074.077880859375 70.84249877929688 2117.808349609375 139.88809204101562 
3 2051.853271484375 31.784439086914062 2070.861083984375 71.0745620727539 
3 533.6221313476562 64.26025390625 566.7706909179688 111.68778991699219 
232
1 674.9878540039062 384.31658935546875 1005.5208129882812 769.688232421875 
3 1682.4228515625 82.00247955322266 1769.7059326171875 264.3623046875 
3 2087.7587890625 67.18246459960938 2134.94873046875 142.6885986328125 
3 550.1224975585938 61.001426696777344 581.5484008789062 108.57901000976562 
233
1 682.779541015625 380.45404052734375 1022.245361328125 766.0208740234375 
3 1699.484375 84.91999053955078 1786.8883056640625 263.0127868652344 
3 2111.063720703125 77.86537170410156 2151.42919921875 145.2125701904297 
3 2310.92236328125 125.76692199707031 2352.03076171875 189.79464721679688 
3 567.2420654296875 60.37036895751953 596.3648071289062 103.85302734375 
234
1 693.5648803710938 376.45361328125 1037.1302490234375 765.2835693359375 
3 2126.8447265625 79.95814514160156 2170.769775390625 150.3491973876953 
3 1715.254150390625 85.69561767578125 1805.22119140625 259.3062438964844 
3 580.583984375 53.179603576660156 612.4020385742188 102.81173706054688 
3 2328.925537109375 136.31607055664062 2370.47509765625 192.36224365234375 
235
1 706.9326782226562 375.34442138671875 1053.2958984375 762.6603393554688 
3 1733.3271484375 89.92222595214844 1823.6849365234375 254.33538818359375 
3 2147.28173828125 78.13966369628906 2187.869873046875 153.19325256347656 
3 2125.443603515625 46.48515319824219 2143.597412109375 83.88353729248047 
3 597.552734375 53.41847229003906 625.5223999023438 96.7255859375 
3 2347.55859375 135.6201629638672 2388.555419921875 200.65679931640625 
236
1 721.3515625 372.13922119140625 1066.439208984375 761.2074584960938 
3 1752.514892578125 92.27809143066406 1843.1329345703125 274.3187255859375 
3 2166.239013671875 84.99752807617188 2205.34716796875 157.50425720214844 
3 2366.69921875 146.09996032714844 2407.98779296875 205.37158203125 
3 2142.8232421875 48.886146545410156 2165.47119140625 87.66532897949219 
3 614.1892700195312 49.968292236328125 639.587890625 96.35179138183594 
237
1 738.1732177734375 368.8907470703125 1081.4073486328125 759.618896484375 
3 1768.2420654296875 94.21943664550781 1858.9168701171875 262.1392822265625 
3 2184.826904296875 83.15843200683594 2225.003662109375 161.5072021484375 
3 627.6019897460938 42.881500244140625 654.8024291992188 93.58612060546875 
3 2160.854248046875 53.653778076171875 2182.332275390625 91.27679443359375 
3 2504.68505859375 251.24667358398438 2559.010986328125 333.78363037109375 
238
1 757.37548828125 364.6802062988281 1098.552001953125 758.0946655273438 
3 2202.323974609375 83.89750671386719 2245.0009765625 166.39312744140625 
3 1791.18359375 97.87493896484375 1878.85693359375 261.12103271484375 
3 2179.250244140625 53.72986602783203 2201.57666015625 95.02378845214844 
3 645.479248046875 43.414955139160156 675.2391357421875 90.03673553466797 
239
1 775.7799072265625 358.9347839355469 1113.4410400390625 757.1372680664062 
3 1804.619384765625 102.0150146484375 1897.882568359375 272.97845458984375 
3 2221.486083984375 93.36628723144531 2262.32421875 171.6106414794922 
3 663.0570068359375 42.17979431152344 688.845458984375 88.97898864746094 
3 2196.9013671875 59.257293701171875 2217.093017578125 97.63397216796875 
3 2198.446533203125 58.651123046875 2218.236083984375 97.26206970214844 
240
1 796.9484252929688 354.59710693359375 1127.4991455078125 756.4642333984375 
3 2240.150146484375 100.33473205566406 2281.025146484375 174.60321044921875 
3 1824.11181640625 104.43856811523438 1916.77783203125 274.57562255859375 
3 679.0658569335938 37.60026550292969 706.9570922851562 92.60244750976562 
3 2214.6650390625 61.00322723388672 2237.058349609375 100.89962768554688 
241
1 812.8233032226562 351.50537109375 1145.18896484375 754.8908081054688 
3 1839.4327392578125 106.75605773925781 1935.53466796875 283.28759765625 
3 2253.00439453125 104.50740051269531 2300.0810546875 178.427490234375 
3 696.4945068359375 38.123878479003906 721.274658203125 85.82133483886719 
3 2233.8388671875 66.55810546875 2253.154296875 100.0833740234375 
242
1 830.8529052734375 347.9731750488281 1159.537841796875 753.687744140625 
3 1857.8800048828125 110.38554382324219 1954.065185546875 287.31982421875 
3 2273.17578125 108.01998901367188 2316.34521484375 181.0842742919922 
3 706.3468017578125 32.379486083984375 738.895751953125 81.5378646850586 
243
1 843.99951171875 343.85986328125 1172.1798095703125 753.80517578125 
3 1874.9036865234375 112.79890441894531 1973.8912353515625 295.0116882324219 
3 2291.448974609375 116.19099426269531 2333.65625 186.63360595703125 
3 724.3062744140625 31.523536682128906 756.14892578125 81.61038208007812 
244
1 857.0576171875 338.93145751953125 1188.4512939453125 753.9345092773438 
3 1892.7818603515625 116.158935546875 1992.172119140625 274.6800842285156 
3 2307.2041015625 116.7899169921875 2354.85791015625 191.4580078125 
3 737.432373046875 27.80975341796875 772.4218139648438 79.43303680419922 
245
1 870.9605712890625 334.3165283203125 1201.1727294921875 753.653564453125 
3 2328.33251953125 123.19905090332031 2369.697265625 195.44256591796875 
3 1910.387451171875 119.15611267089844 2010.840576171875 297.802734375 
3 756.7908325195312 29.142860412597656 784.36669921875 81.42814636230469 
3 1910.5333251953125 119.22084045410156 2011.045166015625 295.59844970703125 
246
1 883.0390625 331.5447998046875 1216.0555419921875 749.2130737304688 
3 1927.649658203125 123.11213684082031 2028.1986083984375 293.2685546875 
3 2346.62451171875 126.39358520507812 2389.42529296875 200.21514892578125 
3 768.3013916015625 27.269447326660156 798.25244140625 77.04562377929688 
3 2318.8779296875 87.82485961914062 2344.154296875 124.60107421875 
247
1 897.610595703125 326.9337158203125 1226.677001953125 749.5822143554688 
3 1943.9385986328125 125.73042297363281 2048.3212890625 300.311279296875 
3 2362.682861328125 134.47500610351562 2405.808837890625 203.3803253173828 
3 781.5802001953125 24.396053314208984 811.2766723632812 77.73883056640625 
248
1 913.3544311523438 323.7059631347656 1245.3502197265625 749.3837890625 
3 1960.5028076171875 130.73866271972656 2066.67138671875 299.5498046875 
3 2378.494140625 140.2954864501953 2426.21484375 209.2581024169922 
3 796.9547729492188 19.495281219482422 823.260009765625 74.12838745117188 
3 2352.549072265625 94.93743896484375 2378.167236328125 133.78665161132812 
249
1 929.596923828125 320.9468688964844 1260.5133056640625 750.4342041015625 
3 2393.394775390625 142.3256072998047 2441.123291015625 212.66622924804688 
3 1980.9620361328125 135.1436767578125 2084.9443359375 293.9735107421875 
3 813.3801879882812 20.896221160888672 839.3494873046875 72.48706817626953 
250
1 943.6538696289062 319.45843505859375 1275.353515625 748.798095703125 
3 1992.970703125 137.15591430664062 2105.765625 314.3265686035156 
3 2409.302001953125 140.46383666992188 2462.149169921875 219.45388793945312 
3 828.5206298828125 16.700881958007812 853.7367553710938 70.04771423339844 
251
1 960.9554443359375 318.797607421875 1287.864013671875 747.3551635742188 
3 2007.915283203125 144.00473022460938 2121.9375 301.512451171875 
3 2417.303466796875 153.32089233398438 2476.459716796875 222.5540771484375 
3 843.0925903320312 13.930233001708984 866.7510986328125 69.14794921875 
3 2402.946044921875 105.89985656738281 2429.763916015625 147.9495086669922 
252
1 1004.5016479492188 317.530029296875 1300.7166748046875 747.30419921875 
3 2025.621826171875 149.97430419921875 2139.4638671875 309.9580993652344 
3 856.17724609375 12.37491226196289 881.0767211914062 63.478912353515625 
3 2432.167236328125 144.99053955078125 2494.94921875 227.24063110351562 
3 2420.878173828125 110.38706970214844 2447.34716796875 153.5183563232422 
253
3 2040.1318359375 153.1759490966797 2157.583740234375 312.940185546875 
1 1030.433837890625 316.9759216308594 1318.644775390625 746.335693359375 
3 2456.883056640625 156.24420166015625 2511.74560546875 232.10830688476562 
3 2434.62890625 114.78530883789062 2460.361083984375 155.18804931640625 
3 2503.58544921875 135.86203002929688 2558.92626953125 242.34237670898438 
254
1 1052.7659912109375 315.0457763671875 1331.529052734375 746.4527587890625 
3 2058.35888671875 158.86090087890625 2176.321533203125 327.0503234863281 
3 2475.9248046875 163.265625 2530.8154296875 237.9808349609375 
3 2449.611572265625 118.9967041015625 2476.556884765625 159.00091552734375 
255
1 1083.72216796875 316.2420654296875 1349.4617919921875 745.9155883789062 
3 2074.189208984375 163.06175231933594 2192.502197265625 319.60205078125 
3 2490.487548828125 167.3130340576172 2545.42333984375 244.63192749023438 
3 2465.956787109375 124.8170166015625 2493.0517578125 163.66671752929688 
3 2534.9560546875 165.5712432861328 2559.070068359375 250.11911010742188 
3 895.3740844726562 9.612724304199219 923.470703125 58.30675506591797 
256
1 1103.023681640625 314.9234619140625 1363.7132568359375 746.8140869140625 
3 2090.498291015625 167.89987182617188 2210.00146484375 321.8371276855469 
3 2511.97998046875 166.6143035888672 2559.093505859375 250.85443115234375 
3 2481.77294921875 128.24473571777344 2510.998291015625 167.86317443847656 
3 909.1206665039062 4.663326263427734 944.1048583984375 60.16142272949219 
257
1 1113.6177978515625 314.0888671875 1378.15771484375 745.4302978515625 
3 2107.248291015625 173.16522216796875 2226.448486328125 329.48114013671875 
3 2524.0107421875 183.53585815429688 2558.9638671875 253.69857788085938 
258
1 1127.814697265625 313.27392578125 1394.8936767578125 745.5841674804688 
3 2121.103515625 177.5621337890625 2242.50927734375 329.1896057128906 
259
1 1130.5716552734375 313.50714111328125 1420.5062255859375 748.8070068359375 
3 2136.373291015625 181.651611328125 2259.362548828125 330.7784118652344 
3 2530.018798828125 142.6716766357422 2557.447998046875 182.75416564941406 
260
1 1144.047119140625 314.10888671875 1442.4322509765625 752.4505615234375 
3 2152.225341796875 185.49786376953125 2275.764892578125 335.464599609375 
3 2545.831298828125 149.6688232421875 2559.036865234375 187.81089782714844 
261
1 1159.042236328125 314.04327392578125 1465.7855224609375 756.081298828125 
3 2166.616943359375 190.33990478515625 2290.943359375 340.41424560546875 
262
1 1174.5328369140625 314.7236633300781 1487.30322265625 758.6869506835938 
3 2183.450927734375 193.39187622070312 2307.840576171875 342.26202392578125 
263
1 1197.6060791015625 314.873779296875 1506.387939453125 762.5609741210938 
3 2196.709228515625 198.19097900390625 2324.072509765625 340.7667541503906 
264
1 1223.802978515625 315.0390319824219 1525.3753662109375 766.2811889648438 
3 2212.1142578125 203.6952667236328 2339.904296875 348.6968994140625 
265
1 1250.2220458984375 316.6322021484375 1543.38720703125 773.8821411132812 
3 2232.622802734375 208.5974578857422 2359.1328125 354.263671875 
266
1 1281.255126953125 316.43701171875 1561.9476318359375 777.4285888671875 
3 2265.576171875 213.9410858154297 2372.235107421875 322.6905822753906 
267
1 1312.9053955078125 316.2781982421875 1578.4359130859375 783.5 
3 2285.697021484375 217.42373657226562 2388.74560546875 349.021240234375 
268
1 1341.208984375 318.27764892578125 1594.626953125 785.9261474609375 
3 2267.563232421875 223.30331420898438 2405.67138671875 361.5106506347656 
269
1 1364.40185546875 319.2881164550781 1608.7501220703125 786.5697631835938 
3 2280.793212890625 227.104248046875 2421.87841796875 369.3540954589844 
3 0.13002300262451172 216.95367431640625 24.832481384277344 303.7908020019531 
3 0.10344123840332031 216.56863403320312 24.44248390197754 324.6102294921875 
270
1 1379.891845703125 320.37957763671875 1624.446044921875 793.0370483398438 
3 2294.112548828125 232.0577392578125 2437.99072265625 379.1995849609375 
271
1 1388.769287109375 320.75970458984375 1637.5816650390625 794.735595703125 
3 2312.500244140625 237.60540771484375 2451.768798828125 380.56646728515625 
272
1 1400.61962890625 324.47039794921875 1649.2730712890625 799.5142822265625 
3 2335.128662109375 241.70632934570312 2466.062744140625 371.62603759765625 
273
1 1412.125 326.41241455078125 1661.91015625 799.6482543945312 
3 2337.214599609375 247.5509033203125 2481.314208984375 389.9815673828125 
274
1 1424.9359130859375 332.2447204589844 1674.8721923828125 803.5045166015625 
3 2367.646240234375 253.0799560546875 2493.93798828125 386.4859924316406 
275
1 1434.6597900390625 335.0100402832031 1685.3837890625 806.8599853515625 
3 2373.1953125 257.8797607421875 2510.322998046875 386.47332763671875 
276
1 1446.8502197265625 339.45635986328125 1697.8072509765625 808.7396850585938 
3 2386.069580078125 262.1329650878906 2521.64697265625 394.5395812988281 
277
1 1459.9205322265625 340.5952453613281 1709.660888671875 811.8436279296875 
3 2389.9326171875 268.5484313964844 2543.138427734375 398.63671875 
278
1 1471.8125 347.6091613769531 1723.4298095703125 813.9194946289062 
3 2422.5849609375 272.5308532714844 2550.300048828125 401.28948974609375 
3 1172.2822265625 0.3122100830078125 1203.7674560546875 38.48371887207031 
279
1 1480.80078125 350.449951171875 1738.847412109375 816.1602783203125 
3 2434.95654296875 277.9504089355469 2558.0751953125 397.6170959472656 
280
1 1490.169677734375 354.253662109375 1752.8677978515625 819.0132446289062 
3 2456.837158203125 282.3437805175781 2558.985595703125 415.662109375 
281
1 1498.830078125 358.7707824707031 1767.0460205078125 821.0269165039062 
3 2469.012939453125 287.42291259765625 2558.908203125 415.07586669921875 
282
1 1507.46240234375 362.1652526855469 1781.93310546875 823.06005859375 
3 2464.493896484375 292.7525939941406 2558.960693359375 430.61785888671875 
283
1 1518.12744140625 365.5626220703125 1796.3609619140625 824.64453125 
3 2472.001708984375 298.2861022949219 2559.01513671875 431.3567810058594 
284
1 1539.6376953125 364.850341796875 1811.347900390625 827.7054443359375 
3 2475.70166015625 305.6355895996094 2559.00341796875 447.261962890625 
285
1 1540.840087890625 371.5523986816406 1825.4970703125 830.3216552734375 
286
1 1551.3333740234375 372.528564453125 1840.5052490234375 832.2849731445312 
287
1 1559.4268798828125 375.8016052246094 1855.2471923828125 835.8327026367188 
288
1 1574.587890625 376.7552185058594 1870.2935791015625 837.5841064453125 
289
1 1593.0928955078125 377.52264404296875 1884.0118408203125 839.8963623046875 
290
1 1597.446044921875 378.9351806640625 1898.4302978515625 843.5809326171875 
291
1 1609.809326171875 380.2494201660156 1911.130859375 847.3062744140625 
292
1 1623.403076171875 382.203125 1925.2362060546875 848.3486328125 
293
1 1637.67529296875 383.4227294921875 1937.951416015625 852.332275390625 
294
1 1651.629638671875 385.0979309082031 1951.0902099609375 855.590087890625 
295
1 1660.485595703125 387.71490478515625 1963.132080078125 857.1099853515625 
296
1 1668.2796630859375 387.653076171875 1974.515625 859.7021484375 
297
1 1680.0367431640625 390.7256774902344 1985.5145263671875 866.2144775390625 
298
1 1688.3226318359375 392.40374755859375 1997.353759765625 867.3336791992188 
299
1 1697.0413818359375 396.0535888671875 2009.959228515625 870.0299072265625 
300
1 1708.18505859375 396.39447021484375 2023.222900390625 873.8125610351562 
301
1 1716.8760986328125 396.84796142578125 2038.8834228515625 878.171142578125 
302
1 1724.9188232421875 396.39569091796875 2055.02197265625 880.362548828125 
303
1 1734.387939453125 398.3064270019531 2074.71240234375 881.0888671875 
304
1 1740.876220703125 397.55419921875 2098.29931640625 882.6646728515625 
305
1 1754.7379150390625 400.2149353027344 2120.076904296875 881.4835815429688 
306
1 1776.168701171875 400.2829284667969 2143.8642578125 881.0118408203125 
307
1 1791.677734375 399.09173583984375 2163.469970703125 879.8333129882812 
308
1 1817.4417724609375 398.669921875 2184.63818359375 878.075439453125 
309
1 1842.912841796875 403.7113037109375 2201.812255859375 876.9786376953125 
310
1 1863.7899169921875 399.65496826171875 2218.56103515625 874.9989013671875 
311
1 1879.803466796875 403.857666015625 2234.75830078125 867.8508911132812 
312
1 1894.3795166015625 405.5860595703125 2250.70263671875 864.4252319335938 
313
1 1901.511962890625 407.94598388671875 2265.988037109375 856.51025390625 
314
1 1900.9315185546875 410.5048522949219 2278.30859375 846.65673828125 
315
1 1904.3948974609375 413.76214599609375 2290.2978515625 837.9862670898438 
316
1 1940.3907470703125 415.62835693359375 2304.171875 827.7330322265625 
317
1 1912.236572265625 419.6920166015625 2314.95703125 817.7457275390625 
318
1 1926.2845458984375 421.3344421386719 2322.831298828125 818.20947265625 
319
1 1926.772705078125 421.6273193359375 2331.53125 825.2554931640625 
320
1 1928.1456298828125 424.91729736328125 2340.8076171875 824.0326538085938 
321
1 1936.068359375 427.89117431640625 2350.1162109375 823.9735717773438 
322
1 1943.13232421875 431.3741760253906 2356.20703125 824.63720703125 
323
1 1947.9329833984375 436.9577331542969 2361.609619140625 827.3997802734375 
324
1 1950.5723876953125 440.38287353515625 2367.494384765625 825.2724609375 
325
1 1959.6112060546875 446.37469482421875 2372.25634765625 827.8148193359375 
326
1 1951.89453125 455.3202209472656 2375.9033203125 828.32958984375 
327
1 1999.578369140625 463.815185546875 2379.695068359375 823.849853515625 
328
1 1958.1243896484375 471.12713623046875 2380.7958984375 823.1646118164062 
329
1 1956.403564453125 476.1044921875 2381.814697265625 819.2791748046875 
330
1 1962.2220458984375 482.2005615234375 2383.04736328125 816.9529418945312 
331
1 1966.1326904296875 487.8551025390625 2384.369384765625 813.1005859375 
332
1 1978.9010009765625 494.855224609375 2385.74169921875 807.2794189453125 
333
1 1984.031982421875 500.31695556640625 2388.65478515625 802.5338745117188 
334
1 1994.2208251953125 507.5408935546875 2391.484130859375 801.803955078125 
335
1 1993.6920166015625 513.31982421875 2392.440673828125 803.9144897460938 
336
1 1994.7891845703125 521.0892333984375 2392.828369140625 804.81591796875 
337
1 2028.798828125 528.7913208007812 2393.65234375 804.2103271484375 
338
1 2048.58154296875 538.787353515625 2393.539306640625 806.1888427734375 
339
1 2051.54443359375 545.971923828125 2393.19189453125 807.13671875 
340
1 2031.781982421875 554.9761962890625 2392.217529296875 806.2832641601562 
341
1 2031.59326171875 561.774169921875 2395.449951171875 784.24072265625 
1 2031.5755615234375 562.1863403320312 2395.5693359375 797.9666748046875 
342
1 2036.4288330078125 570.12109375 2402.75244140625 775.6307983398438 
343
1 2006.3619384765625 575.3099975585938 2409.410400390625 780.5515747070312 
344
1 2031.028564453125 565.7423706054688 2413.98828125 779.4697265625 
345
1 2012.1025390625 566.48681640625 2414.771484375 786.4125366210938 
346
1 2014.360107421875 568.0250244140625 2414.534912109375 785.18408203125 
347
348
1 2019.0823974609375 571.484619140625 2401.4072265625 789.3624877929688 
349
1 2021.7418212890625 572.7603149414062 2392.156494140625 795.9747924804688 
350
1 2061.3916015625 573.5035400390625 2387.838134765625 793.2710571289062 
351
1 2047.341796875 573.0948486328125 2384.164306640625 821.9581298828125 
352
1 2049.47509765625 574.6455078125 2383.291015625 824.8326416015625 
353
1 2067.157958984375 575.3162231445312 2383.352783203125 799.2275390625 
354
1 2077.623046875 575.9653930664062 2386.152099609375 822.1926879882812 
355
1 2077.734130859375 576.4602661132812 2387.408447265625 827.6470336914062 
356
1 2061.8896484375 577.076416015625 2389.276611328125 827.2368774414062 
357
1 2045.476318359375 577.7647705078125 2391.62158203125 831.48583984375 
358
1 2082.16455078125 578.4673461914062 2393.4638671875 832.4603881835938 
359
1 2067.93798828125 579.2576904296875 2395.84130859375 834.9551391601562 
360
1 2087.60791015625 579.377685546875 2398.615234375 831.3373413085938 
361
1 2088.025390625 580.7784423828125 2403.69970703125 835.2377319335938 
362
1 2094.738037109375 582.347900390625 2408.510986328125 834.8184204101562 
363
364
1 2096.635498046875 585.1497192382812 2416.720703125 839.8323364257812 
365
366
367
368
1 2113.977783203125 590.1223754882812 2443.770263671875 843.2966918945312 
369
1 2116.1806640625 591.886474609375 2448.714111328125 845.775390625 
370
1 2118.760009765625 593.4286499023438 2457.45068359375 847.38720703125 
371
1 2122.384521484375 594.7562255859375 2464.495849609375 848.0865478515625 
372
1 2126.062255859375 595.948974609375 2473.043701171875 850.8565673828125 
373
1 2141.99609375 593.0296630859375 2480.416015625 850.4699096679688 
374
1 2132.740234375 589.4361572265625 2490.5068359375 851.012451171875 
375
1 2142.78076171875 586.0941772460938 2497.138671875 853.11962890625 
376
1 2148.91748046875 582.9718017578125 2506.112060546875 855.81103515625 
377
1 2151.1162109375 578.94384765625 2515.278076171875 855.4100341796875 
378
1 2153.643798828125 576.241943359375 2523.384765625 857.2786865234375 
379
1 2162.44677734375 574.7095336914062 2527.748046875 858.7088623046875 
380
1 2163.83349609375 573.65576171875 2535.724609375 857.2355346679688 
381
1 2096.23388671875 574.6801147460938 2541.90283203125 870.9141235351562 
382
1 2095.75439453125 574.537353515625 2546.63671875 883.6455078125 
383
1 2088.376220703125 573.3255615234375 2551.3154296875 889.9807739257812 
384
1 2113.93994140625 574.00244140625 2555.617431640625 890.559814453125 
385
0 2088.086669921875 574.2508544921875 2558.28173828125 902.6856689453125 
386
0 2110.605712890625 576.814453125 2558.7822265625 899.6900024414062 
387
0 2112.23095703125 577.4130249023438 2558.68896484375 897.7672729492188 
388
0 2115.027587890625 578.833251953125 2558.717529296875 899.8343505859375 
3 0.14900588989257812 506.91943359375 125.86648559570312 793.0206909179688 
389
0 2129.71240234375 576.1163940429688 2558.773681640625 900.9873657226562 
390
0 2124.95458984375 579.3087158203125 2559.148681640625 903.0771484375 
3 0.059673309326171875 502.7684326171875 132.0021514892578 794.7943725585938 
391
0 2137.95703125 580.7733764648438 2558.931640625 904.6661376953125 
3 0.1425933837890625 498.643798828125 136.4102783203125 794.884033203125 
392
0 2128.6806640625 581.843017578125 2558.8583984375 911.6676635742188 
3 0.10013961791992188 497.3748779296875 137.08724975585938 793.7841186523438 
393
0 2111.245361328125 578.6119384765625 2558.76953125 917.4307250976562 
394
0 2110.8076171875 581.248779296875 2558.68505859375 920.4493408203125 
3 0.174835205078125 493.86444091796875 145.317626953125 785.1928100585938 
395
0 2146.06494140625 583.6396484375 2558.7109375 929.3350830078125 
396
0 2152.729736328125 585.8929443359375 2558.68994140625 949.8328857421875 
3 0.16415786743164062 491.68609619140625 146.03041076660156 759.7035522460938 
397
0 2135.81591796875 586.81884765625 2558.4638671875 972.6875 
3 0.21917724609375 490.05169677734375 151.64598083496094 760.953857421875 
398
0 2106.1220703125 587.479248046875 2558.915771484375 989.741455078125 
3 0.06535720825195312 489.2513427734375 153.53695678710938 754.4437866210938 
399
0 2081.259521484375 589.1268310546875 2558.853759765625 1007.6475830078125 
3 0.13651657104492188 487.73297119140625 155.53631591796875 755.0087890625 
400
0 2053.35107421875 592.5228271484375 2558.949462890625 1017.3875732421875 
3 0.03515625 487.4517822265625 154.45938110351562 751.7966918945312 
401
0 2027.70849609375 596.0619506835938 2558.407470703125 1027.7437744140625 
3 0.14140701293945312 485.56982421875 155.13992309570312 751.1549682617188 
402
0 2019.89306640625 602.619873046875 2557.826171875 1030.55078125 
3 0.07103347778320312 484.3731689453125 156.73867797851562 747.66796875 
403
0 2007.118896484375 609.197021484375 2558.97607421875 1035.297119140625 
3 0.10520553588867188 482.7789306640625 164.04013061523438 748.0012817382812 
404
0 2001.556396484375 613.3095703125 2558.91796875 1041.2099609375 
3 0.0 481.83306884765625 117.06187438964844 647.3138427734375 
405
0 1999.9285888671875 619.8389892578125 2559.2900390625 1044.21630859375 
3 0.12893295288085938 479.27154541015625 167.76190185546875 748.300537109375 
406
0 2000.718505859375 623.4391479492188 2558.54638671875 1046.5064697265625 
3 0.07562255859375 478.30108642578125 172.97177124023438 745.4218139648438 
407
0 2000.7305908203125 625.70458984375 2559.8759765625 1048.5716552734375 
3 0.09305191040039062 474.2697448730469 171.3711395263672 745.6489868164062 
408
0 2003.26025390625 627.1378784179688 2558.726318359375 1044.8828125 
3 0.13239669799804688 472.87640380859375 173.7811279296875 745.3148803710938 
409
0 2004.6915283203125 625.7578125 2558.719482421875 1043.4058837890625 
3 0.11299896240234375 470.267333984375 174.2790069580078 743.473876953125 
410
0 2007.5758056640625 627.9034423828125 2554.755615234375 1045.803466796875 
3 0.21161651611328125 469.9615783691406 175.3211212158203 741.603515625 
411
0 2008.912353515625 627.1011352539062 2558.784423828125 1047.3896484375 
3 0.0948486328125 466.75701904296875 175.88304138183594 739.684326171875 
412
0 2006.4317626953125 627.0966186523438 2558.751220703125 1045.9439697265625 
3 0.1240081787109375 465.247802734375 176.0885009765625 739.3869018554688 
413
0 1957.7083740234375 627.8782958984375 2556.97119140625 1048.3226318359375 
3 0.15906143188476562 461.5207214355469 175.10836791992188 738.9029541015625 
414
0 1915.25244140625 629.446533203125 2547.05029296875 1047.55810546875 
3 0.21112060546875 461.0562438964844 175.67056274414062 740.2156982421875 
415
3 0.22455978393554688 460.292236328125 173.29385375976562 738.8143310546875 
0 1880.0340576171875 633.135986328125 2534.69091796875 1050.14453125 
416
0 1852.4287109375 635.286865234375 2521.57568359375 1051.856201171875 
3 0.23043441772460938 457.697509765625 169.31082153320312 737.23388671875 
417
0 1834.6234130859375 634.7811279296875 2506.05126953125 1051.0677490234375 
3 0.03717041015625 456.40789794921875 156.99935913085938 731.3399658203125 
418
0 1821.0367431640625 634.1866455078125 2492.183837890625 1050.7801513671875 
3 0.17595672607421875 457.7694091796875 144.300537109375 728.3452758789062 
419
0 1812.1002197265625 632.238525390625 2474.364990234375 1051.6290283203125 
3 0.09554672241210938 452.93572998046875 139.813720703125 721.6051025390625 
420
3 0.17899322509765625 453.353759765625 142.2564239501953 717.3064575195312 
0 1820.6292724609375 630.8890380859375 2456.356201171875 1052.262939453125 
421
0 1824.8634033203125 626.8037109375 2440.65673828125 1049.591064453125 
3 0.050495147705078125 453.2433166503906 137.55300903320312 711.278076171875 
422
0 1818.28125 623.2135620117188 2424.17626953125 1049.70947265625 
3 0.21100616455078125 453.2845153808594 133.34420776367188 705.5473022460938 
3 0.0 452.802978515625 132.72735595703125 704.3331298828125 
423
0 1818.3770751953125 618.76904296875 2405.115478515625 1051.2279052734375 
3 0.02719879150390625 450.7408447265625 131.1466827392578 707.8483276367188 
3 0.197021484375 451.0256042480469 131.14674377441406 709.9933471679688 
424
0 1817.8770751953125 614.5716552734375 2388.15966796875 1053.088134765625 
3 0.032642364501953125 450.6743469238281 133.38714599609375 697.8922119140625 
3 0.2469635009765625 451.4544677734375 128.521484375 697.5883178710938 
425
0 1829.1036376953125 610.5475463867188 2371.128173828125 1051.1260986328125 
3 0.03205108642578125 451.36126708984375 141.30108642578125 697.2723388671875 
426
0 1844.5528564453125 604.5635986328125 2353.24462890625 1051.2589111328125 
3 0.03125762939453125 451.5259704589844 143.78353881835938 697.1859741210938 
427
0 1829.357421875 600.7225952148438 2333.094970703125 1053.8890380859375 
3 0.1698760986328125 453.0184326171875 150.20761108398438 698.0465698242188 
428
0 1817.433837890625 595.136474609375 2315.211669921875 1050.7838134765625 
3 0.14354324340820312 453.2557373046875 148.481689453125 698.1389770507812 
429
0 1781.84423828125 588.7570190429688 2294.962646484375 1056.5126953125 
3 0.18246841430664062 453.18084716796875 148.11376953125 698.8756713867188 
430
0 1735.7125244140625 587.2095336914062 2274.6796875 1043.66455078125 
3 0.12736892700195312 453.13494873046875 141.42901611328125 700.513427734375 
431
0 1674.769775390625 583.3502807617188 2252.264404296875 1034.569580078125 
3 0.12375640869140625 453.7584228515625 143.5165252685547 700.092529296875 
432
0 1634.933837890625 580.80712890625 2226.205078125 1031.8299560546875 
3 0.1782684326171875 454.46014404296875 142.41104125976562 698.9949951171875 
433
0 1631.402099609375 576.2264404296875 2196.57177734375 1032.0806884765625 
3 0.12456512451171875 455.4925537109375 136.6645965576172 697.2858276367188 
434
0 1562.6072998046875 573.9176025390625 2170.517578125 1030.8038330078125 
3 0.1406402587890625 455.4193115234375 141.64727783203125 699.08349609375 
435
0 1548.47412109375 571.5744018554688 2139.41845703125 1031.6746826171875 
3 0.1485443115234375 455.4888916015625 144.74658203125 698.5313110351562 
436
0 1542.8916015625 568.994384765625 2106.283935546875 1029.64794921875 
3 0.15377044677734375 454.8540344238281 145.50375366210938 698.9114379882812 
437
0 1534.7098388671875 566.932861328125 2073.5439453125 1023.20068359375 
3 0.14742279052734375 454.2660217285156 146.0950469970703 696.8142700195312 
3 0.0 454.1876220703125 130.6907501220703 680.3994140625 
438
0 1524.899658203125 564.5971069335938 2041.919677734375 1015.4541015625 
3 0.14430618286132812 454.16314697265625 146.77072143554688 699.010009765625 
439
0 1526.380615234375 559.7537841796875 2010.1656494140625 1004.41357421875 
3 0.1484832763671875 454.1253662109375 144.43112182617188 700.4462890625 
440
0 1524.9459228515625 553.5048217773438 1979.190673828125 993.27880859375 
3 0.14468002319335938 453.716796875 145.83157348632812 700.449462890625 
441
0 1526.3358154296875 548.2279663085938 1947.9154052734375 985.7999267578125 
3 0.05645751953125 453.53558349609375 146.75953674316406 700.6632080078125 
442
0 1524.941162109375 542.2547607421875 1916.30859375 985.1826171875 
3 0.037845611572265625 453.2840270996094 147.4945831298828 700.6954956054688 
443
0 1528.1416015625 537.0531005859375 1886.987060546875 983.9320068359375 
3 0.12739944458007812 453.3809814453125 155.27767944335938 700.7510986328125 
444
0 1523.06201171875 527.5437622070312 1859.0416259765625 984.4765625 
3 0.11605453491210938 453.5099792480469 164.74932861328125 701.0523071289062 
445
0 1525.05712890625 520.9585571289062 1829.889892578125 983.4557495117188 
3 0.11664581298828125 454.2547302246094 161.88250732421875 700.3140869140625 
446
0 1524.0289306640625 515.7906494140625 1801.8436279296875 982.898681640625 
3 0.2234954833984375 455.262939453125 170.64337158203125 700.497802734375 
447
0 1518.3619384765625 509.45562744140625 1773.8861083984375 983.077880859375 
3 0.3059234619140625 457.5797119140625 174.54989624023438 699.482177734375 
448
0 1470.556884765625 504.97418212890625 1746.9534912109375 983.17578125 
3 0.24123382568359375 456.66094970703125 177.47836303710938 698.957763671875 
449
0 1436.1767578125 500.473388671875 1721.9097900390625 982.771240234375 
3 0.1176605224609375 458.1492919921875 176.72030639648438 698.1206665039062 
450
0 1400.1927490234375 496.27374267578125 1702.3956298828125 982.3153686523438 
3 0.04528045654296875 458.2940368652344 177.24783325195312 696.6234130859375 
451
3 0.050933837890625 460.2059326171875 174.6727294921875 696.7369384765625 
0 1370.55224609375 490.26104736328125 1682.0281982421875 981.1805419921875 
452
3 0.1603851318359375 460.39300537109375 173.38650512695312 694.0346069335938 
0 1366.846435546875 486.576904296875 1661.46484375 980.3234252929688 
453
0 1336.906005859375 482.22882080078125 1641.9365234375 978.38232421875 
3 0.014892578125 460.666259765625 170.8648223876953 690.1300659179688 
454
3 0.0439453125 460.9143981933594 169.91824340820312 688.5430297851562 
0 1323.96630859375 480.1475830078125 1635.5443115234375 977.272216796875 
455
0 1325.4344482421875 473.3427734375 1627.29052734375 974.2529296875 
3 0.15297698974609375 460.8878173828125 168.89895629882812 685.2176513671875 
456
0 1316.2044677734375 468.1428527832031 1615.7781982421875 969.9127807617188 
3 0.17134857177734375 460.992431640625 167.47097778320312 641.5350341796875 
457
3 0.3128204345703125 461.2763671875 167.56576538085938 659.39501953125 
0 1302.314453125 464.38397216796875 1595.04248046875 962.5272216796875 
458
3 0.5950164794921875 461.3686828613281 166.9229736328125 656.1182861328125 
0 1285.910888671875 459.6377258300781 1573.3837890625 959.5209350585938 
459
3 0.4956512451171875 461.05291748046875 165.9385528564453 668.7666015625 
0 1271.4105224609375 455.2846984863281 1550.96923828125 954.3150634765625 
460
0 1257.2374267578125 451.51806640625 1526.942138671875 949.9296875 
3 0.7689361572265625 460.8330078125 166.4167938232422 677.3279418945312 
461
0 1245.4764404296875 444.6107482910156 1510.6500244140625 940.8308715820312 
3 0.9586868286132812 460.0895690917969 168.9993133544922 675.0999755859375 
462
3 0.488525390625 459.62200927734375 167.8645477294922 696.4158935546875 
0 1233.85107421875 441.9805603027344 1497.500244140625 937.5546875 
463
0 1222.41943359375 437.001953125 1483.7420654296875 938.1585693359375 
3 0.2290802001953125 458.6994323730469 169.90757751464844 701.0133056640625 
3 1.2924957275390625 458.5039978027344 170.16229248046875 688.1719360351562 
464
0 1211.75048828125 433.66705322265625 1471.14501953125 926.484619140625 
3 0.0 458.2386169433594 169.9029541015625 700.4219360351562 
465
0 1199.8818359375 430.25384521484375 1457.266357421875 921.39404296875 
3 0.3739166259765625 457.4797058105469 172.05264282226562 701.906494140625 
3 1.2945098876953125 457.35809326171875 172.79376220703125 649.99755859375 
3 1854.9273681640625 14.542449951171875 1881.74658203125 65.0167007446289 
466
0 1189.76220703125 426.5931091308594 1445.515380859375 911.3980712890625 
3 0.974822998046875 454.0068054199219 174.54049682617188 650.3265380859375 
467
0 1168.786376953125 424.2416687011719 1433.633056640625 902.8757934570312 
3 0.3698883056640625 450.1136169433594 176.36375427246094 640.9895629882812 
468
1 1144.0107421875 422.0633239746094 1422.9705810546875 893.0537109375 
3 0.219818115234375 446.89202880859375 178.709716796875 631.37939453125 
469
1 1125.1353759765625 419.85809326171875 1414.96875 892.2945556640625 
3 0.39376068115234375 443.5663146972656 181.72804260253906 625.2276611328125 
470
1 1115.6302490234375 419.802978515625 1396.935791015625 891.3883056640625 
3 0.343719482421875 441.635009765625 183.0276641845703 627.5985717773438 
3 1867.055908203125 14.204002380371094 1893.0633544921875 67.61318969726562 
471
1 1109.970703125 418.429931640625 1389.0797119140625 891.947021484375 
3 0.2351531982421875 438.2425842285156 183.07247924804688 622.891357421875 
3 1868.187255859375 17.822956085205078 1894.9078369140625 68.06111907958984 
472
1 1101.6944580078125 418.1374206542969 1386.789794921875 891.2867431640625 
3 0.2673187255859375 437.72576904296875 183.28659057617188 632.9953002929688 
3 1868.7392578125 16.758026123046875 1896.5391845703125 69.01024627685547 
473
1 1084.4329833984375 417.017578125 1384.6640625 887.2105712890625 
3 0.2918853759765625 437.1614990234375 180.88377380371094 632.8115234375 
3 1869.0064697265625 18.480628967285156 1897.7486572265625 70.2049789428711 
474
1 1067.7705078125 416.0572509765625 1385.12939453125 886.72607421875 
3 0.30493927001953125 434.92730712890625 178.0396728515625 637.6488037109375 
3 0.6530303955078125 436.6142883300781 177.0496826171875 705.8342895507812 
475
1 1056.6611328125 415.54046630859375 1383.289306640625 884.451171875 
3 0.273345947265625 435.0794982910156 174.30838012695312 634.98974609375 
476
1 1046.3626708984375 414.0793151855469 1382.6083984375 884.9583740234375 
3 0.3826141357421875 435.56036376953125 173.81106567382812 633.5782470703125 
477
1 1039.3568115234375 412.2369384765625 1380.34033203125 883.7830200195312 
3 0.434722900390625 436.2479248046875 173.03526306152344 634.5000610351562 
478
1 1035.5772705078125 411.54595947265625 1378.5986328125 883.563720703125 
3 0.3933868408203125 437.1217956542969 174.77713012695312 636.46533203125 
479
1 1024.3629150390625 410.66961669921875 1376.62158203125 883.8228759765625 
3 0.50250244140625 437.29156494140625 175.6360626220703 637.8289794921875 
3 0.576934814453125 437.70135498046875 175.14028930664062 708.5958862304688 
3 1885.9700927734375 20.25567626953125 1911.7188720703125 69.8524169921875 
480
1 1012.9243774414062 409.29559326171875 1377.2667236328125 884.6964721679688 
3 0.5073394775390625 437.38555908203125 176.04783630371094 708.396728515625 
3 0.531097412109375 437.6209411621094 176.7151641845703 641.169921875 
481
1 1004.0341796875 408.54888916015625 1378.298583984375 885.6580810546875 
3 0.539276123046875 437.9764099121094 176.26632690429688 641.1196899414062 
3 0.5528411865234375 438.0849609375 175.66651916503906 708.2813110351562 
482
1 995.690185546875 407.7049865722656 1376.641357421875 884.3931884765625 
3 0.5994186401367188 437.76947021484375 177.3249969482422 708.1622924804688 
483
1 988.8487548828125 407.6943359375 1374.3192138671875 883.232666015625 
3 0.5919036865234375 438.0161437988281 177.54144287109375 708.4685668945312 
484
1 983.2745361328125 407.202392578125 1373.6982421875 881.4038696289062 
3 0.5508956909179688 438.54949951171875 176.6646728515625 708.4884033203125 
485
1 978.4794921875 407.1465148925781 1374.218994140625 881.779296875 
3 0.58502197265625 438.340087890625 174.4420166015625 708.4732666015625 
486
1 974.6480712890625 407.185546875 1373.325439453125 880.8739624023438 
3 0.568328857421875 438.3395690917969 174.04104614257812 708.3751831054688 
3 0.344696044921875 438.1982421875 173.66049194335938 638.9035034179688 
487
1 972.8421020507812 407.5307922363281 1375.01318359375 882.7681884765625 
3 0.5784454345703125 438.23992919921875 174.06263732910156 708.59814453125 
488
1 971.599365234375 407.52325439453125 1374.4376220703125 883.455810546875 
3 0.5709457397460938 438.17987060546875 173.7177276611328 708.71142578125 
489
1 971.6983032226562 407.4603271484375 1374.1485595703125 883.9202880859375 
3 0.533905029296875 438.3877868652344 174.01739501953125 708.73681640625 
3 0.7793045043945312 438.62841796875 173.01901245117188 641.3255004882812 
490
1 971.5677490234375 407.21795654296875 1374.235595703125 884.855712890625 
3 0.524139404296875 438.4178466796875 173.95022583007812 708.7213745117188 
3 0.6506500244140625 438.699462890625 172.76170349121094 643.5033569335938 
491
1 972.219970703125 406.9320983886719 1373.3955078125 886.618408203125 
3 0.5115203857421875 438.50830078125 174.191162109375 708.5433349609375 
492
1 974.7814331054688 406.67364501953125 1373.3709716796875 887.19189453125 
3 0.4971771240234375 438.5948181152344 174.22767639160156 708.4580688476562 
3 0.522796630859375 438.7988586425781 173.56497192382812 644.9454345703125 
493
1 976.4617919921875 405.940673828125 1374.60205078125 887.995361328125 
3 0.5389175415039062 438.55804443359375 174.38436889648438 708.5459594726562 
494
1 979.23046875 405.49847412109375 1375.561279296875 893.8995361328125 
3 0.5756912231445312 438.54840087890625 174.24261474609375 708.7587890625 
495
1 982.2366333007812 405.7322998046875 1373.498046875 892.830810546875 
3 0.6009597778320312 438.5863037109375 173.93267822265625 708.6487426757812 
496
1 985.8905029296875 406.14617919921875 1373.238037109375 893.0555419921875 
3 0.5805511474609375 438.7308349609375 173.3421630859375 708.9862060546875 
497
0 987.23291015625 406.1270446777344 1372.4610595703125 894.6943359375 
3 0.5565185546875 439.0635070800781 173.1954345703125 708.944580078125 
498
0 989.4852294921875 405.993408203125 1371.33056640625 896.5673828125 
3 0.597869873046875 440.432373046875 173.3625946044922 709.1192016601562 
499
0 991.5844116210938 406.36199951171875 1366.833984375 894.5748291015625 
3 0.6186370849609375 442.2325744628906 173.3331298828125 709.0130615234375 
500
0 994.7314453125 406.12213134765625 1364.0230712890625 895.1453857421875 
3 0.574493408203125 442.0379638671875 173.2124481201172 709.2503662109375 
3 1931.8138427734375 24.050186157226562 1957.5733642578125 71.48768615722656 
501
0 998.6234741210938 405.4786071777344 1364.23681640625 895.5132446289062 
3 0.6973114013671875 444.5720520019531 173.04037475585938 709.0007934570312 
3 1932.7255859375 26.335643768310547 1958.2271728515625 75.56715393066406 
502
0 1002.9652099609375 404.18304443359375 1366.179443359375 895.2396240234375 
3 0.7214736938476562 446.5535888671875 172.939208984375 708.8901977539062 
3 1932.0626220703125 25.410507202148438 1960.691162109375 81.09862518310547 
503
0 1010.2445068359375 403.39154052734375 1369.1802978515625 895.450927734375 
3 0.6285018920898438 446.7996826171875 171.76287841796875 709.0526123046875 
3 1932.2388916015625 25.49565887451172 1961.5699462890625 83.96112060546875 
3 0.77783203125 445.33050537109375 171.29580688476562 638.1190185546875 
504
0 1008.8912963867188 401.89837646484375 1369.732177734375 896.484619140625 
3 0.5821685791015625 447.07293701171875 169.93922424316406 708.9805908203125 
3 1933.3154296875 26.59937286376953 1964.6947021484375 81.15582275390625 
3 0.6230545043945312 445.4140625 169.71923828125 638.1675415039062 
505
0 1025.717041015625 400.6235656738281 1372.1378173828125 897.5283203125 
3 0.4774017333984375 447.767333984375 169.24501037597656 708.9296264648438 
506
0 1035.47705078125 399.682861328125 1371.550537109375 896.941162109375 
3 0.5561752319335938 449.1390686035156 169.20855712890625 708.8338623046875 
3 1940.1429443359375 27.97024154663086 1968.160888671875 76.67674255371094 
507
0 1047.0479736328125 399.32177734375 1370.5001220703125 896.1427612304688 
3 0.4813385009765625 450.6121826171875 168.73370361328125 708.9365234375 
3 1939.584716796875 27.939682006835938 1969.32373046875 81.43526458740234 
3 0.59722900390625 449.0234069824219 168.33538818359375 638.5725708007812 
508
0 1060.896728515625 396.6228942871094 1369.5672607421875 896.1852416992188 
3 0.4832916259765625 450.5384521484375 168.2825927734375 708.8677368164062 
3 1940.67626953125 28.65245819091797 1972.9935302734375 81.83917999267578 
509
0 1077.209716796875 397.88714599609375 1371.6961669921875 896.861328125 
3 0.38375091552734375 451.35272216796875 167.0362548828125 708.7637329101562 
3 0.4642333984375 449.99169921875 165.87738037109375 643.6636962890625 
3 1941.9150390625 28.212875366210938 1973.984130859375 80.36643981933594 
510
0 1091.45947265625 398.9140930175781 1372.158447265625 895.9302368164062 
3 0.36608123779296875 452.6815185546875 166.9830322265625 708.7666015625 
3 1940.0709228515625 28.47039794921875 1976.8126220703125 83.9968032836914 
3 0.3984527587890625 451.4146423339844 166.01205444335938 644.53076171875 
511
0 1097.893798828125 400.4963073730469 1372.2469482421875 895.80615234375 
3 0.3997650146484375 452.85174560546875 163.47891235351562 643.5999145507812 
3 1942.81298828125 27.988746643066406 1978.1673583984375 83.75431823730469 
512
0 1099.733154296875 402.2237548828125 1372.0760498046875 895.979736328125 
3 0.3517303466796875 452.86907958984375 160.17225646972656 646.4468383789062 
3 0.48154449462890625 455.29852294921875 160.72027587890625 708.244873046875 
513
0 1101.0291748046875 403.3110656738281 1372.3953857421875 896.1177978515625 
3 0.36883544921875 452.9396057128906 157.41702270507812 645.67529296875 
3 1947.0048828125 30.59192657470703 1981.5712890625 85.4224624633789 
3 0.5034713745117188 455.88409423828125 157.7969970703125 708.4051513671875 
514
0 1100.0023193359375 402.743408203125 1375.58154296875 896.2207641601562 
3 0.1170196533203125 453.65960693359375 156.21731567382812 643.3629760742188 
515
0 1098.7825927734375 404.3226013183594 1393.439453125 896.2640991210938 
3 0.4689788818359375 453.02801513671875 157.52891540527344 641.256103515625 
3 0.648956298828125 457.4803466796875 158.19696044921875 708.2734375 
3 1952.3856201171875 30.816802978515625 1983.9952392578125 79.85062408447266 
3 0.073699951171875 453.6534118652344 156.9337921142578 642.2998046875 
516
0 1096.7840576171875 405.85394287109375 1409.70166015625 896.5579833984375 
3 0.4812469482421875 452.89019775390625 157.41015625 641.8037109375 
3 1960.51220703125 31.611968994140625 1986.6224365234375 79.26099395751953 
3 0.6735610961914062 456.7655029296875 157.44073486328125 708.3877563476562 
517
0 1097.3231201171875 406.4619445800781 1419.2755126953125 897.4993896484375 
3 0.42552947998046875 453.08636474609375 158.1078643798828 640.658203125 
3 1960.9276123046875 31.33684539794922 1987.6400146484375 80.63355255126953 
518
0 1096.687255859375 407.51904296875 1432.727294921875 897.8526000976562 
3 0.31146240234375 452.9431457519531 159.85000610351562 645.9776611328125 
3 1962.5247802734375 31.45849609375 1991.7164306640625 82.48262023925781 
3 0.5979156494140625 456.04345703125 160.40765380859375 708.8839721679688 
519
0 1100.1727294921875 407.7528076171875 1442.6875 904.1471557617188 
3 1962.940673828125 31.790733337402344 1993.018310546875 82.63592529296875 
3 0.3553009033203125 452.90728759765625 162.0708770751953 642.5360107421875 
3 0.38597869873046875 455.3922119140625 161.3897705078125 708.4932861328125 
520
0 1103.83984375 411.33837890625 1454.9002685546875 912.5762939453125 
3 0.26988983154296875 452.9078369140625 162.43362426757812 644.0313110351562 
3 1964.4366455078125 32.66667175292969 1996.4613037109375 84.75953674316406 
3 0.5120086669921875 454.9768981933594 161.73123168945312 708.4095458984375 
521
0 1109.951171875 413.91180419921875 1466.7308349609375 920.931884765625 
3 0.300384521484375 453.8359375 162.52684020996094 641.8366088867188 
3 1970.40771484375 34.386741638183594 1997.08544921875 84.51483154296875 
522
0 1118.20654296875 416.58355712890625 1478.179931640625 930.8663330078125 
3 0.298126220703125 455.26226806640625 161.56179809570312 642.69921875 
3 1972.6134033203125 33.5064697265625 1999.3109130859375 83.7318115234375 
523
0 1126.073486328125 420.9232177734375 1487.8785400390625 934.5409545898438 
3 0.3196563720703125 455.7808837890625 162.19342041015625 645.0514526367188 
3 1975.2432861328125 33.125244140625 2000.8306884765625 84.3780517578125 
524
0 1135.7315673828125 423.85687255859375 1496.5557861328125 944.2109985351562 
3 0.434844970703125 456.7898864746094 165.67501831054688 649.2522583007812 
525
0 1147.56982421875 430.8291931152344 1503.0159912109375 954.9573974609375 
3 0.5894012451171875 458.24371337890625 168.57015991210938 653.58154296875 
3 1982.55859375 32.01936340332031 2005.8614501953125 84.36221313476562 
3 0.6366729736328125 459.49896240234375 168.52908325195312 708.2590942382812 
526
0 1155.7337646484375 435.13787841796875 1510.92919921875 966.89208984375 
3 0.6498947143554688 460.1707763671875 170.618896484375 656.8567504882812 
3 1984.994140625 30.95294189453125 2007.9888916015625 83.59010314941406 
527
0 1159.3671875 440.3839111328125 1518.926513671875 977.7177734375 
3 0.7371063232421875 460.815673828125 173.42935180664062 655.74951171875 
3 1984.8243408203125 31.649078369140625 2010.1378173828125 83.80343627929688 
528
0 1163.85888671875 445.5471496582031 1526.5181884765625 981.489501953125 
3 0.917083740234375 461.28448486328125 176.91567993164062 649.0112915039062 
529
0 1170.0810546875 450.95904541015625 1533.259765625 983.561279296875 
3 0.880950927734375 464.1018981933594 178.7969970703125 643.6318359375 
3 0.782989501953125 464.782470703125 177.853515625 707.733642578125 
530
0 1175.126220703125 454.9570007324219 1542.51025390625 984.8194580078125 
3 0.8452682495117188 465.360595703125 182.05123901367188 640.4911499023438 
3 0.6769027709960938 466.1336669921875 181.7816925048828 706.707275390625 
531
0 1182.188720703125 457.03662109375 1550.556396484375 986.0211181640625 
3 0.8389434814453125 465.745849609375 182.87478637695312 642.8595581054688 
532
0 1191.2056884765625 460.0831298828125 1558.427978515625 986.8751831054688 
3 0.7861785888671875 466.70184326171875 182.86944580078125 641.4508056640625 
533
0 1201.997314453125 460.58831787109375 1568.1356201171875 986.2952880859375 
3 0.862701416015625 467.73052978515625 182.33470153808594 639.071533203125 
534
0 1210.4755859375 461.215576171875 1580.5738525390625 986.17578125 
3 0.78656005859375 469.03887939453125 181.950927734375 637.72509765625 
3 1996.860107421875 33.27882385253906 2023.5611572265625 83.0576171875 
535
0 1223.3665771484375 460.503662109375 1596.1202392578125 985.7462768554688 
3 0.6610565185546875 469.3092346191406 179.26309204101562 635.9675903320312 
3 1997.04736328125 31.68292236328125 2027.086181640625 84.6689224243164 
536
0 1233.9814453125 462.7613525390625 1613.3192138671875 985.0986328125 
3 0.58087158203125 469.28497314453125 179.03634643554688 634.7539672851562 
537
0 1245.2425537109375 462.93109130859375 1630.14111328125 984.5760498046875 
3 0.483154296875 468.5661315917969 179.6084747314453 637.1466064453125 
538
0 1260.2279052734375 465.33221435546875 1644.931640625 984.5501098632812 
3 0.45317840576171875 468.97650146484375 179.35433959960938 638.8059692382812 
539
0 1275.8101806640625 468.2758483886719 1665.408447265625 984.1683349609375 
3 0.5041351318359375 469.150634765625 178.75851440429688 637.6732788085938 
3 2007.274169921875 30.286605834960938 2035.9097900390625 85.97813415527344 
540
0 1291.2718505859375 473.27752685546875 1684.438232421875 984.076904296875 
3 0.4557952880859375 471.0619812011719 178.05604553222656 637.4954833984375 
3 2008.0400390625 32.54945373535156 2034.97705078125 86.24259185791016 
541
0 1306.2900390625 478.9595947265625 1704.3870849609375 984.4375610351562 
3 0.3290863037109375 476.1103515625 177.840087890625 636.6384887695312 
542
0 1326.8857421875 482.3414306640625 1726.71728515625 984.4263916015625 
3 0.856597900390625 477.1640625 174.7991485595703 635.8873291015625 
543
0 1329.9017333984375 488.46258544921875 1750.2589111328125 984.750732421875 
3 0.4213104248046875 476.432373046875 174.6673583984375 637.988037109375 
544
0 1330.095703125 491.591796875 1773.3353271484375 987.42041015625 
3 0.5164108276367188 476.69793701171875 172.4547576904297 636.5318603515625 
545
0 1328.046875 496.310546875 1798.8270263671875 987.4717407226562 
3 0.46466064453125 475.30126953125 171.16357421875 637.6267700195312 
546
0 1332.92626953125 501.79119873046875 1819.031005859375 987.1903076171875 
3 0.36181640625 476.2303466796875 169.1263427734375 635.8803100585938 
3 2019.0439453125 35.494354248046875 2046.007080078125 87.60789489746094 
547
0 1343.30810546875 507.02008056640625 1840.4796142578125 987.7081298828125 
3 0.7002487182617188 477.4852294921875 166.9010009765625 641.9523315429688 
548
0 1363.9803466796875 509.268310546875 1860.129150390625 988.1785888671875 
3 0.8561248779296875 476.494384765625 164.46661376953125 631.3751220703125 
549
0 1385.424072265625 511.13995361328125 1876.46630859375 987.552001953125 
3 0.5427093505859375 474.9707336425781 164.7545166015625 629.30615234375 
550
0 1410.919677734375 508.6893310546875 1893.79052734375 987.3059692382812 
3 0.353973388671875 476.7294921875 164.4147491455078 635.3557739257812 
551
0 1443.6907958984375 507.61773681640625 1908.204345703125 987.18505859375 
3 0.12853240966796875 477.7542724609375 162.85830688476562 628.15673828125 
552
0 1473.43505859375 509.4532470703125 1923.8961181640625 987.3328857421875 
3 0.38526153564453125 477.607421875 164.73147583007812 636.687255859375 
553
0 1512.589111328125 508.43902587890625 1936.1993408203125 986.4129638671875 
3 0.31610870361328125 477.8685302734375 158.84130859375 637.8434448242188 
554
0 1547.5238037109375 507.0792236328125 1947.325439453125 986.3175048828125 
3 0.0911102294921875 478.035888671875 150.20962524414062 631.61865234375 
555
0 1571.39501953125 506.74456787109375 1958.202880859375 986.4830932617188 
3 0.105194091796875 476.404541015625 142.31678771972656 635.907470703125 
3 2042.334228515625 45.45463562011719 2066.68310546875 92.47526550292969 
556
0 1571.2724609375 506.40380859375 1967.1551513671875 986.805908203125 
3 0.3161125183105469 474.7916564941406 142.46334838867188 643.1555786132812 
557
0 1574.826416015625 510.3021240234375 1977.9073486328125 984.7332763671875 
3 0.31649017333984375 473.0616455078125 143.09156799316406 643.831787109375 
3 2045.2205810546875 24.070903778076172 2070.46728515625 91.74993896484375 
3 2072.472900390625 64.9006118774414 2093.30078125 96.75393676757812 
558
0 1577.77490234375 512.5177001953125 1990.2808837890625 983.9978637695312 
3 0.21319961547851562 469.467529296875 140.23348999023438 664.0921630859375 
559
0 1588.6903076171875 520.3343505859375 1998.378662109375 981.64111328125 
3 2045.9329833984375 23.499774932861328 2074.301513671875 92.50491333007812 
560
0 1611.274658203125 529.1329345703125 2008.9573974609375 980.7518310546875 
3 0.3288459777832031 464.5672607421875 145.4273223876953 643.3423461914062 
561
0 1639.3653564453125 536.6390991210938 2017.2989501953125 977.5135498046875 
3 0.12473678588867188 461.523681640625 143.90191650390625 666.593017578125 
562
0 1656.620849609375 544.7048950195312 2026.859375 976.8111572265625 
3 0.3740081787109375 455.7193603515625 170.49884033203125 638.9993896484375 
563
0 1665.692138671875 552.2941284179688 2033.99462890625 984.0194702148438 
3 0.2799072265625 455.9978332519531 187.38790893554688 636.263916015625 
564
0 1672.4659423828125 558.692138671875 2044.6260986328125 986.0289306640625 
3 0.30849456787109375 454.1613464355469 202.0576171875 637.9862060546875 
565
0 1675.1778564453125 561.6365356445312 2052.259033203125 990.122314453125 
566
0 1675.7052001953125 564.3692016601562 2056.869384765625 991.6175537109375 
3 0.26018524169921875 453.4474792480469 140.5712890625 708.4859008789062 
567
0 1675.3436279296875 566.4627685546875 2060.8291015625 988.8798828125 
568
0 1674.066162109375 570.572021484375 2064.723388671875 987.7050170898438 
3 0.0 453.2615966796875 134.1355438232422 638.357177734375 
569
0 1674.5841064453125 574.2219848632812 2069.359375 983.3467407226562 
3 0.6779022216796875 452.9324951171875 221.100341796875 618.55615234375 
3 0.265899658203125 453.141357421875 221.62823486328125 655.9235229492188 
570
0 1673.9205322265625 577.1521606445312 2075.272216796875 978.571533203125 
3 0.6817626953125 453.28643798828125 219.59228515625 649.2175903320312 
571
0 1674.3001708984375 581.2691040039062 2079.076904296875 978.1077880859375 
3 0.25823974609375 453.5302734375 226.5100555419922 645.8963623046875 
572
0 1677.263427734375 583.4744873046875 2081.98291015625 976.772216796875 
3 0.3644561767578125 453.4610290527344 225.84629821777344 642.4443359375 
3 2049.57568359375 45.2408447265625 2074.866455078125 93.78680419921875 
573
0 1677.2923583984375 583.5932006835938 2084.876708984375 975.7738037109375 
3 0.3932952880859375 454.2073059082031 207.71774291992188 639.0687866210938 
574
0 1673.0262451171875 585.5892333984375 2085.45703125 975.3755493164062 
3 0.5348663330078125 456.85540771484375 217.02578735351562 721.05859375 
3 0.03630828857421875 456.5431823730469 212.86668395996094 641.49462890625 
575
0 1670.673583984375 588.7699584960938 2086.0830078125 975.1213989257812 
3 0.07801055908203125 459.1281433105469 197.69595336914062 629.9473266601562 
576
0 1666.97900390625 590.778076171875 2082.548583984375 972.8776245117188 
3 0.48479461669921875 461.5108337402344 196.2029266357422 686.4597778320312 
577
0 1664.56103515625 591.0899047851562 2077.637939453125 969.5863037109375 
3 0.384857177734375 466.0311279296875 194.05972290039062 688.5518188476562 
578
0 1661.8424072265625 591.9343872070312 2072.39892578125 968.6060791015625 
3 0.4258270263671875 468.716064453125 178.73733520507812 690.8969116210938 
579
0 1658.1593017578125 594.1751098632812 2064.32958984375 968.072998046875 
3 0.34032440185546875 470.72174072265625 173.7590789794922 695.6959228515625 
580
0 1653.8648681640625 593.1118774414062 2058.618408203125 964.2326049804688 
3 0.36560821533203125 474.1960754394531 164.5802001953125 699.6256103515625 
581
0 1647.737548828125 589.4694213867188 2051.019287109375 962.0806884765625 
3 0.053668975830078125 477.64111328125 157.95962524414062 743.3743896484375 
582
0 1637.7254638671875 587.6663818359375 2041.496337890625 957.214111328125 
3 0.08382034301757812 481.51824951171875 147.44676208496094 747.2040405273438 
583
0 1633.8021240234375 584.7166748046875 2030.703369140625 952.7437744140625 
3 0.11155319213867188 483.826416015625 137.97677612304688 751.0853881835938 
3 1978.310302734375 36.910987854003906 2002.5074462890625 79.10421752929688 
584
0 1622.897216796875 579.7334594726562 2021.2293701171875 948.7427978515625 
3 0.13100433349609375 499.5623779296875 132.8029022216797 686.8467407226562 
3 0.0 501.39434814453125 132.53756713867188 650.675048828125 
585
0 1609.21240234375 572.728271484375 2009.9599609375 945.4622802734375 
3 0.6096954345703125 506.7364501953125 127.77879333496094 649.8687744140625 
586
0 1603.534423828125 569.1961059570312 1997.122802734375 941.5130004882812 
3 0.0 519.5733642578125 112.95801544189453 656.4859619140625 
587
0 1592.844970703125 563.5161743164062 1984.734375 939.4695434570312 
3 0.10186767578125 534.3914184570312 104.63874816894531 670.7098388671875 
588
0 1585.0672607421875 562.6680908203125 1969.795654296875 934.8304443359375 
589
0 1572.184326171875 558.2784423828125 1956.052978515625 932.5458374023438 
590
0 1562.3663330078125 554.0108032226562 1941.9195556640625 929.8330688476562 
591
0 1550.2813720703125 549.311279296875 1924.977783203125 923.04541015625 
592
0 1539.3541259765625 541.1295166015625 1909.181884765625 918.8544921875 
593
0 1528.2213134765625 535.4110107421875 1893.6048583984375 916.5098876953125 
594
0 1513.7880859375 531.7088623046875 1877.6865234375 912.6137084960938 
595
0 1502.2137451171875 522.4688720703125 1862.2205810546875 908.5067138671875 
596
0 1489.8792724609375 515.0599365234375 1842.96044921875 904.304931640625 
597
0 1477.665771484375 505.97320556640625 1826.93603515625 901.2706909179688 
598
0 1465.745849609375 497.02825927734375 1808.8668212890625 896.2296752929688 
599
1 1449.7744140625 488.343994140625 1788.909912109375 892.6656494140625 
600
1 1437.6884765625 480.75054931640625 1771.22802734375 887.5182495117188 
601
1 1422.695068359375 472.0189208984375 1748.087646484375 883.7715454101562 
602
1 1405.786865234375 463.9649658203125 1726.3001708984375 881.00439453125 
603
1 1390.133056640625 455.99407958984375 1705.423583984375 876.2903442382812 
604
1 1374.9268798828125 448.7706298828125 1686.1279296875 873.030029296875 
605
1 1358.036865234375 443.07244873046875 1664.3125 869.8615112304688 
606
1 1335.196044921875 435.1646728515625 1641.7110595703125 865.4752807617188 
607
1 1309.506591796875 430.18634033203125 1616.3729248046875 862.2716064453125 
608
1 1281.62548828125 423.7529602050781 1591.23388671875 861.0245971679688 
609
1 1255.876220703125 419.89508056640625 1562.36865234375 859.8462524414062 
610
1 1227.3695068359375 416.640380859375 1536.9385986328125 857.9632568359375 
611
1 1198.4833984375 413.4521484375 1510.438720703125 856.9847412109375 
612
1 1166.6094970703125 412.0297546386719 1489.19873046875 854.760986328125 
3 2450.66650390625 286.1341247558594 2559.08544921875 471.1837158203125 
613
1 1134.6622314453125 411.111083984375 1469.603515625 852.3251953125 
3 2432.056884765625 277.8825988769531 2559.187744140625 472.79052734375 
614
1 1102.343994140625 408.01397705078125 1446.517333984375 850.151611328125 
3 2408.4931640625 266.8084716796875 2558.59130859375 453.8460998535156 
615
1 1069.8450927734375 406.88861083984375 1436.393798828125 848.996826171875 
3 2386.607421875 251.79473876953125 2556.40966796875 442.8619079589844 
616
1 1040.2086181640625 408.0388488769531 1412.460205078125 845.7607421875 
3 2368.953369140625 246.982177734375 2530.200439453125 437.0208740234375 
617
1 1010.8092041015625 406.31427001953125 1381.3204345703125 844.5262451171875 
3 2349.89404296875 235.5216064453125 2505.860107421875 428.018798828125 
618
1 979.4737548828125 406.30938720703125 1348.698974609375 843.3846435546875 
3 2329.766845703125 228.41693115234375 2481.594970703125 427.05999755859375 
619
1 949.5067138671875 406.199951171875 1314.5313720703125 841.8204345703125 
3 2312.169921875 219.46835327148438 2456.364990234375 408.8204345703125 
620
1 913.9214477539062 406.6881103515625 1279.4791259765625 841.1102905273438 
3 2290.627197265625 214.78164672851562 2432.61767578125 396.40655517578125 
621
1 879.9554443359375 407.83087158203125 1247.186279296875 839.708251953125 
3 2270.850341796875 203.92300415039062 2406.7626953125 389.03289794921875 
622
1 845.56494140625 409.6907958984375 1207.6484375 839.572021484375 
3 2245.51513671875 196.51754760742188 2382.193359375 380.7862854003906 
623
1 813.2723388671875 411.3436279296875 1166.4703369140625 840.0286865234375 
3 2226.607421875 186.38832092285156 2357.790771484375 362.2832946777344 
624
1 780.0332641601562 411.10540771484375 1130.49560546875 837.9552612304688 
3 2203.0009765625 182.0879364013672 2332.6416015625 353.3144836425781 
625
1 750.342529296875 414.2353515625 1110.7943115234375 836.4918823242188 
3 2177.6044921875 175.40646362304688 2306.0625 416.80126953125 
626
1 718.4899291992188 416.08837890625 1095.982666015625 837.8599853515625 
3 2156.97119140625 162.54173278808594 2281.365478515625 344.0716857910156 
627
1 685.4471435546875 421.7635498046875 1072.7744140625 835.7229614257812 
3 2135.724609375 161.6240234375 2256.996826171875 404.61669921875 
628
1 655.813720703125 426.24273681640625 1055.69677734375 835.9705810546875 
3 2109.1142578125 154.81314086914062 2234.38623046875 395.5400085449219 
3 2122.632568359375 155.29490661621094 2233.058837890625 290.8748779296875 
629
1 623.6102294921875 433.79150390625 1038.5625 834.9817504882812 
3 2089.605224609375 150.27455139160156 2211.15966796875 325.002197265625 
3 2516.564453125 137.71331787109375 2558.7373046875 199.18702697753906 
630
1 595.6510009765625 440.07574462890625 1022.0467529296875 837.32177734375 
3 2067.57958984375 145.782470703125 2186.17626953125 324.052001953125 
3 2493.48046875 129.77157592773438 2537.32861328125 192.20277404785156 
3 2539.123046875 130.22837829589844 2559.02685546875 189.45559692382812 
631
1 565.31494140625 446.3289794921875 1001.05224609375 839.9789428710938 
3 2046.3338623046875 142.52005004882812 2166.028564453125 326.0107421875 
3 2473.296142578125 114.83401489257812 2515.7919921875 185.63232421875 
632
1 536.4152221679688 454.2646484375 987.5137939453125 846.4541015625 
3 2026.183837890625 139.64523315429688 2145.06689453125 324.3536071777344 
3 2453.156005859375 133.50506591796875 2489.44677734375 180.2584686279297 
3 2542.17626953125 198.02572631835938 2558.99755859375 252.08221435546875 
633
1 509.5200500488281 460.67578125 968.2401123046875 846.2315673828125 
3 2006.9732666015625 133.47650146484375 2126.562744140625 318.58489990234375 
3 2434.141357421875 122.03465270996094 2473.352294921875 173.87939453125 
634
1 478.0333557128906 466.3659362792969 950.1285400390625 848.6915283203125 
3 1987.794189453125 131.16720581054688 2108.768310546875 308.3836364746094 
3 2408.041015625 118.14918518066406 2449.28857421875 167.12222290039062 
635
1 448.3243713378906 470.07281494140625 930.5191650390625 852.3832397460938 
3 1969.446044921875 125.37957763671875 2089.922607421875 309.2741394042969 
3 2394.757080078125 113.78057861328125 2426.2119140625 162.20855712890625 
636
1 416.16748046875 476.37042236328125 904.910888671875 853.8795776367188 
3 1948.2225341796875 126.63397216796875 2074.2314453125 301.80670166015625 
3 2368.952880859375 103.79661560058594 2407.678466796875 156.1797637939453 
637
1 389.5421142578125 484.5211181640625 868.8033447265625 855.984375 
3 1930.3277587890625 113.867431640625 2056.926513671875 293.87255859375 
3 2351.03271484375 87.64088439941406 2392.54248046875 151.958984375 
638
1 362.7688903808594 492.71356201171875 838.2327270507812 857.339111328125 
3 1917.203857421875 120.39997863769531 2040.1373291015625 289.3585510253906 
3 2338.470947265625 98.30844116210938 2366.53662109375 147.27877807617188 
639
1 334.1513977050781 499.17095947265625 786.3811645507812 865.0889282226562 
3 1896.75537109375 119.83529663085938 2026.1875 288.7481384277344 
3 2317.720458984375 91.8468017578125 2352.599365234375 141.24319458007812 
3 2322.08447265625 87.51316833496094 2354.8896484375 140.18991088867188 
640
1 311.33837890625 507.858642578125 745.4116821289062 872.2621459960938 
3 1892.7266845703125 119.77452087402344 2011.91064453125 280.06329345703125 
3 2300.442138671875 82.68632507324219 2338.09228515625 135.1875762939453 
641
0 285.6671142578125 514.9386596679688 708.8204956054688 897.79638671875 
3 1886.294189453125 118.60055541992188 1996.8714599609375 276.02252197265625 
3 2280.90869140625 77.29814147949219 2322.67626953125 133.91836547851562 
642
0 261.7945251464844 521.7869262695312 678.80224609375 911.711669921875 
3 1865.5355224609375 112.46792602539062 1982.43115234375 278.0614929199219 
3 2270.4345703125 80.51611328125 2304.675537109375 127.5970458984375 
643
0 237.36888122558594 530.239990234375 666.04736328125 924.6390991210938 
3 1836.230224609375 114.65829467773438 1966.5372314453125 272.79571533203125 
3 2500.058837890625 184.3690185546875 2540.385498046875 248.4808349609375 
3 2248.42724609375 74.85269165039062 2288.8701171875 125.93357849121094 
644
0 217.1129150390625 534.88232421875 654.3914794921875 938.5830688476562 
3 1832.137939453125 108.06314086914062 1950.885986328125 269.44049072265625 
3 2237.3212890625 67.90167236328125 2273.223388671875 120.69247436523438 
645
0 192.30084228515625 545.0126342773438 645.8847045898438 950.3109130859375 
3 1811.0228271484375 109.213134765625 1934.9835205078125 275.28668212890625 
3 2216.463623046875 59.107688903808594 2258.9775390625 118.64291381835938 
3 2392.22265625 208.56903076171875 2557.849853515625 315.0157165527344 
646
0 173.8324737548828 550.6334228515625 630.8965454101562 959.8017578125 
3 1797.8017578125 105.78363037109375 1919.260986328125 264.176513671875 
3 2206.2021484375 66.23173522949219 2237.37548828125 115.2418212890625 
3 2207.104248046875 62.94171142578125 2240.91650390625 114.30418395996094 
647
0 150.50408935546875 558.8060913085938 620.6929321289062 969.9293823242188 
3 1777.540771484375 108.83561706542969 1903.2886962890625 261.6288757324219 
3 2192.225830078125 67.27473449707031 2221.26171875 112.12850952148438 
648
0 128.5103759765625 566.5763549804688 612.0147705078125 972.6812744140625 
3 1768.8865966796875 105.45115661621094 1889.240234375 259.072265625 
3 2181.730712890625 55.44114685058594 2216.177001953125 107.37138366699219 
649
0 106.97453308105469 574.70068359375 600.2109375 977.759033203125 
3 1779.88232421875 106.5859375 1872.80908203125 255.03292846679688 
3 2166.465087890625 60.06993103027344 2193.588134765625 104.33529663085938 
3 2160.81787109375 62.75517272949219 2189.64013671875 104.97569274902344 
650
0 84.00823974609375 584.7841796875 591.752197265625 986.6130981445312 
3 1741.328857421875 100.05082702636719 1858.26708984375 255.7391357421875 
3 2153.749755859375 60.96875 2183.770751953125 102.220703125 
651
0 58.5223388671875 597.4715576171875 582.139404296875 990.609619140625 
3 2139.54931640625 48.79246520996094 2170.7744140625 100.68814086914062 
3 2504.39013671875 253.46475219726562 2558.97021484375 353.5628356933594 
3 1757.69091796875 115.94985961914062 1843.560302734375 237.99429321289062 
652
0 33.86271667480469 608.7052612304688 571.8795776367188 996.177490234375 
3 1715.459716796875 119.55574035644531 1827.9088134765625 252.63284301757812 
3 2121.80322265625 52.05548858642578 2154.32666015625 98.02865600585938 
3 2370.622314453125 150.154541015625 2412.247802734375 208.07945251464844 
3 2464.611328125 135.63671875 2502.201171875 186.65994262695312 
3 406.14324951171875 334.9514465332031 475.8341064453125 409.8071594238281 
3 1678.3336181640625 24.2313232421875 1705.2618408203125 65.14401245117188 
653
0 9.65087890625 621.1300048828125 561.6094970703125 1000.9971923828125 
3 1718.46044921875 119.693359375 1813.007080078125 248.31201171875 
654
0 0.3641357421875 634.1625366210938 552.79248046875 1009.809814453125 
3 1713.2889404296875 115.90943908691406 1797.8125 245.52261352539062 
3 2101.521484375 40.28730773925781 2131.641845703125 93.69818115234375 
655
0 0.735107421875 644.3228149414062 541.9774169921875 1015.582763671875 
3 1702.341064453125 118.96954345703125 1787.1448974609375 241.3958740234375 
3 2332.2294921875 132.77650451660156 2372.621337890625 197.71005249023438 
3 2089.47802734375 42.7161865234375 2120.58544921875 90.21786499023438 
656
0 0.4068603515625 654.9488525390625 538.91796875 1014.7808837890625 
3 1687.918701171875 123.00558471679688 1770.3839111328125 241.2723388671875 
3 2319.882568359375 128.50372314453125 2359.740478515625 194.31167602539062 
3 2076.541748046875 37.422340393066406 2106.5556640625 88.503662109375 
657
0 0.6251220703125 678.8129272460938 533.8692626953125 1012.7066650390625 
3 1648.8970947265625 123.44923400878906 1758.0015869140625 242.23297119140625 
3 2067.078125 39.42552185058594 2094.1787109375 85.74470520019531 
658
0 0.3715667724609375 700.7669067382812 519.6578369140625 1014.509033203125 
3 1643.607177734375 123.06903076171875 1745.4442138671875 238.79019165039062 
3 2053.90185546875 24.546772003173828 2087.747802734375 83.54351806640625 
659
3 1649.592041015625 122.80007934570312 1732.723876953125 238.38372802734375 
0 0.5643310546875 711.0630493164062 519.15576171875 1012.726318359375 
3 2283.23193359375 123.50790405273438 2322.322509765625 185.6483612060547 
3 2042.214111328125 33.072418212890625 2068.393798828125 81.2232437133789 
660
0 0.22174072265625 716.8978881835938 498.65966796875 1007.994384765625 
3 1617.8585205078125 123.44854736328125 1721.125 237.52215576171875 
3 2028.9007568359375 27.052387237548828 2065.021240234375 79.27273559570312 
3 2274.150634765625 125.81901550292969 2311.052978515625 180.98959350585938 
661
3 1610.4468994140625 123.453369140625 1710.4107666015625 234.64080810546875 
0 0.671112060546875 727.8143920898438 480.1827392578125 1006.2291259765625 
3 2018.21484375 31.387405395507812 2045.3074951171875 76.80149841308594 
662
3 1610.0982666015625 124.19969177246094 1696.6002197265625 233.10601806640625 
3 2008.388427734375 24.42314910888672 2036.8555908203125 73.92300415039062 
3 2342.8779296875 99.66650390625 2377.009033203125 157.0594940185547 
0 0.9479217529296875 731.8916015625 471.7001953125 1005.2528076171875 
663
0 1.9917144775390625 745.19677734375 457.51361083984375 1003.59423828125 
3 1585.1800537109375 123.65301513671875 1684.778076171875 232.06903076171875 
3 1996.5543212890625 28.399551391601562 2026.9156494140625 72.35993957519531 
664
3 1579.4326171875 124.24191284179688 1673.4287109375 233.4146728515625 
0 0.7263641357421875 758.5232543945312 449.07080078125 997.640869140625 
3 1983.8519287109375 21.22491455078125 2015.70458984375 71.18169403076172 
3 2224.666259765625 108.02772521972656 2263.419677734375 169.48655700683594 
665
3 1569.5372314453125 125.35319519042969 1660.9169921875 233.23992919921875 
3 1973.980224609375 15.304080963134766 2005.8958740234375 70.96617126464844 
0 1.457733154296875 765.5179443359375 443.1539306640625 996.4974365234375 
3 2215.272216796875 106.4962158203125 2253.049560546875 165.17506408691406 
666
3 1553.630859375 126.09686279296875 1648.709228515625 228.0252685546875 
3 1963.143798828125 20.120506286621094 1993.782958984375 68.10549926757812 
0 0.705078125 769.845947265625 432.9046325683594 996.47900390625 
3 2202.331787109375 105.656982421875 2243.379638671875 164.69607543945312 
667
3 1549.652099609375 125.89042663574219 1638.753173828125 227.07394409179688 
3 1952.68798828125 15.469444274902344 1983.3826904296875 67.36215209960938 
0 0.720428466796875 777.8074951171875 417.3716735839844 1000.755859375 
668
3 1535.7728271484375 124.55946350097656 1628.486572265625 226.70889282226562 
3 1941.5599365234375 20.86133575439453 1966.622802734375 65.17277526855469 
3 2179.1533203125 101.35992431640625 2218.42919921875 158.207763671875 
3 2230.222412109375 64.81869506835938 2262.318115234375 141.2471160888672 
0 0.5877685546875 789.2366333007812 408.93841552734375 1005.31005859375 
669
0 0.46380615234375 795.270751953125 397.69842529296875 1012.2716064453125 
3 1931.73095703125 13.39468002319336 1960.8011474609375 63.766075134277344 
3 1518.9403076171875 124.22518920898438 1617.052734375 226.55252075195312 
670
3 1514.1156005859375 124.05784606933594 1607.609375 223.99615478515625 
3 1920.0673828125 10.934234619140625 1949.8917236328125 62.428993225097656 
0 0.470611572265625 797.2879638671875 395.53753662109375 1019.822509765625 
3 2523.619873046875 165.66525268554688 2559.116455078125 238.19979858398438 
3 1473.9268798828125 12.717811584472656 1498.40283203125 54.935279846191406 
671
3 1499.5333251953125 123.77963256835938 1595.763427734375 225.143310546875 
0 0.437652587890625 809.2384643554688 393.529541015625 1028.62841796875 
3 1908.9296875 10.805526733398438 1937.0218505859375 60.650840759277344 
672
3 1487.9561767578125 122.94461059570312 1586.2818603515625 223.869873046875 
0 0.563232421875 820.8982543945312 378.30828857421875 1027.3846435546875 
3 1899.0731201171875 13.769508361816406 1926.33154296875 59.364830017089844 
3 2500.227783203125 152.77186584472656 2543.209716796875 229.47988891601562 
673
0 0.927642822265625 828.8417358398438 375.5572204589844 1029.450927734375 
3 1479.001708984375 122.600830078125 1572.4407958984375 221.43173217773438 
3 1888.2667236328125 7.391227722167969 1916.07861328125 56.50940704345703 
674
0 1.08843994140625 833.3499145507812 374.22003173828125 1029.4168701171875 
3 1877.0546875 10.358135223388672 1904.25244140625 55.631065368652344 
3 2114.68115234375 88.13009643554688 2152.43701171875 143.46046447753906 
3 1466.516357421875 122.02728271484375 1563.2249755859375 220.57705688476562 
675
3 1455.16748046875 121.73330688476562 1551.93115234375 221.62649536132812 
0 0.9633941650390625 838.6095581054688 366.49853515625 1029.0283203125 
3 1867.2381591796875 10.88455581665039 1893.702392578125 54.82782745361328 
676
3 1446.4110107421875 120.47048950195312 1540.215576171875 220.62973022460938 
0 0.85211181640625 849.3017578125 357.89495849609375 1029.747802734375 
3 1856.833984375 5.692287445068359 1880.6607666015625 52.6954345703125 
677
3 1434.7884521484375 119.76382446289062 1535.5537109375 226.28353881835938 
0 0.818817138671875 853.3392944335938 350.701904296875 1029.8822021484375 
3 1845.5245361328125 0.9229698181152344 1876.118896484375 49.87242889404297 
678
3 1422.9769287109375 119.18600463867188 1522.7999267578125 220.47415161132812 
0 0.802215576171875 858.3450317382812 343.5357666015625 1029.4632568359375 
3 1834.6832275390625 7.21661376953125 1859.97021484375 50.866180419921875 
679
3 1414.149658203125 118.20384216308594 1512.454345703125 219.3312225341797 
0 0.82342529296875 862.2372436523438 336.9465637207031 1028.6937255859375 
3 1824.558837890625 0.7353439331054688 1855.33056640625 47.27879333496094 
680
3 1403.8779296875 118.43899536132812 1500.716552734375 218.03697204589844 
0 1.18487548828125 867.2697143554688 320.5493469238281 1030.61669921875 
3 1816.4354248046875 0.35986328125 1844.3824462890625 47.7193603515625 
681
3 1393.04638671875 118.10635375976562 1489.43359375 217.72662353515625 
3 1804.22216796875 0.0 1836.0166015625 47.55644989013672 
3 2398.245849609375 118.4761962890625 2441.243408203125 199.3626708984375 
682
3 1382.7740478515625 117.41015625 1478.02197265625 217.77218627929688 
3 1794.6300048828125 0.0 1822.0377197265625 43.66130065917969 
0 0.89825439453125 872.8392333984375 307.9980163574219 1030.5679931640625 
683
3 1373.1112060546875 118.62326049804688 1471.1082763671875 216.41226196289062 
3 1784.8084716796875 1.2986373901367188 1806.955810546875 43.98225402832031 
0 1.06695556640625 878.40625 307.1329040527344 1026.7830810546875 
684
3 1362.0155029296875 117.33319091796875 1461.9720458984375 216.69146728515625 
3 1772.86474609375 0.0 1802.708740234375 43.422340393066406 
3 2010.0299072265625 68.57609558105469 2046.58642578125 125.24620056152344 
0 0.96234130859375 879.74169921875 298.9722900390625 1025.263427734375 
685
3 1352.3890380859375 116.87290954589844 1457.48095703125 217.8585205078125 
3 1763.6553955078125 2.1864166259765625 1787.156494140625 42.87971496582031 
0 0.76666259765625 835.9114990234375 299.83709716796875 1022.013916015625 
0 1.256927490234375 835.8350830078125 300.65838623046875 1022.929443359375 
686
3 1756.20751953125 0.0 1782.340576171875 39.56636047363281 
3 1343.7667236328125 116.9365234375 1444.521484375 216.55096435546875 
3 1990.804443359375 69.34187316894531 2028.652587890625 134.076416015625 
687
3 1334.600341796875 116.48820495605469 1436.5347900390625 217.5350341796875 
3 1747.44140625 0.0 1774.622314453125 39.63538360595703 
3 1744.771240234375 0.0 1771.272705078125 39.4178466796875 
3 1981.5386962890625 60.625 2018.319580078125 115.69937133789062 
688
3 1325.770263671875 116.9661865234375 1429.0318603515625 217.29393005371094 
3 1737.231689453125 0.0 1767.7491455078125 39.60992431640625 
689
3 1316.71435546875 117.06915283203125 1413.119873046875 214.46383666992188 
3 2317.657958984375 101.6622314453125 2359.3623046875 175.77871704101562 
3 1729.629638671875 0.0 1757.3499755859375 39.50746154785156 
690
3 1309.056396484375 117.82254028320312 1414.0220947265625 216.1488800048828 
3 1719.259765625 0.0 1745.3509521484375 39.70811462402344 
691
3 1299.9346923828125 116.06503295898438 1400.895751953125 216.78944396972656 
3 1710.654296875 0.11063003540039062 1736.7005615234375 35.57115173339844 
692
3 1291.16357421875 116.66653442382812 1398.97900390625 217.86026000976562 
3 1704.2615966796875 0.0 1725.92333984375 35.307960510253906 
3 2289.35009765625 90.02555847167969 2329.485107421875 166.67745971679688 
3 1258.0562744140625 10.418132781982422 1284.0164794921875 49.38623809814453 
693
3 1696.4515380859375 0.0 1717.7449951171875 35.29872131347656 
3 2282.4697265625 94.96856689453125 2321.489501953125 164.43580627441406 
694
3 1687.74560546875 0.0 1710.2913818359375 36.20286560058594 
3 1276.9072265625 117.67074584960938 1377.48828125 214.64663696289062 
695
3 1267.6937255859375 115.96846008300781 1368.6630859375 215.34646606445312 
3 1678.52001953125 0.0 1701.824462890625 32.947174072265625 
696
3 1259.89404296875 116.56341552734375 1365.6173095703125 216.86338806152344 
3 1671.8797607421875 0.0 1693.9830322265625 32.58210754394531 
697
3 1252.3023681640625 117.21548461914062 1349.8067626953125 213.64759826660156 
3 1664.0445556640625 0.0 1685.78125 31.694061279296875 
698
3 1244.8709716796875 117.82270812988281 1343.9656982421875 210.90811157226562 
3 1656.8134765625 0.0 1677.9403076171875 31.538116455078125 
699
3 1648.646484375 0.0 1669.76904296875 31.353805541992188 
3 1235.0423583984375 116.89962768554688 1335.3707275390625 213.3863067626953 
700
3 1227.7056884765625 117.59602355957031 1332.5611572265625 216.42544555664062 
3 1641.10888671875 0.0 1662.3751220703125 30.89746856689453 
3 1197.77880859375 11.541088104248047 1220.7059326171875 53.81920623779297 
701
3 1632.1068115234375 0.0 1654.11474609375 30.73028564453125 
3 1218.41015625 117.40242004394531 1316.860595703125 214.3179168701172 
702
3 1624.794677734375 0.0 1646.3314208984375 30.50537109375 
3 1212.0181884765625 117.222412109375 1312.07275390625 214.4809112548828 
3 2206.603759765625 74.59396362304688 2244.707763671875 145.03663635253906 
703
3 1203.5013427734375 117.37944030761719 1305.752197265625 218.09942626953125 
3 1613.695068359375 0.0 1638.911376953125 30.331069946289062 
704
3 1196.1256103515625 118.185546875 1301.2745361328125 217.8380126953125 
3 1609.0926513671875 0.0 1631.0946044921875 28.00212860107422 
705
3 1187.591064453125 117.64120483398438 1291.46240234375 216.2142791748047 
3 1602.0208740234375 0.0 1622.4923095703125 26.71600341796875 
706
3 1180.5679931640625 118.14669799804688 1281.6824951171875 211.00657653808594 
3 1593.2843017578125 0.0 1615.1185302734375 26.929027557373047 
0 0.30342864990234375 804.5125122070312 297.0319519042969 1025.477294921875 
707
0 0.309051513671875 800.5684814453125 330.63519287109375 1025.7149658203125 
3 1173.16845703125 117.251953125 1276.5087890625 214.2335205078125 
3 1588.758544921875 0.0 1608.2130126953125 26.47861099243164 
3 1143.3062744140625 15.546157836914062 1168.0196533203125 57.38420104980469 
708
3 1165.2379150390625 117.92062377929688 1269.0355224609375 214.68374633789062 
0 0.467620849609375 796.6065673828125 336.8834228515625 1026.5006103515625 
3 1580.28857421875 0.0 1600.61865234375 26.887577056884766 
3 1134.6912841796875 10.919212341308594 1161.502197265625 56.76239013671875 
709
3 1157.029296875 117.94712829589844 1261.4447021484375 219.24667358398438 
0 0.574310302734375 788.0126342773438 336.3889465332031 1026.1583251953125 
3 1573.1644287109375 0.0 1594.2100830078125 26.537933349609375 
3 1129.15869140625 12.861370086669922 1153.8236083984375 52.15690612792969 
710
0 0.43689727783203125 710.2513427734375 352.18902587890625 1018.740234375 
3 1564.915771484375 0.0 1586.9114990234375 25.30255889892578 
3 1150.0577392578125 118.6636962890625 1249.966064453125 213.8873291015625 
711
0 0.5233154296875 698.7584838867188 361.6637878417969 1018.267333984375 
3 1143.2354736328125 118.0008544921875 1245.5863037109375 214.90899658203125 
3 1558.817626953125 0.0 1579.136474609375 25.6026611328125 
712
0 0.473175048828125 689.2730712890625 362.4135437011719 1020.8248291015625 
3 1136.4407958984375 118.67218017578125 1233.609619140625 215.66909790039062 
3 1551.598876953125 0.0 1572.90771484375 24.51104736328125 
713
0 0.3621826171875 683.9183349609375 361.12530517578125 1025.039794921875 
3 1129.4447021484375 119.05827331542969 1236.63818359375 220.12075805664062 
3 1545.7723388671875 0.0 1564.9239501953125 23.535259246826172 
714
0 0.5240936279296875 678.5396728515625 338.5400390625 1024.46875 
3 1123.3057861328125 118.85809326171875 1226.3575439453125 218.2940673828125 
3 1540.3330078125 0.0 1559.903076171875 23.571151733398438 
3 2110.6171875 56.972320556640625 2145.708984375 123.63302612304688 
715
0 0.644622802734375 674.9400634765625 333.14154052734375 1028.9407958984375 
3 1118.9520263671875 119.39677429199219 1221.03955078125 211.0543670654297 
3 1534.7275390625 0.0 1551.8323974609375 23.87033462524414 
716
0 0.5037689208984375 669.8726806640625 330.0701904296875 1026.1796875 
3 1113.85498046875 119.18463134765625 1216.1290283203125 212.62454223632812 
3 1530.7330322265625 0.0 1547.25830078125 23.275100708007812 
717
0 0.674102783203125 665.1239624023438 328.0965881347656 1029.9954833984375 
3 1107.7958984375 119.7030029296875 1210.3631591796875 215.6837158203125 
3 2091.396240234375 55.2244873046875 2126.00048828125 126.55404663085938 
3 1755.0467529296875 35.845458984375 1792.4522705078125 99.53266906738281 
718
0 0.600921630859375 662.2484130859375 327.83331298828125 1029.55615234375 
3 1103.031494140625 119.22171020507812 1208.7938232421875 215.99432373046875 
3 2086.677734375 56.208824157714844 2121.47412109375 122.50123596191406 
719
0 0.517333984375 659.6416015625 328.8909606933594 1029.0076904296875 
3 1097.70703125 119.60176086425781 1205.845947265625 219.148193359375 
3 1514.7662353515625 0.0 1531.4805908203125 22.20201873779297 
3 1070.552978515625 14.579509735107422 1096.1920166015625 62.390533447265625 
720
0 0.0 659.428955078125 332.3766174316406 1027.7939453125 
3 1092.3773193359375 119.59780883789062 1199.08154296875 220.44439697265625 
3 1511.5069580078125 0.0 1527.0869140625 21.968154907226562 
721
0 0.298614501953125 657.3668212890625 322.14654541015625 1030.2330322265625 
3 2070.191162109375 47.66880798339844 2106.068115234375 124.34286499023438 
3 1507.6390380859375 0.0 1523.27783203125 21.69530487060547 
722
0 0.4069366455078125 656.99072265625 318.6321105957031 1030.50537109375 
3 1085.3504638671875 121.10942077636719 1186.817626953125 217.7989501953125 
3 2067.13525390625 49.2852783203125 2101.525146484375 119.89860534667969 
3 1504.139404296875 0.0 1519.7794189453125 21.992298126220703 
723
0 0.48760986328125 657.5118408203125 314.243408203125 1029.64990234375 
3 1082.8135986328125 120.26432800292969 1185.0328369140625 218.5516815185547 
3 1499.387451171875 0.0 1515.44970703125 22.004783630371094 
3 1729.106689453125 32.70050048828125 1762.5286865234375 80.90765380859375 
724
0 0.4042205810546875 656.9005737304688 322.54876708984375 1029.9754638671875 
3 1078.5831298828125 120.9783935546875 1185.0152587890625 220.33026123046875 
3 1495.7515869140625 0.0 1511.17041015625 22.013961791992188 
725
0 0.496490478515625 657.214111328125 318.7357177734375 1030.75 
3 1074.8641357421875 121.00386047363281 1171.8193359375 219.4437255859375 
3 1489.91748046875 0.0 1506.6180419921875 22.142807006835938 
726
0 0.4190673828125 657.4144897460938 306.5679931640625 1030.1717529296875 
3 1072.6328125 120.49993896484375 1165.434326171875 220.01470947265625 
3 1487.2840576171875 0.0 1503.1876220703125 21.337474822998047 
727
0 0.508941650390625 659.088134765625 306.66070556640625 1029.5419921875 
3 1069.406494140625 120.63334655761719 1171.1260986328125 219.7001953125 
3 2049.195068359375 53.80634307861328 2081.40625 117.98258972167969 
3 1483.3038330078125 0.0 1500.466064453125 21.139129638671875 
728
0 0.418731689453125 661.07373046875 310.12158203125 1028.734619140625 
3 1065.7669677734375 121.1810302734375 1172.283203125 219.49240112304688 
3 1477.857421875 0.0 1496.283447265625 20.129928588867188 
3 2045.6490478515625 52.44770812988281 2076.9482421875 113.741943359375 
729
0 0.414276123046875 663.3350830078125 301.2652587890625 1028.16650390625 
3 1060.864501953125 121.96539306640625 1166.5704345703125 220.90325927734375 
3 1475.275634765625 0.0 1491.808837890625 20.941749572753906 
730
0 0.3617706298828125 664.8756103515625 298.777587890625 1023.2803955078125 
3 1056.9959716796875 122.31680297851562 1161.833740234375 227.72579956054688 
3 1471.3480224609375 0.0 1487.51904296875 20.526321411132812 
731
0 0.499969482421875 668.5213623046875 296.7646789550781 1020.50732421875 
3 1052.9161376953125 123.03260803222656 1154.6387939453125 222.07513427734375 
3 1465.31982421875 0.0 1482.8212890625 20.692543029785156 
732
0 0.197784423828125 670.6871948242188 288.603759765625 1022.0355224609375 
3 1048.1370849609375 122.30935668945312 1143.25732421875 219.1613311767578 
3 1048.4923095703125 122.83670043945312 1138.4078369140625 190.18475341796875 
3 1460.24853515625 0.0 1475.4161376953125 19.550796508789062 
733
0 0.37060546875 672.79345703125 286.9056091308594 1018.84130859375 
3 1043.513916015625 122.67822265625 1141.56396484375 222.96075439453125 
734
0 0.5210418701171875 676.793212890625 284.2698059082031 1019.47705078125 
3 1037.685546875 123.74215698242188 1138.3843994140625 223.04580688476562 
3 1447.8336181640625 0.0 1467.26220703125 19.883358001708984 
735
0 0.62579345703125 680.4380493164062 276.12249755859375 1020.344482421875 
3 1033.364501953125 123.43978881835938 1131.2655029296875 221.02761840820312 
3 1445.2318115234375 0.0 1462.3197021484375 19.08807373046875 
736
0 0.5374298095703125 684.998291015625 271.9822998046875 1018.7939453125 
3 1440.1490478515625 0.0 1455.9561767578125 18.051837921142578 
3 1027.9947509765625 123.601806640625 1120.7864990234375 220.27352905273438 
737
0 0.47902679443359375 687.3141479492188 268.5040283203125 1021.259033203125 
3 1021.9943237304688 124.22450256347656 1118.8988037109375 216.3626251220703 
3 1432.8232421875 0.0 1450.403564453125 18.664260864257812 
738
0 0.5054473876953125 691.9876708984375 264.7086181640625 1020.0567626953125 
3 1014.4547119140625 124.84989929199219 1110.9232177734375 222.42953491210938 
3 1986.9932861328125 43.28203582763672 2023.9534912109375 104.40911865234375 
739
3 1005.4657592773438 125.84483337402344 1097.2550048828125 222.3818359375 
0 0.527008056640625 694.4468383789062 261.4755859375 1022.59716796875 
3 1420.2236328125 0.0 1436.0703125 17.29662322998047 
740
3 999.47119140625 127.45364379882812 1096.2464599609375 221.69955444335938 
0 0.874603271484375 789.1495361328125 265.1894836425781 1023.1177978515625 
3 0.5074920654296875 699.1131591796875 236.7273712158203 909.4188232421875 
3 1412.36474609375 0.0 1429.1300048828125 17.428321838378906 
741
3 1403.7064208984375 0.0 1420.2064208984375 17.945884704589844 
3 989.87451171875 127.16943359375 1084.4754638671875 221.19046020507812 
0 0.6920547485351562 799.3502197265625 246.91433715820312 1023.9481201171875 
3 990.0010986328125 127.56092834472656 1075.8126220703125 190.6179962158203 
742
3 981.6793823242188 127.01560974121094 1072.2237548828125 226.22296142578125 
3 1620.44970703125 23.797245025634766 1658.048828125 74.31583404541016 
743
3 970.1626586914062 128.67892456054688 1066.2283935546875 224.29534912109375 
0 0.386016845703125 750.568603515625 216.27259826660156 1025.1112060546875 
3 1384.28759765625 0.0 1403.8359375 17.955127716064453 
744
3 961.1988525390625 129.4361572265625 1055.647216796875 224.099365234375 
3 1376.794677734375 0.0 1393.14306640625 18.831039428710938 
745
3 950.5970458984375 130.56121826171875 1036.1966552734375 223.87509155273438 
746
3 939.5884399414062 131.36947631835938 1022.1271362304688 231.68756103515625 
3 1352.0216064453125 0.0 1372.8341064453125 17.753089904785156 
747
3 927.9610595703125 131.61769104003906 1013.0701904296875 229.13308715820312 
748
3 1327.9793701171875 0.0 1344.59228515625 17.56439971923828 
749
3 901.1636352539062 134.2318878173828 1003.5640258789062 234.86676025390625 
