0
3 0.6659622192382812 474.2537536621094 262.51373291015625 794.7625122070312 
3 613.42822265625 104.59292602539062 851.0447998046875 492.978759765625 
3 746.3037719726562 40.92564392089844 921.4413452148438 351.9090270996094 
3 0.4484100341796875 382.109619140625 221.0794677734375 637.9495849609375 
1
3 0.6704788208007812 474.36407470703125 262.57122802734375 794.7743530273438 
3 0.45694732666015625 382.0858459472656 221.086669921875 637.9788208007812 
3 757.1644897460938 41.05242919921875 922.1859741210938 352.033935546875 
3 611.5237426757812 102.8310546875 867.3973999023438 492.65216064453125 
2
3 0.6794815063476562 474.7147521972656 262.88031005859375 794.87060546875 
3 614.3626708984375 104.63079833984375 859.2952270507812 493.1224365234375 
3 0.46269989013671875 382.24920654296875 221.05703735351562 638.0989990234375 
3 762.947265625 41.64520263671875 920.1380615234375 352.2843017578125 
3
3 0.6962738037109375 474.7021484375 262.867919921875 794.8760986328125 
3 613.9736938476562 104.73175048828125 859.7301025390625 493.21807861328125 
3 758.461181640625 40.44160461425781 921.9625244140625 352.7102966308594 
3 0.4687652587890625 382.2530517578125 221.10009765625 637.9986572265625 
4
3 614.511474609375 105.41961669921875 845.9325561523438 493.0826416015625 
3 0.6997833251953125 474.2845153808594 262.92303466796875 794.92919921875 
3 0.4363555908203125 382.2999572753906 221.0250244140625 638.0411987304688 
3 761.818603515625 44.230438232421875 921.1283569335938 352.3368835449219 
5
3 611.8987426757812 103.38397216796875 837.693359375 493.3408203125 
3 0.688507080078125 474.1043395996094 263.0014953613281 794.8896484375 
3 0.41222381591796875 382.0017395019531 221.71145629882812 638.1398315429688 
3 765.456298828125 43.8216552734375 920.9393310546875 352.1163635253906 
6
3 0.6778564453125 473.8765869140625 263.06207275390625 794.8544311523438 
3 614.1395263671875 103.822998046875 835.33642578125 492.9825439453125 
3 0.3690643310546875 381.9552917480469 221.90081787109375 638.2354736328125 
3 758.5809326171875 44.95201110839844 918.7604370117188 350.400390625 
3 804.9419555664062 40.643402099609375 960.7932739257812 353.38775634765625 
7
3 614.694580078125 102.58880615234375 800.8988647460938 493.10736083984375 
3 0.6592788696289062 473.17181396484375 262.98858642578125 794.8931884765625 
3 0.31207275390625 382.1472473144531 221.59996032714844 638.2705078125 
3 759.3231811523438 41.36924743652344 966.5767822265625 352.298095703125 
8
3 0.675201416015625 473.754150390625 262.9800720214844 794.9110107421875 
3 802.4353637695312 39.00360107421875 973.8511962890625 352.4207763671875 
3 612.8785400390625 102.48388671875 805.5126953125 493.03839111328125 
3 0.4485321044921875 381.6368713378906 222.28024291992188 638.1060791015625 
9
3 613.7474975585938 102.2186279296875 806.85546875 494.0745849609375 
3 801.6917114257812 40.74757385253906 978.9379272460938 352.1507873535156 
3 0.6353912353515625 472.8385314941406 263.2239074707031 794.9111938476562 
3 0.3940277099609375 380.76837158203125 222.0472412109375 638.283935546875 
10
3 0.2725677490234375 379.228759765625 262.14495849609375 794.358642578125 
3 613.5963134765625 102.57559204101562 803.8050537109375 492.6973876953125 
3 0.44783782958984375 470.2798156738281 262.71844482421875 794.9016723632812 
3 0.548858642578125 382.748779296875 262.2265930175781 795.0384521484375 
3 755.6331787109375 50.27691650390625 919.1646118164062 350.2720642089844 
3 757.5064086914062 40.54829406738281 979.2481689453125 325.32659912109375 
3 0.37361907958984375 380.214599609375 220.84751892089844 636.1432495117188 
11
3 755.1715087890625 55.55610656738281 920.2643432617188 350.96435546875 
3 615.069580078125 101.95501708984375 804.4805908203125 492.66717529296875 
3 846.5852661132812 39.03858947753906 978.7274169921875 293.1009521484375 
3 0.6430435180664062 473.67218017578125 263.008056640625 794.8621826171875 
3 0.4154510498046875 368.0148010253906 221.69219970703125 638.0789794921875 
3 1.19061279296875 367.3602600097656 264.8223876953125 794.6360473632812 
12
3 0.6354522705078125 474.0211181640625 263.2550048828125 794.9557495117188 
3 615.023681640625 100.91390991210938 801.959228515625 492.8482666015625 
3 754.7265625 55.59381103515625 924.185302734375 349.8377990722656 
3 0.347991943359375 333.709228515625 221.36825561523438 638.1503295898438 
3 849.9127807617188 35.8924560546875 978.913330078125 292.82305908203125 
3 849.7158813476562 35.97699737548828 935.099609375 153.42501831054688 
13
3 0.5995101928710938 474.19976806640625 263.291015625 794.8828125 
3 0.29681396484375 328.3421630859375 221.0462646484375 638.1516723632812 
3 753.22607421875 55.34718322753906 922.716552734375 343.9015808105469 
3 614.5034790039062 101.0877685546875 805.3012084960938 493.64385986328125 
3 855.701416015625 34.1807861328125 979.1732788085938 291.33294677734375 
14
3 0.5828857421875 474.7821350097656 263.28448486328125 794.95263671875 
3 0.3348236083984375 327.09991455078125 220.39671325683594 638.3311767578125 
3 752.7265014648438 55.195770263671875 922.15673828125 343.7218017578125 
3 859.4647216796875 32.620880126953125 979.312744140625 291.78466796875 
3 615.2676391601562 101.30792236328125 803.97119140625 493.27191162109375 
3 861.4777221679688 32.620880126953125 979.528564453125 292.1192932128906 
15
3 0.5925369262695312 474.7198181152344 263.5977783203125 794.881591796875 
3 752.5587768554688 54.62565612792969 921.828369140625 342.5526123046875 
3 0.2991943359375 324.794677734375 220.08914184570312 639.6229858398438 
3 866.406005859375 32.673095703125 978.6538696289062 291.34466552734375 
3 614.1561889648438 101.84033203125 807.3123779296875 493.41680908203125 
16
3 0.5233078002929688 474.98394775390625 263.6839904785156 794.884033203125 
3 751.821533203125 54.269073486328125 921.7900390625 342.85455322265625 
3 871.7445678710938 28.87213134765625 979.6695556640625 291.52655029296875 
3 0.2720489501953125 322.6122131347656 219.76248168945312 640.5762939453125 
3 613.7630004882812 102.69110107421875 806.0784912109375 492.067138671875 
17
3 0.504974365234375 474.8292541503906 263.9366760253906 795.067626953125 
3 749.9600219726562 53.65147399902344 921.9571533203125 340.12890625 
3 873.46630859375 28.73321533203125 980.5446166992188 291.90673828125 
3 613.431396484375 103.2408447265625 805.4842529296875 491.42108154296875 
3 0.2501373291015625 320.9874267578125 222.7332305908203 652.83544921875 
18
3 0.5213623046875 476.07171630859375 263.9676513671875 795.1036376953125 
3 750.2376708984375 53.928070068359375 921.8219604492188 342.00537109375 
3 0.27146148681640625 317.35845947265625 220.0335693359375 673.5537109375 
3 875.7298583984375 28.511962890625 986.6502075195312 291.2212829589844 
3 612.619384765625 104.08538818359375 801.6840209960938 490.64764404296875 
19
3 0.5259323120117188 474.4464416503906 263.97943115234375 795.03173828125 
3 749.5320434570312 54.146514892578125 921.0374145507812 342.4662780761719 
3 0.375946044921875 317.2464904785156 221.12701416015625 672.4065551757812 
3 878.9689331054688 27.680511474609375 994.1941528320312 291.292236328125 
3 621.3619995117188 104.75021362304688 801.580322265625 490.48974609375 
20
3 0.5083770751953125 474.69818115234375 264.02435302734375 795.0708618164062 
3 0.3892974853515625 314.75555419921875 220.17259216308594 668.7439575195312 
3 876.5446166992188 25.287887573242188 1002.123291015625 289.299560546875 
3 750.410400390625 54.39018249511719 920.7207641601562 347.33941650390625 
3 620.6190185546875 105.11965942382812 800.9476318359375 489.74078369140625 
21
3 0.55145263671875 474.2010498046875 264.0527038574219 795.1785888671875 
3 0.4310150146484375 313.65869140625 217.52102661132812 660.985107421875 
3 747.9786987304688 54.90501403808594 920.5771484375 342.71856689453125 
3 880.1494750976562 25.790916442871094 1009.3217163085938 289.2514343261719 
3 615.3104248046875 105.12966918945312 799.7645874023438 487.80706787109375 
22
3 0.5871505737304688 473.93365478515625 263.8507385253906 795.1143798828125 
3 745.9254760742188 55.45344543457031 916.659912109375 344.7537841796875 
3 0.44824981689453125 313.4700622558594 216.9445037841797 653.1103515625 
3 884.3729248046875 26.94635009765625 1020.0114135742188 292.0825500488281 
3 617.200439453125 106.16049194335938 800.4738159179688 487.00634765625 
23
3 0.3421783447265625 310.74127197265625 223.5491943359375 649.6988525390625 
3 0.6169586181640625 472.3739929199219 263.80865478515625 795.2542724609375 
3 893.8443603515625 26.470001220703125 1033.3201904296875 292.0096435546875 
3 746.653076171875 55.539581298828125 916.1304931640625 344.9556579589844 
3 622.2739868164062 107.423828125 801.7327880859375 486.7789306640625 
24
3 0.43447113037109375 308.78753662109375 243.44091796875 647.0379028320312 
3 901.8594970703125 24.875823974609375 1054.236572265625 292.6546630859375 
3 0.6316986083984375 469.92431640625 263.96527099609375 795.3310546875 
3 628.3742065429688 107.71176147460938 803.58056640625 486.2489013671875 
3 743.4900512695312 55.64665222167969 914.9269409179688 343.2703857421875 
25
3 905.5313110351562 26.650344848632812 1083.1949462890625 292.1307373046875 
3 0.10955810546875 307.426025390625 260.2330322265625 640.8411254882812 
3 0.6154327392578125 469.41461181640625 263.8724365234375 795.1563720703125 
3 743.1464233398438 56.15657043457031 912.8096923828125 349.29638671875 
3 633.26318359375 108.4840087890625 806.791259765625 487.10296630859375 
26
3 0.5566864013671875 306.2471618652344 278.5577087402344 636.6895751953125 
3 0.551239013671875 469.8818359375 263.9056701660156 795.0189208984375 
3 907.0118408203125 27.036834716796875 1096.81494140625 291.91473388671875 
3 634.9110107421875 107.97247314453125 804.5902099609375 488.84271240234375 
3 739.1207275390625 55.82330322265625 912.1375122070312 351.4627685546875 
27
3 0.966827392578125 306.0149230957031 296.9954833984375 636.5856323242188 
3 915.767333984375 26.926742553710938 1113.853271484375 292.41815185546875 
3 0.528045654296875 468.85662841796875 264.139892578125 795.1470947265625 
3 738.508056640625 56.486785888671875 911.5435180664062 352.40338134765625 
3 634.2770385742188 107.36895751953125 818.729736328125 491.5516357421875 
28
3 0.5728073120117188 470.66326904296875 264.3321533203125 795.0504150390625 
3 917.6842041015625 26.05267333984375 1127.11328125 292.6748962402344 
3 4.830291748046875 303.7770080566406 310.08001708984375 636.687255859375 
3 633.2849731445312 108.69342041015625 811.441162109375 506.4072265625 
3 735.4376831054688 57.97308349609375 910.314453125 349.1220703125 
29
3 0.5394210815429688 471.25634765625 263.36602783203125 794.9017333984375 
3 12.256057739257812 303.3833923339844 317.3682861328125 636.9801635742188 
3 631.0696411132812 108.90472412109375 823.1703491210938 509.154541015625 
3 918.1541748046875 26.66082763671875 1131.317138671875 291.68170166015625 
3 731.7556762695312 58.04380798339844 909.3711547851562 350.70709228515625 
30
3 19.032760620117188 301.8232727050781 324.72149658203125 637.2603759765625 
3 0.4665679931640625 471.1405334472656 263.3958435058594 795.0653076171875 
2 631.9094848632812 108.54913330078125 821.7909545898438 521.8150634765625 
3 918.61376953125 27.81463623046875 1135.286376953125 291.3935546875 
3 728.9996337890625 59.428009033203125 908.56005859375 360.4479675292969 
3 635.38037109375 59.65814971923828 906.0576171875 365.00396728515625 
31
2 630.451416015625 110.02783203125 821.587646484375 530.5508422851562 
3 26.990707397460938 301.713623046875 326.5699462890625 636.735595703125 
3 0.4509429931640625 471.1177978515625 263.3123474121094 794.9729614257812 
3 923.2623901367188 25.745269775390625 1136.273681640625 292.49224853515625 
3 725.630615234375 60.28485107421875 908.1300659179688 355.50933837890625 
32
3 0.49288177490234375 470.9364318847656 263.3385925292969 794.8162841796875 
3 929.5560302734375 24.438201904296875 1136.3145751953125 291.43719482421875 
3 32.75830078125 301.5247802734375 326.8226318359375 636.877197265625 
2 631.0180053710938 110.06964111328125 821.5858154296875 539.2693481445312 
3 720.0293579101562 59.672698974609375 906.6024780273438 362.0706481933594 
33
3 942.7186889648438 23.4716796875 1135.975341796875 289.7991943359375 
3 0.5367355346679688 470.43780517578125 263.5245056152344 794.6257934570312 
2 630.6565551757812 111.83245849609375 836.8494873046875 546.4530029296875 
3 39.017608642578125 298.10748291015625 326.80767822265625 635.9168701171875 
3 715.240478515625 61.012725830078125 907.219482421875 361.1587829589844 
3 635.990234375 60.22468566894531 905.6260986328125 359.2835693359375 
34
3 955.7241821289062 23.352325439453125 1135.960205078125 286.36846923828125 
2 631.7802734375 112.96701049804688 846.2551879882812 551.9722900390625 
3 0.576324462890625 470.2419738769531 263.4903869628906 794.677734375 
3 46.327423095703125 296.4788818359375 327.04644775390625 635.6408081054688 
3 637.2661743164062 61.82136535644531 905.9712524414062 353.11700439453125 
3 711.20263671875 63.47895812988281 907.6572265625 353.99127197265625 
35
3 970.4561767578125 18.72906494140625 1136.2755126953125 282.27069091796875 
3 0.5657806396484375 469.85723876953125 263.45611572265625 794.7074584960938 
3 51.41194152832031 294.0462951660156 327.3837890625 633.0300903320312 
2 633.08447265625 113.123291015625 851.6145629882812 551.7651977539062 
3 635.2138671875 61.630592346191406 909.3177490234375 349.2757263183594 
3 711.2650756835938 64.32843017578125 907.8200073242188 348.185302734375 
36
3 0.5458984375 469.6234436035156 263.25958251953125 794.7838745117188 
3 57.680908203125 290.12646484375 326.3681945800781 628.6135864257812 
2 631.1991577148438 116.72726440429688 856.1406860351562 552.1784057617188 
3 991.24169921875 16.519012451171875 1135.7532958984375 280.9464416503906 
3 637.2919921875 63.03167724609375 906.269775390625 343.12567138671875 
37
3 0.44329071044921875 469.44647216796875 263.21417236328125 795.0128173828125 
3 63.971343994140625 287.3821716308594 325.9788818359375 615.4503173828125 
2 632.1272583007812 118.45672607421875 860.1036376953125 552.11328125 
3 1016.7265014648438 13.5216064453125 1141.2913818359375 279.31982421875 
3 638.2551879882812 64.46575164794922 910.705810546875 349.76422119140625 
38
3 0.487579345703125 469.0992431640625 263.32171630859375 795.125 
2 632.0425415039062 119.80029296875 861.627197265625 552.1110229492188 
3 68.80961608886719 284.6930236816406 326.1824645996094 614.9552001953125 
3 1031.6124267578125 12.283134460449219 1151.8472900390625 278.48785400390625 
3 684.0336303710938 65.83808898925781 909.1091918945312 352.54254150390625 
39
3 0.49787139892578125 469.3367919921875 263.23004150390625 795.0621948242188 
3 77.67555236816406 281.88214111328125 325.72283935546875 614.7133178710938 
2 632.5149536132812 122.25674438476562 863.2754516601562 552.4247436523438 
3 1039.884765625 11.464263916015625 1160.1658935546875 277.72918701171875 
3 651.1546630859375 66.0627670288086 906.507568359375 356.43536376953125 
40
3 0.5021133422851562 468.6561279296875 262.5152587890625 795.1190185546875 
2 632.0421752929688 123.04022216796875 862.7494506835938 552.0487670898438 
3 82.99600219726562 278.11041259765625 326.65155029296875 614.9580078125 
3 1048.1363525390625 10.431488037109375 1167.245849609375 277.7577209472656 
3 649.8154907226562 66.29551696777344 899.9616088867188 358.35760498046875 
41
3 0.489166259765625 467.464599609375 262.9337463378906 795.273681640625 
3 88.0706787109375 275.25201416015625 326.6506652832031 614.8628540039062 
3 1056.3228759765625 9.019775390625 1183.0888671875 277.0809326171875 
2 632.5874633789062 124.1376953125 865.7816162109375 551.73046875 
3 673.8421630859375 67.10673522949219 892.516357421875 360.9129638671875 
42
3 93.21902465820312 273.34881591796875 334.1766052246094 615.014404296875 
3 0.464141845703125 467.24725341796875 262.9417724609375 795.2339477539062 
2 631.033447265625 124.1402587890625 863.3919067382812 551.9376220703125 
3 1062.64306640625 9.869186401367188 1191.3785400390625 276.8949279785156 
3 660.4337158203125 66.6299057006836 887.09033203125 357.351318359375 
43
3 98.94469451904297 269.729736328125 357.6371154785156 615.7232666015625 
3 0.46247100830078125 466.7911376953125 263.28558349609375 795.200439453125 
2 630.1359252929688 125.24774169921875 863.5387573242188 551.560791015625 
3 1071.1728515625 12.069381713867188 1234.4810791015625 276.13446044921875 
3 667.9072265625 66.7757568359375 880.1470947265625 358.4512939453125 
44
3 103.68726348876953 268.7666320800781 373.7182312011719 615.7415161132812 
3 0.451416015625 466.85760498046875 263.2952575683594 795.2618408203125 
2 628.3910522460938 124.8424072265625 863.38525390625 551.8465576171875 
3 670.4135131835938 67.06694030761719 874.0670776367188 359.9793395996094 
3 1071.880126953125 13.833953857421875 1259.5096435546875 276.8546142578125 
45
3 109.95375061035156 265.95989990234375 386.6637268066406 615.2294921875 
3 0.4446563720703125 465.306640625 263.4440612792969 795.2986450195312 
3 1071.230224609375 14.894241333007812 1270.583740234375 278.3157043457031 
2 627.4956665039062 124.73065185546875 863.37451171875 551.1450805664062 
3 668.330322265625 66.4004135131836 865.9281616210938 360.6617736816406 
46
3 115.13787841796875 264.90728759765625 400.70428466796875 615.0047607421875 
3 0.4225616455078125 465.3420715332031 263.20068359375 795.13818359375 
3 1072.81640625 18.853485107421875 1255.1783447265625 277.38623046875 
2 626.0098266601562 125.327392578125 863.5848388671875 551.7233276367188 
3 666.1602783203125 66.03069305419922 857.8281860351562 361.6676940917969 
47
3 120.8013916015625 264.3363037109375 412.8487854003906 614.8045043945312 
3 0.4224853515625 465.22784423828125 263.0548400878906 795.052734375 
2 625.4868774414062 125.442138671875 863.1387329101562 552.028076171875 
3 1076.179931640625 19.77923583984375 1254.62109375 275.0447998046875 
3 666.490234375 65.8938980102539 849.0894775390625 360.8789978027344 
48
2 625.635009765625 125.5963134765625 862.7244873046875 551.6792602539062 
3 1078.429931640625 18.053131103515625 1260.9794921875 274.1676025390625 
3 0.4114837646484375 463.9404602050781 262.9362487792969 795.05810546875 
3 127.89422607421875 263.69189453125 415.8387451171875 615.1458740234375 
3 666.9100952148438 65.50806427001953 842.0045166015625 358.39349365234375 
49
3 1081.7421875 18.893585205078125 1269.143310546875 274.5234680175781 
3 0.39244842529296875 463.72113037109375 261.6890869140625 795.005126953125 
3 135.24053955078125 262.4966735839844 415.5602111816406 615.1359252929688 
2 625.3744506835938 124.76968383789062 862.0990600585938 551.1771850585938 
3 663.3793334960938 65.89994812011719 837.9805908203125 245.56869506835938 
3 663.8704833984375 65.75822448730469 838.3759765625 334.10394287109375 
50
3 1092.870849609375 18.03375244140625 1272.6661376953125 272.2807922363281 
3 0.4051666259765625 463.4725341796875 261.72076416015625 795.040771484375 
3 142.04476928710938 261.92266845703125 416.2976989746094 615.1807250976562 
2 625.431640625 124.93011474609375 862.3104858398438 551.4969482421875 
3 663.4554443359375 65.25415802001953 837.9314575195312 291.53826904296875 
3 664.2349853515625 65.87123107910156 836.4530029296875 246.37945556640625 
51
3 1105.69921875 14.303329467773438 1276.910888671875 271.5672302246094 
2 627.0760498046875 126.00392150878906 861.8621826171875 552.271728515625 
3 0.42823028564453125 462.9072570800781 261.91314697265625 795.115478515625 
3 150.89593505859375 260.3748779296875 414.4290466308594 613.8983764648438 
3 654.9342041015625 64.66879272460938 835.8778076171875 288.67523193359375 
3 656.247314453125 65.63932800292969 834.1402587890625 249.25927734375 
52
3 1122.106201171875 13.140640258789062 1286.3922119140625 269.77667236328125 
2 628.724609375 126.93133544921875 861.489013671875 552.3109130859375 
3 158.58743286132812 259.7977600097656 414.673828125 612.4725952148438 
3 0.43133544921875 462.57220458984375 261.87017822265625 795.12744140625 
3 654.122314453125 64.657958984375 833.683837890625 285.5659484863281 
3 654.3043823242188 65.85823059082031 830.801513671875 241.0382080078125 
53
3 165.17071533203125 257.7672119140625 414.1094665527344 610.51806640625 
2 630.2877807617188 127.3192138671875 862.1903686523438 550.63671875 
3 0.4324188232421875 461.3963623046875 262.16827392578125 795.2042846679688 
3 1137.6636962890625 11.025108337402344 1295.373779296875 265.87652587890625 
3 656.9126586914062 64.9883804321289 831.912841796875 285.0567626953125 
3 656.708740234375 65.69509887695312 828.209716796875 237.43701171875 
54
3 168.77493286132812 257.670166015625 414.6416320800781 610.3409423828125 
2 633.9567260742188 128.50375366210938 866.4664306640625 549.1312866210938 
3 0.4239959716796875 461.4664611816406 262.0567932128906 795.1810913085938 
3 1156.604248046875 7.7471923828125 1302.4302978515625 265.74224853515625 
3 652.838623046875 64.98731994628906 830.8347778320312 285.2823486328125 
3 653.2180786132812 65.61785888671875 826.1151123046875 232.67935180664062 
55
2 636.0006103515625 127.74845886230469 872.46630859375 549.160888671875 
3 172.2308807373047 258.06915283203125 416.59808349609375 607.7982177734375 
3 0.43578338623046875 461.28131103515625 262.427978515625 795.1052856445312 
3 1180.7100830078125 8.065109252929688 1314.8131103515625 262.640869140625 
3 652.3140869140625 66.2426528930664 831.5151977539062 284.8082580566406 
3 653.346435546875 67.05033874511719 825.2843627929688 235.6422119140625 
56
3 175.50592041015625 257.585205078125 422.44415283203125 605.4610595703125 
3 0.42993927001953125 462.1172180175781 262.9956970214844 795.4766845703125 
2 640.1295776367188 126.41256713867188 882.8633422851562 551.0523681640625 
3 1201.096435546875 7.565643310546875 1318.767333984375 261.50604248046875 
3 647.70703125 67.62435150146484 831.8922119140625 285.1455383300781 
3 650.1688232421875 68.67478942871094 825.8050537109375 242.73284912109375 
57
3 178.91250610351562 257.09075927734375 426.5104675292969 604.2132568359375 
3 0.447357177734375 461.391845703125 262.2939453125 795.1925048828125 
2 643.38525390625 125.64320373535156 897.0848388671875 549.901123046875 
3 639.8814697265625 68.75982666015625 833.3723754882812 285.70025634765625 
3 1212.2325439453125 6.9825897216796875 1330.903564453125 263.3035888671875 
58
3 181.50918579101562 257.27020263671875 430.521484375 603.50439453125 
2 645.6632080078125 125.04400634765625 903.7711181640625 546.599365234375 
3 0.4437408447265625 460.96875 262.43701171875 795.1898193359375 
3 1219.3863525390625 7.1378936767578125 1337.5086669921875 262.733642578125 
3 640.802978515625 69.27469635009766 832.1666259765625 284.97509765625 
3 641.0459594726562 69.77006530761719 824.0180053710938 237.61016845703125 
59
3 186.88406372070312 256.9053039550781 435.8174743652344 604.07275390625 
2 648.2846069335938 124.31350708007812 908.2102661132812 550.3551025390625 
3 0.44344329833984375 461.1737060546875 262.53814697265625 795.25 
3 1222.2894287109375 7.6510162353515625 1348.2542724609375 260.9737243652344 
3 637.591796875 70.43769836425781 827.3948974609375 287.04852294921875 
3 636.33935546875 70.23806762695312 818.0087890625 237.21450805664062 
60
2 654.0690307617188 125.65032958984375 910.5003662109375 549.1968994140625 
3 188.71730041503906 257.55438232421875 438.1795654296875 600.0809326171875 
3 0.427642822265625 460.3028564453125 262.11663818359375 795.3131713867188 
3 1227.522705078125 9.324066162109375 1347.8214111328125 261.46905517578125 
3 637.56689453125 71.19244384765625 818.3975830078125 239.613525390625 
3 638.2708740234375 71.0179443359375 832.6452026367188 286.50750732421875 
61
3 1227.8048095703125 9.91180419921875 1359.62109375 262.7668151855469 
3 192.72817993164062 258.2725524902344 441.003173828125 598.901611328125 
3 0.4273529052734375 462.56353759765625 262.2208557128906 795.3131103515625 
2 655.414306640625 123.579345703125 913.1729125976562 549.7767944335938 
3 630.3078002929688 72.7906723022461 815.4884643554688 240.65582275390625 
3 631.7047119140625 73.17534637451172 823.7316284179688 286.1441650390625 
62
2 661.2954711914062 122.1279296875 912.9473876953125 548.1029663085938 
3 194.40240478515625 258.0104064941406 443.66766357421875 596.5706787109375 
3 0.4159393310546875 462.6581726074219 262.702880859375 795.3356323242188 
3 1228.0274658203125 10.288482666015625 1361.885986328125 263.08172607421875 
3 633.4150390625 73.94207763671875 835.1897583007812 287.3959655761719 
3 1228.1204833984375 9.694610595703125 1362.16845703125 262.86834716796875 
63
3 195.4644775390625 258.7091064453125 444.8319396972656 596.1837158203125 
3 1227.529052734375 12.606277465820312 1373.6680908203125 263.11328125 
3 0.4163055419921875 463.3725280761719 262.7267150878906 795.3460083007812 
2 667.0079345703125 121.519287109375 912.3995971679688 549.2914428710938 
3 627.6913452148438 73.33741760253906 797.161865234375 221.75250244140625 
3 628.345703125 74.36053466796875 842.6655883789062 286.59197998046875 
3 628.011474609375 74.15869903564453 794.4742431640625 216.36349487304688 
64
3 1225.6160888671875 14.0240478515625 1379.4656982421875 263.2679138183594 
3 195.85971069335938 259.0433349609375 445.25396728515625 596.1663818359375 
3 0.41068267822265625 463.00421142578125 263.0439453125 795.279296875 
2 669.3626098632812 118.8802490234375 912.8540649414062 550.139404296875 
3 622.3397216796875 76.41009521484375 848.445068359375 288.6739807128906 
65
3 197.92471313476562 259.6910400390625 446.28118896484375 596.2159423828125 
3 1226.834716796875 14.724708557128906 1390.0323486328125 262.4508361816406 
3 0.42031097412109375 463.5035400390625 262.76715087890625 795.1533813476562 
2 673.9111328125 118.90472412109375 913.830078125 550.7755126953125 
3 622.3363037109375 79.00575256347656 854.8001708984375 288.48785400390625 
66
3 198.37515258789062 259.9438781738281 446.5054931640625 596.4075317382812 
3 1232.248291015625 14.341705322265625 1393.2677001953125 261.87921142578125 
3 0.4344329833984375 463.89068603515625 262.8923645019531 795.2378540039062 
2 676.9512329101562 114.32330322265625 913.3954467773438 551.2569580078125 
67
3 199.4227752685547 259.8398742675781 446.5063171386719 596.5166625976562 
3 0.4270172119140625 463.63238525390625 262.9117431640625 795.2734375 
2 681.852783203125 113.929443359375 914.2249755859375 551.898681640625 
3 1241.4759521484375 15.071578979492188 1403.3043212890625 260.320556640625 
3 617.6316528320312 78.9942626953125 719.8611450195312 328.39715576171875 
68
3 200.0325927734375 259.6317138671875 446.05047607421875 596.442138671875 
2 685.0197143554688 113.751708984375 914.4482421875 552.0122680664062 
3 0.43389129638671875 463.5963134765625 262.93359375 795.20947265625 
3 1252.510986328125 13.59942626953125 1406.0927734375 259.67889404296875 
69
3 199.95301818847656 259.7004089355469 446.3883361816406 596.53662109375 
3 0.43808746337890625 464.1001892089844 262.92535400390625 795.0289306640625 
2 685.5241088867188 113.91796875 914.4234619140625 552.3876342773438 
3 1267.716552734375 12.118698120117188 1416.4259033203125 255.01904296875 
3 606.5615234375 79.21039581298828 726.427978515625 340.9761657714844 
70
3 200.36959838867188 259.1043701171875 444.80364990234375 596.4815673828125 
2 688.1617431640625 113.7646484375 914.27197265625 553.2396240234375 
3 0.438018798828125 463.4111328125 263.31427001953125 795.141357421875 
3 1321.15283203125 8.818489074707031 1424.594970703125 229.39739990234375 
3 595.7774047851562 78.9375 734.9100952148438 353.17315673828125 
3 1285.45703125 9.266357421875 1425.4659423828125 246.77688598632812 
71
3 200.62060546875 258.1822509765625 443.44293212890625 596.42529296875 
3 0.448272705078125 465.372314453125 263.2130126953125 795.174072265625 
2 673.1254272460938 113.96514892578125 914.6016845703125 554.3519897460938 
3 1326.0091552734375 5.251762390136719 1436.90283203125 227.19085693359375 
3 597.0296630859375 78.7643051147461 737.0398559570312 339.99420166015625 
72
3 200.86883544921875 256.6131286621094 443.94256591796875 596.0621948242188 
3 0.44170379638671875 466.01678466796875 263.1489562988281 795.1807250976562 
2 687.1231689453125 114.1651611328125 914.6011962890625 559.6289672851562 
3 1334.121826171875 2.9032516479492188 1442.18505859375 229.23269653320312 
3 601.3240966796875 76.89614868164062 740.3792114257812 372.1588134765625 
73
3 201.15284729003906 254.29470825195312 442.12542724609375 595.7825927734375 
3 0.43033599853515625 466.5185546875 263.05255126953125 794.9192504882812 
2 685.72900390625 113.68145751953125 914.6053466796875 563.2135009765625 
3 1344.1087646484375 1.8558578491210938 1445.00244140625 229.96304321289062 
3 590.313232421875 74.43302154541016 738.6218872070312 357.0354919433594 
74
3 200.59747314453125 253.546142578125 439.937255859375 595.8179931640625 
2 687.0126953125 113.28378295898438 914.8008422851562 565.9812622070312 
3 0.42560577392578125 466.29595947265625 263.0747985839844 794.8444213867188 
3 1353.453369140625 2.8402481079101562 1452.0804443359375 231.596435546875 
3 589.713623046875 72.941162109375 738.0010986328125 353.48394775390625 
75
3 200.02554321289062 252.95938110351562 438.8631896972656 595.52880859375 
2 686.6632080078125 113.53399658203125 915.054443359375 569.6253051757812 
3 0.42234039306640625 466.7823486328125 263.12115478515625 794.9049682617188 
3 1357.689453125 4.1893310546875 1462.6546630859375 229.94638061523438 
3 590.1040649414062 70.32264709472656 738.350830078125 356.2708435058594 
76
2 684.9517211914062 114.3265380859375 915.1381225585938 573.3421630859375 
3 199.37857055664062 253.14678955078125 430.9907531738281 594.54638671875 
3 0.4280853271484375 466.54473876953125 263.079833984375 794.8883056640625 
3 1357.021484375 2.3458251953125 1469.9931640625 229.68817138671875 
3 586.6527709960938 68.54220581054688 736.9100952148438 354.4716796875 
77
3 197.95294189453125 252.19677734375 423.2948913574219 591.8531494140625 
2 685.9489135742188 113.9674072265625 915.0737915039062 577.4912719726562 
3 0.44516754150390625 466.7461853027344 261.8626403808594 794.9443359375 
3 1358.5965576171875 4.199188232421875 1477.07080078125 229.24737548828125 
3 586.6260986328125 66.15975189208984 731.7410278320312 346.3458251953125 
78
3 195.7216796875 252.09451293945312 418.29376220703125 591.7389526367188 
2 683.481689453125 114.201416015625 914.7661743164062 582.5355224609375 
3 0.43743896484375 466.7630615234375 261.884033203125 794.910888671875 
3 1360.3109130859375 6.740936279296875 1486.8238525390625 228.70223999023438 
3 583.4138793945312 65.29075622558594 732.0995483398438 349.08319091796875 
79
3 194.58106994628906 251.6246337890625 416.124755859375 591.714111328125 
3 0.45186614990234375 467.57159423828125 262.02081298828125 794.9532470703125 
2 679.8941650390625 115.02865600585938 914.6904296875 585.854736328125 
3 1360.8143310546875 8.275619506835938 1490.546875 228.4356689453125 
3 581.0547485351562 61.648468017578125 734.4850463867188 356.8269958496094 
80
3 191.92111206054688 250.9207763671875 415.4963684082031 591.5955810546875 
3 0.4413299560546875 467.4112548828125 262.0005187988281 794.9960327148438 
2 675.3607177734375 114.61865234375 914.5029907226562 589.193115234375 
3 1362.2606201171875 9.91485595703125 1501.4451904296875 227.9017333984375 
3 579.050537109375 61.132568359375 733.2516479492188 357.3255310058594 
81
3 189.88873291015625 250.32650756835938 415.10614013671875 591.5396118164062 
3 0.4438018798828125 466.2547607421875 261.961669921875 794.919677734375 
2 671.3129272460938 115.893798828125 914.5091552734375 593.1340942382812 
3 1363.092529296875 11.179840087890625 1516.2833251953125 228.5438232421875 
3 576.3073120117188 61.669921875 731.5263061523438 371.6807861328125 
82
3 186.97906494140625 249.593017578125 414.834228515625 591.7523193359375 
2 666.8130493164062 116.43780517578125 914.6050415039062 595.8451538085938 
3 0.42935943603515625 467.02801513671875 261.915771484375 794.9216918945312 
3 576.1385498046875 61.602630615234375 730.0096435546875 375.907958984375 
3 1365.1434326171875 13.320709228515625 1521.8673095703125 226.41302490234375 
3 1364.5491943359375 14.0335693359375 1523.646240234375 227.99514770507812 
83
3 184.58010864257812 249.34951782226562 415.6513977050781 591.7774658203125 
2 664.6388549804688 117.67428588867188 914.2125854492188 598.466064453125 
3 0.4384307861328125 468.0194396972656 261.9903564453125 794.9216918945312 
3 573.8037719726562 60.67108154296875 726.1956176757812 380.42620849609375 
3 1366.600341796875 13.493446350097656 1533.2984619140625 229.233642578125 
84
3 181.42074584960938 249.22384643554688 415.265380859375 591.6212768554688 
2 662.5626220703125 119.22952270507812 914.335205078125 601.4805908203125 
3 0.4393768310546875 467.9491271972656 261.9826354980469 794.9224853515625 
3 572.3497314453125 61.03276062011719 722.863525390625 384.13385009765625 
3 1369.4361572265625 16.72698211669922 1543.827880859375 229.84890747070312 
85
3 177.34169006347656 248.720703125 416.3424377441406 591.3651123046875 
2 659.21728515625 120.4168701171875 914.4368896484375 602.7978515625 
3 0.43665313720703125 469.3629150390625 262.35064697265625 794.8546752929688 
3 1419.07861328125 14.51885986328125 1557.5489501953125 227.88604736328125 
3 572.37109375 61.407745361328125 719.18310546875 390.5503234863281 
86
2 656.5504150390625 121.2991943359375 914.448974609375 603.3729248046875 
3 172.86679077148438 249.58056640625 417.6367492675781 591.5078735351562 
3 0.45003509521484375 471.0672607421875 262.6290588378906 794.8875732421875 
3 1439.2064208984375 12.79486083984375 1569.4293212890625 228.56842041015625 
3 568.209716796875 61.95384216308594 714.4913330078125 394.9538879394531 
87
3 168.66946411132812 249.96517944335938 415.46331787109375 591.4290771484375 
2 651.0333251953125 124.03927612304688 914.9296875 603.7047119140625 
3 0.44716644287109375 470.2655944824219 262.7618408203125 795.0921630859375 
3 1448.612060546875 13.572784423828125 1575.8634033203125 228.81378173828125 
3 566.2262573242188 61.36354064941406 712.3132934570312 398.91912841796875 
88
3 163.99830627441406 250.63912963867188 414.81787109375 591.614990234375 
2 646.8338623046875 126.35043334960938 915.394775390625 603.9605102539062 
3 0.4384002685546875 469.83355712890625 262.5709533691406 795.142578125 
3 1469.4549560546875 12.645843505859375 1584.1561279296875 225.78277587890625 
3 563.4778442382812 60.078216552734375 705.0878295898438 403.3836669921875 
89
3 157.4017791748047 252.19796752929688 413.92877197265625 591.551025390625 
2 638.2274169921875 129.51364135742188 915.7822875976562 603.97216796875 
3 0.4589385986328125 470.172607421875 262.5648498535156 795.119873046875 
3 560.12646484375 59.257476806640625 702.9370727539062 406.9949951171875 
3 1479.84130859375 11.361618041992188 1589.361083984375 225.56137084960938 
90
2 633.1258544921875 131.96734619140625 915.26708984375 604.3577880859375 
3 152.4413299560547 253.67767333984375 414.95849609375 591.6021728515625 
3 0.4589691162109375 469.86090087890625 262.4593811035156 795.1937255859375 
3 558.1138916015625 59.208282470703125 700.1762084960938 408.12713623046875 
3 1488.91748046875 10.298210144042969 1601.890625 226.43841552734375 
91
2 627.921142578125 132.9569091796875 915.0800170898438 604.192138671875 
3 147.8707275390625 253.99395751953125 416.2997131347656 591.705078125 
3 0.45584869384765625 469.9073486328125 262.45703125 795.2000732421875 
3 555.240478515625 60.66493225097656 699.63916015625 408.31298828125 
3 1496.9923095703125 10.118087768554688 1603.626953125 227.4434814453125 
92
2 622.4959716796875 134.28936767578125 914.0721435546875 604.2662353515625 
3 142.4237060546875 255.32717895507812 416.6248779296875 591.6041259765625 
3 0.45111846923828125 469.72967529296875 262.571533203125 795.1929931640625 
3 1508.1419677734375 9.683601379394531 1610.2508544921875 225.47891235351562 
3 550.2427368164062 61.970672607421875 693.3388671875 407.15081787109375 
93
2 619.9971313476562 137.28079223632812 911.8837890625 604.277099609375 
3 138.48779296875 258.0225524902344 414.2003173828125 591.5421752929688 
3 0.4417266845703125 469.9795227050781 262.6153564453125 795.15576171875 
3 1513.792236328125 11.938812255859375 1616.463134765625 233.78009033203125 
3 541.0987548828125 61.75335693359375 692.5109252929688 410.3069763183594 
94
2 613.269287109375 137.29583740234375 911.496337890625 604.576171875 
3 134.02133178710938 257.8283386230469 415.55438232421875 591.366455078125 
3 0.43737030029296875 470.6881103515625 262.65252685546875 795.1103515625 
3 1519.9464111328125 11.109794616699219 1630.0303955078125 236.61065673828125 
3 537.653564453125 62.593841552734375 693.7379150390625 409.9514465332031 
95
2 608.7388916015625 136.3348388671875 907.7860717773438 604.5792236328125 
3 128.58360290527344 260.4627990722656 415.2774658203125 591.5286254882812 
3 0.4284820556640625 470.6422424316406 262.68731689453125 795.1034545898438 
3 1526.5162353515625 11.128555297851562 1635.7916259765625 235.29620361328125 
3 533.8379516601562 62.326141357421875 733.8645629882812 410.03131103515625 
96
3 121.43450927734375 261.93365478515625 415.2536926269531 591.347412109375 
2 603.1719360351562 138.90814208984375 904.3629150390625 604.6932983398438 
3 0.428619384765625 470.6575012207031 262.7997741699219 795.1002197265625 
3 1529.5224609375 13.662734985351562 1642.9915771484375 232.56280517578125 
3 531.2299194335938 63.19403839111328 749.4959716796875 409.6059875488281 
97
2 597.7516479492188 141.7142333984375 900.4325561523438 604.5484619140625 
3 118.38748168945312 263.1918029785156 416.48089599609375 591.2904052734375 
3 0.44132232666015625 469.7447204589844 262.8359680175781 795.0975952148438 
3 1541.2015380859375 15.727035522460938 1660.5196533203125 225.3292236328125 
3 525.5389404296875 63.30863952636719 733.0187377929688 410.2334899902344 
98
3 112.93345642089844 265.3173522949219 417.7510986328125 591.09326171875 
3 0.43524932861328125 470.2792053222656 262.5609436035156 795.1553344726562 
2 592.756103515625 142.27261352539062 891.9839477539062 604.4608154296875 
3 522.1771240234375 63.682525634765625 729.241943359375 409.840087890625 
3 1528.654541015625 24.262367248535156 1691.3216552734375 231.49658203125 
99
3 108.56546020507812 265.74462890625 416.95941162109375 591.0443115234375 
2 589.9178466796875 142.63909912109375 886.9315185546875 605.1911010742188 
3 0.44403839111328125 469.9797668457031 262.52142333984375 795.166259765625 
3 1528.0489501953125 31.925735473632812 1722.470458984375 234.38540649414062 
3 519.18798828125 63.542510986328125 722.3250122070312 409.7471923828125 
100
3 105.68244934082031 266.2494201660156 420.14337158203125 590.714599609375 
2 585.30078125 145.0999755859375 877.02783203125 602.17529296875 
3 0.4541778564453125 469.84576416015625 262.44049072265625 795.0614013671875 
3 1526.363037109375 22.202468872070312 1732.80078125 234.56430053710938 
3 518.624755859375 64.35760498046875 705.7359619140625 351.09906005859375 
101
3 103.53399658203125 266.60015869140625 418.707763671875 590.9744262695312 
2 582.1729736328125 146.5869598388672 869.9251098632812 604.1895141601562 
3 0.4493408203125 471.0670166015625 263.0250549316406 795.4976196289062 
3 1526.102294921875 29.586456298828125 1740.5595703125 235.720947265625 
3 513.8558349609375 64.0189208984375 701.0155639648438 349.9864501953125 
3 513.1742553710938 65.11656188964844 698.2491455078125 267.6825866699219 
102
3 101.06698608398438 268.2461242675781 418.5572509765625 591.1698608398438 
2 576.5762939453125 149.0789794921875 864.2916259765625 604.40673828125 
3 0.4519500732421875 471.3181457519531 263.0196228027344 795.4918823242188 
3 1527.2713623046875 33.20587921142578 1723.6943359375 236.084716796875 
3 511.5707092285156 65.03335571289062 697.6968383789062 268.76910400390625 
3 512.1245727539062 64.31149291992188 697.97509765625 349.660400390625 
103
3 99.87744140625 268.9293518066406 418.59844970703125 591.177490234375 
2 572.8447265625 150.09075927734375 855.0722045898438 605.6150512695312 
3 0.45391082763671875 470.817626953125 262.988525390625 795.5353393554688 
3 1555.7674560546875 28.610443115234375 1724.4007568359375 234.75753784179688 
3 509.2196960449219 63.739830017089844 714.5061645507812 268.5282287597656 
104
3 96.42819213867188 269.47271728515625 409.48193359375 591.2698364257812 
2 570.75537109375 150.35189819335938 848.7864379882812 604.187744140625 
3 0.46656036376953125 470.78173828125 262.97100830078125 795.5029296875 
3 1558.69287109375 25.82666778564453 1723.9542236328125 235.0830078125 
3 507.0140686035156 64.77887725830078 715.307373046875 268.8341369628906 
105
3 96.55154418945312 270.21820068359375 403.98980712890625 591.3812866210938 
2 569.0919799804688 151.22509765625 847.2105712890625 604.4051513671875 
3 0.4535064697265625 471.2287292480469 262.8502502441406 795.5806884765625 
3 505.8470458984375 66.36518859863281 705.4254760742188 269.0426025390625 
3 1528.47900390625 25.767562866210938 1731.2742919921875 239.27313232421875 
3 505.0242614746094 64.502197265625 706.5621337890625 269.98162841796875 
106
3 95.41438293457031 270.1891784667969 400.97943115234375 591.206787109375 
2 567.82666015625 151.9137420654297 847.4132690429688 604.498779296875 
3 0.45108795166015625 471.4651184082031 262.86712646484375 795.5169677734375 
3 1538.5732421875 25.447662353515625 1738.09814453125 242.97442626953125 
3 505.5675354003906 66.17750549316406 704.529052734375 269.93365478515625 
3 505.0918884277344 64.20665740966797 705.6992797851562 270.5811767578125 
107
3 95.33998107910156 270.5892028808594 395.331298828125 591.293212890625 
2 566.252685546875 152.18801879882812 847.51806640625 604.1805419921875 
3 0.45854949951171875 471.92034912109375 262.72161865234375 795.508056640625 
3 1548.6087646484375 27.584716796875 1747.0086669921875 239.6822509765625 
3 505.40545654296875 66.0899658203125 702.0232543945312 270.1517333984375 
3 1588.95849609375 27.053916931152344 1747.31298828125 234.82000732421875 
108
3 95.69944763183594 269.9104309082031 387.77471923828125 591.4231567382812 
2 563.6580200195312 153.5477752685547 847.4537353515625 604.0953369140625 
3 0.4515228271484375 472.1195068359375 262.69580078125 795.510986328125 
3 1554.75048828125 28.38831329345703 1755.849609375 236.6575927734375 
3 505.0084228515625 64.2267074584961 705.0799560546875 271.4176025390625 
3 505.10711669921875 66.38009643554688 704.7659301757812 270.5671081542969 
109
3 95.36744689941406 270.2413330078125 380.29541015625 591.313232421875 
2 561.3073120117188 153.4248046875 847.2372436523438 604.782470703125 
3 0.4572601318359375 472.2767333984375 262.81121826171875 795.6190795898438 
3 1564.71484375 27.84192657470703 1765.0340576171875 233.52947998046875 
3 504.8773498535156 66.14299011230469 703.296630859375 271.60369873046875 
3 505.0571594238281 64.12324523925781 703.7207641601562 272.75372314453125 
3 1615.818603515625 26.6053466796875 1764.9417724609375 230.09573364257812 
110
3 95.04534912109375 270.58331298828125 372.18145751953125 591.026611328125 
2 559.6243896484375 153.536376953125 847.2154541015625 604.44921875 
3 0.462860107421875 472.4145812988281 262.76959228515625 795.5726318359375 
3 1625.55419921875 25.20195770263672 1777.375 229.10626220703125 
3 504.76861572265625 66.66757202148438 699.9010620117188 271.97625732421875 
3 505.02923583984375 64.52418518066406 700.0995483398438 274.2960205078125 
111
3 95.34835815429688 272.1011047363281 366.2955627441406 591.6047973632812 
2 559.0341796875 150.98583984375 847.0029907226562 604.4769897460938 
3 0.4559478759765625 472.3004150390625 262.5753479003906 795.6055908203125 
3 1621.802734375 21.79676055908203 1783.9146728515625 227.16546630859375 
3 504.6455078125 66.592529296875 702.1097412109375 275.23699951171875 
112
3 94.32746887207031 273.7508850097656 358.58074951171875 594.54638671875 
2 556.9884033203125 150.96966552734375 847.0332641601562 604.9055786132812 
3 0.45125579833984375 472.22796630859375 262.5647277832031 795.6161499023438 
3 1643.90380859375 20.147483825683594 1787.93017578125 229.66513061523438 
3 507.57440185546875 64.13955688476562 706.2077026367188 274.3767395019531 
113
3 96.59663391113281 274.26470947265625 355.1297607421875 598.14990234375 
2 553.9799194335938 149.76409912109375 846.3655395507812 605.482177734375 
3 0.46002197265625 472.5751953125 261.9681701660156 795.6795654296875 
3 1652.9317626953125 18.090560913085938 1789.3773193359375 230.17855834960938 
3 509.21490478515625 64.03147888183594 709.1777954101562 274.5072021484375 
114
3 100.46603393554688 274.61370849609375 354.9867858886719 598.2549438476562 
2 553.1965942382812 148.4803466796875 846.3972778320312 603.991943359375 
3 0.45450592041015625 472.46075439453125 261.9300231933594 795.63037109375 
3 1659.062255859375 16.49890899658203 1791.7252197265625 231.56854248046875 
3 509.1079406738281 63.39801025390625 707.0916748046875 273.7757568359375 
115
3 103.21524047851562 274.566162109375 355.1083679199219 598.3656005859375 
3 0.44741058349609375 472.551025390625 262.3909912109375 795.6094970703125 
2 552.5360107421875 148.17864990234375 846.4148559570312 604.232666015625 
3 1664.40771484375 18.158126831054688 1795.1488037109375 231.094970703125 
3 513.5180053710938 63.00495910644531 706.747314453125 273.1134033203125 
116
3 104.63029479980469 274.42462158203125 354.7195739746094 598.278564453125 
2 553.037353515625 147.77423095703125 846.23095703125 603.8568115234375 
3 0.463165283203125 472.410400390625 262.32421875 795.7576904296875 
3 1669.984375 16.526084899902344 1802.546630859375 230.8111572265625 
3 514.7010498046875 61.69697570800781 705.962158203125 276.36236572265625 
3 514.8468017578125 62.9739990234375 705.0492553710938 275.8222351074219 
117
3 105.82406616210938 274.2705993652344 355.09130859375 598.17822265625 
2 552.613525390625 146.84185791015625 845.8612670898438 604.28564453125 
3 0.46421051025390625 472.68450927734375 262.8121337890625 795.766845703125 
3 1674.6983642578125 16.439346313476562 1802.7244873046875 229.3016357421875 
3 520.1141967773438 62.20154571533203 707.2938232421875 281.2232971191406 
118
3 105.48683166503906 273.8955078125 355.086669921875 598.104736328125 
2 551.1876831054688 146.6927490234375 845.37255859375 604.2702026367188 
3 0.4594573974609375 472.4981384277344 262.20501708984375 795.816162109375 
3 1674.7987060546875 17.808609008789062 1807.38671875 225.59649658203125 
3 519.9241943359375 61.69756317138672 712.0948486328125 280.54534912109375 
119
3 105.49403381347656 273.5243835449219 354.9998474121094 598.2457885742188 
3 0.45592498779296875 472.473876953125 262.2184753417969 795.7792358398438 
3 1676.016845703125 19.817764282226562 1813.2552490234375 228.3477783203125 
2 549.924072265625 147.96603393554688 845.1497802734375 604.35302734375 
3 521.7857055664062 61.938209533691406 714.3394165039062 281.26434326171875 
2 548.8209228515625 148.1246337890625 845.279541015625 604.058837890625 
120
3 105.77790832519531 272.95953369140625 354.771484375 598.1602783203125 
2 549.1024780273438 147.17620849609375 844.93310546875 604.09130859375 
3 0.4562530517578125 472.3853454589844 262.4816589355469 795.906982421875 
3 1676.273681640625 21.308486938476562 1819.86279296875 229.51296997070312 
3 524.1861572265625 61.18548583984375 715.1138916015625 285.08685302734375 
121
3 105.2308120727539 272.7893371582031 354.8889465332031 598.130859375 
3 0.447113037109375 472.4626159667969 262.0430908203125 795.7548828125 
3 1680.4056396484375 22.286773681640625 1822.468505859375 235.02224731445312 
2 545.21826171875 147.43463134765625 844.3695678710938 604.0989990234375 
3 524.7105712890625 59.5272216796875 715.995361328125 287.70257568359375 
3 525.82958984375 58.902008056640625 748.6965942382812 395.6806335449219 
122
3 102.86056518554688 272.9160461425781 355.03509521484375 598.20068359375 
3 0.46257781982421875 472.28399658203125 262.3695068359375 795.7398681640625 
2 542.189453125 144.2650146484375 844.7037963867188 604.3348999023438 
3 1682.1881103515625 23.69817352294922 1825.048095703125 234.74334716796875 
3 527.1458129882812 59.15174865722656 753.215087890625 409.32073974609375 
123
3 97.93350219726562 273.32366943359375 355.16131591796875 598.0636596679688 
2 542.9026489257812 142.26739501953125 842.3535766601562 604.2603759765625 
3 0.477752685546875 472.11395263671875 262.3977966308594 795.7807006835938 
3 1681.170166015625 24.51557159423828 1829.2197265625 232.89959716796875 
3 528.7257690429688 58.18824768066406 753.78662109375 409.1694030761719 
124
3 89.97283935546875 273.678955078125 355.0316467285156 598.1328125 
2 540.1358642578125 142.05319213867188 840.17041015625 604.5123291015625 
3 0.47759246826171875 472.3140563964844 262.0836181640625 795.6976318359375 
3 1679.7880859375 26.30962371826172 1835.520751953125 231.5816650390625 
3 531.9181518554688 58.400665283203125 753.3297729492188 407.39617919921875 
125
3 83.861328125 274.0688171386719 354.548583984375 597.9557495117188 
2 536.9453125 141.28109741210938 837.806884765625 604.5288696289062 
3 1678.192626953125 28.99669647216797 1842.212158203125 232.97427368164062 
3 0.48618316650390625 472.41949462890625 262.500732421875 795.6554565429688 
3 534.33837890625 57.99560546875 753.0850830078125 406.5115051269531 
126
3 79.48919677734375 274.438720703125 354.3868408203125 598.290771484375 
2 533.8055419921875 141.24996948242188 834.193359375 604.7147216796875 
3 1679.6627197265625 29.05316162109375 1850.101318359375 233.3330078125 
3 0.49741363525390625 472.4420166015625 262.4010925292969 795.7589111328125 
3 535.213623046875 58.28703308105469 753.2797241210938 406.3576354980469 
127
3 80.25405883789062 274.9444580078125 354.562744140625 598.2728271484375 
2 528.99169921875 141.81268310546875 827.3350830078125 604.5565795898438 
3 0.493438720703125 472.27313232421875 262.43841552734375 795.7353515625 
3 1680.491943359375 30.432937622070312 1857.647216796875 234.2926025390625 
3 536.2701416015625 58.225189208984375 753.4122314453125 406.2914123535156 
128
3 83.43914794921875 277.0805358886719 354.611083984375 598.1961669921875 
2 527.0477294921875 142.96463012695312 823.8063354492188 605.2760009765625 
3 0.5011520385742188 471.8804931640625 262.41314697265625 795.4854736328125 
3 1682.4500732421875 31.478652954101562 1871.5059814453125 234.78900146484375 
3 535.7919921875 57.512603759765625 753.387451171875 405.82928466796875 
129
3 89.81721496582031 277.8658447265625 354.9560546875 598.1455078125 
2 524.9801025390625 142.59060668945312 813.9476318359375 604.9093627929688 
3 0.483795166015625 471.9005432128906 262.2994079589844 795.46875 
3 1683.6778564453125 31.66344451904297 1878.3779296875 236.09185791015625 
3 536.5925903320312 57.066619873046875 753.5068359375 405.9222412109375 
130
3 93.83316040039062 278.14752197265625 354.8872375488281 598.5301513671875 
2 521.3475341796875 142.80996704101562 805.5074462890625 603.0198974609375 
3 0.4698333740234375 471.7945556640625 262.4097595214844 795.2698974609375 
3 1684.968017578125 31.706558227539062 1889.1754150390625 235.5145263671875 
3 538.3136596679688 56.11421203613281 753.7608642578125 405.9461669921875 
131
3 94.93037414550781 278.73583984375 355.0332946777344 599.5559692382812 
2 521.6309814453125 142.85107421875 798.236328125 602.73486328125 
3 0.4695281982421875 471.47760009765625 263.51544189453125 795.186279296875 
3 1687.772216796875 30.457107543945312 1898.7735595703125 235.3538818359375 
3 540.341064453125 55.7637939453125 753.8507080078125 406.4950256347656 
132
3 95.68911743164062 279.73028564453125 355.1715393066406 600.766845703125 
2 520.3385009765625 142.42691040039062 789.977294921875 603.5798950195312 
3 0.45168304443359375 471.5450439453125 263.49261474609375 795.154052734375 
3 1685.0703125 29.63501739501953 1905.3333740234375 235.2144775390625 
3 542.089599609375 55.51568603515625 753.9531860351562 407.0448303222656 
133
3 95.18447875976562 281.233154296875 355.4232482910156 605.2092895507812 
2 518.6767578125 141.63986206054688 781.6419677734375 606.3018798828125 
3 0.46019744873046875 471.1503601074219 263.778564453125 794.8428344726562 
3 1684.964599609375 27.602874755859375 1909.79833984375 235.42791748046875 
3 542.1629638671875 54.98382568359375 753.8975219726562 406.5685729980469 
134
3 1691.8636474609375 26.940643310546875 1915.002685546875 235.14190673828125 
3 95.58404541015625 281.97003173828125 355.6705017089844 610.3844604492188 
3 0.451446533203125 471.14251708984375 263.78509521484375 794.7937622070312 
2 518.5206298828125 141.4404296875 769.330810546875 608.9452514648438 
3 542.4708862304688 54.642822265625 754.037841796875 406.60589599609375 
135
3 1701.860107421875 26.56458282470703 1919.841552734375 235.12713623046875 
3 93.8704833984375 282.46142578125 355.835693359375 614.9146728515625 
2 517.5767211914062 140.32916259765625 758.2302856445312 613.6658935546875 
3 0.463592529296875 470.3370666503906 263.86669921875 794.7496948242188 
3 542.1025390625 54.4864501953125 753.51025390625 406.5557861328125 
136
3 1711.528564453125 24.537399291992188 1922.00732421875 235.7142333984375 
3 92.06103515625 284.55413818359375 355.91973876953125 620.48486328125 
3 0.46485137939453125 470.23931884765625 263.89532470703125 794.8233642578125 
2 516.9923706054688 139.60781860351562 746.619873046875 615.33935546875 
3 542.4788208007812 54.66511535644531 753.2398071289062 406.97479248046875 
137
3 88.19102478027344 285.97119140625 356.0216064453125 626.5686645507812 
3 0.4809417724609375 470.5804443359375 263.5054931640625 794.8154296875 
3 1723.0335693359375 22.42230987548828 1926.226806640625 235.98297119140625 
2 516.923583984375 141.04403686523438 746.4608764648438 615.43212890625 
3 543.5549926757812 54.660491943359375 752.890869140625 406.61090087890625 
138
3 85.17268371582031 287.70416259765625 356.3854064941406 632.7371826171875 
3 0.4838104248046875 470.739013671875 263.55535888671875 794.9365234375 
3 1735.1536865234375 22.337310791015625 1927.91748046875 235.75875854492188 
2 516.6668701171875 141.47732543945312 746.389404296875 613.1192626953125 
3 543.928466796875 54.23597717285156 752.986083984375 406.35162353515625 
139
3 80.05879211425781 288.9630126953125 356.1120910644531 637.4014892578125 
3 0.46953582763671875 471.3922424316406 263.5122985839844 795.0458984375 
2 516.9449462890625 142.06903076171875 746.8981323242188 609.100341796875 
3 543.6702880859375 54.0885009765625 753.1334838867188 406.8437805175781 
3 1745.3173828125 20.97320556640625 1931.3775634765625 235.44219970703125 
140
3 74.32325744628906 292.4632263183594 356.3617248535156 639.1551513671875 
3 0.474761962890625 471.4814453125 263.54779052734375 794.921142578125 
2 515.1411743164062 142.03326416015625 746.6353759765625 604.9517822265625 
3 1754.1663818359375 16.859214782714844 1931.8343505859375 234.98904418945312 
3 543.675537109375 54.24580383300781 753.0355224609375 407.2420349121094 
141
3 67.86270141601562 293.2336730957031 355.9234619140625 637.9002685546875 
3 0.5289764404296875 471.21844482421875 263.4164123535156 795.001220703125 
2 513.4251098632812 141.89312744140625 746.3596801757812 601.281982421875 
3 543.6016235351562 54.15679931640625 753.0922241210938 406.7439880371094 
3 1769.8690185546875 17.163223266601562 1933.48046875 231.07333374023438 
142
3 1782.0047607421875 15.7320556640625 1934.5697021484375 235.06170654296875 
3 61.94038391113281 296.60748291015625 356.4505310058594 638.1207275390625 
3 0.5311126708984375 471.07147216796875 263.6553955078125 794.9457397460938 
2 509.22479248046875 142.19866943359375 746.848876953125 596.7428588867188 
3 542.7364501953125 54.161895751953125 752.8867797851562 406.99359130859375 
143
3 57.4443359375 299.2961730957031 355.4618835449219 638.51220703125 
3 0.5593948364257812 471.07275390625 263.8086242675781 794.9865112304688 
3 1796.38232421875 15.635414123535156 1933.6904296875 237.2685546875 
2 505.9909973144531 141.9696044921875 746.129638671875 594.7081298828125 
3 542.9347534179688 54.12774658203125 753.19482421875 405.953857421875 
144
3 52.45343017578125 301.9864501953125 354.4173583984375 638.5595703125 
3 0.5381546020507812 471.5074462890625 263.7578430175781 794.88427734375 
2 502.7995910644531 141.43084716796875 746.1480712890625 590.2473754882812 
3 1798.1588134765625 14.535362243652344 1932.431396484375 238.82992553710938 
3 542.2373046875 54.101287841796875 752.5000610351562 406.2812805175781 
145
3 0.5380096435546875 472.03326416015625 262.62908935546875 795.002685546875 
3 47.461822509765625 303.1361999511719 352.6344909667969 638.6024169921875 
2 499.20257568359375 141.441650390625 746.3614501953125 586.8916015625 
3 1798.947998046875 15.393867492675781 1931.428955078125 241.01461791992188 
3 541.68115234375 53.969207763671875 752.643798828125 406.38836669921875 
146
3 0.5251312255859375 472.4635925292969 262.6862487792969 794.8955688476562 
3 42.69606018066406 303.66522216796875 351.83624267578125 638.5856323242188 
2 494.9530029296875 142.01092529296875 746.7205810546875 584.4048461914062 
3 1800.2333984375 17.348670959472656 1933.66650390625 243.36599731445312 
3 541.7161865234375 54.314971923828125 752.3528442382812 406.41961669921875 
147
2 489.9417724609375 139.9359130859375 745.9998779296875 582.4909057617188 
3 0.5097503662109375 472.8673095703125 262.7652587890625 794.6443481445312 
3 38.36744689941406 303.3347473144531 350.6778259277344 638.7068481445312 
3 1798.5980224609375 19.339202880859375 1938.288818359375 251.6781005859375 
3 541.5859375 53.77667236328125 752.6328125 406.2870788574219 
148
3 0.5071182250976562 472.7713928222656 262.84912109375 794.7099609375 
3 33.0384521484375 303.6040344238281 348.5039978027344 638.7225341796875 
2 486.37054443359375 139.75289916992188 746.7708740234375 582.9837646484375 
3 1798.0277099609375 19.04114532470703 1947.468505859375 252.647705078125 
3 541.1790771484375 53.85491943359375 753.126953125 406.24139404296875 
149
2 481.39691162109375 139.52056884765625 747.023681640625 583.3233032226562 
3 0.5305023193359375 472.51702880859375 262.86529541015625 794.5756225585938 
3 29.836669921875 304.0005187988281 346.907958984375 638.5655517578125 
3 1797.6583251953125 19.29107666015625 1950.9161376953125 254.36077880859375 
3 540.9036865234375 54.109527587890625 752.7664794921875 406.31964111328125 
150
3 0.5113143920898438 472.849609375 262.8696594238281 794.6792602539062 
2 478.3039245605469 140.31109619140625 747.145263671875 583.3431396484375 
3 25.976608276367188 303.1180725097656 346.0315246582031 638.5881958007812 
3 1798.0262451171875 21.36518096923828 1957.87646484375 256.9571228027344 
3 539.90576171875 54.385040283203125 753.0457153320312 406.6340026855469 
151
2 475.15960693359375 141.89849853515625 746.197265625 583.6583251953125 
3 0.5055313110351562 472.9642333984375 262.8186950683594 794.6926879882812 
3 23.830078125 302.7947998046875 344.1243896484375 638.4682006835938 
3 1799.509033203125 28.44646453857422 1964.995361328125 258.7061767578125 
3 539.619140625 54.780517578125 752.9894409179688 406.75604248046875 
152
2 471.14385986328125 144.89776611328125 745.1758422851562 583.352783203125 
3 0.4943389892578125 472.96728515625 262.9185791015625 794.7879028320312 
3 20.041824340820312 302.58831787109375 336.7235107421875 638.7451171875 
3 1799.884033203125 30.43108367919922 1972.922607421875 262.9987487792969 
3 539.722900390625 55.083465576171875 753.2236328125 406.88690185546875 
153
2 467.40966796875 145.8187255859375 745.2130126953125 583.5665283203125 
3 18.06463623046875 302.69158935546875 328.7795104980469 638.80810546875 
3 0.503204345703125 472.4909973144531 262.849365234375 794.7196044921875 
3 1801.530517578125 33.21118927001953 1980.7054443359375 264.701171875 
3 539.6580810546875 55.17604064941406 753.4228515625 407.24151611328125 
154
2 462.3547058105469 145.7379150390625 744.205078125 584.0929565429688 
3 0.5007781982421875 472.55511474609375 262.300048828125 794.7525634765625 
3 1801.8609619140625 37.12261962890625 1986.2735595703125 267.04083251953125 
3 16.574813842773438 303.2017822265625 319.30584716796875 638.8943481445312 
3 539.5892333984375 55.513031005859375 753.3668212890625 406.9955749511719 
155
2 457.64227294921875 145.03863525390625 739.9014282226562 583.9401245117188 
3 15.121475219726562 302.5500183105469 312.7931823730469 638.5106201171875 
3 0.528228759765625 472.41326904296875 262.3299255371094 794.7850341796875 
3 1805.5675048828125 41.477989196777344 1991.9407958984375 270.2834167480469 
3 539.4219970703125 55.792633056640625 753.5244140625 407.4070129394531 
156
2 455.1025085449219 144.97247314453125 741.7890625 583.70947265625 
3 12.881912231445312 302.28436279296875 310.44830322265625 638.4456787109375 
3 0.5280685424804688 472.25714111328125 262.53253173828125 794.8375854492188 
3 1809.5439453125 45.37330627441406 1999.040771484375 272.80267333984375 
3 539.24755859375 56.114990234375 753.3302001953125 409.9696350097656 
157
2 451.1718444824219 145.8343505859375 741.3134765625 583.8492431640625 
3 11.62469482421875 302.50946044921875 311.46630859375 638.5413208007812 
3 0.53924560546875 472.25128173828125 262.59527587890625 794.8515625 
3 537.7536010742188 56.33879089355469 753.6342163085938 412.5047607421875 
3 1817.7830810546875 43.467193603515625 2006.53515625 272.2524719238281 
158
2 447.54864501953125 147.57171630859375 738.9718017578125 584.3138427734375 
3 11.17333984375 302.93829345703125 310.6322021484375 638.6172485351562 
3 0.537261962890625 472.37982177734375 262.64581298828125 794.8148193359375 
3 1831.37060546875 44.3673095703125 2016.853271484375 272.75457763671875 
3 536.552001953125 56.25651550292969 753.499267578125 413.7845458984375 
159
2 444.00946044921875 149.31173706054688 735.829345703125 584.052734375 
3 11.017425537109375 303.5592346191406 310.4824523925781 638.4889526367188 
3 0.5343399047851562 472.37957763671875 262.27642822265625 794.8023681640625 
3 533.9169921875 56.274871826171875 753.6265258789062 414.31378173828125 
3 1846.6402587890625 45.24591064453125 2031.2716064453125 271.9607238769531 
160
2 439.4718017578125 150.70440673828125 734.636962890625 584.2921752929688 
3 9.107025146484375 304.9361572265625 311.00811767578125 638.6403198242188 
3 0.5418624877929688 472.5157470703125 262.58758544921875 794.8339233398438 
3 536.745849609375 57.2171630859375 754.0531005859375 413.6712341308594 
3 1862.213134765625 44.46324157714844 2035.309326171875 271.46142578125 
161
2 436.502197265625 152.7894287109375 732.312744140625 583.8367919921875 
3 7.646759033203125 306.3481140136719 309.4103698730469 638.7686767578125 
3 0.5549545288085938 472.74139404296875 262.32073974609375 795.3804931640625 
3 536.2053833007812 56.66065979003906 753.7596435546875 412.34039306640625 
3 1875.3494873046875 43.35633087158203 2044.4815673828125 272.91986083984375 
162
2 432.64013671875 154.72760009765625 727.8133544921875 584.180419921875 
3 7.412628173828125 306.5563659667969 309.6025695800781 638.8146362304688 
3 0.5652084350585938 472.62109375 262.5216064453125 795.3866577148438 
3 538.3697509765625 56.982635498046875 753.5532836914062 412.8486022949219 
3 1891.58544921875 47.58619689941406 2047.800537109375 273.70941162109375 
163
2 428.8582763671875 156.34307861328125 723.574951171875 583.9468994140625 
3 7.0354766845703125 306.4124755859375 309.46063232421875 638.7852172851562 
3 0.5675125122070312 473.0285949707031 262.7239685058594 795.146484375 
3 539.208740234375 56.95953369140625 753.9157104492188 412.35015869140625 
3 1904.8873291015625 47.661163330078125 2054.25 273.4883117675781 
164
2 425.6044921875 158.58303833007812 720.4589233398438 583.98779296875 
3 6.790557861328125 306.615234375 309.3547058105469 638.8125610351562 
3 0.5530548095703125 473.02813720703125 262.6679992675781 795.1406860351562 
3 539.6300048828125 56.9892578125 753.962890625 412.173828125 
3 1922.133544921875 49.39911651611328 2062.05908203125 272.345458984375 
165
2 423.46051025390625 160.038330078125 716.8231811523438 584.0916748046875 
3 5.8916168212890625 306.7564697265625 309.38623046875 638.8675537109375 
3 0.54791259765625 472.95556640625 262.1256103515625 795.045654296875 
3 540.1571044921875 56.67083740234375 753.8397216796875 413.36865234375 
3 1931.4541015625 48.96229553222656 2065.811767578125 272.8996887207031 
166
2 419.00048828125 160.3629150390625 713.1160888671875 584.5115356445312 
3 5.76318359375 306.40533447265625 309.46624755859375 638.9475708007812 
3 0.5567703247070312 472.96240234375 262.1001281738281 795.0916748046875 
3 540.3392944335938 56.59275817871094 753.7775268554688 413.4007873535156 
3 1938.7060546875 48.393157958984375 2081.32470703125 263.6986389160156 
167
2 417.7678527832031 162.04620361328125 711.196533203125 583.5686645507812 
3 5.6138763427734375 306.10028076171875 309.5758056640625 638.9869384765625 
3 0.5475921630859375 472.79864501953125 261.8576354980469 794.93115234375 
3 540.3883056640625 56.4368896484375 753.72119140625 413.1420593261719 
3 1930.539306640625 52.63817596435547 2084.396240234375 271.83837890625 
168
2 417.1999816894531 161.79669189453125 710.7884521484375 583.6465454101562 
3 5.883575439453125 305.15765380859375 309.50555419921875 638.9732055664062 
3 0.53814697265625 472.8443908691406 261.9400634765625 794.9445190429688 
3 540.3568115234375 56.378997802734375 753.7587890625 413.5097961425781 
3 1930.147216796875 54.623634338378906 2100.651611328125 271.5909423828125 
169
2 412.6902160644531 162.38143920898438 709.37548828125 583.2301635742188 
3 5.973419189453125 304.50390625 309.4052734375 639.0045166015625 
3 0.542236328125 472.8957824707031 261.82171630859375 795.0985717773438 
3 539.6248779296875 56.25653076171875 753.7048950195312 413.34613037109375 
3 1930.87353515625 56.56138610839844 2102.85595703125 273.7441101074219 
170
2 411.3197326660156 162.67037963867188 705.5345458984375 583.17529296875 
3 6.2718963623046875 304.59320068359375 309.3309326171875 639.017333984375 
3 0.5395355224609375 472.8932800292969 261.75543212890625 795.0653076171875 
3 539.6341552734375 56.34596252441406 753.7385864257812 413.6398620605469 
3 1930.386474609375 60.604042053222656 2104.419677734375 274.1046447753906 
171
3 6.5052490234375 304.42388916015625 309.5174560546875 638.8221435546875 
2 409.1805114746094 163.0184326171875 701.8585205078125 583.4464111328125 
3 0.534759521484375 472.811279296875 261.6594543457031 794.91845703125 
3 539.5859375 56.128814697265625 753.82080078125 413.7744445800781 
3 1930.984375 62.23896789550781 2106.85009765625 275.35137939453125 
172
3 6.9605255126953125 304.2664794921875 309.53448486328125 638.655029296875 
2 403.5758056640625 162.9390869140625 701.678955078125 583.555419921875 
3 0.529144287109375 472.7350769042969 261.66461181640625 794.9495849609375 
3 539.3277587890625 56.114105224609375 753.9258422851562 413.74560546875 
3 1932.1099853515625 64.26773071289062 2148.47509765625 278.64434814453125 
173
3 6.96368408203125 304.0046081542969 308.6229248046875 638.6668090820312 
2 400.23992919921875 162.583740234375 703.073486328125 583.2092895507812 
3 0.525665283203125 472.45977783203125 261.65008544921875 794.8759765625 
3 539.5880126953125 55.8804931640625 753.9297485351562 413.8345642089844 
3 1934.443359375 66.14390563964844 2146.060302734375 277.9913024902344 
174
3 6.4112548828125 304.8785095214844 308.5904541015625 638.7117919921875 
2 398.52655029296875 163.74169921875 703.8658447265625 583.3361206054688 
3 0.5219802856445312 472.4256591796875 261.5968017578125 794.8789672851562 
3 539.5107421875 55.83824157714844 754.0211181640625 413.7371826171875 
3 1937.5081787109375 66.4813232421875 2152.42138671875 280.6099548339844 
175
3 6.651397705078125 304.84222412109375 309.2520751953125 638.6832885742188 
2 397.00311279296875 163.67391967773438 705.5432739257812 583.64306640625 
3 0.5062942504882812 472.22021484375 261.85760498046875 794.93359375 
3 539.7915649414062 55.679901123046875 753.7577514648438 414.0755920410156 
3 1943.00439453125 66.50049591064453 2179.6494140625 280.8790283203125 
176
3 7.0792236328125 304.41668701171875 308.97503662109375 638.7386474609375 
3 0.49954986572265625 473.04888916015625 261.5299377441406 794.85693359375 
3 539.599365234375 55.44451904296875 753.7860107421875 414.0543212890625 
2 398.51971435546875 164.879638671875 706.8051147460938 583.58447265625 
3 1946.3818359375 65.82569122314453 2182.90869140625 281.0262145996094 
177
3 6.4113311767578125 304.86846923828125 309.16473388671875 638.6298828125 
3 0.5201568603515625 473.4273376464844 262.2680969238281 794.8001708984375 
2 400.16717529296875 165.03851318359375 705.50244140625 583.5503540039062 
3 539.7021484375 55.52459716796875 753.9181518554688 413.0711669921875 
3 1951.874267578125 63.72966766357422 2198.4296875 280.7904357910156 
178
2 399.15533447265625 165.99513244628906 704.9511108398438 583.512451171875 
3 5.912017822265625 305.1471252441406 309.1702575683594 638.7273559570312 
3 1958.04345703125 63.838645935058594 2198.557861328125 280.0746765136719 
3 0.5345382690429688 473.9690856933594 262.2712097167969 794.8131103515625 
3 540.004150390625 55.36041259765625 753.9658203125 412.4145812988281 
179
2 398.1517028808594 165.99014282226562 705.6092529296875 582.9635009765625 
3 5.6273040771484375 305.26727294921875 309.44244384765625 638.6171264648438 
3 0.500152587890625 473.93865966796875 262.11785888671875 794.8462524414062 
3 1964.5799560546875 63.461151123046875 2202.812744140625 280.1810302734375 
3 540.02734375 55.37579345703125 754.033447265625 412.83746337890625 
180
2 399.1026611328125 165.78353881835938 705.8828735351562 582.7191772460938 
3 4.782135009765625 305.70977783203125 309.5523986816406 638.5958251953125 
3 0.51239013671875 474.0262451171875 262.087890625 795.013671875 
3 540.0140380859375 55.3038330078125 753.9534912109375 411.4558410644531 
3 1971.420166015625 63.06050109863281 2204.9716796875 280.84881591796875 
181
2 397.79766845703125 165.80059814453125 710.412109375 583.05419921875 
3 4.17181396484375 306.3618469238281 309.9471435546875 638.6009521484375 
3 0.5240936279296875 474.1593017578125 262.17333984375 795.1200561523438 
3 1977.892578125 64.52909851074219 2202.0791015625 280.73272705078125 
3 539.740234375 55.27801513671875 754.0357666015625 411.1571044921875 
182
2 398.1022644042969 166.14871215820312 710.8251953125 583.1629638671875 
3 2.2922821044921875 306.3616638183594 310.2380676269531 638.51220703125 
3 0.5301361083984375 474.4851379394531 262.1289367675781 795.148681640625 
3 1980.1998291015625 65.79426574707031 2198.9365234375 280.9339904785156 
3 539.8985595703125 55.34696960449219 754.0720825195312 410.03363037109375 
183
2 399.3095397949219 165.65032958984375 717.315185546875 584.6720581054688 
3 1.54449462890625 306.245361328125 310.2240905761719 638.5948486328125 
3 0.53326416015625 474.3295593261719 262.27032470703125 795.162841796875 
3 1991.8226318359375 66.392333984375 2199.388671875 281.5601501464844 
3 539.8062744140625 55.276611328125 754.0194702148438 410.80694580078125 
184
2 401.90875244140625 166.56979370117188 726.2542724609375 583.5509643554688 
3 0.9450531005859375 306.36083984375 310.43719482421875 638.6556396484375 
3 0.5258331298828125 474.1641845703125 262.22137451171875 795.0810546875 
3 1999.5050048828125 66.96980285644531 2198.5146484375 282.48199462890625 
3 539.9403076171875 55.16423034667969 753.751953125 411.8537902832031 
185
3 0.69122314453125 306.4486389160156 310.5684509277344 638.6259765625 
2 402.0923156738281 165.42990112304688 732.4686279296875 583.5150146484375 
3 0.5296554565429688 473.98809814453125 262.180908203125 795.0303955078125 
3 540.2457275390625 55.104095458984375 753.4630126953125 414.24285888671875 
3 2005.2413330078125 67.02535247802734 2201.453369140625 284.0560607910156 
186
3 0.528411865234375 306.9502258300781 310.5545654296875 638.7457885742188 
2 406.88348388671875 165.005859375 737.1488037109375 583.3358764648438 
3 0.513824462890625 473.9726867675781 262.50897216796875 795.05419921875 
3 540.570556640625 55.27485656738281 753.5029296875 414.09503173828125 
3 2008.5938720703125 67.42855834960938 2199.6494140625 285.8706359863281 
187
3 0.459197998046875 306.7480163574219 310.44140625 638.7792358398438 
2 410.2107238769531 164.73190307617188 739.8660888671875 583.8881225585938 
3 0.5282745361328125 474.1324462890625 262.66827392578125 795.052490234375 
3 540.5718994140625 55.41905212402344 753.490234375 413.92327880859375 
3 2017.0321044921875 68.90072631835938 2201.65478515625 286.67620849609375 
188
2 412.6761169433594 165.23211669921875 738.66259765625 584.8453369140625 
3 0.420318603515625 307.0560302734375 310.58001708984375 638.8472900390625 
3 0.5294036865234375 474.2715148925781 262.67401123046875 795.0761108398438 
3 540.1704711914062 55.48564147949219 753.6142578125 414.2840881347656 
3 2021.96533203125 68.7156982421875 2174.66259765625 288.92095947265625 
189
3 0.332916259765625 307.4088134765625 310.2966003417969 638.733154296875 
2 415.5987548828125 164.85943603515625 738.36962890625 584.548095703125 
3 0.5392684936523438 474.22998046875 262.7431945800781 795.1149291992188 
3 540.222900390625 55.321685791015625 753.639404296875 414.17938232421875 
3 2028.3265380859375 69.06087493896484 2172.87841796875 290.383056640625 
190
3 0.34381103515625 307.47479248046875 309.9569091796875 638.8623657226562 
2 417.53948974609375 164.254638671875 738.1060180664062 584.9027099609375 
3 0.5477447509765625 474.38775634765625 262.5547790527344 794.982421875 
3 540.0703125 55.66935729980469 753.873046875 413.3071594238281 
3 2032.5069580078125 69.36080932617188 2175.619873046875 290.8643798828125 
191
3 0.3045654296875 308.1639404296875 310.8431091308594 639.0443725585938 
3 0.5679168701171875 474.38568115234375 263.186767578125 794.8596801757812 
3 540.3856201171875 56.25634765625 753.9324951171875 412.5599670410156 
2 419.0550842285156 162.04681396484375 739.6444091796875 584.8699951171875 
3 2033.602783203125 69.22771453857422 2181.816650390625 290.40045166015625 
3 2034.09228515625 69.60258483886719 2183.619384765625 292.35919189453125 
192
3 0.232818603515625 308.6546630859375 310.8817443847656 638.9515991210938 
2 421.239990234375 163.16732788085938 739.1351318359375 584.3472900390625 
3 0.5633544921875 474.29901123046875 263.2906799316406 794.8544921875 
3 540.5074462890625 56.2872314453125 753.9954223632812 411.31317138671875 
3 2034.2620849609375 72.40491485595703 2179.69189453125 290.0853271484375 
3 2034.3111572265625 73.08554077148438 2182.3525390625 291.7059020996094 
193
3 0.107269287109375 309.3632507324219 310.5268249511719 638.91748046875 
2 425.709228515625 162.79559326171875 738.700927734375 584.2553100585938 
3 0.5731201171875 474.260986328125 263.0917053222656 795.0206298828125 
3 2034.1507568359375 73.0833969116211 2181.7119140625 293.09844970703125 
3 541.1497802734375 56.54978942871094 753.426025390625 410.9915771484375 
194
2 428.07781982421875 162.6834716796875 738.9057006835938 584.2227783203125 
3 0.135223388671875 309.70660400390625 310.622802734375 638.9208374023438 
3 0.5754776000976562 474.05731201171875 263.1654357910156 795.0455322265625 
3 541.4890747070312 56.662353515625 753.390380859375 409.9362487792969 
3 2035.6136474609375 74.18133544921875 2184.232177734375 292.49176025390625 
195
2 430.75677490234375 162.75869750976562 738.819580078125 584.2196044921875 
3 0.1713104248046875 310.9307861328125 310.90777587890625 638.8727416992188 
3 0.5797805786132812 473.9474182128906 263.5255126953125 795.040771484375 
3 541.4354858398438 57.319122314453125 753.3443603515625 408.9335021972656 
3 2035.405029296875 75.7123031616211 2191.939453125 296.3523254394531 
196
2 434.1785888671875 161.06793212890625 738.6688232421875 584.1195068359375 
3 0.22332763671875 311.1476745605469 310.8553466796875 638.8741455078125 
3 0.5702133178710938 473.960693359375 263.4921569824219 794.999267578125 
3 2034.5123291015625 77.0956039428711 2187.3466796875 300.12860107421875 
3 541.6810302734375 57.61260986328125 753.456787109375 409.223876953125 
197
3 0.1953125 311.7666320800781 310.8782958984375 639.0109252929688 
2 439.154296875 159.69390869140625 738.7958984375 584.2755126953125 
3 0.5789871215820312 474.051513671875 263.3050537109375 794.9476318359375 
3 542.2867431640625 57.956451416015625 753.5186767578125 409.2550964355469 
3 2035.024169921875 77.52886199951172 2189.504150390625 302.2021789550781 
198
3 0.213226318359375 312.9010009765625 310.9241638183594 639.0068969726562 
2 442.49786376953125 158.50543212890625 739.254638671875 584.3104248046875 
3 0.5695114135742188 474.1150817871094 263.2749328613281 794.9246826171875 
3 541.302734375 57.57325744628906 753.341796875 408.8052978515625 
3 2034.2413330078125 79.61769104003906 2192.85791015625 304.025390625 
199
2 445.819580078125 156.4249267578125 739.5540771484375 584.3616943359375 
3 0.150238037109375 314.35968017578125 310.7645263671875 639.001708984375 
3 0.5772552490234375 474.4485778808594 263.15911865234375 794.8654174804688 
3 540.297119140625 57.62556457519531 753.3153686523438 408.6828308105469 
3 2035.3079833984375 79.66255187988281 2188.612060546875 303.07464599609375 
200
2 449.68701171875 154.6214599609375 739.4577026367188 584.1981811523438 
3 0.2099609375 314.7786865234375 310.7693176269531 639.09814453125 
3 0.57757568359375 474.5400695800781 263.1656494140625 794.7813110351562 
3 538.2117919921875 58.074981689453125 753.2723999023438 409.15374755859375 
3 2035.57763671875 80.21412658691406 2189.080322265625 307.1665954589844 
201
2 452.73089599609375 152.7596435546875 739.29833984375 584.3599243164062 
3 0.24517822265625 315.9908752441406 310.9598388671875 638.8989868164062 
3 0.552978515625 474.44281005859375 263.08837890625 794.7600708007812 
3 534.4144897460938 58.0789794921875 753.4788208007812 408.89013671875 
3 2038.5235595703125 80.74493408203125 2189.070068359375 301.3468017578125 
202
2 455.19891357421875 150.571533203125 739.4327392578125 584.845703125 
3 0.2543182373046875 316.7731018066406 310.9764404296875 638.8902587890625 
3 0.55914306640625 474.33734130859375 263.0915832519531 794.7334594726562 
3 2040.037109375 82.21946716308594 2189.83349609375 301.9307861328125 
3 527.3624267578125 57.92913818359375 753.329345703125 408.4178466796875 
203
2 457.37347412109375 149.59722900390625 739.08203125 584.6099243164062 
3 0.2526702880859375 317.01220703125 310.93292236328125 638.8499755859375 
3 0.5570755004882812 474.559814453125 262.9730224609375 794.7874145507812 
3 2041.342041015625 82.10505676269531 2191.64013671875 301.9031982421875 
3 530.597900390625 57.79803466796875 753.4066162109375 408.0260009765625 
204
2 458.8729248046875 147.357666015625 738.9263916015625 584.3032836914062 
3 0.170806884765625 317.2906188964844 310.8768310546875 638.8319091796875 
3 0.564910888671875 474.7736511230469 263.0198974609375 794.8344116210938 
3 2047.9442138671875 82.03741455078125 2190.406005859375 304.6977233886719 
3 535.9548950195312 57.63165283203125 753.6176147460938 407.9884948730469 
205
3 0.217620849609375 317.2652587890625 310.79718017578125 638.9495849609375 
2 462.9690856933594 148.70672607421875 738.4654541015625 583.9039916992188 
3 0.5730667114257812 475.60693359375 263.1331787109375 794.7271728515625 
3 2066.150390625 82.44798278808594 2191.82763671875 305.376708984375 
3 537.1500244140625 57.736572265625 753.4642944335938 407.9095764160156 
206
3 0.278350830078125 317.430419921875 311.0121154785156 638.9384765625 
2 466.42742919921875 148.73394775390625 738.0208740234375 583.7391357421875 
3 0.5575714111328125 475.75335693359375 263.20770263671875 795.0196533203125 
3 2068.323486328125 82.29390716552734 2192.47216796875 305.686767578125 
3 538.4729614257812 57.920989990234375 753.3119506835938 407.5003662109375 
207
3 0.256103515625 317.44708251953125 310.97406005859375 638.9149169921875 
2 469.055908203125 148.55703735351562 738.064697265625 583.680908203125 
3 0.5433349609375 476.0650634765625 263.1549072265625 794.8156127929688 
3 538.9891357421875 57.86541748046875 753.44775390625 407.8115234375 
3 2070.363525390625 82.72296905517578 2193.427978515625 304.8684387207031 
208
2 470.01806640625 147.41925048828125 738.6480102539062 583.8457641601562 
3 0.267913818359375 317.77484130859375 310.8782653808594 638.9832153320312 
3 0.5231170654296875 476.3525390625 262.67730712890625 794.693359375 
3 539.2853393554688 58.072113037109375 753.3175048828125 407.69384765625 
3 2069.56982421875 82.32268524169922 2193.7578125 306.8770446777344 
209
3 0.273773193359375 317.1064758300781 310.7318420410156 638.9298095703125 
2 472.2562561035156 146.47555541992188 738.82763671875 584.0835571289062 
3 0.5201416015625 476.8575439453125 262.4652404785156 794.792724609375 
3 539.2869262695312 58.1490478515625 753.2977905273438 407.5164489746094 
3 2066.19189453125 82.69037628173828 2190.655029296875 306.8734130859375 
210
2 473.58123779296875 145.33831787109375 738.5130004882812 583.51513671875 
3 0.25970458984375 316.7000732421875 310.69146728515625 638.97216796875 
3 0.5354461669921875 477.3250732421875 262.36328125 794.6755981445312 
3 539.403564453125 58.138885498046875 753.1552124023438 407.35284423828125 
3 2053.038330078125 82.13558197021484 2191.500732421875 307.06182861328125 
211
3 0.241912841796875 316.6351318359375 310.710693359375 638.939697265625 
2 476.1343994140625 143.9638671875 738.7572631835938 583.3984375 
3 0.5382232666015625 477.57470703125 263.09002685546875 794.5988159179688 
3 539.0056762695312 58.042633056640625 753.0244750976562 407.2218322753906 
3 2050.052001953125 82.75271606445312 2197.45654296875 306.9719543457031 
212
2 475.8802185058594 143.40054321289062 738.4315185546875 583.03857421875 
3 0.271026611328125 316.4435119628906 310.46759033203125 638.9410400390625 
3 0.55145263671875 478.0101318359375 262.4380798339844 794.4345703125 
3 538.07666015625 58.1590576171875 752.9354858398438 406.7978515625 
3 2064.3955078125 83.57552337646484 2194.462158203125 306.8036193847656 
213
2 477.9651794433594 143.55023193359375 738.2591552734375 583.112060546875 
3 0.311920166015625 316.2149658203125 310.5380859375 638.9225463867188 
3 0.5652008056640625 478.5279541015625 262.8121643066406 794.3385620117188 
3 2049.131591796875 82.73490142822266 2199.8759765625 307.34967041015625 
3 537.8499145507812 58.218841552734375 752.8233642578125 406.31915283203125 
214
3 0.2980804443359375 315.8975830078125 310.17852783203125 638.9149169921875 
3 0.5501556396484375 479.430419921875 262.99932861328125 794.585205078125 
3 2055.283935546875 82.73084259033203 2202.076904296875 307.22003173828125 
3 537.9041748046875 58.22802734375 752.8468017578125 406.1446228027344 
2 480.3426513671875 142.30560302734375 738.529541015625 583.22216796875 
2 480.55419921875 143.03311157226562 738.3717651367188 583.2343139648438 
215
3 0.2979736328125 315.8153991699219 310.2745361328125 638.9542236328125 
3 0.5611801147460938 479.6993408203125 263.15966796875 794.6537475585938 
2 480.7192077636719 141.79513549804688 738.567626953125 583.32666015625 
3 2050.511962890625 82.11275482177734 2201.828369140625 307.7818908691406 
3 537.797119140625 58.273590087890625 752.884033203125 405.81915283203125 
2 480.4099426269531 141.58505249023438 738.6734008789062 583.0799560546875 
216
2 484.3525695800781 139.85443115234375 738.5404052734375 583.288330078125 
3 0.30377197265625 315.7723388671875 310.1468505859375 638.9090576171875 
3 0.5646896362304688 479.59039306640625 263.064453125 794.9254150390625 
3 2052.536376953125 83.2562026977539 2200.752685546875 308.3303527832031 
3 537.3920288085938 58.22947692871094 752.8514404296875 405.9291076660156 
217
3 0.30633544921875 315.3623046875 310.3403015136719 638.818115234375 
3 0.5664138793945312 480.118408203125 263.124267578125 794.8485107421875 
2 486.7615966796875 140.6490478515625 738.736328125 583.042236328125 
3 2062.1328125 85.40785217285156 2205.38623046875 309.4869384765625 
3 537.87060546875 58.2568359375 752.7791748046875 406.08056640625 
2 485.9642028808594 140.42971801757812 738.7586669921875 583.0963134765625 
218
3 0.257293701171875 315.2324523925781 310.2500915527344 638.8856201171875 
2 488.5892639160156 139.8017578125 738.5767822265625 582.663818359375 
3 0.594482421875 481.8428955078125 263.17083740234375 794.97900390625 
3 2054.583251953125 86.29373168945312 2209.08984375 312.75347900390625 
3 538.0689086914062 58.241973876953125 752.7938232421875 406.51617431640625 
219
3 0.18951416015625 315.22198486328125 310.21258544921875 638.9152221679688 
2 489.8651123046875 139.3450927734375 738.8162841796875 582.2747802734375 
3 0.622161865234375 485.2752685546875 263.1517333984375 795.477783203125 
3 2059.06494140625 86.64260864257812 2219.965576171875 316.8614196777344 
3 538.1688232421875 58.15989685058594 752.7156372070312 406.2659912109375 
220
2 493.73846435546875 139.45864868164062 738.4647827148438 582.402587890625 
3 0.203887939453125 315.1220703125 310.1225891113281 638.8553466796875 
3 0.5945358276367188 487.0885009765625 262.97430419921875 795.746826171875 
3 538.4922485351562 58.08123779296875 752.854248046875 406.61029052734375 
3 2059.392333984375 86.8704833984375 2228.421875 323.2462158203125 
221
2 495.091552734375 139.82342529296875 737.85791015625 582.1117553710938 
3 0.21612548828125 315.23895263671875 310.2455139160156 638.65087890625 
3 0.5739593505859375 486.09185791015625 261.78228759765625 795.7526245117188 
3 538.4389038085938 58.07414245605469 753.0245361328125 405.9505615234375 
3 2054.056396484375 87.34906768798828 2231.342041015625 325.0611572265625 
222
3 0.276336669921875 315.1121826171875 310.2503662109375 638.71240234375 
3 0.6245193481445312 488.20062255859375 261.8220520019531 795.79248046875 
3 538.489013671875 57.974365234375 753.0690307617188 406.192626953125 
3 2060.19775390625 86.53311157226562 2234.0263671875 324.62939453125 
2 497.05889892578125 139.95004272460938 737.635498046875 582.6357421875 
2 498.9239807128906 139.21755981445312 737.7677001953125 582.8895263671875 
223
3 0.294281005859375 315.07330322265625 310.4385986328125 638.7553100585938 
3 0.5842361450195312 489.89935302734375 262.4697265625 795.9627685546875 
2 500.16259765625 138.67398071289062 738.3339233398438 582.7864990234375 
3 538.0484008789062 57.960052490234375 752.9632568359375 406.6206359863281 
3 2060.17431640625 86.64970397949219 2231.355224609375 324.8681335449219 
3 2047.3577880859375 87.08257293701172 2229.483154296875 324.2353515625 
224
3 0.2429046630859375 315.0724182128906 310.2492980957031 638.710205078125 
3 0.561920166015625 489.1014404296875 262.24151611328125 795.8832397460938 
2 501.8177490234375 137.38128662109375 738.2303466796875 582.9060668945312 
3 537.458984375 58.166168212890625 753.2324829101562 407.0530090332031 
3 2073.1259765625 86.65164947509766 2238.82958984375 324.9139709472656 
225
3 0.2519378662109375 315.157470703125 310.5158996582031 638.79638671875 
3 0.5598831176757812 491.09710693359375 262.218505859375 794.6309204101562 
2 504.4510803222656 137.76983642578125 737.70849609375 582.6561889648438 
3 537.4312744140625 58.01930236816406 753.0510864257812 407.0989685058594 
3 2043.927978515625 85.89069366455078 2240.21484375 324.284423828125 
226
3 0.2669677734375 314.99847412109375 310.5994873046875 638.7979125976562 
3 0.5631027221679688 492.9393310546875 262.10931396484375 794.6349487304688 
2 506.20025634765625 136.92645263671875 737.6407470703125 582.8482666015625 
3 538.21484375 58.136871337890625 753.071044921875 407.2462463378906 
3 2044.2161865234375 83.64231872558594 2245.741943359375 324.1102600097656 
227
3 0.2743377685546875 314.93060302734375 310.73187255859375 638.6788330078125 
2 507.71026611328125 139.07958984375 737.5704956054688 582.3058471679688 
3 0.5564117431640625 492.2755126953125 261.55584716796875 794.4700927734375 
3 538.9578857421875 58.098419189453125 753.6502685546875 407.0262451171875 
3 2043.836669921875 82.55751037597656 2246.361328125 324.1363830566406 
228
3 0.2896575927734375 314.9384765625 310.71331787109375 638.7003784179688 
3 0.532073974609375 492.09808349609375 261.48614501953125 793.7957763671875 
2 510.06158447265625 137.74530029296875 737.75048828125 582.9420776367188 
3 538.7677001953125 58.14154052734375 753.497802734375 407.2484130859375 
3 2044.4674072265625 82.19503784179688 2247.1953125 324.0317077636719 
229
3 0.2473297119140625 315.0271911621094 310.6326904296875 638.71240234375 
3 0.5428009033203125 492.85626220703125 262.4410400390625 792.3493041992188 
2 513.8444213867188 139.60208129882812 737.0677490234375 581.5234375 
3 2060.688232421875 78.77281951904297 2247.3798828125 323.93438720703125 
3 538.9908447265625 58.12751770019531 753.3241577148438 406.97747802734375 
230
3 0.2705535888671875 315.16265869140625 310.64569091796875 638.6705322265625 
3 0.5453414916992188 492.77581787109375 262.71246337890625 791.312255859375 
3 538.99658203125 58.17718505859375 753.3690185546875 406.959228515625 
3 2044.4124755859375 77.8468017578125 2248.41259765625 324.3861083984375 
2 512.78759765625 138.64456176757812 737.0744018554688 582.8809814453125 
231
3 0.272491455078125 315.1873779296875 310.5567626953125 638.783447265625 
3 0.5106201171875 496.4556884765625 263.31341552734375 789.413330078125 
2 515.9266967773438 139.08172607421875 737.3133544921875 581.7459716796875 
3 2056.430908203125 74.4705810546875 2248.283935546875 324.53717041015625 
3 538.7628173828125 58.02154541015625 753.2996826171875 406.7804870605469 
232
3 0.2264556884765625 315.19207763671875 310.55389404296875 638.77734375 
2 516.3810424804688 138.57736206054688 737.12353515625 582.0465698242188 
3 0.47540283203125 497.66754150390625 263.42022705078125 788.7454833984375 
3 2045.4661865234375 73.96435546875 2248.785888671875 324.31390380859375 
3 539.00244140625 57.92076110839844 753.0797729492188 406.25274658203125 
233
3 0.2352294921875 315.3490295410156 310.64617919921875 638.983154296875 
3 0.474029541015625 498.888916015625 263.78533935546875 787.2938232421875 
2 516.5438842773438 136.90289306640625 736.702880859375 583.3946533203125 
3 2046.44580078125 73.05181121826172 2247.67626953125 324.23394775390625 
3 538.4585571289062 57.9454345703125 752.973876953125 406.0899658203125 
234
3 0.2177734375 315.34747314453125 310.6810302734375 639.062744140625 
3 0.439361572265625 500.856689453125 263.3431701660156 785.4453125 
2 516.614013671875 136.81381225585938 736.8247680664062 585.4876098632812 
3 2047.9886474609375 71.06429290771484 2245.25732421875 324.31268310546875 
3 538.6536865234375 58.00392150878906 752.7548828125 406.0412292480469 
235
3 0.247039794921875 315.355712890625 310.54736328125 639.2015991210938 
3 0.458282470703125 502.64739990234375 262.7460632324219 782.5510864257812 
2 516.965087890625 136.64572143554688 737.2889404296875 588.4935913085938 
3 2049.44482421875 70.77987670898438 2241.746826171875 324.3948669433594 
3 538.890869140625 58.12750244140625 752.6329956054688 406.0701904296875 
236
3 0.25750732421875 315.52288818359375 310.51177978515625 639.463623046875 
2 517.7713623046875 139.35067749023438 737.5155639648438 591.44580078125 
3 0.43663787841796875 503.76959228515625 262.129150390625 777.3109741210938 
3 2047.8533935546875 70.5944595336914 2241.590576171875 324.04095458984375 
3 538.8206787109375 58.130767822265625 752.5875854492188 405.8762512207031 
237
3 0.281158447265625 315.49615478515625 310.5307922363281 639.2080078125 
3 0.431915283203125 504.49871826171875 260.507568359375 776.406494140625 
3 2042.064208984375 68.05996704101562 2239.3994140625 324.3287353515625 
3 538.9443969726562 58.256439208984375 752.7158813476562 406.4283447265625 
2 523.5919799804688 180.2794189453125 714.697021484375 565.7412719726562 
238
3 0.344970703125 315.638916015625 310.55303955078125 639.25634765625 
3 0.46722412109375 505.75762939453125 259.40771484375 774.6345825195312 
2 517.5853271484375 140.12725830078125 735.8961181640625 598.1121826171875 
3 2033.151123046875 67.18010711669922 2233.23095703125 324.3094482421875 
3 538.8858032226562 58.220123291015625 752.732666015625 406.60406494140625 
239
3 0.414947509765625 315.67047119140625 310.73175048828125 639.25927734375 
3 0.46266937255859375 505.62322998046875 255.0657958984375 773.99365234375 
3 2026.25927734375 67.21707153320312 2231.84375 324.6534423828125 
2 517.220947265625 140.56365966796875 735.8621215820312 600.0665283203125 
3 538.9894409179688 58.26020812988281 752.6219482421875 406.5012512207031 
240
3 0.521331787109375 315.6539001464844 310.7347717285156 639.1309204101562 
2 516.8748168945312 141.055419921875 733.6268310546875 601.9592895507812 
3 0.4534759521484375 504.99725341796875 253.92837524414062 774.6792602539062 
3 2023.520751953125 66.13885498046875 2230.65869140625 324.2819519042969 
3 538.8045654296875 58.341949462890625 752.8812866210938 406.2586669921875 
241
3 0.4859619140625 316.0070495605469 310.8912353515625 639.1470947265625 
3 0.4465789794921875 504.35137939453125 251.94862365722656 774.5986328125 
2 515.89453125 140.7078857421875 734.56201171875 604.0372314453125 
3 2020.2781982421875 66.32258605957031 2224.9404296875 324.46820068359375 
3 538.4058837890625 58.521881103515625 753.2459716796875 406.6536865234375 
242
2 516.06298828125 141.834228515625 737.1312255859375 604.8016357421875 
3 0.3925323486328125 316.79150390625 311.1487731933594 639.1436767578125 
3 0.427093505859375 503.520751953125 249.26412963867188 774.1549072265625 
3 2014.9342041015625 66.4814453125 2219.306396484375 324.33758544921875 
3 538.702392578125 58.2242431640625 753.0743408203125 406.7257385253906 
243
3 0.4232177734375 317.55352783203125 311.1604919433594 639.0943603515625 
3 0.40567779541015625 502.10693359375 246.12835693359375 773.916259765625 
2 515.380859375 142.18667602539062 740.9439697265625 606.3845825195312 
3 2010.5701904296875 65.810302734375 2222.999267578125 324.484375 
3 538.4400634765625 58.273590087890625 752.7538452148438 407.01568603515625 
244
3 0.3956298828125 317.57708740234375 311.36572265625 639.29345703125 
2 513.4786987304688 144.60662841796875 744.6783447265625 606.383056640625 
3 0.378753662109375 501.190673828125 244.85696411132812 772.7978515625 
3 2010.354736328125 63.723480224609375 2204.76611328125 324.3307189941406 
3 538.8701782226562 58.090576171875 752.4361572265625 406.3946838378906 
245
2 511.4654235839844 143.4339599609375 747.8072509765625 607.9955444335938 
3 0.4018402099609375 318.1304016113281 311.4952392578125 639.220947265625 
3 0.412261962890625 499.61895751953125 243.49777221679688 773.3768920898438 
3 2009.70263671875 61.31105041503906 2221.57568359375 324.4432373046875 
3 538.9189453125 58.4180908203125 752.615966796875 406.9718933105469 
246
2 510.3111877441406 143.11834716796875 747.4261474609375 608.7637939453125 
3 0.377471923828125 318.114013671875 310.57684326171875 639.256103515625 
3 0.40362548828125 496.63287353515625 242.12991333007812 773.4346923828125 
3 2009.8175048828125 61.05213928222656 2191.861083984375 323.8097839355469 
3 538.827392578125 58.3544921875 752.6491088867188 406.91876220703125 
247
2 507.78070068359375 145.9979248046875 749.5587158203125 606.8760986328125 
3 0.42779541015625 318.0030517578125 309.06781005859375 639.2152099609375 
3 2008.6396484375 58.21392822265625 2186.66357421875 322.4719543457031 
3 0.4473876953125 492.24786376953125 240.2549285888672 773.270263671875 
3 538.7825927734375 58.24491882324219 752.4022216796875 406.560302734375 
248
2 506.61090087890625 146.26608276367188 750.1870727539062 607.354248046875 
3 0.387908935546875 317.646484375 303.26885986328125 639.1436157226562 
3 0.44354248046875 491.45556640625 235.62533569335938 773.2595825195312 
3 2008.6201171875 57.14848327636719 2183.740966796875 321.83099365234375 
3 538.6292114257812 57.86724853515625 752.5862426757812 406.39715576171875 
249
3 0.416229248046875 317.7397155761719 299.02191162109375 639.0240478515625 
2 503.5589904785156 146.41732788085938 750.2809448242188 608.1246337890625 
3 0.424530029296875 489.3494873046875 235.90811157226562 773.231689453125 
3 2008.2603759765625 54.89898681640625 2179.861572265625 320.3942565917969 
3 538.36279296875 58.148895263671875 752.7215576171875 407.1531677246094 
250
2 501.82952880859375 146.6500244140625 750.426513671875 608.3316040039062 
3 0.345855712890625 317.6815490722656 294.1551208496094 638.7676391601562 
3 0.4086151123046875 487.176025390625 236.27261352539062 773.0375366210938 
3 2008.2850341796875 53.5157470703125 2177.866455078125 320.5068359375 
3 538.20361328125 57.908721923828125 752.698486328125 407.32989501953125 
251
2 501.3087463378906 146.0601806640625 750.3646240234375 608.64794921875 
3 0.4393310546875 317.130859375 293.837890625 637.8658447265625 
3 2008.010986328125 52.454437255859375 2183.153564453125 321.41729736328125 
3 538.109130859375 57.693145751953125 752.8084106445312 407.02490234375 
3 0.378204345703125 485.008056640625 236.59353637695312 772.7962646484375 
3 0.4938507080078125 484.89898681640625 236.59820556640625 772.9063720703125 
252
2 501.9160461425781 146.6680908203125 750.7481689453125 610.1949462890625 
3 0.5688552856445312 482.7838134765625 236.3693389892578 772.7393798828125 
3 0.586669921875 317.2313537597656 293.8149108886719 634.0989990234375 
3 2007.65966796875 50.066009521484375 2180.967041015625 321.67352294921875 
3 537.8547973632812 57.64915466308594 752.80126953125 407.1734619140625 
253
2 500.3083190917969 148.6336669921875 751.6409301757812 611.032958984375 
3 0.6075668334960938 480.60418701171875 236.1397705078125 772.7205810546875 
3 0.5799560546875 317.20379638671875 293.628662109375 630.5202026367188 
3 2007.364501953125 48.600372314453125 2177.654541015625 323.2188415527344 
3 537.73828125 57.58184814453125 752.9601440429688 408.0204162597656 
254
3 0.40293121337890625 479.8665771484375 236.21163940429688 772.7894287109375 
2 498.57958984375 149.37289428710938 751.4676513671875 614.07470703125 
3 1.145172119140625 316.0058898925781 293.8586120605469 634.357421875 
3 2007.19677734375 49.30157470703125 2173.663330078125 324.18280029296875 
3 538.3583984375 57.3968505859375 752.8975830078125 407.9510498046875 
255
2 497.30462646484375 150.8450927734375 752.0428466796875 610.7448120117188 
3 1.592041015625 315.0731506347656 294.2253112792969 634.3279418945312 
3 2007.8515625 49.1761474609375 2167.628662109375 326.09259033203125 
3 538.7982788085938 57.390411376953125 752.7140502929688 407.9114685058594 
3 0.5415267944335938 477.1695556640625 236.2383575439453 773.4185180664062 
256
2 496.677978515625 151.963623046875 752.0869140625 612.1546630859375 
3 0.5014495849609375 476.27587890625 236.25775146484375 773.4259643554688 
3 2.14013671875 314.1604309082031 294.3077087402344 635.5736694335938 
3 2006.2203369140625 50.457183837890625 2161.108154296875 327.1697692871094 
3 538.8896484375 57.425384521484375 752.7181396484375 407.9075927734375 
257
2 494.9717102050781 151.76156616210938 751.28955078125 608.0454711914062 
3 0.5580520629882812 468.7157287597656 236.23342895507812 772.718017578125 
3 5.443359375 313.1395568847656 294.2718505859375 635.8539428710938 
3 538.8795166015625 57.32391357421875 752.7600708007812 408.2254638671875 
3 1993.2684326171875 50.25096130371094 2158.921630859375 327.9646911621094 
258
2 491.671630859375 152.03582763671875 752.6998291015625 610.8762817382812 
3 0.6036453247070312 471.9732360839844 236.17144775390625 772.3084716796875 
3 6.4955596923828125 313.05987548828125 294.24627685546875 636.1099853515625 
3 1977.78173828125 50.63676452636719 2155.05126953125 327.19061279296875 
3 538.8216552734375 57.248382568359375 752.6014404296875 408.3231201171875 
259
2 489.7586364746094 154.3087158203125 752.833740234375 609.5103149414062 
3 0.6149978637695312 462.66644287109375 236.23023986816406 771.023681640625 
3 1972.353759765625 51.7796630859375 2152.1748046875 327.0029296875 
3 7.976318359375 313.3818664550781 294.2270812988281 635.1787719726562 
3 538.4044189453125 57.09588623046875 752.3837890625 408.2439880371094 
260
2 489.035400390625 155.3424072265625 753.00341796875 609.6421508789062 
3 0.617034912109375 455.758544921875 236.19342041015625 770.4063720703125 
3 8.98114013671875 313.57574462890625 294.0486145019531 636.59912109375 
3 1963.32421875 51.25090026855469 2149.72314453125 327.2365417480469 
3 538.4457397460938 57.33001708984375 752.3701171875 408.68231201171875 
261
3 0.6090087890625 452.6064758300781 236.32025146484375 767.6571655273438 
2 488.43218994140625 156.051513671875 753.3558959960938 607.7708740234375 
3 11.274017333984375 313.7524719238281 294.09716796875 636.2684326171875 
3 1956.532958984375 52.796295166015625 2144.371826171875 329.3846435546875 
3 538.410400390625 57.30987548828125 752.219970703125 408.8095703125 
262
3 0.722625732421875 451.7725830078125 236.35079956054688 765.1647338867188 
2 486.82733154296875 156.27487182617188 753.1439208984375 609.50537109375 
3 12.905120849609375 313.97430419921875 293.708984375 633.5899047851562 
3 1955.801513671875 52.2921142578125 2140.359130859375 330.9894104003906 
3 538.3712768554688 57.348236083984375 752.35400390625 408.8746337890625 
263
3 0.7342071533203125 450.9214782714844 236.28021240234375 760.118408203125 
2 487.2216491699219 156.57369995117188 752.7457885742188 609.0475463867188 
3 13.6854248046875 313.76446533203125 293.49420166015625 633.14697265625 
3 1956.1708984375 52.918487548828125 2136.093017578125 331.8962707519531 
3 538.2794799804688 57.401123046875 752.6904907226562 408.85595703125 
264
3 0.67303466796875 447.6068115234375 236.22988891601562 755.3453369140625 
2 487.9883728027344 157.74627685546875 752.4557495117188 608.9924926757812 
3 15.091339111328125 313.8111572265625 293.4073486328125 634.183349609375 
3 1955.825439453125 52.539154052734375 2132.340087890625 332.0344543457031 
3 538.2510986328125 57.31683349609375 752.9071655273438 408.7197265625 
265
3 0.6945724487304688 442.28582763671875 236.45880126953125 751.3092041015625 
2 488.0591125488281 157.82611083984375 752.3516845703125 609.0851440429688 
3 1956.234619140625 51.97613525390625 2131.493408203125 332.4864501953125 
3 16.269073486328125 314.1114196777344 293.41900634765625 635.245361328125 
3 537.97802734375 57.2479248046875 753.0726318359375 408.74755859375 
266
3 0.6476898193359375 439.7774353027344 236.56561279296875 747.602783203125 
2 488.1653747558594 158.83840942382812 752.19921875 609.8551025390625 
3 18.486221313476562 314.28271484375 293.046630859375 634.821533203125 
3 1956.0247802734375 51.245880126953125 2134.1630859375 332.2345275878906 
3 537.5219116210938 57.37701416015625 752.9901733398438 408.795654296875 
267
2 488.4166564941406 159.0263671875 752.23291015625 609.2141723632812 
3 0.6595535278320312 438.4093017578125 236.4429931640625 744.4774780273438 
3 19.078460693359375 313.76171875 293.2120666503906 637.4131469726562 
3 1956.082275390625 49.729644775390625 2125.406494140625 332.7131652832031 
3 537.5549926757812 57.33770751953125 753.0602416992188 408.4510498046875 
268
2 492.9609375 158.8553466796875 752.25830078125 608.7858276367188 
3 0.637939453125 436.50653076171875 236.52645874023438 739.718505859375 
3 1956.3646240234375 49.672149658203125 2116.78076171875 332.50970458984375 
3 20.1456298828125 313.7857360839844 293.2646484375 636.07666015625 
3 537.718994140625 57.489471435546875 752.9752197265625 408.363525390625 
269
2 496.05889892578125 159.60980224609375 751.913818359375 610.8025512695312 
3 0.7126235961914062 436.7857666015625 236.6617431640625 734.4003295898438 
3 20.021820068359375 313.7806091308594 293.1228332519531 635.587646484375 
3 1951.5498046875 49.2337646484375 2145.517822265625 332.71063232421875 
3 537.6091918945312 57.614837646484375 752.9988403320312 408.3272399902344 
270
2 499.1375427246094 159.8660888671875 752.0017700195312 609.2601928710938 
3 0.69464111328125 438.3063049316406 236.59048461914062 733.3609619140625 
3 19.853973388671875 313.8055419921875 293.1343078613281 636.01611328125 
3 537.8739013671875 57.76887512207031 752.8986206054688 408.2173767089844 
3 1948.028076171875 48.91246032714844 2112.136474609375 332.0128479003906 
271
2 500.043212890625 159.86175537109375 752.0017700195312 608.1187744140625 
3 0.6602554321289062 438.9677734375 236.50218200683594 730.67724609375 
3 19.397720336914062 314.1693115234375 293.1584167480469 636.326904296875 
3 1935.8890380859375 48.12945556640625 2105.89306640625 332.13427734375 
3 537.9249267578125 57.680145263671875 752.904052734375 408.28668212890625 
272
2 503.193115234375 159.95745849609375 752.2815551757812 607.9843139648438 
3 1922.1259765625 47.14274597167969 2104.703125 332.6230163574219 
3 0.6584930419921875 437.6573181152344 236.2718505859375 728.31689453125 
3 19.105987548828125 314.37713623046875 293.1383056640625 636.2100830078125 
3 537.65185546875 57.53456115722656 752.7255859375 408.1204833984375 
273
3 1905.133544921875 47.464111328125 2101.93017578125 332.6352844238281 
2 505.2708435058594 158.602783203125 752.53857421875 607.630859375 
3 0.6547393798828125 436.966552734375 236.63265991210938 728.2981567382812 
3 537.6367797851562 57.59332275390625 752.9083862304688 408.2190246582031 
3 17.499298095703125 314.1011962890625 293.12335205078125 638.7119140625 
3 18.8798828125 314.81988525390625 293.253662109375 636.291015625 
274
2 506.7539367675781 158.9189453125 751.3444213867188 607.8568725585938 
3 1888.8681640625 48.217315673828125 2099.219482421875 332.75567626953125 
3 0.6400299072265625 429.7041015625 236.16427612304688 728.7835693359375 
3 17.39141845703125 314.5440673828125 293.0111999511719 638.858154296875 
3 537.5158081054688 57.47125244140625 752.9912109375 408.62457275390625 
275
2 508.6852111816406 159.1456298828125 751.3533325195312 607.3550415039062 
3 1875.982421875 48.03680419921875 2093.76123046875 332.91815185546875 
3 0.6820831298828125 426.1299743652344 236.23797607421875 729.4255981445312 
3 17.439453125 315.14178466796875 293.4695129394531 638.0369873046875 
3 537.4619140625 57.55712890625 752.6590576171875 408.7103271484375 
276
2 512.6919555664062 159.18032836914062 751.9896240234375 607.8330078125 
3 0.673187255859375 425.1957702636719 236.36318969726562 729.7008056640625 
3 1865.373779296875 49.0670166015625 2091.17333984375 332.76934814453125 
3 18.17132568359375 315.5437316894531 293.4151611328125 637.7620849609375 
3 537.3525390625 57.6727294921875 752.6859130859375 408.6034851074219 
277
2 512.9917602539062 158.4385986328125 752.030029296875 608.0811157226562 
3 1856.7786865234375 49.5699462890625 2086.89697265625 332.23883056640625 
3 0.6911087036132812 424.43096923828125 236.3217315673828 729.5459594726562 
3 19.19036865234375 315.75006103515625 293.35272216796875 637.8248901367188 
3 537.424560546875 57.670135498046875 752.6360473632812 408.38323974609375 
278
2 514.1822509765625 158.77597045898438 751.8984375 610.678466796875 
3 1852.0360107421875 50.46478271484375 2080.3486328125 331.99072265625 
3 0.6392822265625 422.621826171875 236.34902954101562 729.39111328125 
3 19.495330810546875 315.65948486328125 293.031494140625 638.0428466796875 
3 537.3409423828125 57.69976806640625 752.7178955078125 408.3397216796875 
279
3 1846.735107421875 50.221893310546875 2077.242431640625 332.07672119140625 
2 514.6524658203125 158.78860473632812 751.5189208984375 609.1932373046875 
3 0.689208984375 421.6581726074219 236.30064392089844 729.3912353515625 
3 20.32965087890625 315.86883544921875 293.3116149902344 638.0028076171875 
3 537.3067626953125 57.5904541015625 752.8307495117188 408.1389465332031 
280
2 515.134521484375 156.82473754882812 752.3629150390625 608.33544921875 
3 0.7033233642578125 420.77899169921875 236.21096801757812 729.3951416015625 
3 1844.10546875 49.889312744140625 2072.512451171875 332.45361328125 
3 21.071914672851562 315.8091125488281 293.517578125 637.6474609375 
3 537.3375854492188 57.591064453125 752.6093139648438 408.3456726074219 
281
2 515.0621337890625 156.42041015625 752.074462890625 608.4876708984375 
3 0.5990524291992188 419.361083984375 235.82473754882812 729.977783203125 
3 21.5081787109375 315.74029541015625 292.610595703125 638.119384765625 
3 1842.5322265625 49.77388000488281 2066.34033203125 332.7358703613281 
3 537.4471435546875 57.5029296875 752.7025146484375 407.4952392578125 
282
2 515.0951538085938 156.035400390625 752.0224609375 608.6575317382812 
3 0.6258392333984375 417.67919921875 235.696044921875 729.8672485351562 
3 1842.5899658203125 43.373046875 2060.40966796875 332.67718505859375 
3 22.257965087890625 315.80145263671875 292.421142578125 637.908447265625 
3 537.3818359375 57.45903015136719 752.6675415039062 407.4945068359375 
283
2 515.34716796875 156.16033935546875 752.2132568359375 608.6661376953125 
3 0.5624465942382812 415.9512939453125 235.5840301513672 729.6513671875 
3 22.064361572265625 316.06292724609375 292.17852783203125 638.5272216796875 
3 1842.30859375 43.8648681640625 2055.12158203125 332.48944091796875 
3 537.3775634765625 57.49360656738281 752.62939453125 407.6328125 
284
3 21.99139404296875 316.63275146484375 292.23785400390625 638.8370971679688 
2 515.400634765625 156.33419799804688 752.108154296875 608.6554565429688 
3 0.5653457641601562 415.60205078125 235.4537811279297 729.9209594726562 
3 1841.960205078125 44.967926025390625 2055.032958984375 332.26300048828125 
3 537.5982666015625 57.533111572265625 752.600341796875 407.70904541015625 
285
2 515.8181762695312 156.80047607421875 752.26416015625 608.0889892578125 
3 0.4701385498046875 414.8196105957031 235.76675415039062 729.359619140625 
3 1841.87451171875 42.748046875 2055.71435546875 331.8885803222656 
3 22.057159423828125 316.7906799316406 292.341064453125 639.0609130859375 
3 537.319091796875 57.524322509765625 752.6961059570312 407.7850341796875 
286
2 515.76806640625 156.87677001953125 752.1751098632812 607.922607421875 
3 0.437957763671875 414.1131896972656 235.8681640625 726.8397216796875 
3 1842.0863037109375 43.8006591796875 2055.9072265625 331.7101135253906 
3 537.08447265625 57.50177001953125 752.6448364257812 407.9111328125 
3 22.517471313476562 317.0154724121094 292.3218688964844 638.760986328125 
287
2 515.4759521484375 156.89910888671875 752.2503662109375 608.4168701171875 
3 0.386505126953125 413.71875 236.22189331054688 725.794677734375 
3 1842.3795166015625 46.12005615234375 2054.2099609375 332.0496826171875 
3 23.809402465820312 317.92840576171875 293.315185546875 637.27490234375 
3 537.016845703125 57.6397705078125 752.64794921875 407.80328369140625 
288
3 0.37438201904296875 413.4764099121094 237.05715942382812 723.5036010742188 
2 515.1693725585938 158.43731689453125 751.6864624023438 608.3165283203125 
3 1842.44921875 47.936614990234375 2040.0152587890625 336.0094909667969 
3 24.44805908203125 318.28363037109375 293.2952880859375 636.9562377929688 
3 536.7044677734375 57.634246826171875 752.7218017578125 407.9016418457031 
289
2 515.5423583984375 156.99822998046875 751.9342041015625 608.518310546875 
3 0.3780059814453125 413.66876220703125 239.6707763671875 720.8057861328125 
3 24.7940673828125 318.4140625 293.2737731933594 636.2741088867188 
3 1842.81689453125 49.229583740234375 2037.010498046875 341.5479736328125 
3 536.692626953125 57.66654968261719 752.8517456054688 407.7275390625 
290
2 515.2482299804688 156.56900024414062 751.8975219726562 609.1763916015625 
3 0.4459686279296875 413.8713073730469 244.20330810546875 716.8961791992188 
3 1843.484375 51.67320251464844 2034.2811279296875 351.4483337402344 
3 25.33770751953125 318.5491638183594 293.3558349609375 635.8316650390625 
3 536.452392578125 57.735321044921875 752.8888549804688 407.6644287109375 
291
2 515.6424560546875 157.2215576171875 752.102294921875 609.15185546875 
3 0.40427398681640625 413.5401611328125 246.46942138671875 714.179443359375 
3 1843.186767578125 55.40202331542969 2030.2149658203125 361.4722595214844 
3 25.87432861328125 318.28021240234375 293.4156494140625 636.4674072265625 
3 536.1055908203125 57.783477783203125 752.8819580078125 407.52740478515625 
292
3 1843.1260986328125 54.74853515625 2027.4986572265625 373.4576721191406 
3 0.430816650390625 413.529541015625 250.9228515625 713.0817260742188 
2 515.3919067382812 158.14816284179688 751.5651245117188 610.0532836914062 
3 26.25299072265625 318.29339599609375 293.4915771484375 636.903564453125 
3 536.2054443359375 57.824188232421875 752.8502807617188 407.56494140625 
293
3 1843.4188232421875 58.732330322265625 2027.0916748046875 385.2001953125 
3 0.449981689453125 413.17401123046875 254.08316040039062 711.3294677734375 
2 515.4573364257812 158.87469482421875 751.6585693359375 609.4642333984375 
3 26.302032470703125 317.7432861328125 293.5076599121094 637.3172607421875 
3 536.1853637695312 57.848175048828125 752.8106079101562 407.6632995605469 
294
2 515.4725341796875 158.73675537109375 751.728271484375 611.5601196289062 
3 0.44964599609375 413.3989562988281 258.8954772949219 709.5587768554688 
3 1843.4298095703125 64.29452514648438 2025.51806640625 396.10186767578125 
3 26.328750610351562 317.5509033203125 293.30877685546875 637.4839477539062 
3 536.2152099609375 57.7835693359375 752.927001953125 407.8569030761719 
295
2 515.8067016601562 158.93060302734375 751.3770751953125 609.906494140625 
3 0.41363525390625 413.2442932128906 264.11712646484375 709.4488525390625 
3 26.535186767578125 317.28326416015625 293.1962585449219 637.3297729492188 
3 1843.1053466796875 67.88008117675781 2025.7353515625 406.38323974609375 
3 535.71240234375 57.902313232421875 752.655517578125 407.866943359375 
296
3 0.45207977294921875 413.01959228515625 265.8899841308594 709.662109375 
2 516.3685302734375 160.61920166015625 751.3978271484375 609.8658447265625 
3 26.633010864257812 317.3359069824219 293.1832580566406 637.46875 
3 1842.5775146484375 70.7064208984375 2031.8284912109375 415.8217468261719 
3 535.5638427734375 57.83599853515625 752.6851806640625 407.8787841796875 
297
2 515.911865234375 159.0321044921875 751.3189086914062 610.6474609375 
3 0.45465850830078125 413.00128173828125 265.9886169433594 709.3814086914062 
3 26.719635009765625 316.9356689453125 293.5008850097656 637.4508056640625 
3 1841.8897705078125 76.50001525878906 2029.796630859375 426.4149169921875 
3 535.4705810546875 57.99774169921875 752.6079711914062 407.8863525390625 
298
2 516.0963134765625 159.0443115234375 751.2742309570312 610.0451049804688 
3 0.44216156005859375 412.8217468261719 266.0602722167969 709.163330078125 
3 26.884490966796875 316.96722412109375 293.41229248046875 637.4129638671875 
3 1839.263916015625 83.76133728027344 2035.098876953125 436.0670166015625 
3 535.6377563476562 58.13511657714844 752.4829711914062 407.9473571777344 
299
3 0.44156646728515625 412.81536865234375 265.94915771484375 709.1337890625 
2 516.1633911132812 160.55462646484375 751.9154052734375 607.7169799804688 
3 26.968170166015625 316.9398193359375 293.36285400390625 637.3363647460938 
3 1836.416259765625 90.58753967285156 2044.704833984375 447.01263427734375 
3 535.4050903320312 58.22282409667969 752.5482177734375 407.858642578125 
300
2 515.85791015625 158.61642456054688 751.582275390625 610.85546875 
3 0.43122100830078125 412.80126953125 265.9396667480469 709.0588989257812 
3 26.920547485351562 316.90618896484375 293.351318359375 637.15625 
3 1833.3983154296875 96.810302734375 2045.118896484375 458.05279541015625 
3 535.6052856445312 58.331695556640625 752.4813232421875 407.8449401855469 
301
2 515.8773193359375 158.82171630859375 751.8173828125 610.5006713867188 
3 0.43054962158203125 412.59210205078125 265.9867858886719 709.186767578125 
3 27.225860595703125 316.9365234375 293.345703125 637.2955932617188 
3 1829.6124267578125 106.4119873046875 2035.3975830078125 474.5456848144531 
3 535.8668823242188 58.30332946777344 752.4500732421875 407.92010498046875 
302
2 515.9309692382812 158.57546997070312 751.6712646484375 610.9965209960938 
3 0.42974090576171875 412.28521728515625 266.0380859375 709.3609619140625 
3 27.19903564453125 317.04522705078125 293.34283447265625 637.4481201171875 
3 1826.808349609375 119.54412841796875 2032.494873046875 477.185302734375 
3 535.900390625 58.35595703125 752.3994750976562 407.9141845703125 
303
2 515.8863525390625 158.2257080078125 751.6438598632812 610.1691284179688 
3 0.43282318115234375 411.7245788574219 265.9458923339844 709.4217529296875 
3 1821.808837890625 132.45606994628906 2030.8529052734375 477.0946044921875 
3 27.20928955078125 316.90625 293.31024169921875 637.3358154296875 
3 535.97412109375 58.31243896484375 752.4459228515625 408.04400634765625 
304
2 515.8017578125 158.43280029296875 751.3899536132812 610.2155151367188 
3 1819.7869873046875 137.2615966796875 2027.522216796875 477.1934814453125 
3 0.44213104248046875 411.94573974609375 265.96026611328125 709.6953125 
3 27.179031372070312 316.86273193359375 293.2684326171875 637.6911010742188 
3 536.246337890625 58.4447021484375 752.302490234375 407.9300537109375 
305
2 515.5877075195312 158.47201538085938 751.6695556640625 608.732666015625 
3 1819.3177490234375 142.8286895751953 2022.74169921875 477.2919921875 
3 27.217803955078125 316.9107360839844 293.2495422363281 637.74169921875 
3 0.4409942626953125 411.8111572265625 265.9776611328125 709.7288818359375 
3 536.1138916015625 58.450714111328125 752.286865234375 407.908935546875 
306
3 1814.930908203125 150.11843872070312 2017.8565673828125 477.4769287109375 
2 515.1764526367188 159.12234497070312 751.213623046875 607.9766235351562 
3 27.201202392578125 316.9136657714844 293.22357177734375 637.8060302734375 
3 0.44998931884765625 411.7486877441406 265.9832763671875 709.97021484375 
3 536.3751220703125 58.45941162109375 752.2425537109375 407.829345703125 
307
3 1816.60400390625 150.6203155517578 2013.8607177734375 477.3717041015625 
3 0.4577789306640625 411.1749572753906 266.03460693359375 710.11474609375 
3 27.178375244140625 316.95831298828125 293.1825256347656 637.80322265625 
2 515.2403564453125 160.13723754882812 752.00146484375 606.7320556640625 
3 536.4412231445312 58.451690673828125 752.2098388671875 407.67108154296875 
308
3 1815.818359375 152.22451782226562 2010.163330078125 477.48150634765625 
3 27.212509155273438 316.877685546875 293.22314453125 637.7593383789062 
3 0.4268341064453125 410.68231201171875 266.098876953125 710.248779296875 
2 514.6041259765625 160.47793579101562 752.10546875 606.3416137695312 
3 536.1536865234375 58.34027099609375 752.1689453125 407.703369140625 
309
3 1808.638427734375 152.2758331298828 2007.1177978515625 477.408203125 
3 27.160400390625 316.85943603515625 293.2076721191406 637.7390747070312 
3 0.4170989990234375 410.33697509765625 266.18695068359375 710.2666015625 
2 514.024169921875 160.62115478515625 751.9223022460938 607.5035400390625 
3 536.1822509765625 58.363861083984375 752.11962890625 407.87164306640625 
310
3 1796.9566650390625 152.05877685546875 2001.52099609375 478.02117919921875 
2 512.8634033203125 158.7611083984375 752.3380126953125 607.6817626953125 
3 27.129058837890625 316.8439025878906 293.2056884765625 637.6185302734375 
3 0.4617767333984375 409.6279296875 266.2210388183594 710.2142333984375 
3 536.747314453125 58.34181213378906 752.2234497070312 407.76177978515625 
311
3 1781.81005859375 151.5588836669922 1997.008544921875 489.40069580078125 
2 512.6506958007812 159.5814208984375 752.06591796875 607.9207153320312 
3 27.07366943359375 316.97003173828125 292.9391784667969 637.6500244140625 
3 0.43842315673828125 409.37841796875 266.4052734375 710.4544067382812 
3 536.9476318359375 58.33717346191406 752.2757568359375 408.25823974609375 
312
3 1763.984375 152.20387268066406 1994.8262939453125 501.3536376953125 
2 511.94525146484375 158.18048095703125 752.3997802734375 608.1251831054688 
3 26.981460571289062 316.958984375 292.88653564453125 637.5986328125 
3 0.44532012939453125 409.0948486328125 266.3530578613281 710.5043334960938 
3 536.9016723632812 58.38264465332031 752.1210327148438 408.52813720703125 
313
3 1751.4150390625 156.85455322265625 1986.96728515625 508.02789306640625 
3 27.05596923828125 316.9847717285156 293.0458679199219 637.4757080078125 
3 0.49039459228515625 409.0286865234375 266.434814453125 710.5675659179688 
2 511.7377014160156 158.405029296875 752.4097290039062 608.2095947265625 
3 536.6432495117188 58.34326171875 752.1129760742188 408.52947998046875 
314
2 1745.76953125 158.41375732421875 1982.340576171875 517.4978637695312 
2 510.64556884765625 157.73626708984375 752.1358032226562 608.4996948242188 
3 26.994766235351562 316.9403076171875 292.9297790527344 637.54638671875 
3 0.489288330078125 408.3736572265625 266.4433898925781 710.5006713867188 
3 536.6986083984375 58.3211669921875 752.0812377929688 408.20013427734375 
315
2 1743.4404296875 156.16522216796875 1977.5623779296875 525.1060180664062 
3 27.00750732421875 316.8137512207031 293.0498962402344 637.6182861328125 
2 508.51495361328125 159.2786865234375 751.810302734375 608.310302734375 
3 0.48602294921875 407.85784912109375 266.51922607421875 710.3817138671875 
3 536.8470458984375 58.2784423828125 752.053955078125 408.1915588378906 
316
2 1742.7747802734375 156.35507202148438 1973.947998046875 527.0166015625 
3 26.90850830078125 316.750244140625 293.019775390625 637.7047729492188 
3 0.4537200927734375 407.8672790527344 266.4549560546875 710.3697509765625 
3 536.8385009765625 58.262176513671875 752.0462036132812 408.10723876953125 
2 507.6159362792969 159.09283447265625 751.7500610351562 608.7109375 
2 507.33746337890625 158.299072265625 752.2080078125 608.6671142578125 
317
2 1743.1485595703125 158.93710327148438 1971.042236328125 526.8527221679688 
2 507.0135498046875 159.574462890625 751.9384765625 608.7969360351562 
3 26.964187622070312 316.67578125 293.1391296386719 637.5081176757812 
3 0.44290924072265625 407.825439453125 266.43353271484375 710.3123168945312 
3 536.8531494140625 58.092529296875 752.253662109375 408.0627136230469 
318
2 507.53167724609375 159.1907958984375 751.3037719726562 607.7822265625 
2 1742.970458984375 160.06797790527344 1972.773193359375 526.8790283203125 
3 26.937835693359375 316.33172607421875 293.13885498046875 637.3399658203125 
3 0.4542388916015625 407.7813720703125 266.3333435058594 710.1608276367188 
3 536.8253173828125 58.083404541015625 752.2341918945312 407.9922180175781 
319
2 505.9544372558594 158.78118896484375 751.6976318359375 609.1485595703125 
2 1742.783935546875 159.5716094970703 1974.0596923828125 527.1030883789062 
3 26.68670654296875 315.8681945800781 293.1843566894531 637.1585693359375 
3 0.42308807373046875 407.9136962890625 266.327880859375 710.1805419921875 
3 536.8652954101562 58.21710205078125 752.1282958984375 407.70050048828125 
320
2 1742.6295166015625 155.25836181640625 1971.12060546875 527.1395263671875 
2 507.449951171875 158.21978759765625 751.5103759765625 608.3759155273438 
3 26.636581420898438 315.4909362792969 293.2158203125 637.135498046875 
3 0.46192169189453125 407.8133850097656 266.3316650390625 710.2537231445312 
3 536.6222534179688 58.22114562988281 752.3321533203125 407.603271484375 
321
2 1742.6617431640625 155.78912353515625 1972.3505859375 527.2748413085938 
2 509.9721984863281 158.2078857421875 751.552978515625 608.586669921875 
3 26.64703369140625 314.9391784667969 293.31671142578125 637.029541015625 
3 0.4553070068359375 407.68902587890625 266.2726135253906 710.1419677734375 
3 536.8784790039062 58.28758239746094 752.4012451171875 407.5834655761719 
322
2 511.3586730957031 157.80596923828125 751.4739990234375 608.771728515625 
3 26.590866088867188 314.38623046875 293.3325500488281 637.05810546875 
3 0.43119049072265625 407.7816467285156 266.2539978027344 710.0028686523438 
2 1742.2259521484375 156.5498046875 1972.0496826171875 528.3320922851562 
3 536.7538452148438 58.3546142578125 752.3463745117188 407.65875244140625 
323
2 1741.285400390625 148.63897705078125 1969.8287353515625 544.4093017578125 
2 511.70599365234375 156.7528076171875 751.46630859375 608.7745971679688 
3 26.745880126953125 314.2789306640625 293.3839111328125 637.2619018554688 
3 0.44019317626953125 407.4691162109375 266.362060546875 710.1829833984375 
3 536.8259887695312 58.32684326171875 752.2640380859375 407.6629638671875 
324
2 511.4743347167969 155.86618041992188 751.6099853515625 608.4373779296875 
2 1741.4827880859375 149.608642578125 1967.277099609375 563.293212890625 
3 26.955963134765625 313.9681701660156 293.3677062988281 637.3387451171875 
3 0.43372344970703125 407.200927734375 266.3116760253906 710.2545166015625 
3 537.1627197265625 58.354339599609375 752.31689453125 407.8634033203125 
325
2 511.0723571777344 155.53182983398438 751.6860961914062 607.9547729492188 
3 0.38639068603515625 406.818359375 266.0408630371094 710.2238159179688 
3 26.977203369140625 313.5995178222656 293.2759704589844 637.4829711914062 
2 1741.5225830078125 150.25213623046875 1962.10693359375 579.2991943359375 
3 536.7529296875 58.334625244140625 752.3272094726562 407.8160095214844 
326
2 510.531494140625 154.90008544921875 751.8944702148438 608.1340942382812 
3 0.39117431640625 406.2076416015625 265.8736877441406 709.8805541992188 
3 27.433197021484375 313.43646240234375 293.1374816894531 637.6334228515625 
2 1741.845703125 154.12298583984375 1959.940673828125 594.0311279296875 
3 536.677001953125 58.4251708984375 752.13720703125 407.764892578125 
327
2 509.54205322265625 153.85836791992188 751.5615234375 608.202392578125 
2 1734.6920166015625 165.23968505859375 1956.660888671875 603.846923828125 
3 0.4065093994140625 405.7979736328125 266.3846435546875 709.9891357421875 
3 27.918960571289062 313.6185302734375 293.62994384765625 637.7299194335938 
3 536.7228393554688 58.382232666015625 752.0963134765625 407.8336181640625 
328
2 508.6382141113281 153.36740112304688 751.8934936523438 608.35498046875 
2 1721.4769287109375 174.2265625 1952.891845703125 613.8154907226562 
3 0.40801239013671875 405.43634033203125 266.4593811035156 710.0064086914062 
3 28.178802490234375 313.3987121582031 293.6938781738281 637.63330078125 
3 536.84423828125 58.381439208984375 752.2264404296875 407.70538330078125 
329
2 1709.910400390625 174.26535034179688 1950.897705078125 624.7498779296875 
3 0.379058837890625 405.25518798828125 266.3858642578125 709.9473876953125 
3 28.1865234375 313.32611083984375 293.71240234375 637.6585083007812 
2 507.8379821777344 152.17449951171875 751.95556640625 607.663330078125 
3 537.446533203125 58.436798095703125 752.1846313476562 407.6434631347656 
2 507.1422424316406 151.11459350585938 752.2982177734375 608.95703125 
330
2 454.98187255859375 149.70864868164062 752.3681640625 609.1356811523438 
2 1703.478759765625 180.91461181640625 1948.5926513671875 632.1766967773438 
3 0.3624267578125 405.072509765625 266.4149475097656 709.911376953125 
3 28.39044189453125 313.3489990234375 293.6189880371094 637.467041015625 
3 537.792724609375 58.35639953613281 752.1885986328125 407.81591796875 
331
2 1703.37255859375 188.9642791748047 1944.346923828125 634.4476318359375 
2 459.1184997558594 149.18701171875 752.1971435546875 609.118896484375 
3 0.35915374755859375 404.7695617675781 266.35650634765625 710.07470703125 
3 28.320465087890625 313.3631591796875 293.6635437011719 637.4324951171875 
3 537.7763061523438 58.36407470703125 752.1306762695312 407.60614013671875 
332
2 458.7025451660156 148.69351196289062 752.2635498046875 608.9945068359375 
2 1703.89501953125 192.295166015625 1941.514892578125 634.286376953125 
3 0.374786376953125 404.6635437011719 266.3863220214844 710.07177734375 
3 28.490753173828125 313.3393249511719 293.66058349609375 637.43310546875 
3 537.64501953125 58.256988525390625 751.914306640625 407.51446533203125 
333
2 1703.4307861328125 193.98646545410156 1937.6585693359375 634.5306396484375 
2 462.2162170410156 148.7314453125 752.2900390625 609.103271484375 
3 0.37512969970703125 404.79498291015625 266.365478515625 710.0433349609375 
3 28.546966552734375 313.2347106933594 293.66973876953125 637.4313354492188 
3 537.5201416015625 58.23321533203125 751.8881225585938 407.51898193359375 
334
2 1702.7535400390625 192.0660400390625 1933.86181640625 634.5289306640625 
2 507.6951904296875 149.362060546875 752.2880859375 608.2515869140625 
3 0.36379241943359375 404.54412841796875 266.32952880859375 709.983154296875 
3 28.7003173828125 313.345458984375 293.625 637.2896728515625 
3 537.5448608398438 58.251068115234375 752.163330078125 407.33209228515625 
335
2 1694.1376953125 188.01156616210938 1932.681640625 634.5298461914062 
3 0.35741424560546875 404.4001159667969 266.30804443359375 709.9096069335938 
3 28.767135620117188 313.37200927734375 293.48773193359375 637.1641845703125 
2 497.619384765625 149.66851806640625 752.74609375 609.11376953125 
3 537.702880859375 58.14537048339844 752.2493896484375 407.451904296875 
336
2 1681.5758056640625 188.39456176757812 1927.47607421875 634.3570556640625 
3 0.3460845947265625 404.3802490234375 266.186279296875 710.0122680664062 
3 28.775238037109375 313.2740173339844 293.6202392578125 637.18798828125 
2 507.9781494140625 149.91107177734375 752.662841796875 608.0264282226562 
3 538.3153076171875 58.12237548828125 752.1353149414062 407.4091796875 
337
2 507.44293212890625 150.97906494140625 751.6967163085938 608.0357666015625 
2 1672.944580078125 186.39645385742188 1923.9957275390625 634.38037109375 
3 0.3406829833984375 404.27679443359375 266.18218994140625 710.078369140625 
3 28.865997314453125 313.3282470703125 293.6199951171875 637.2105712890625 
3 538.1956787109375 58.133575439453125 752.1581420898438 407.4361572265625 
338
2 1661.9832763671875 186.337646484375 1922.83740234375 634.776611328125 
2 507.9415283203125 151.028076171875 751.6624145507812 608.2321166992188 
3 0.34046173095703125 404.232177734375 266.224609375 710.0679321289062 
3 28.8433837890625 313.1983947753906 293.6227722167969 637.3101806640625 
3 538.3621215820312 57.9111328125 752.1245727539062 407.55902099609375 
339
2 1645.93359375 186.89028930664062 1917.50634765625 634.3297119140625 
3 0.3504180908203125 404.1871337890625 266.176025390625 710.0636596679688 
2 459.1727600097656 150.0672607421875 751.9193115234375 608.4273681640625 
3 29.032318115234375 312.9486083984375 293.65447998046875 637.442626953125 
3 538.3858642578125 57.87821960449219 752.2127685546875 407.627197265625 
340
2 1619.65771484375 187.78842163085938 1910.1710205078125 634.357177734375 
3 0.35918426513671875 404.1946105957031 266.2417907714844 710.1497192382812 
2 506.0492248535156 149.9876708984375 751.740234375 608.4205322265625 
3 29.175079345703125 312.8727111816406 293.3603210449219 637.2371826171875 
3 538.7479248046875 58.05433654785156 752.3741455078125 407.70660400390625 
341
2 1590.5224609375 190.31985473632812 1904.820068359375 634.1956176757812 
2 503.85906982421875 149.77252197265625 751.7879638671875 608.559326171875 
3 0.3702239990234375 404.16290283203125 265.93115234375 710.0856323242188 
3 29.625381469726562 312.77606201171875 292.9764709472656 637.4083251953125 
3 538.6707763671875 57.95159912109375 752.77880859375 407.64190673828125 
342
2 1560.706787109375 193.30999755859375 1897.0810546875 636.4672241210938 
2 504.1043701171875 149.7601318359375 751.6856689453125 608.28125 
3 0.3740997314453125 404.2483825683594 265.896484375 710.1376953125 
3 29.680755615234375 312.7940979003906 292.9915466308594 637.6104125976562 
3 538.8235473632812 57.81304931640625 752.6529541015625 407.5862121582031 
343
2 1534.847412109375 196.28640747070312 1885.910400390625 643.1524658203125 
2 501.71533203125 150.20123291015625 751.745849609375 607.8776245117188 
3 0.38652801513671875 404.27398681640625 266.01190185546875 710.2091674804688 
3 29.605682373046875 312.859619140625 293.19989013671875 637.502685546875 
3 538.5741577148438 57.68951416015625 752.8418579101562 407.8608703613281 
344
2 1512.1627197265625 197.90826416015625 1874.5379638671875 652.7886352539062 
2 500.811279296875 150.7264404296875 751.6143798828125 607.5391845703125 
3 0.400970458984375 404.3263244628906 265.954345703125 710.1336059570312 
3 29.63836669921875 312.6885986328125 293.164794921875 637.474853515625 
3 538.6036987304688 57.759857177734375 752.9395141601562 407.81329345703125 
345
2 1501.073486328125 199.4097900390625 1865.1820068359375 661.7244873046875 
2 499.1180114746094 150.510986328125 751.7855224609375 607.547607421875 
3 0.3838958740234375 404.38970947265625 265.9498291015625 710.198974609375 
3 29.630157470703125 312.580322265625 293.1863708496094 637.6531372070312 
3 538.8261108398438 57.598052978515625 753.0283203125 407.7319641113281 
346
2 1500.088623046875 202.41302490234375 1852.9146728515625 666.1771240234375 
2 497.89312744140625 151.17489624023438 751.7000122070312 607.6538696289062 
3 0.38632965087890625 404.36529541015625 265.93548583984375 710.2935791015625 
3 29.825302124023438 312.3580017089844 293.14617919921875 637.683349609375 
3 538.7379150390625 57.559722900390625 753.0647583007812 407.64483642578125 
347
2 1494.969970703125 204.95419311523438 1841.1856689453125 676.9898681640625 
2 496.4737854003906 150.99822998046875 751.6380004882812 607.9813232421875 
3 0.3910980224609375 404.8852844238281 265.89739990234375 710.4511108398438 
3 29.57452392578125 312.0334167480469 293.15618896484375 637.6510009765625 
3 538.5662841796875 57.35844421386719 752.814453125 407.691162109375 
348
2 1491.887939453125 204.501953125 1830.6298828125 679.3970947265625 
2 493.77459716796875 150.69766235351562 751.6641235351562 608.15869140625 
3 0.3758544921875 404.9811706542969 265.8880310058594 710.4962158203125 
3 29.588851928710938 311.3917236328125 293.13421630859375 637.653076171875 
3 538.731689453125 57.235748291015625 752.999755859375 407.71160888671875 
349
2 1490.9610595703125 204.7774658203125 1822.176025390625 680.5048828125 
3 0.373291015625 404.872314453125 265.862548828125 710.5662841796875 
3 29.474105834960938 311.04327392578125 293.08880615234375 637.5725708007812 
3 538.7219848632812 57.2022705078125 753.15576171875 407.75360107421875 
2 492.3541259765625 151.094970703125 751.5936279296875 607.9232177734375 
2 492.07470703125 150.218505859375 751.730224609375 609.0269775390625 
350
2 1490.7620849609375 205.5516357421875 1811.2589111328125 681.1837158203125 
2 492.9308776855469 151.20343017578125 751.419189453125 608.171875 
3 0.3664093017578125 404.8627624511719 265.8843994140625 710.5635986328125 
3 29.649551391601562 310.4894714355469 293.14080810546875 637.6019897460938 
3 538.8013305664062 57.11872863769531 753.12109375 407.9500732421875 
351
2 1490.2730712890625 203.81365966796875 1801.8134765625 680.7122802734375 
3 0.36377716064453125 405.03924560546875 265.8398742675781 710.5472412109375 
3 29.497222900390625 310.1353454589844 292.97039794921875 637.1443481445312 
2 492.70819091796875 150.41497802734375 751.4364013671875 607.2949829101562 
3 538.6661987304688 57.018646240234375 753.0741577148438 407.65570068359375 
2 492.5007629394531 149.81939697265625 751.52685546875 608.4210205078125 
352
2 1490.612548828125 202.74664306640625 1793.67578125 680.5191650390625 
2 491.9346923828125 150.21893310546875 751.4522705078125 607.8771362304688 
3 0.35924530029296875 405.0881652832031 265.8284606933594 710.4998779296875 
3 29.405319213867188 309.90972900390625 293.0008850097656 637.1434326171875 
3 538.5213012695312 56.878875732421875 752.9692993164062 407.57275390625 
353
2 1489.8787841796875 201.90451049804688 1785.8818359375 680.5567626953125 
3 0.368499755859375 405.1893310546875 265.8142395019531 710.5863037109375 
3 29.140426635742188 309.7178649902344 292.9337463378906 637.078369140625 
3 538.5692138671875 56.9000244140625 753.00830078125 407.65380859375 
2 491.229248046875 149.97308349609375 751.41357421875 607.2417602539062 
2 490.97943115234375 149.67059326171875 751.69580078125 608.185302734375 
354
2 490.6357727050781 149.96246337890625 751.3289794921875 607.5112915039062 
2 1490.164306640625 199.355712890625 1779.32421875 680.630126953125 
3 0.3835906982421875 405.42822265625 265.8088684082031 710.5975341796875 
3 29.21405029296875 309.672119140625 292.9248962402344 637.0963745117188 
3 538.16943359375 56.625701904296875 752.8994140625 407.91339111328125 
355
2 1489.5283203125 197.08660888671875 1769.8807373046875 681.5029907226562 
2 488.984130859375 148.9119873046875 751.7103271484375 608.922607421875 
3 0.39192962646484375 405.57135009765625 265.8448181152344 710.4989624023438 
3 29.165603637695312 309.5531921386719 293.03369140625 636.931640625 
3 538.3265991210938 56.55439758300781 752.8355712890625 407.7640686035156 
356
2 488.8477783203125 148.9364013671875 751.6820068359375 608.3282470703125 
2 1484.4422607421875 196.05706787109375 1761.2305908203125 694.5470581054688 
3 0.39096832275390625 405.8408203125 266.0250549316406 710.4279174804688 
3 29.018035888671875 309.7518615722656 293.16424560546875 637.3779296875 
3 538.3153076171875 56.51275634765625 752.5888671875 407.57525634765625 
357
1 1480.491455078125 196.950927734375 1750.9735107421875 710.0975952148438 
3 0.3913421630859375 405.9322509765625 265.7759704589844 710.4313354492188 
2 487.9307861328125 149.2325439453125 751.6636962890625 608.158935546875 
3 28.906173706054688 309.6531982421875 293.09478759765625 637.1983642578125 
3 538.250732421875 56.5140380859375 752.6165771484375 407.2982177734375 
358
1 1471.8555908203125 196.65768432617188 1741.081298828125 725.9117431640625 
3 0.377838134765625 406.3242492675781 265.81939697265625 710.452880859375 
2 487.7010803222656 148.50701904296875 751.82177734375 607.6903076171875 
3 28.887542724609375 309.7738952636719 292.95831298828125 637.246826171875 
3 538.1936645507812 56.4228515625 752.7747802734375 407.62506103515625 
359
1 1448.2265625 197.499267578125 1728.9501953125 741.01953125 
2 487.3161926269531 148.24505615234375 752.185302734375 608.3470458984375 
3 0.3904571533203125 406.40545654296875 265.8572692871094 710.3827514648438 
3 29.039306640625 309.70306396484375 292.9355773925781 637.2892456054688 
3 538.220458984375 56.45458984375 752.843505859375 407.5357666015625 
360
1 1407.6749267578125 203.54095458984375 1718.4283447265625 752.2765502929688 
2 486.700927734375 147.84686279296875 752.2330322265625 608.1953125 
3 0.38742828369140625 406.651611328125 265.88665771484375 710.3768920898438 
3 29.147171020507812 309.82440185546875 293.07037353515625 636.9874267578125 
3 538.1793212890625 56.45379638671875 752.828857421875 407.67437744140625 
361
1 1371.582275390625 207.73455810546875 1706.60693359375 757.93994140625 
3 0.39593505859375 406.69140625 265.9482421875 710.3901977539062 
2 485.7970275878906 148.0546875 752.3385620117188 608.5675659179688 
3 28.999542236328125 309.8148193359375 293.04119873046875 637.05029296875 
3 538.1484375 56.430267333984375 752.9486083984375 407.63897705078125 
362
1 1343.4742431640625 212.548095703125 1694.667236328125 762.802978515625 
2 485.4906005859375 148.03836059570312 752.3492431640625 608.443359375 
3 0.38245391845703125 406.91455078125 265.8932189941406 710.123291015625 
3 28.972244262695312 309.814453125 293.0630798339844 637.054443359375 
3 538.2826538085938 56.486053466796875 753.1531372070312 407.6158752441406 
363
1 1322.486083984375 218.72216796875 1682.75732421875 764.3665771484375 
3 0.3792877197265625 406.9542236328125 265.93212890625 710.2186279296875 
2 485.6654968261719 148.3201904296875 752.3211669921875 608.598876953125 
3 29.057144165039062 309.77294921875 293.1107177734375 637.1583862304688 
3 538.2534790039062 56.43290710449219 753.1038208007812 407.45489501953125 
364
1 1307.207763671875 223.569580078125 1670.1510009765625 768.3474731445312 
3 0.36407470703125 406.94793701171875 265.7938537597656 710.2208251953125 
2 485.9293212890625 148.50494384765625 752.4427490234375 609.01171875 
3 29.19512939453125 309.7872009277344 293.035400390625 637.1614990234375 
3 538.2340087890625 56.391998291015625 753.1776733398438 407.6407470703125 
365
1 1300.199462890625 228.88421630859375 1657.4415283203125 773.7025756835938 
2 485.9951171875 148.6719970703125 752.31396484375 609.2203369140625 
3 0.3673553466796875 406.9990234375 265.80645751953125 710.1831665039062 
3 29.209732055664062 309.80133056640625 293.0299072265625 637.1814575195312 
3 538.25244140625 56.44535827636719 753.1277465820312 407.5480651855469 
366
1 1293.398193359375 231.0421142578125 1641.9638671875 779.6618041992188 
2 486.36956787109375 149.36865234375 752.301513671875 608.0841064453125 
3 0.36341094970703125 407.08062744140625 265.70745849609375 710.2615966796875 
3 29.1424560546875 309.7211608886719 293.0458679199219 637.3046875 
3 538.3533935546875 56.295928955078125 753.0498657226562 407.67559814453125 
367
1 1290.9141845703125 205.55404663085938 1625.3939208984375 783.3526000976562 
3 0.36114501953125 407.033447265625 265.7231750488281 710.3612060546875 
2 486.91705322265625 149.529296875 752.260009765625 607.4449462890625 
3 29.07647705078125 309.6812438964844 293.11334228515625 637.2810668945312 
3 538.34375 56.27227783203125 752.979736328125 407.71484375 
368
1 1291.317626953125 200.22116088867188 1606.0787353515625 783.039794921875 
2 487.30670166015625 150.305908203125 752.166015625 606.6864013671875 
3 0.36540985107421875 406.9630126953125 265.7501220703125 710.2319946289062 
3 29.164413452148438 309.57611083984375 293.1444091796875 637.244140625 
3 538.2607421875 56.155792236328125 752.9696044921875 407.70556640625 
369
1 1291.501708984375 221.49737548828125 1590.867919921875 782.9564208984375 
2 487.1888732910156 150.41021728515625 751.8663330078125 606.5802001953125 
3 0.370269775390625 406.8922119140625 265.8335876464844 710.333740234375 
3 29.234893798828125 309.5742492675781 293.1688232421875 637.2725830078125 
3 538.3096313476562 56.21575927734375 752.8798828125 407.7732849121094 
370
1 1290.8353271484375 230.9320068359375 1574.740478515625 782.652587890625 
2 486.9183044433594 149.60003662109375 751.847900390625 608.5528564453125 
3 0.3540191650390625 406.990478515625 265.8439025878906 710.3102416992188 
3 29.129547119140625 309.53533935546875 293.2721252441406 637.3758544921875 
3 538.3883056640625 55.982421875 752.903076171875 407.7471923828125 
371
1 1289.978515625 230.48687744140625 1559.7430419921875 782.555908203125 
2 486.5011291503906 149.74371337890625 752.6047973632812 609.7320556640625 
3 0.37810516357421875 407.44476318359375 266.13677978515625 710.588134765625 
3 29.188873291015625 309.643310546875 293.050048828125 637.2308349609375 
3 538.27685546875 55.86651611328125 752.479248046875 408.509765625 
372
1 1281.4468994140625 234.45257568359375 1542.4583740234375 782.4486083984375 
2 486.17999267578125 150.10858154296875 752.09765625 608.9996948242188 
3 0.383758544921875 407.4917907714844 266.12152099609375 710.496826171875 
3 29.238006591796875 309.62249755859375 293.16131591796875 637.3052368164062 
3 538.2974243164062 55.84307861328125 752.50048828125 408.4949645996094 
373
1 1268.3919677734375 238.7630615234375 1528.00048828125 782.064453125 
2 486.20611572265625 150.11871337890625 751.93701171875 608.5281982421875 
3 0.37369537353515625 407.4284973144531 266.0699157714844 710.3563232421875 
3 29.274688720703125 309.743896484375 293.1702880859375 637.4705200195312 
3 538.2393188476562 55.95722961425781 752.56005859375 408.2690734863281 
374
2 486.33551025390625 150.12564086914062 751.7584228515625 610.1249389648438 
1 1255.7645263671875 235.29122924804688 1514.6739501953125 782.3125610351562 
3 0.3839111328125 407.28582763671875 266.0617980957031 710.3807373046875 
3 29.270767211914062 309.7537841796875 293.20355224609375 637.461669921875 
3 538.1058349609375 55.91717529296875 752.4373779296875 408.12786865234375 
375
1 1243.859619140625 235.09591674804688 1499.0283203125 782.4321899414062 
2 485.9970703125 150.32315063476562 751.66064453125 608.4561157226562 
3 29.056411743164062 309.8088073730469 293.1241149902344 637.3352661132812 
3 0.393096923828125 407.4267272949219 265.996826171875 710.447998046875 
3 538.104248046875 56.07713317871094 752.3858642578125 408.12762451171875 
376
1 1231.55126953125 236.32992553710938 1484.067138671875 781.8048095703125 
2 485.0203857421875 150.90554809570312 751.4148559570312 607.8340454101562 
3 0.39113616943359375 407.41436767578125 265.9761962890625 710.4011840820312 
3 28.974853515625 309.8024597167969 293.1177673339844 637.3372802734375 
3 538.1551513671875 56.02520751953125 752.3684692382812 408.17730712890625 
377
2 484.7073974609375 150.77777099609375 751.33740234375 607.8125610351562 
1 1218.204833984375 237.07635498046875 1469.3580322265625 782.2340087890625 
3 0.38458251953125 407.40924072265625 265.8785400390625 710.237548828125 
3 29.060638427734375 309.6793518066406 293.0714111328125 637.2832641601562 
3 538.2897338867188 55.97027587890625 752.3899536132812 408.27496337890625 
378
1 1206.8648681640625 237.51724243164062 1455.681396484375 781.7542724609375 
2 485.4308166503906 150.02865600585938 751.6480712890625 608.700927734375 
3 0.3803253173828125 407.4192810058594 265.8593444824219 710.2021484375 
3 28.91864013671875 309.69903564453125 293.1172180175781 637.2872314453125 
3 538.3244018554688 55.9122314453125 752.2691650390625 408.2017517089844 
379
1 1178.183349609375 242.49398803710938 1440.372314453125 781.92236328125 
2 485.1580505371094 150.29006958007812 752.110107421875 609.8365478515625 
3 0.39312744140625 407.4371337890625 265.89739990234375 710.4263305664062 
3 29.064056396484375 309.70086669921875 293.1370849609375 637.2047729492188 
3 538.2713623046875 55.939605712890625 752.3086547851562 408.32720947265625 
380
1 1138.80908203125 243.66329956054688 1425.3349609375 781.8916015625 
2 485.46673583984375 150.18896484375 751.7340698242188 608.4552001953125 
3 0.3929595947265625 407.44976806640625 265.94158935546875 710.405517578125 
3 29.070709228515625 309.780029296875 293.1396179199219 637.1978759765625 
3 538.178955078125 56.011871337890625 752.3714599609375 408.3460693359375 
381
1 1098.8238525390625 247.93429565429688 1410.2757568359375 781.9410400390625 
3 0.39595794677734375 407.42010498046875 265.9452819824219 710.3706665039062 
3 29.1436767578125 309.71856689453125 293.2196350097656 637.19921875 
3 538.1996459960938 56.0413818359375 752.3247680664062 408.4432067871094 
2 484.5733337402344 151.41934204101562 751.3578491210938 607.05615234375 
2 485.43438720703125 150.3792724609375 751.7574462890625 608.5258178710938 
382
2 484.7445068359375 151.517333984375 751.3990478515625 607.2188110351562 
1 1069.0927734375 250.94778442382812 1404.5765380859375 781.8560180664062 
3 0.402984619140625 407.47705078125 265.9234619140625 710.3109130859375 
3 29.072479248046875 309.65576171875 293.20947265625 637.0925903320312 
3 538.1790771484375 56.070465087890625 752.3232421875 408.4203796386719 
383
1 1048.921142578125 253.73202514648438 1403.9755859375 782.1397705078125 
2 485.85235595703125 150.5643310546875 751.9138793945312 607.8484497070312 
3 0.41231536865234375 407.4722900390625 265.97076416015625 710.406005859375 
3 29.12640380859375 309.60247802734375 293.4786071777344 637.4630126953125 
3 538.1309814453125 55.95806884765625 752.2421875 408.402099609375 
384
1 1039.1519775390625 255.1287841796875 1403.939697265625 782.3487548828125 
3 0.4016265869140625 407.51422119140625 266.0465087890625 710.3738403320312 
2 486.3043518066406 149.96792602539062 751.7884521484375 607.9555053710938 
3 29.025222778320312 309.4985046386719 293.4893798828125 637.5518798828125 
3 538.0733032226562 55.94670104980469 752.0834350585938 408.18255615234375 
385
1 1034.240478515625 259.0964660644531 1403.53125 782.2885131835938 
2 485.8499755859375 150.00836181640625 752.2457275390625 606.7545166015625 
3 0.39885711669921875 407.5284729003906 266.05340576171875 710.4596557617188 
3 28.683258056640625 309.5709533691406 293.4516906738281 637.1851806640625 
3 538.1293334960938 56.007476806640625 752.0557861328125 408.4208679199219 
386
1 1030.4998779296875 261.1734924316406 1403.2794189453125 782.6533203125 
3 0.38761138916015625 407.5663757324219 266.07757568359375 710.2180786132812 
3 28.586669921875 309.7400817871094 293.4215087890625 637.3508911132812 
3 538.201416015625 56.16632080078125 752.7418823242188 408.2262878417969 
2 486.1203308105469 150.70504760742188 751.835205078125 608.63671875 
2 485.4259338378906 151.77716064453125 751.2915649414062 607.1978759765625 
387
1 1030.317138671875 261.67022705078125 1401.29443359375 782.661376953125 
3 0.393310546875 407.417236328125 266.0851745605469 710.4097290039062 
3 28.50787353515625 309.841796875 293.4837646484375 637.4606323242188 
3 538.3372192382812 56.13313293457031 753.6065063476562 408.3958740234375 
2 485.137451171875 151.9034423828125 751.0232543945312 606.8385620117188 
2 485.90826416015625 150.827880859375 751.6943969726562 607.9600219726562 
388
1 1028.358642578125 262.4833679199219 1397.0296630859375 783.25244140625 
2 485.2663879394531 151.97384643554688 751.3702392578125 607.0964965820312 
3 0.41309356689453125 407.3612060546875 266.0612487792969 710.4264526367188 
3 28.485488891601562 309.7883605957031 293.49383544921875 637.4675903320312 
3 538.3461303710938 56.079437255859375 753.7412109375 408.3436584472656 
389
1 1006.1220703125 260.9898376464844 1389.8248291015625 783.6828002929688 
2 485.85772705078125 150.70541381835938 752.002197265625 608.0628051757812 
3 0.40480804443359375 407.269775390625 266.04632568359375 710.3831176757812 
3 28.175933837890625 309.7305908203125 293.5172424316406 637.6300048828125 
3 538.239990234375 56.208648681640625 753.7178344726562 408.3992614746094 
390
1 983.0682373046875 259.12139892578125 1378.3367919921875 783.6328125 
2 485.8604736328125 151.00094604492188 751.9703369140625 607.9263916015625 
3 0.4078521728515625 407.276611328125 266.1325378417969 710.3407592773438 
3 28.224075317382812 309.78997802734375 293.7913513183594 637.6893310546875 
3 538.3997802734375 56.29010009765625 753.482177734375 408.38037109375 
391
1 965.0020141601562 258.9062194824219 1358.9793701171875 783.1240234375 
2 485.73431396484375 151.07666015625 751.8649291992188 608.240234375 
3 0.40052032470703125 407.2946472167969 266.1054382324219 710.4180908203125 
3 28.184677124023438 309.7988586425781 293.513427734375 637.7632446289062 
3 538.456787109375 56.221343994140625 753.6427001953125 408.4335632324219 
392
2 485.07342529296875 151.8638916015625 751.6649780273438 607.321044921875 
1 943.7559814453125 257.5427551269531 1336.69580078125 782.654052734375 
3 0.38884735107421875 407.3114013671875 265.98565673828125 710.3778076171875 
3 28.053009033203125 309.8511657714844 293.42730712890625 637.7467041015625 
3 538.4395141601562 55.940399169921875 753.6033935546875 408.383056640625 
393
2 485.8109130859375 150.98876953125 751.927734375 608.4523315429688 
1 925.1597290039062 256.9274597167969 1311.5972900390625 785.017333984375 
3 0.4026336669921875 407.3416748046875 265.99395751953125 710.3831176757812 
3 28.013580322265625 309.9279479980469 293.38330078125 637.6869506835938 
3 538.3916015625 55.98802185058594 753.6801147460938 408.3260192871094 
394
2 485.71051025390625 150.54888916015625 752.0211181640625 608.190185546875 
1 905.54541015625 257.4247741699219 1282.5399169921875 792.4500122070312 
3 0.40213775634765625 407.377197265625 265.99505615234375 710.4154663085938 
3 27.9322509765625 310.1438293457031 293.42669677734375 637.80615234375 
3 538.322509765625 55.98738098144531 753.7106323242188 408.30084228515625 
395
2 485.428955078125 151.54119873046875 751.5128173828125 608.556640625 
1 885.3065185546875 258.4609069824219 1253.494873046875 801.9873657226562 
3 0.40805816650390625 407.3795166015625 266.0004577636719 710.40966796875 
3 27.902481079101562 310.1636047363281 293.45263671875 637.7530517578125 
3 538.2696533203125 55.9720458984375 753.63671875 408.2496337890625 
396
1 867.1961059570312 259.9381103515625 1218.844482421875 812.8267822265625 
2 485.28753662109375 150.67626953125 752.212890625 609.5521240234375 
3 0.397735595703125 407.40362548828125 266.00634765625 710.4236450195312 
3 27.894790649414062 310.27520751953125 293.4053649902344 637.78271484375 
3 538.1803588867188 55.9178466796875 753.7654418945312 408.21636962890625 
397
1 847.9472045898438 262.14410400390625 1183.17041015625 823.1502685546875 
2 485.53765869140625 150.99969482421875 751.8934326171875 608.4131469726562 
3 0.4013671875 407.3896179199219 265.94366455078125 710.37744140625 
3 27.890701293945312 310.3074645996094 293.42236328125 637.7728881835938 
3 538.2073364257812 55.998992919921875 753.8199462890625 408.2158203125 
398
2 485.3558349609375 150.6236572265625 751.9411010742188 609.0169677734375 
1 850.4404296875 265.55072021484375 1165.547119140625 835.070556640625 
3 0.403289794921875 407.36907958984375 265.97930908203125 710.51708984375 
3 27.90643310546875 310.4960021972656 293.4450378417969 637.8292846679688 
3 538.275146484375 56.07484436035156 753.5997924804688 408.28076171875 
399
2 485.53240966796875 150.3729248046875 752.1279296875 609.3036499023438 
1 811.9633178710938 271.12091064453125 1159.772216796875 843.23291015625 
3 0.403564453125 407.3201904296875 266.0222473144531 710.4863891601562 
3 27.793365478515625 310.5787353515625 293.42535400390625 637.859130859375 
3 538.1446533203125 56.10894775390625 753.581787109375 408.30352783203125 
400
2 485.518310546875 150.629150390625 752.17724609375 608.8075561523438 
1 791.5902099609375 273.815185546875 1159.3719482421875 851.4696655273438 
3 0.410888671875 407.27276611328125 266.03839111328125 710.513671875 
3 27.827239990234375 310.6886291503906 293.481201171875 637.871337890625 
3 538.226318359375 56.084136962890625 753.4453125 408.441650390625 
401
2 485.5484924316406 151.16204833984375 752.1180419921875 608.4747314453125 
1 804.1377563476562 279.6288757324219 1159.101318359375 855.25927734375 
3 0.4095916748046875 407.25213623046875 265.8955078125 710.4628295898438 
3 27.776641845703125 310.563720703125 293.8027648925781 637.52685546875 
3 538.0325927734375 56.09417724609375 753.1507568359375 408.4735107421875 
402
2 485.5691223144531 151.6884765625 751.9817504882812 608.3717041015625 
1 721.2064819335938 285.77911376953125 1159.68359375 856.5244750976562 
3 27.826339721679688 310.6148986816406 293.75421142578125 637.653076171875 
3 0.43054962158203125 407.164794921875 265.8994140625 710.5020141601562 
3 537.9310913085938 56.06922912597656 752.944580078125 408.067626953125 
403
1 721.2744140625 292.8348388671875 1159.32568359375 857.2515869140625 
2 485.409912109375 152.83792114257812 752.3650512695312 607.65771484375 
3 27.8436279296875 310.6392517089844 293.4334716796875 637.7499389648438 
3 0.4333648681640625 407.1866455078125 266.00762939453125 710.6138916015625 
3 538.021240234375 56.3360595703125 752.8668212890625 407.9219665527344 
404
2 484.8343811035156 152.6328125 752.626708984375 608.1028442382812 
1 703.9863891601562 300.28399658203125 1158.2525634765625 858.4116821289062 
3 27.807281494140625 310.8375549316406 293.4222717285156 637.6302490234375 
3 0.4178924560546875 407.153076171875 265.98828125 710.5896606445312 
3 538.1046142578125 56.4952392578125 720.921630859375 330.61016845703125 
405
1 682.5552978515625 308.4990234375 1158.0469970703125 859.9527587890625 
2 484.5296325683594 152.70034790039062 751.5241088867188 607.7384033203125 
3 27.807662963867188 311.03607177734375 293.2971496582031 637.4716796875 
3 0.43521881103515625 407.2294921875 265.9774475097656 710.5010986328125 
3 538.0498046875 56.3536376953125 721.2855834960938 329.48614501953125 
406
1 663.9349975585938 318.6185302734375 1157.66943359375 862.2643432617188 
2 484.610595703125 152.750732421875 750.9829711914062 607.6168823242188 
3 0.43329620361328125 407.1932067871094 265.9752502441406 710.4877319335938 
3 27.813003540039062 311.2486572265625 293.33111572265625 637.5172119140625 
3 538.0835571289062 56.403289794921875 720.3914184570312 332.54736328125 
407
1 637.5989379882812 325.20062255859375 1154.760986328125 867.3328247070312 
2 483.9482727050781 152.88711547851562 751.114013671875 608.0311279296875 
3 0.43639373779296875 407.2668762207031 265.9394226074219 710.4718017578125 
3 27.780792236328125 311.3436279296875 293.43963623046875 637.492431640625 
3 538.2006225585938 56.501373291015625 719.6957397460938 328.5870361328125 
408
1 613.62841796875 332.502197265625 1151.781982421875 871.4874267578125 
2 483.80804443359375 152.4852294921875 751.8916625976562 607.9730224609375 
3 0.43402099609375 407.24322509765625 265.8973388671875 710.4361572265625 
3 27.771728515625 311.5059814453125 293.4534912109375 637.4091796875 
3 538.3698120117188 56.5330810546875 719.4915161132812 328.466796875 
409
1 587.4696655273438 336.40838623046875 1146.7027587890625 871.2608642578125 
3 0.4199066162109375 407.27044677734375 265.9649658203125 710.3524780273438 
3 27.7806396484375 311.7779846191406 293.28363037109375 637.439697265625 
2 483.4047546386719 152.60101318359375 742.6793823242188 607.6322021484375 
3 538.4954833984375 56.7420654296875 720.1630859375 323.889892578125 
410
1 565.388427734375 341.25775146484375 1135.4420166015625 870.917236328125 
3 0.4074249267578125 407.241943359375 266.00531005859375 710.35302734375 
3 27.781387329101562 311.92401123046875 293.29730224609375 637.42431640625 
2 483.720703125 152.33038330078125 720.77294921875 606.9337158203125 
3 538.363525390625 56.730987548828125 721.7658081054688 328.2393798828125 
411
1 543.7627563476562 346.3452453613281 1121.1956787109375 870.942138671875 
3 0.39302825927734375 407.36871337890625 266.02935791015625 710.4688720703125 
3 27.843643188476562 312.45465087890625 293.2210388183594 637.4515991210938 
2 484.2714538574219 152.71759033203125 702.9495849609375 608.1326904296875 
3 537.7423095703125 56.68348693847656 721.180908203125 328.41925048828125 
412
1 520.8428955078125 351.8627624511719 1097.8250732421875 870.9828491210938 
3 27.797164916992188 312.51873779296875 293.2316589355469 637.4820556640625 
3 0.4087677001953125 407.38250732421875 266.101806640625 710.4724731445312 
3 537.6954345703125 56.700347900390625 753.951171875 403.78204345703125 
2 484.5030822753906 152.8402099609375 687.4718627929688 574.628662109375 
3 537.3819580078125 56.16020202636719 720.1453857421875 326.7176208496094 
413
1 497.907470703125 353.9329833984375 1070.6295166015625 870.6357421875 
3 0.4036407470703125 407.40863037109375 266.1124572753906 710.4034423828125 
3 27.766021728515625 312.8526306152344 293.33154296875 637.4988403320312 
3 537.6553955078125 56.486236572265625 752.3012084960938 407.76519775390625 
2 484.5669250488281 151.19036865234375 678.8008422851562 554.8804321289062 
414
1 483.1742858886719 355.8995056152344 1042.485595703125 870.5478515625 
3 0.4187469482421875 407.36572265625 266.1195068359375 710.4047241210938 
3 27.710662841796875 312.98968505859375 293.3048095703125 637.468505859375 
3 537.20068359375 56.6805419921875 753.0427856445312 407.34185791015625 
3 483.7589111328125 152.210693359375 686.8104248046875 417.1422119140625 
2 482.773681640625 153.0654296875 689.4180908203125 559.3087158203125 
3 538.140625 56.38494873046875 713.3941650390625 318.85443115234375 
415
1 459.4298095703125 356.357421875 1009.212158203125 871.4925537109375 
3 0.4137420654296875 407.44366455078125 266.0467529296875 710.2680053710938 
3 27.85174560546875 313.26092529296875 293.28900146484375 637.4931640625 
3 537.619384765625 56.79624938964844 753.4290771484375 408.001708984375 
3 483.2467956542969 152.46633911132812 681.36376953125 425.9331359863281 
416
1 439.7681884765625 356.70989990234375 979.0164184570312 871.2821044921875 
3 0.4266357421875 407.74456787109375 265.9088439941406 710.3253784179688 
3 27.821197509765625 313.37188720703125 292.82159423828125 637.5980224609375 
3 537.850341796875 56.82373046875 753.177978515625 408.80462646484375 
3 483.575927734375 152.7484130859375 684.3493041992188 425.3274230957031 
417
1 422.365966796875 357.5733642578125 943.7333984375 871.4793701171875 
3 0.4184722900390625 407.68890380859375 266.0261535644531 710.4029541015625 
3 27.775222778320312 313.4178771972656 293.23797607421875 637.53076171875 
3 483.3272399902344 152.0989990234375 686.4700927734375 430.593017578125 
3 537.7166748046875 57.00785827636719 753.0877685546875 407.1240234375 
418
1 403.21514892578125 359.8275146484375 910.0388793945312 871.4050903320312 
3 0.41021728515625 407.606689453125 266.0632019042969 710.586181640625 
3 27.871780395507812 313.458251953125 293.27447509765625 637.4806518554688 
3 483.70635986328125 151.70164489746094 685.6507568359375 433.86260986328125 
3 538.0043334960938 56.83067321777344 752.8570556640625 406.67059326171875 
419
1 386.88818359375 365.56866455078125 891.8364868164062 870.7734375 
3 0.4024810791015625 407.5787353515625 266.0595703125 710.5945434570312 
3 27.844879150390625 313.50958251953125 293.1883544921875 637.4959106445312 
3 484.6158142089844 152.10882568359375 689.3260498046875 442.7621765136719 
3 537.8172607421875 56.56098937988281 753.127685546875 407.0567321777344 
3 484.7200927734375 150.9391326904297 689.6873168945312 443.5908203125 
420
1 368.5589904785156 368.55169677734375 892.7799072265625 870.4248046875 
3 0.4069061279296875 407.6913146972656 265.9950866699219 710.43896484375 
3 27.80316162109375 313.5244140625 293.2279968261719 637.569580078125 
3 537.5015869140625 56.113006591796875 753.3269653320312 407.4178466796875 
3 484.19647216796875 151.62213134765625 696.1236572265625 466.47021484375 
3 484.61334228515625 150.6680145263672 698.6925048828125 467.22735595703125 
2 485.029052734375 149.74737548828125 732.468994140625 533.1492309570312 
421
1 348.9942321777344 376.1124572753906 892.203369140625 870.84130859375 
3 27.808639526367188 313.6167907714844 293.0852355957031 637.72998046875 
3 0.41338348388671875 407.7711486816406 266.10333251953125 710.4580078125 
2 485.01348876953125 149.086181640625 752.3165283203125 599.2711181640625 
3 537.802001953125 56.17352294921875 753.2269897460938 408.3352355957031 
422
1 330.6159973144531 379.51751708984375 891.748291015625 870.6228637695312 
3 0.4138946533203125 407.8165283203125 266.0917663574219 710.5087280273438 
3 27.697738647460938 313.59967041015625 293.15753173828125 637.570068359375 
2 486.213134765625 149.6446533203125 751.639892578125 601.397216796875 
3 538.0375366210938 56.20176696777344 753.0401000976562 408.2789306640625 
423
1 311.69158935546875 387.2887268066406 891.695556640625 870.4178466796875 
2 485.99151611328125 149.390380859375 751.2188110351562 604.5650634765625 
3 0.40179443359375 407.88323974609375 266.0799255371094 710.4937744140625 
3 27.65155029296875 313.57354736328125 293.47686767578125 637.404296875 
3 538.2047119140625 56.207855224609375 752.9860229492188 408.3040771484375 
424
1 295.826416015625 392.64599609375 891.7255859375 870.70068359375 
3 27.639678955078125 313.62274169921875 292.9579162597656 637.5841674804688 
2 487.1034240722656 149.3609619140625 751.368896484375 605.9879150390625 
3 0.433624267578125 407.9523010253906 265.9559020996094 710.6446533203125 
3 538.2293701171875 56.25885009765625 753.162841796875 408.07049560546875 
425
0 271.8587646484375 398.05322265625 891.61572265625 877.71240234375 
2 488.8952331542969 149.409912109375 751.0963745117188 607.7476806640625 
3 27.65899658203125 313.65655517578125 293.13232421875 637.4814453125 
3 0.4592742919921875 408.037841796875 266.04254150390625 710.623779296875 
3 538.229736328125 56.3277587890625 753.1807250976562 408.28363037109375 
426
0 258.37432861328125 407.1632385253906 887.7379150390625 885.085205078125 
2 488.4760437011719 149.17913818359375 751.1000366210938 607.7755126953125 
3 27.7359619140625 313.7356872558594 293.0799560546875 637.1292724609375 
3 0.466461181640625 408.0859680175781 266.11932373046875 710.5745849609375 
3 538.55029296875 56.5120849609375 753.2947387695312 408.44281005859375 
427
0 237.33151245117188 412.7940673828125 884.957275390625 889.5712890625 
2 489.42022705078125 149.6278076171875 751.1117553710938 608.5703125 
3 27.736221313476562 313.7581787109375 292.9707946777344 636.8770751953125 
3 0.4665985107421875 408.2037658691406 266.041748046875 710.5680541992188 
3 538.7490844726562 56.49623107910156 753.242919921875 408.23187255859375 
428
2 489.5052795410156 149.32046508789062 751.951416015625 608.4641723632812 
3 27.810943603515625 313.64678955078125 293.28924560546875 636.654052734375 
3 0.517578125 408.304443359375 266.0943603515625 710.6740112304688 
3 538.6573486328125 56.55424499511719 753.2933349609375 408.40899658203125 
0 218.18280029296875 417.85369873046875 882.1231079101562 897.8682250976562 
0 218.06112670898438 418.88201904296875 881.814208984375 897.6541137695312 
429
0 201.97271728515625 422.69317626953125 870.7543334960938 901.4190673828125 
2 490.2629089355469 150.40771484375 751.7064819335938 606.9642333984375 
3 27.839019775390625 313.560302734375 293.42388916015625 635.7545166015625 
3 0.5239639282226562 408.36566162109375 266.0779113769531 710.7503051757812 
3 538.577880859375 56.717529296875 753.1957397460938 408.4583740234375 
430
0 179.3858642578125 425.0281982421875 856.9112548828125 902.877197265625 
2 490.08148193359375 148.995361328125 751.7061767578125 608.279052734375 
3 28.051910400390625 313.3775939941406 293.6436767578125 635.6270751953125 
3 0.5408477783203125 408.527099609375 265.7517395019531 710.782958984375 
3 538.6221923828125 56.73490905761719 753.194580078125 408.3810729980469 
431
0 160.00119018554688 427.4117126464844 831.871337890625 903.6752319335938 
2 488.1840515136719 149.755126953125 751.375732421875 608.4579467773438 
3 0.8022842407226562 407.77239990234375 266.2074890136719 710.7735595703125 
3 27.924591064453125 312.57470703125 292.80889892578125 636.9789428710938 
3 538.75634765625 56.79510498046875 752.6978759765625 407.8936767578125 
432
0 145.21609497070312 429.8761901855469 800.1844482421875 903.7197875976562 
3 0.8028945922851562 407.97021484375 266.0146484375 710.9256591796875 
2 478.0858154296875 148.62225341796875 751.7161865234375 608.11767578125 
3 28.026702880859375 312.28692626953125 289.570068359375 636.37060546875 
3 538.8021240234375 56.83062744140625 752.72314453125 408.0989990234375 
433
0 142.57830810546875 431.89788818359375 767.7245483398438 904.5010986328125 
2 490.8648681640625 148.35757446289062 751.5050048828125 608.26416015625 
3 0.8348388671875 408.4569091796875 265.8345031738281 710.6079711914062 
3 28.36883544921875 313.2486267089844 272.1440734863281 637.3824462890625 
3 538.4359741210938 57.00164794921875 752.897705078125 408.1207275390625 
434
0 105.39532470703125 435.39508056640625 735.5816040039062 903.732421875 
2 491.2374572753906 147.6376953125 751.5845947265625 608.0640869140625 
3 0.9284820556640625 408.75048828125 264.3180847167969 709.581298828125 
3 538.435302734375 57.0577392578125 752.9285888671875 408.15106201171875 
3 28.185348510742188 313.3108215332031 257.5968017578125 638.157958984375 
435
2 491.1039733886719 148.5472412109375 750.8974609375 607.7344360351562 
0 87.35562133789062 436.49884033203125 703.383544921875 904.3199462890625 
3 0.6618728637695312 408.9718017578125 263.97772216796875 709.5930786132812 
3 538.54541015625 57.06382751464844 752.9150390625 408.2384033203125 
3 28.58892822265625 313.1510009765625 244.20608520507812 637.4812622070312 
3 28.61664581298828 313.2142028808594 180.15692138671875 485.05010986328125 
436
2 491.1262512207031 148.58465576171875 750.931640625 608.0952758789062 
0 77.24642944335938 434.251220703125 673.97412109375 917.28759765625 
3 0.6240005493164062 408.981689453125 257.4499206542969 709.22412109375 
3 538.5105590820312 57.08421325683594 752.9453125 408.3316955566406 
3 28.6468505859375 313.2217712402344 178.6593475341797 477.90167236328125 
3 28.47265625 313.8642578125 226.52557373046875 612.8748779296875 
437
2 491.04583740234375 148.63101196289062 750.8975219726562 607.826171875 
0 61.452545166015625 436.4635009765625 642.2337036132812 935.3750610351562 
3 538.2421875 57.071807861328125 752.812744140625 408.2116394042969 
3 1.0320892333984375 409.1324768066406 213.9157257080078 706.1019897460938 
3 28.455337524414062 312.9410400390625 181.31613159179688 463.7449951171875 
438
0 25.5277099609375 441.5631103515625 621.073974609375 952.5811767578125 
2 489.3363952636719 148.9913330078125 750.94921875 608.1388549804688 
3 538.5682983398438 56.99565124511719 752.7286376953125 407.9736328125 
3 27.183914184570312 313.525146484375 229.16835021972656 515.4492797851562 
3 0.315338134765625 408.7695007324219 199.88552856445312 705.147216796875 
439
0 4.01708984375 447.3917236328125 621.5200805664062 972.6303100585938 
2 490.2396545410156 148.753662109375 751.1375732421875 607.53515625 
3 538.4619140625 57.214935302734375 752.7461547851562 408.17852783203125 
3 26.854766845703125 313.7359313964844 232.60877990722656 522.3714599609375 
3 0.39633941650390625 410.2646484375 183.45468139648438 706.407958984375 
440
2 466.76458740234375 148.64022827148438 750.82666015625 607.0687255859375 
0 2.062225341796875 455.0309143066406 622.3427734375 988.996337890625 
3 27.295989990234375 313.75250244140625 233.23849487304688 527.4299926757812 
3 538.0599365234375 57.24566650390625 752.8453979492188 408.1854248046875 
3 0.255615234375 408.55218505859375 169.38143920898438 704.7059936523438 
441
0 1.1551513671875 457.78790283203125 622.1041870117188 1002.658447265625 
2 485.1112060546875 147.83428955078125 751.9159545898438 608.5355224609375 
3 27.003280639648438 313.431640625 236.23863220214844 537.922607421875 
3 537.7991333007812 57.160675048828125 752.7392578125 408.1982421875 
442
0 0.82720947265625 471.1307678222656 621.9256591796875 1017.5943603515625 
3 26.494293212890625 313.3619384765625 262.0140075683594 573.681396484375 
2 488.3380432128906 148.2149658203125 751.8093872070312 607.2177734375 
3 537.8612670898438 57.163909912109375 752.698486328125 408.04998779296875 
443
0 1.742950439453125 481.92333984375 621.59375 1027.00146484375 
2 490.5352783203125 147.524169921875 751.2488403320312 607.9965209960938 
3 26.422897338867188 313.82269287109375 296.0400390625 609.1384887695312 
3 537.851318359375 57.21574401855469 753.0965576171875 408.0341796875 
3 0.2919120788574219 407.44189453125 58.13493347167969 499.01458740234375 
444
0 0.94354248046875 495.6920166015625 620.1485595703125 1032.935546875 
2 490.380615234375 148.03729248046875 751.1956176757812 608.087890625 
3 26.06134033203125 313.8332214355469 293.38323974609375 612.4915161132812 
3 537.766845703125 57.15138244628906 752.980224609375 408.0465087890625 
3 0.2311391830444336 407.3257141113281 61.70650100708008 500.45086669921875 
445
0 0.0 503.574462890625 619.1502685546875 1035.489013671875 
2 490.1034851074219 147.7808837890625 751.9864501953125 609.5302124023438 
3 26.060928344726562 313.380615234375 293.6571960449219 614.812255859375 
3 537.9996948242188 57.044769287109375 752.8900146484375 408.22247314453125 
3 0.23083209991455078 407.648681640625 68.7557373046875 519.373291015625 
446
0 0.0 516.0237426757812 614.73828125 1038.6357421875 
2 486.15679931640625 148.479248046875 751.7186279296875 609.8062744140625 
3 25.464996337890625 313.3672180175781 293.6912841796875 622.0475463867188 
3 537.7958984375 57.20735168457031 752.542724609375 408.1900329589844 
3 0.6229629516601562 408.0965576171875 108.36174011230469 585.59228515625 
447
0 0.0 520.1640014648438 609.7529907226562 1042.524658203125 
2 492.09576416015625 147.64642333984375 751.419921875 608.232177734375 
3 26.274932861328125 313.5753173828125 293.5440673828125 636.344970703125 
3 537.6844482421875 57.343719482421875 752.6567993164062 408.3091125488281 
448
0 0.0 542.6360473632812 597.3106689453125 1043.13525390625 
2 491.97943115234375 147.48892211914062 751.353515625 613.16162109375 
3 26.268051147460938 312.6888122558594 293.25018310546875 634.1130981445312 
3 538.0161743164062 57.29833984375 752.7290649414062 408.38751220703125 
3 0.6992835998535156 407.7030029296875 143.07916259765625 616.7427368164062 
449
2 492.256103515625 148.14215087890625 751.0888671875 607.42431640625 
0 0.05755615234375 582.5201416015625 582.1661987304688 1042.5040283203125 
3 24.433670043945312 313.2900085449219 293.14422607421875 636.1383666992188 
3 0.5011062622070312 408.1696472167969 265.39263916015625 708.9046020507812 
3 537.9558715820312 57.36834716796875 752.698486328125 408.43316650390625 
450
0 1.144439697265625 575.2811279296875 558.589599609375 1044.6072998046875 
3 0.622283935546875 408.36322021484375 265.1759033203125 709.2180786132812 
2 492.42626953125 147.3182373046875 751.46875 610.556884765625 
3 24.3983154296875 313.1759033203125 293.01055908203125 636.2276611328125 
3 537.8491821289062 57.34019470214844 752.8489379882812 408.2720947265625 
451
3 0.6457977294921875 407.9167175292969 265.4094543457031 709.82861328125 
2 491.8363952636719 147.39752197265625 751.5009765625 610.8866577148438 
0 1.509765625 606.4077758789062 528.9037475585938 1044.2509765625 
3 24.065277099609375 313.0635986328125 293.1680908203125 636.797607421875 
3 537.8706665039062 57.378875732421875 752.7943115234375 408.187744140625 
452
3 0.6165847778320312 407.9595947265625 265.4825439453125 709.574462890625 
2 491.0350036621094 146.93280029296875 751.1787109375 612.2783813476562 
0 1.9542999267578125 620.239013671875 497.2581481933594 1043.5029296875 
3 23.854934692382812 313.2663879394531 293.16510009765625 636.8271484375 
3 537.8074951171875 57.400299072265625 752.8193359375 408.0655517578125 
453
3 0.572479248046875 408.0785217285156 265.6626281738281 710.0055541992188 
2 492.4964599609375 146.92999267578125 751.0855102539062 608.4804077148438 
3 23.545135498046875 313.3994140625 293.2703857421875 636.7483520507812 
0 1.4134063720703125 624.26025390625 471.36334228515625 1043.9989013671875 
3 537.88427734375 57.451202392578125 752.7979736328125 408.0928649902344 
454
3 0.5261611938476562 408.67218017578125 265.4013977050781 709.9253540039062 
3 23.243865966796875 313.3443603515625 293.2174072265625 636.8406982421875 
0 0.7682647705078125 634.990234375 445.36993408203125 1044.8721923828125 
3 537.983642578125 57.44903564453125 752.840087890625 408.2118225097656 
2 493.0226745605469 145.9569091796875 751.2095947265625 608.600341796875 
2 492.79718017578125 147.959716796875 750.9395751953125 607.6885986328125 
455
2 463.0604553222656 147.07183837890625 750.9329223632812 607.9241943359375 
0 0.70318603515625 643.0604248046875 416.812744140625 1045.6514892578125 
3 0.49591064453125 408.811767578125 265.6536865234375 710.1853637695312 
3 22.6268310546875 313.2856750488281 293.07720947265625 636.9886474609375 
3 538.350830078125 57.40350341796875 752.7096557617188 408.11492919921875 
456
3 0.4645233154296875 408.5890808105469 265.73040771484375 709.587890625 
0 0.0 657.1193237304688 395.43756103515625 1044.9378662109375 
3 22.119400024414062 313.130126953125 293.1304931640625 637.1318359375 
2 492.3817138671875 146.095947265625 751.175048828125 608.375 
3 538.5360717773438 57.39515686035156 752.498291015625 407.9649353027344 
457
3 0.5058746337890625 408.5026550292969 265.5594787597656 709.76025390625 
2 495.07867431640625 144.95077514648438 751.050537109375 608.1082763671875 
3 21.761398315429688 313.36865234375 293.1163024902344 637.148193359375 
0 0.381561279296875 664.9490356445312 376.8444519042969 1044.5479736328125 
3 538.4571533203125 57.62359619140625 752.541748046875 408.0489501953125 
458
3 0.38480377197265625 408.69769287109375 265.8860778808594 710.7222900390625 
2 495.68988037109375 144.9332275390625 751.0120849609375 607.9583129882812 
3 21.799636840820312 313.74615478515625 293.2401123046875 637.052490234375 
0 0.291168212890625 674.6738891601562 376.4312438964844 1045.3424072265625 
3 538.37548828125 57.70550537109375 752.5469970703125 408.081298828125 
459
2 495.3734130859375 146.96875 751.2843017578125 610.22607421875 
3 21.78692626953125 313.8525695800781 293.3187561035156 637.224609375 
0 0.1388702392578125 688.3928833007812 376.972900390625 1045.4998779296875 
3 538.4501953125 57.583038330078125 752.5809326171875 408.12908935546875 
3 0.5171966552734375 408.5710144042969 265.6988525390625 710.581298828125 
460
3 0.6226043701171875 408.70733642578125 265.8337707519531 711.7828369140625 
3 21.695755004882812 313.8575439453125 293.1925048828125 637.1175537109375 
0 0.5838623046875 692.8663330078125 377.2639465332031 1045.725830078125 
2 495.29534912109375 145.13800048828125 751.0678100585938 608.007568359375 
3 538.6845092773438 57.70658874511719 752.5719604492188 408.07513427734375 
461
2 495.16357421875 146.44158935546875 751.4113159179688 613.909912109375 
3 0.7050704956054688 408.8062744140625 265.718017578125 711.6266479492188 
0 0.6168212890625 701.1363525390625 377.61370849609375 1045.018310546875 
3 21.5946044921875 313.83465576171875 293.3477478027344 637.127685546875 
3 539.00048828125 57.75872802734375 752.68505859375 408.16754150390625 
462
2 495.5545959472656 145.686279296875 751.3170166015625 608.1341552734375 
3 0.3982696533203125 408.92193603515625 265.93756103515625 711.2088623046875 
0 0.6141357421875 712.6275634765625 377.4820556640625 1044.57373046875 
3 21.605117797851562 314.0230712890625 293.4400634765625 637.235595703125 
3 539.0637817382812 57.75927734375 752.7027587890625 407.83673095703125 
463
2 495.0976867675781 146.73675537109375 751.3357543945312 613.065185546875 
3 0.4666595458984375 408.69195556640625 266.0586853027344 710.8737182617188 
3 21.692352294921875 314.04803466796875 293.38458251953125 637.3330688476562 
0 0.709442138671875 769.4390258789062 377.8378601074219 1045.492919921875 
3 538.9282836914062 57.506927490234375 752.6026000976562 407.98828125 
464
2 496.4042053222656 145.78729248046875 750.9110107421875 608.4430541992188 
3 0.4732666015625 408.49432373046875 266.1082458496094 710.7529296875 
3 21.735198974609375 314.0855407714844 293.3703308105469 637.3386840820312 
0 0.70245361328125 782.8927001953125 377.6400146484375 1045.1912841796875 
3 538.872314453125 57.664459228515625 752.5775146484375 408.0189514160156 
465
2 497.23016357421875 146.7135009765625 751.2240600585938 613.52197265625 
3 0.49300384521484375 408.43780517578125 265.84954833984375 710.7809448242188 
3 21.666610717773438 314.22430419921875 293.41412353515625 637.4395141601562 
0 0.756317138671875 796.20751953125 376.61309814453125 1044.858642578125 
3 538.9628295898438 57.589141845703125 752.2119140625 407.9381103515625 
466
2 498.01519775390625 146.859375 751.5773315429688 610.9405517578125 
3 0.49613189697265625 408.424560546875 265.8916320800781 710.7728881835938 
3 21.605697631835938 314.36083984375 293.44464111328125 637.3826293945312 
0 1.005767822265625 808.5977783203125 377.2340087890625 1045.0360107421875 
3 538.7007446289062 56.96685791015625 752.2227783203125 407.913818359375 
467
2 498.19659423828125 146.58636474609375 751.6400146484375 610.8294677734375 
3 21.437088012695312 314.68731689453125 293.36029052734375 637.2161865234375 
3 0.49892425537109375 408.2802734375 266.203369140625 710.7107543945312 
3 538.7022705078125 56.593658447265625 752.3876953125 407.6036682128906 
0 0.513641357421875 827.6058349609375 373.74920654296875 1044.6236572265625 
468
3 21.025726318359375 315.16888427734375 293.4090576171875 637.278564453125 
3 0.49480438232421875 408.16943359375 266.205810546875 710.574951171875 
2 497.9242248535156 146.81927490234375 751.5289916992188 610.3975219726562 
3 538.787353515625 56.428924560546875 752.405029296875 407.69915771484375 
0 0.49005126953125 844.751220703125 371.861572265625 1056.6954345703125 
469
2 497.8536376953125 146.9542236328125 751.580322265625 610.6194458007812 
3 20.665634155273438 315.7171325683594 293.3087463378906 637.150146484375 
3 0.4738616943359375 407.7784423828125 266.228515625 710.5315551757812 
3 538.5606079101562 56.670623779296875 752.4990234375 407.62091064453125 
0 0.34049224853515625 857.9051513671875 353.4333801269531 1058.383544921875 
470
2 497.9898986816406 146.2606201171875 751.9189453125 608.604248046875 
3 20.280624389648438 315.9407958984375 293.3536376953125 637.103271484375 
3 0.4711761474609375 407.60577392578125 266.260009765625 710.43359375 
3 538.5324096679688 56.86474609375 752.4159545898438 407.84051513671875 
0 0.3092041015625 869.8219604492188 332.9178466796875 1054.33935546875 
471
2 498.0268249511719 146.34429931640625 751.5201416015625 609.050048828125 
3 19.888412475585938 316.7109680175781 293.387451171875 637.1463012695312 
3 0.501678466796875 407.6077880859375 266.378173828125 710.629150390625 
3 538.3099365234375 57.0458984375 752.7876586914062 408.1571350097656 
0 0.0076904296875 886.6943359375 316.0528869628906 1051.5882568359375 
472
2 499.0975341796875 147.9984130859375 751.0941772460938 608.1893920898438 
3 19.49285888671875 316.87176513671875 293.3843994140625 637.1925048828125 
3 0.4887847900390625 407.5130615234375 266.4842834472656 710.6832885742188 
3 536.984619140625 57.609375 752.94189453125 408.2952575683594 
0 0.5395431518554688 897.35693359375 294.598876953125 1057.48974609375 
473
2 498.9752502441406 148.00411987304688 751.0119018554688 608.0884399414062 
3 19.068023681640625 316.74871826171875 293.1540832519531 637.1555786132812 
3 0.45154571533203125 407.40557861328125 266.1924133300781 710.3892822265625 
3 537.657958984375 57.915130615234375 752.9266357421875 408.40618896484375 
474
2 498.9071960449219 148.22186279296875 750.7767944335938 608.09814453125 
3 18.92877197265625 317.028076171875 293.117431640625 637.20947265625 
3 0.45781707763671875 407.4736328125 266.1389465332031 710.3626708984375 
3 536.5372924804688 58.19642639160156 753.0225219726562 408.4190979003906 
475
2 497.62921142578125 146.724853515625 751.1590576171875 609.1749267578125 
3 18.80755615234375 317.16937255859375 292.9420166015625 637.3087158203125 
3 0.4645538330078125 407.5332946777344 266.1874694824219 710.4761962890625 
3 536.0177001953125 58.1431884765625 752.80615234375 408.2806396484375 
476
2 495.60150146484375 145.87811279296875 751.603759765625 609.965576171875 
3 18.688385009765625 317.3510437011719 292.9919738769531 637.1046142578125 
3 0.46869659423828125 407.603759765625 266.0732727050781 710.2072143554688 
3 534.6633911132812 58.232086181640625 752.9639892578125 407.99041748046875 
477
2 494.7618408203125 147.92913818359375 751.3165283203125 610.078857421875 
3 18.6796875 317.26654052734375 292.98907470703125 637.468017578125 
3 0.4597625732421875 407.6756591796875 266.0580749511719 710.2059936523438 
3 535.0322875976562 58.15324401855469 752.7282104492188 407.955322265625 
478
2 494.0121154785156 148.31781005859375 751.4977416992188 609.9312744140625 
3 0.45165252685546875 407.79547119140625 266.0373229980469 710.4327392578125 
3 18.645294189453125 317.2576904296875 293.0440368652344 637.45751953125 
3 536.077880859375 58.22499084472656 752.6702270507812 408.14056396484375 
479
2 493.3347473144531 148.57131958007812 751.7103271484375 609.7367553710938 
3 0.45032501220703125 407.8604736328125 266.0951232910156 710.3648681640625 
3 18.410125732421875 317.2725830078125 292.9932861328125 637.4900512695312 
3 536.5419921875 58.13702392578125 752.5726318359375 408.36749267578125 
480
2 492.2489318847656 148.87396240234375 751.624267578125 609.6151733398438 
3 18.53485107421875 317.2106018066406 292.9524841308594 637.40869140625 
3 0.4456634521484375 407.7977294921875 266.07708740234375 710.24755859375 
3 536.5410766601562 58.12940979003906 752.7316284179688 408.1475524902344 
481
2 490.3177490234375 150.00228881835938 751.2059326171875 607.8359375 
3 18.529220581054688 317.1039123535156 292.95660400390625 637.4201049804688 
3 0.45062255859375 407.7461853027344 266.102783203125 710.2100219726562 
3 536.72509765625 58.163665771484375 752.7172241210938 408.4501647949219 
482
2 489.49285888671875 149.66165161132812 751.7504272460938 612.5928955078125 
3 18.472763061523438 317.18280029296875 292.9380798339844 637.3951416015625 
3 0.454071044921875 407.88116455078125 266.14703369140625 710.3284301757812 
3 536.7513427734375 58.17431640625 752.4861450195312 408.4283447265625 
483
2 489.03961181640625 151.590576171875 752.0719604492188 611.2298583984375 
3 18.28704833984375 317.1817321777344 292.9309997558594 637.400146484375 
3 0.4685211181640625 407.9300537109375 265.9772644042969 710.302001953125 
3 536.8881225585938 58.147552490234375 752.6114501953125 408.5150146484375 
484
2 486.9267883300781 152.81631469726562 751.4887084960938 608.8406982421875 
3 18.227813720703125 317.18701171875 293.0850524902344 637.409423828125 
3 0.46269989013671875 407.95166015625 265.96337890625 710.1654052734375 
3 536.76025390625 58.26716613769531 752.80859375 408.625732421875 
485
2 484.8564453125 153.50222778320312 751.596435546875 608.507080078125 
3 18.2218017578125 317.1776428222656 293.2768249511719 637.5547485351562 
3 0.4688568115234375 407.8795166015625 265.95489501953125 710.195556640625 
3 537.2005615234375 58.30072021484375 752.8443603515625 408.81512451171875 
486
3 18.201736450195312 317.2078857421875 293.1159973144531 637.468017578125 
3 0.4654541015625 407.89520263671875 265.89971923828125 710.176513671875 
2 482.7170104980469 154.2264404296875 751.55859375 608.330810546875 
3 536.7952880859375 58.235504150390625 752.6336669921875 408.9500732421875 
487
2 481.3219909667969 154.73501586914062 751.5462646484375 607.9100341796875 
3 18.188629150390625 317.2439880371094 293.19744873046875 637.514404296875 
3 0.4669189453125 407.91729736328125 265.9192199707031 710.20654296875 
3 536.381103515625 58.303558349609375 752.7598876953125 408.98663330078125 
488
2 479.4461975097656 154.8531494140625 751.5714721679688 607.6561279296875 
3 18.15423583984375 317.23956298828125 293.1337585449219 637.556396484375 
3 0.4573516845703125 407.88116455078125 265.9140930175781 710.130126953125 
3 535.6017456054688 58.260162353515625 752.9803466796875 408.87750244140625 
489
2 478.8011474609375 155.06796264648438 751.614013671875 608.11865234375 
3 0.462158203125 407.85687255859375 265.8275146484375 710.0896606445312 
3 18.172409057617188 317.25543212890625 293.13775634765625 637.524658203125 
3 535.0921020507812 58.229583740234375 752.952880859375 408.8702392578125 
490
2 479.15191650390625 155.17434692382812 752.1666259765625 610.6302490234375 
3 18.133544921875 317.1421813964844 293.048583984375 637.623291015625 
3 0.45732879638671875 407.91790771484375 265.9281921386719 710.2081298828125 
3 534.1006469726562 58.306243896484375 752.9881591796875 408.86480712890625 
491
2 478.5704650878906 155.285400390625 752.5851440429688 610.1048583984375 
3 0.45755767822265625 407.5677490234375 265.88421630859375 710.1654052734375 
3 18.019500732421875 317.33935546875 293.2669372558594 637.3878173828125 
3 535.2398681640625 58.315216064453125 753.0604248046875 408.5227966308594 
492
2 478.69342041015625 155.74267578125 752.488525390625 608.8927612304688 
3 17.928802490234375 317.3191223144531 293.27679443359375 637.4177856445312 
3 0.4488372802734375 407.43017578125 265.8938293457031 710.151611328125 
3 534.9309692382812 58.29594421386719 753.031494140625 408.6506042480469 
493
2 478.21484375 155.51394653320312 752.58935546875 611.046630859375 
3 18.101119995117188 317.3013916015625 293.2023620605469 637.4423828125 
3 0.4544677734375 407.4866943359375 266.01690673828125 710.0897827148438 
3 534.7289428710938 58.297576904296875 752.9898071289062 408.6424560546875 
494
2 477.44366455078125 155.86419677734375 751.86474609375 607.765380859375 
3 0.4749298095703125 407.3782958984375 266.04833984375 710.0814819335938 
3 18.203765869140625 317.2649230957031 293.183349609375 637.4932861328125 
3 534.9986572265625 58.36090087890625 753.2001342773438 408.81280517578125 
495
2 476.3418884277344 156.340576171875 751.6209716796875 606.9679565429688 
3 0.46529388427734375 407.4338073730469 266.0703125 709.9344482421875 
3 18.2127685546875 317.2514343261719 293.31646728515625 637.5675048828125 
3 534.858154296875 58.363189697265625 753.0892333984375 408.477294921875 
496
2 477.75244140625 155.43377685546875 751.8922119140625 608.4013061523438 
3 0.46936798095703125 407.38751220703125 266.02880859375 709.9484252929688 
3 18.200469970703125 317.20001220703125 293.3420715332031 637.5162353515625 
3 534.372314453125 58.2762451171875 752.7495727539062 408.5220031738281 
497
2 479.0024719238281 155.08355712890625 752.2171630859375 610.7705078125 
3 18.1468505859375 317.06158447265625 293.1571350097656 637.6171264648438 
3 0.47967529296875 407.40771484375 266.13726806640625 709.981201171875 
3 534.5208740234375 58.37286376953125 752.6370849609375 408.4650573730469 
498
2 479.4665222167969 155.58367919921875 752.13671875 610.8245849609375 
3 18.127471923828125 317.0342712402344 293.1265869140625 637.6273803710938 
3 0.485137939453125 407.33258056640625 266.1287841796875 710.0301513671875 
3 534.703125 58.3946533203125 752.7476806640625 408.2906494140625 
499
2 479.7286682128906 155.55740356445312 752.11376953125 611.4480590820312 
3 0.472320556640625 407.3089599609375 265.842529296875 709.7896728515625 
3 18.037139892578125 317.1823425292969 293.01104736328125 637.7423095703125 
3 536.028564453125 58.247467041015625 752.96875 408.5613098144531 
500
2 479.6742858886719 155.31912231445312 752.0708618164062 611.441650390625 
3 17.97540283203125 317.0140380859375 293.4175720214844 637.2611694335938 
3 0.470611572265625 407.34619140625 266.27001953125 709.939697265625 
3 534.8828735351562 58.22332763671875 752.4559326171875 408.50897216796875 
501
2 479.9190673828125 155.12344360351562 752.050537109375 611.53173828125 
3 0.46205902099609375 407.3293762207031 266.3570861816406 709.95458984375 
3 18.042755126953125 317.10198974609375 293.573486328125 637.06982421875 
3 535.1170654296875 58.2845458984375 752.4808349609375 408.3367614746094 
502
2 479.95831298828125 155.4033203125 752.0448608398438 611.1331787109375 
3 0.4661407470703125 407.3111572265625 266.3460388183594 709.9730224609375 
3 18.002334594726562 317.1445617675781 293.5794677734375 637.0604858398438 
3 534.9625244140625 58.34754943847656 752.4292602539062 408.4114990234375 
503
2 479.17388916015625 155.48529052734375 752.2876586914062 609.0779418945312 
3 0.46337890625 407.2779235839844 266.4583740234375 710.1648559570312 
3 18.029144287109375 317.0999755859375 293.7569580078125 637.0726928710938 
3 534.0877685546875 58.4400634765625 752.3903198242188 408.5700988769531 
504
2 478.56488037109375 155.54696655273438 752.1878662109375 611.5218505859375 
3 0.4756622314453125 407.2345275878906 266.4636535644531 710.1539306640625 
3 18.054962158203125 317.0270690917969 293.7525329589844 637.0281982421875 
3 532.5550537109375 58.355255126953125 752.4243774414062 408.5228271484375 
505
2 477.8297119140625 156.73837280273438 752.1422119140625 611.1605834960938 
3 0.4656829833984375 407.04571533203125 266.4787902832031 710.1276245117188 
3 18.08294677734375 317.1471252441406 293.37677001953125 637.1744995117188 
3 532.5647583007812 58.192901611328125 752.6852416992188 408.338134765625 
506
2 476.2376708984375 157.18331909179688 751.9848022460938 611.4015502929688 
3 0.46489715576171875 406.9783935546875 266.225341796875 709.881103515625 
3 18.054718017578125 317.1153259277344 293.3698425292969 636.9937744140625 
3 533.0660400390625 58.179534912109375 753.2686157226562 408.198974609375 
507
2 475.2322998046875 158.48068237304688 752.11767578125 610.79052734375 
3 0.466278076171875 406.841552734375 266.41119384765625 710.0117797851562 
3 18.048126220703125 317.1022033691406 293.391357421875 637.1458129882812 
3 528.9722900390625 58.073638916015625 752.94873046875 408.10296630859375 
508
2 473.0361022949219 158.36810302734375 751.6658325195312 608.3878784179688 
3 0.468292236328125 406.7709655761719 266.4120788574219 710.2066650390625 
3 18.162750244140625 316.94219970703125 293.15447998046875 637.1580200195312 
3 533.1455078125 57.866943359375 752.9141845703125 408.12567138671875 
509
2 472.2959289550781 161.18896484375 751.6822509765625 612.732421875 
3 0.46820068359375 406.70880126953125 266.4028015136719 710.1846313476562 
3 18.170761108398438 316.948974609375 293.322998046875 637.174072265625 
3 532.239013671875 57.820281982421875 752.9432983398438 407.96844482421875 
510
2 472.07501220703125 160.8212890625 752.0560302734375 610.8123779296875 
3 0.47168731689453125 406.67205810546875 266.36474609375 710.2763671875 
3 18.16168212890625 316.9020690917969 293.3926696777344 637.3050537109375 
3 532.0224609375 57.95243835449219 753.0841064453125 407.837646484375 
511
2 473.77874755859375 159.27163696289062 751.941650390625 607.5438842773438 
3 0.4765167236328125 406.6082763671875 266.38433837890625 710.211669921875 
3 18.200836181640625 316.8301696777344 293.37261962890625 637.273681640625 
3 533.0819091796875 57.897979736328125 752.9988403320312 408.07012939453125 
512
2 474.97705078125 158.65692138671875 751.9097900390625 610.1141357421875 
3 0.47035980224609375 406.51568603515625 266.3347473144531 710.1588134765625 
3 18.314239501953125 316.5427551269531 293.3131408691406 637.2086181640625 
3 529.6915283203125 57.802215576171875 753.0528564453125 407.61920166015625 
513
2 475.5985107421875 158.30584716796875 752.0238647460938 609.1607666015625 
3 0.46248626708984375 406.5152282714844 266.27764892578125 710.106689453125 
3 18.226470947265625 316.4757385253906 293.36114501953125 637.09814453125 
3 527.976806640625 57.85516357421875 753.002197265625 407.6161804199219 
514
2 475.96875 158.06692504882812 752.2109985351562 609.496337890625 
3 0.4650726318359375 406.31890869140625 266.26397705078125 710.2670288085938 
3 18.26190185546875 316.33251953125 293.37982177734375 637.08251953125 
3 528.49853515625 58.043487548828125 752.9835815429688 408.02227783203125 
515
2 476.09136962890625 157.46331787109375 752.2212524414062 609.4567260742188 
3 0.46553802490234375 406.22283935546875 266.2467041015625 710.26220703125 
3 18.283950805664062 316.2001037597656 293.360595703125 637.1142578125 
3 529.390625 58.055877685546875 752.9152221679688 408.1439208984375 
516
2 476.2366943359375 156.61328125 752.1107177734375 610.2697143554688 
3 0.4693756103515625 406.1488037109375 266.23797607421875 710.2117919921875 
3 18.28961181640625 316.19146728515625 293.27203369140625 637.0908813476562 
3 529.7023315429688 58.10881042480469 752.8467407226562 408.24969482421875 
517
2 476.3164367675781 156.671875 752.1629638671875 610.0012817382812 
3 0.4669189453125 406.11480712890625 266.2242431640625 710.21435546875 
3 18.228607177734375 316.1222229003906 293.2964172363281 637.0916137695312 
3 530.2905883789062 58.15179443359375 752.8779907226562 407.87176513671875 
518
2 477.08929443359375 156.1566162109375 752.177734375 610.031494140625 
3 0.471435546875 406.07855224609375 266.2521667480469 710.12109375 
3 18.406448364257812 316.1061706542969 293.29779052734375 637.127685546875 
3 530.4779052734375 58.248291015625 752.8839111328125 407.8998718261719 
519
2 478.63665771484375 155.82574462890625 752.1387329101562 610.1590576171875 
3 0.4717559814453125 406.09088134765625 266.271728515625 710.104736328125 
3 18.345916748046875 316.1235656738281 293.3076171875 637.134521484375 
3 531.210205078125 58.26277160644531 752.8822021484375 407.8564147949219 
520
2 479.21051025390625 156.11569213867188 751.8563232421875 609.9876708984375 
3 0.47274017333984375 406.09771728515625 266.23858642578125 710.1168823242188 
3 18.4954833984375 316.1539611816406 293.2264709472656 637.18798828125 
3 532.3698120117188 58.36555480957031 752.9850463867188 407.93121337890625 
521
2 479.3743896484375 154.65646362304688 751.888427734375 607.7830810546875 
3 0.48239898681640625 405.94378662109375 266.4895935058594 710.3431396484375 
3 18.35748291015625 316.20111083984375 293.4837646484375 637.4896850585938 
3 532.502685546875 58.156494140625 753.4319458007812 407.7010803222656 
522
2 480.5836181640625 155.099609375 751.6619873046875 609.59814453125 
3 0.471405029296875 405.96820068359375 266.4214172363281 710.2471923828125 
3 18.47137451171875 316.23040771484375 293.50885009765625 637.5196533203125 
3 533.2687377929688 58.156005859375 753.2479248046875 407.37322998046875 
523
2 480.66552734375 155.57244873046875 751.9066162109375 608.6652221679688 
3 0.4575347900390625 406.0077209472656 266.3067932128906 710.373779296875 
3 18.3858642578125 316.02764892578125 293.49859619140625 637.437255859375 
3 533.6122436523438 58.16046142578125 753.03271484375 407.5183410644531 
524
2 480.4535217285156 155.82412719726562 751.7298583984375 609.546875 
3 0.4571075439453125 405.966552734375 266.28271484375 710.4642333984375 
3 18.398773193359375 315.91729736328125 293.52703857421875 637.384033203125 
3 532.361572265625 58.185211181640625 752.699951171875 407.80316162109375 
525
2 481.267333984375 156.7054443359375 752.0445556640625 610.314697265625 
3 0.4528656005859375 405.8912658691406 266.18304443359375 710.2283325195312 
3 18.632232666015625 316.0012512207031 293.32330322265625 637.06689453125 
3 532.8081665039062 58.069793701171875 752.5742797851562 407.895263671875 
526
2 481.33544921875 157.64144897460938 751.539306640625 608.794921875 
3 0.43849945068359375 405.909912109375 266.19403076171875 710.2347412109375 
3 18.7132568359375 315.9892578125 293.3024597167969 637.0087280273438 
3 532.76953125 58.07969665527344 752.6449584960938 407.796875 
527
2 482.58209228515625 157.009033203125 751.6124267578125 609.2269897460938 
3 0.4472198486328125 405.81500244140625 266.20501708984375 710.2567749023438 
3 18.9285888671875 316.087890625 293.2916564941406 637.1624755859375 
3 534.279296875 58.12347412109375 752.42626953125 407.560791015625 
528
2 484.35760498046875 156.9117431640625 751.823486328125 610.7640991210938 
3 0.44446563720703125 405.84027099609375 266.2061462402344 710.2636108398438 
3 18.966842651367188 316.0141906738281 293.2935485839844 637.1029663085938 
3 535.031494140625 58.263641357421875 752.306640625 407.4437255859375 
529
2 485.12939453125 156.36605834960938 751.6956787109375 612.3464965820312 
3 0.4481964111328125 405.8033447265625 266.1208190917969 710.3485107421875 
3 18.95849609375 315.9649658203125 293.3512268066406 637.0113525390625 
3 537.01220703125 58.049102783203125 752.067626953125 407.40576171875 
530
2 486.6401672363281 156.3314208984375 751.844970703125 609.8706665039062 
3 0.440093994140625 405.87384033203125 266.1445617675781 710.3368530273438 
3 18.92010498046875 315.92724609375 293.35467529296875 636.991455078125 
3 538.313720703125 58.228546142578125 752.1084594726562 407.6244201660156 
531
2 487.77264404296875 155.950927734375 751.7930908203125 610.0136108398438 
3 0.4380950927734375 405.74420166015625 266.291748046875 710.3792114257812 
3 18.927001953125 315.8616027832031 293.4304504394531 637.1500244140625 
3 538.70654296875 58.22404479980469 752.2262573242188 407.60687255859375 
532
2 489.0039978027344 155.017333984375 751.4088134765625 608.7039184570312 
3 0.4515380859375 405.761962890625 266.3101806640625 710.369140625 
3 18.931106567382812 315.88897705078125 293.4144287109375 637.1825561523438 
3 538.6281127929688 58.06976318359375 752.228759765625 407.5972900390625 
533
2 491.14019775390625 156.12060546875 751.2354125976562 608.5701904296875 
3 0.45664215087890625 405.8029479980469 266.2780456542969 710.330078125 
3 18.93328857421875 316.053955078125 293.5216369628906 637.0676879882812 
3 538.9500732421875 58.29243469238281 752.2618408203125 407.72467041015625 
534
2 491.0617370605469 156.31903076171875 751.35986328125 608.0554809570312 
3 0.4608001708984375 405.7400817871094 266.31951904296875 710.3715209960938 
3 18.948089599609375 316.12542724609375 293.5199279785156 637.090087890625 
3 538.86572265625 58.306884765625 752.1990966796875 407.7699890136719 
535
2 492.65972900390625 156.8896484375 751.4296875 608.309814453125 
3 0.45014190673828125 405.6309509277344 266.4095458984375 710.321044921875 
3 18.8687744140625 316.1981506347656 293.64068603515625 637.00439453125 
3 539.0054931640625 58.33050537109375 752.343505859375 408.0516662597656 
536
2 493.93060302734375 158.82199096679688 752.1966552734375 606.7938842773438 
3 0.448089599609375 405.6048583984375 266.21319580078125 710.2720336914062 
3 18.98382568359375 316.3016357421875 293.61602783203125 637.2265625 
3 538.969970703125 58.2301025390625 752.3281860351562 407.7623291015625 
537
2 493.6618957519531 158.011474609375 751.8931274414062 608.4874267578125 
3 0.4527435302734375 405.5592346191406 266.3374938964844 710.5952758789062 
3 18.896240234375 316.19805908203125 293.6132507324219 637.2454833984375 
3 538.7300415039062 58.29533386230469 752.3351440429688 408.0226745605469 
538
2 493.2657470703125 157.05401611328125 751.5171508789062 608.7276611328125 
3 0.4550323486328125 405.5684814453125 266.2947998046875 710.4584350585938 
3 18.822296142578125 316.388916015625 293.6525573730469 637.2011108398438 
3 538.7786865234375 58.33110046386719 752.3543701171875 407.8062744140625 
539
2 493.48651123046875 156.19540405273438 751.457275390625 610.6889038085938 
3 0.46065521240234375 405.5054931640625 266.26519775390625 710.4730834960938 
3 18.782760620117188 316.43609619140625 293.65679931640625 637.2605590820312 
3 538.5299072265625 58.17616271972656 752.2593994140625 407.5931396484375 
540
2 494.43994140625 155.63095092773438 751.5353393554688 611.1719970703125 
3 0.4560089111328125 405.57281494140625 266.08935546875 710.3753051757812 
3 18.78131103515625 316.37274169921875 293.6844482421875 637.2584228515625 
3 538.515380859375 58.0225830078125 752.5353393554688 407.3414306640625 
541
2 496.188720703125 156.3299560546875 751.4935302734375 611.09912109375 
3 0.4591522216796875 405.5393371582031 266.2439270019531 710.4526977539062 
3 18.745742797851562 316.2960205078125 293.711181640625 637.2216796875 
3 538.4723510742188 58.035247802734375 752.71875 407.1463317871094 
542
2 496.9786682128906 155.10711669921875 751.684326171875 610.9469604492188 
3 0.4478607177734375 405.4902648925781 266.25909423828125 710.3284912109375 
3 18.691024780273438 316.26702880859375 293.7371826171875 637.2908935546875 
3 538.495361328125 58.054718017578125 752.8113403320312 407.4344177246094 
543
2 496.7130126953125 154.88156127929688 751.5968017578125 610.7486572265625 
3 0.45070648193359375 405.50653076171875 266.2351989746094 710.3099365234375 
3 18.62847900390625 316.25018310546875 293.7392883300781 637.2100830078125 
3 538.3128051757812 57.9879150390625 752.8375244140625 407.3341064453125 
544
2 496.13134765625 153.6300048828125 751.6763305664062 611.9419555664062 
3 0.45864105224609375 405.4665222167969 266.271484375 710.3486938476562 
3 18.594863891601562 316.27777099609375 293.64837646484375 637.2945556640625 
3 538.5889892578125 58.0440673828125 752.7885131835938 407.11297607421875 
545
2 496.3020324707031 153.48056030273438 752.033447265625 611.4767456054688 
3 0.449127197265625 405.4780578613281 266.25091552734375 710.4654541015625 
3 18.57208251953125 316.286376953125 293.62957763671875 637.1730346679688 
3 538.4692993164062 58.066619873046875 752.3274536132812 407.1978454589844 
546
2 496.35980224609375 153.24951171875 751.7244873046875 608.5982666015625 
3 0.4530792236328125 405.52508544921875 266.1986389160156 710.4547729492188 
3 18.667449951171875 316.3026428222656 293.7027587890625 637.220458984375 
3 538.462890625 58.07557678222656 752.27294921875 407.4496154785156 
547
2 495.7301025390625 153.48480224609375 752.037109375 611.7686767578125 
3 0.45843505859375 405.5360107421875 266.19024658203125 710.4710693359375 
3 18.669464111328125 316.27008056640625 293.73919677734375 637.2266235351562 
3 538.5155639648438 58.21501159667969 752.0989379882812 407.4307556152344 
548
2 495.353515625 152.53021240234375 751.6034545898438 609.574462890625 
3 0.468017578125 405.561279296875 266.21014404296875 710.50048828125 
3 18.676910400390625 316.26611328125 293.669189453125 637.2808837890625 
3 538.6002807617188 58.084808349609375 751.9736328125 407.60662841796875 
549
2 495.0850830078125 151.94427490234375 751.97900390625 609.787841796875 
3 0.45603179931640625 405.53533935546875 266.1844482421875 710.4854736328125 
3 18.691131591796875 316.22442626953125 293.6443786621094 637.3339233398438 
3 538.2127075195312 58.136932373046875 751.9996337890625 407.38116455078125 
550
2 494.03216552734375 152.31207275390625 751.951904296875 609.6097412109375 
3 0.45973968505859375 405.66412353515625 266.20184326171875 710.3273315429688 
3 18.9093017578125 316.20574951171875 293.89111328125 637.55810546875 
3 538.6467895507812 58.105621337890625 752.082763671875 407.3235168457031 
551
2 493.55401611328125 152.621337890625 751.8515625 610.2262573242188 
3 0.4654998779296875 405.87689208984375 266.1925048828125 710.166259765625 
3 18.997344970703125 316.1760559082031 293.57647705078125 637.4334716796875 
3 539.160400390625 58.32670593261719 751.5767211914062 407.45623779296875 
552
2 493.78985595703125 152.26922607421875 751.9047241210938 611.3068237304688 
3 0.4670257568359375 405.91119384765625 266.1886901855469 710.1265869140625 
3 19.032333374023438 316.1678466796875 293.56951904296875 637.3902587890625 
3 538.93212890625 58.313629150390625 751.7825927734375 407.27587890625 
553
2 493.6419372558594 151.78341674804688 751.43701171875 608.7005615234375 
3 0.45737457275390625 405.93267822265625 266.456298828125 710.5079345703125 
3 19.054962158203125 316.2701416015625 293.66375732421875 637.1676025390625 
3 538.628662109375 58.454498291015625 751.9503784179688 407.3505859375 
554
2 493.21124267578125 152.15109252929688 751.1766357421875 608.3341064453125 
3 0.445465087890625 405.850830078125 266.4151611328125 710.4794311523438 
3 19.037261962890625 316.2649841308594 293.6580505371094 637.28955078125 
3 538.6883544921875 58.501312255859375 752.1788940429688 406.9229736328125 
555
2 492.699951171875 153.35205078125 751.3805541992188 607.4796752929688 
3 0.43740081787109375 405.88287353515625 266.2421875 710.6015014648438 
3 19.13934326171875 316.32781982421875 293.5914306640625 637.1728515625 
3 538.5408325195312 58.48143005371094 752.2575073242188 406.8720703125 
556
2 492.571533203125 153.59356689453125 751.5098266601562 608.2137451171875 
3 0.440765380859375 405.9276123046875 266.2314758300781 710.5413208007812 
3 19.119842529296875 316.2834167480469 293.54913330078125 637.2029418945312 
3 538.5570068359375 58.64006042480469 752.3827514648438 406.9448547363281 
557
2 492.7173767089844 152.31463623046875 751.551025390625 607.9036254882812 
3 0.44673919677734375 405.9105224609375 266.3320617675781 710.37890625 
3 19.143478393554688 316.3118896484375 293.4276428222656 637.3951416015625 
3 538.57421875 58.59100341796875 752.6783447265625 407.208984375 
558
2 492.5113220214844 151.82586669921875 751.7205810546875 608.0951538085938 
3 0.433685302734375 405.8346862792969 266.2975158691406 710.3590698242188 
3 19.1092529296875 316.3614501953125 293.41632080078125 637.4130859375 
3 538.8157958984375 58.518798828125 752.612548828125 407.2251892089844 
559
2 492.2787170410156 152.3990478515625 752.4165649414062 606.837890625 
3 0.4342041015625 405.90887451171875 266.31988525390625 710.11962890625 
3 19.168060302734375 316.3055419921875 293.47210693359375 637.427490234375 
3 538.6055908203125 58.534088134765625 752.5841674804688 407.698974609375 
560
2 492.033935546875 152.121826171875 751.447021484375 608.2567138671875 
3 0.4324188232421875 405.9244689941406 266.3176574707031 710.103271484375 
3 19.137664794921875 316.2983093261719 293.50067138671875 637.4681396484375 
3 538.7106323242188 58.421112060546875 752.509521484375 407.41888427734375 
561
2 491.62652587890625 153.08636474609375 751.5116577148438 607.709228515625 
3 0.43951416015625 406.064208984375 266.2713317871094 710.1434326171875 
3 19.002838134765625 316.3804931640625 293.30352783203125 637.5928955078125 
3 538.57568359375 58.51300048828125 752.4564208984375 407.781005859375 
562
2 491.2944641113281 152.64471435546875 752.1361083984375 608.7813110351562 
3 0.43378448486328125 406.14111328125 266.2799987792969 710.2015380859375 
3 18.864120483398438 316.3925476074219 293.2906188964844 637.65576171875 
3 538.3638916015625 58.44160461425781 752.3892822265625 407.8742370605469 
563
2 490.9912414550781 152.79608154296875 751.5337524414062 607.0831298828125 
3 0.42609405517578125 406.2810363769531 266.3975524902344 710.1614990234375 
3 18.890228271484375 316.3818359375 293.2358093261719 637.7556762695312 
3 538.5325927734375 58.461517333984375 752.14453125 407.67742919921875 
564
2 490.68841552734375 151.775390625 752.20703125 609.342529296875 
3 0.44425201416015625 406.510009765625 266.39654541015625 710.1007080078125 
3 18.834136962890625 316.48907470703125 293.2348327636719 637.7066650390625 
3 538.5404052734375 58.51116943359375 752.197509765625 407.58380126953125 
565
2 491.042724609375 151.90960693359375 751.9727783203125 609.208251953125 
3 0.44427490234375 406.8516845703125 266.01904296875 709.9384155273438 
3 18.78985595703125 316.685546875 293.27734375 637.8710327148438 
3 538.490478515625 58.51225280761719 752.184814453125 407.35888671875 
566
2 490.9622497558594 151.89468383789062 751.386474609375 609.36962890625 
3 18.8343505859375 316.8130798339844 293.0533447265625 637.6534423828125 
3 0.46479034423828125 406.97100830078125 266.0631103515625 710.1791381835938 
3 538.2930908203125 58.553497314453125 752.1284790039062 407.45941162109375 
567
2 490.958740234375 151.92120361328125 752.3693237304688 611.2086181640625 
3 0.4698028564453125 407.1314697265625 266.036376953125 709.9132080078125 
3 18.670196533203125 317.0398254394531 293.2384033203125 637.9310302734375 
3 538.2666015625 58.63536071777344 752.1353149414062 407.45001220703125 
568
2 491.48907470703125 152.94866943359375 751.5533447265625 607.5462646484375 
3 0.4589080810546875 407.2221984863281 266.2071533203125 709.8112182617188 
3 18.61077880859375 317.04144287109375 293.2864990234375 637.8914794921875 
3 538.4108276367188 58.592559814453125 752.0650024414062 407.6486511230469 
569
2 491.185302734375 154.21469116210938 751.2730102539062 607.0685424804688 
3 0.45026397705078125 407.31976318359375 266.2384033203125 709.798828125 
3 18.573333740234375 316.94854736328125 293.3262634277344 637.919921875 
3 538.4286499023438 58.647705078125 752.0348510742188 407.78558349609375 
570
2 491.7078857421875 153.34033203125 751.7576904296875 608.42138671875 
3 0.4454345703125 407.28497314453125 266.2568664550781 709.8309936523438 
3 18.521255493164062 316.98553466796875 293.45574951171875 637.8648681640625 
3 538.4195556640625 58.64483642578125 752.0487060546875 407.812255859375 
571
2 491.4861755371094 152.84320068359375 752.1405639648438 609.874267578125 
3 0.45758056640625 407.2843017578125 266.2813415527344 709.8455810546875 
3 18.540435791015625 317.0461730957031 293.3826599121094 637.857421875 
3 538.21337890625 58.63330078125 752.1843872070312 407.65765380859375 
572
2 491.4664001464844 152.5804443359375 751.9801025390625 610.2420654296875 
3 0.46616363525390625 407.5396728515625 266.3370361328125 709.9549560546875 
3 18.47808837890625 317.0419921875 293.5061340332031 637.7837524414062 
3 537.9964599609375 58.60009765625 752.315185546875 407.5457763671875 
573
2 491.4578552246094 152.772705078125 752.0638427734375 610.4190063476562 
3 0.4553375244140625 407.5706787109375 266.1779479980469 709.884521484375 
3 18.4649658203125 317.1378479003906 293.4940490722656 637.8291015625 
3 537.861083984375 58.646759033203125 752.3275146484375 407.2974853515625 
574
2 491.4649353027344 152.7099609375 751.7809448242188 610.92236328125 
3 0.4662322998046875 407.60565185546875 266.2059020996094 709.9497680664062 
3 18.480514526367188 317.17974853515625 293.4797668457031 637.9052734375 
3 537.588623046875 58.586517333984375 752.0211181640625 407.4292297363281 
575
2 490.37237548828125 150.13079833984375 751.494873046875 610.623779296875 
3 0.44837188720703125 407.7650146484375 266.1136474609375 709.9357299804688 
3 18.47271728515625 317.155029296875 293.4649963378906 637.9232177734375 
3 537.8804321289062 58.48260498046875 751.7434692382812 408.02325439453125 
576
2 490.59100341796875 151.3448486328125 751.443603515625 610.6454467773438 
3 0.44952392578125 407.85186767578125 266.1560363769531 709.9188232421875 
3 18.47686767578125 317.24530029296875 293.43878173828125 637.94775390625 
3 538.3085327148438 58.4368896484375 751.645263671875 407.8839111328125 
577
2 489.0959167480469 151.00161743164062 751.5831298828125 610.142578125 
3 0.4545135498046875 407.90911865234375 266.0986328125 709.8604736328125 
3 18.508514404296875 317.21685791015625 293.436767578125 637.8121337890625 
3 538.49169921875 58.47813415527344 751.8314208984375 408.4271240234375 
578
2 488.91693115234375 151.76806640625 751.4192504882812 609.1728515625 
3 0.43437957763671875 407.9820556640625 266.12884521484375 709.8228759765625 
3 18.480926513671875 317.2257080078125 293.35211181640625 637.7877807617188 
3 538.1094970703125 58.4937744140625 751.8754272460938 407.96734619140625 
579
2 488.40814208984375 151.6304931640625 751.2022705078125 609.5794677734375 
3 0.428680419921875 407.99774169921875 266.1089782714844 709.768798828125 
3 18.449737548828125 317.1997985839844 293.3832702636719 637.7989501953125 
3 537.8671264648438 58.5518798828125 751.6703491210938 408.10400390625 
580
2 488.1682434082031 151.358642578125 751.4654541015625 607.680419921875 
3 0.43827056884765625 407.9354248046875 266.02813720703125 709.7941284179688 
3 18.5177001953125 317.2451171875 293.4204406738281 637.893310546875 
3 537.8399047851562 58.581756591796875 751.6646728515625 408.5959167480469 
581
2 488.546875 150.45120239257812 751.4679565429688 609.6467895507812 
3 0.4283599853515625 408.0405578613281 265.9403076171875 709.73095703125 
3 18.494003295898438 317.3680419921875 293.08251953125 637.4912109375 
3 537.9261474609375 58.57615661621094 752.062255859375 408.7371826171875 
582
2 489.304931640625 151.22988891601562 751.458984375 607.161865234375 
3 0.43450164794921875 408.0649108886719 265.88116455078125 709.69091796875 
3 18.392181396484375 317.3332824707031 293.1147155761719 637.49755859375 
3 538.259765625 58.57476806640625 751.972900390625 408.6428527832031 
583
2 489.5185852050781 150.30059814453125 751.42138671875 608.9598388671875 
3 0.44922637939453125 408.124755859375 265.9654541015625 709.966796875 
3 18.6055908203125 317.09271240234375 293.194091796875 637.3668823242188 
3 538.3245849609375 58.513885498046875 752.326171875 408.5858154296875 
584
2 489.71588134765625 150.25152587890625 751.4197387695312 608.19091796875 
3 0.4525146484375 408.17474365234375 265.952880859375 710.001953125 
3 18.60064697265625 317.04510498046875 293.2079772949219 637.3616333007812 
3 538.4891357421875 58.51622009277344 752.3639526367188 408.547119140625 
585
2 490.0440368652344 150.0693359375 751.4613647460938 608.1156616210938 
3 0.4467926025390625 408.2669372558594 265.9993591308594 709.779052734375 
3 18.52783203125 317.00811767578125 293.3709716796875 637.20849609375 
3 538.6233520507812 58.60884094238281 752.27783203125 408.4489440917969 
586
2 490.3849792480469 149.60086059570312 751.6168212890625 607.8896484375 
3 0.4343109130859375 408.425048828125 265.99078369140625 709.8087158203125 
3 18.564239501953125 316.9662170410156 293.3664245605469 637.23193359375 
3 538.5239868164062 58.685516357421875 752.3321533203125 408.5087585449219 
587
2 491.34002685546875 148.8974609375 752.0123901367188 608.833984375 
3 0.4329681396484375 408.4520568847656 266.03314208984375 709.765625 
3 18.581787109375 316.74639892578125 293.2250061035156 637.015869140625 
3 538.0571899414062 58.64122009277344 752.216552734375 408.3458251953125 
588
2 492.7486267089844 149.04156494140625 751.9370727539062 608.0118408203125 
3 0.45532989501953125 408.6115417480469 266.0633544921875 709.7330322265625 
3 18.613372802734375 316.5098876953125 293.2148742675781 637.0750122070312 
3 537.914794921875 58.60435485839844 752.2515869140625 408.34912109375 
589
3 0.45238494873046875 408.82623291015625 266.0880126953125 709.6953735351562 
2 494.45660400390625 149.58261108398438 751.749267578125 607.9674682617188 
3 18.506011962890625 316.5302734375 293.06842041015625 637.2642822265625 
3 537.8629150390625 58.5594482421875 752.4095458984375 408.23504638671875 
590
3 0.458831787109375 408.9290466308594 266.1063232421875 709.68701171875 
2 493.59490966796875 149.4908447265625 751.659912109375 608.3113403320312 
3 18.522323608398438 316.62615966796875 293.05511474609375 637.1962280273438 
3 537.74658203125 58.57173156738281 752.4396362304688 408.3627624511719 
591
3 0.449554443359375 409.05291748046875 266.23077392578125 709.8737182617188 
3 18.492660522460938 316.8952941894531 293.1070251464844 637.12060546875 
2 492.8050537109375 150.33377075195312 751.8720703125 607.8421630859375 
3 537.6718139648438 58.570281982421875 752.3989868164062 408.18115234375 
592
3 0.4493408203125 409.09820556640625 266.17352294921875 709.8587036132812 
2 492.59930419921875 149.97653198242188 751.941162109375 607.5820922851562 
3 18.43499755859375 316.47412109375 293.1507263183594 637.113525390625 
3 537.7964477539062 58.600006103515625 752.3804931640625 408.16162109375 
593
3 0.43782806396484375 409.11590576171875 266.2231140136719 709.762451171875 
3 18.386505126953125 315.78302001953125 293.2472229003906 637.2816162109375 
2 491.798095703125 150.02862548828125 751.8638916015625 608.2398681640625 
3 537.8218994140625 58.50653076171875 752.4225463867188 408.1031188964844 
594
3 0.45306396484375 409.1158752441406 266.2519226074219 709.7754516601562 
3 18.557815551757812 315.2822265625 293.2274169921875 637.2598876953125 
2 492.0510559082031 148.34857177734375 751.7552490234375 608.8973388671875 
3 537.67919921875 58.573272705078125 752.3724975585938 407.93280029296875 
595
2 494.838134765625 148.5589599609375 751.662353515625 608.8053588867188 
3 0.48361968994140625 409.082275390625 266.2078857421875 709.8085327148438 
3 18.113739013671875 314.949462890625 292.9140625 637.2818603515625 
3 537.6278076171875 58.63055419921875 752.7789306640625 408.11395263671875 
596
3 17.459808349609375 314.7283630371094 292.65673828125 637.403564453125 
3 0.466278076171875 409.43548583984375 266.168212890625 709.5635375976562 
3 537.8204956054688 58.71250915527344 752.5602416992188 407.5470275878906 
2 489.44500732421875 148.25579833984375 751.695068359375 608.5428466796875 
2 489.52874755859375 150.55029296875 751.4112548828125 607.77880859375 
597
2 498.327392578125 148.84344482421875 751.498779296875 608.28515625 
3 16.315887451171875 314.42303466796875 293.2445373535156 637.3536376953125 
3 0.46768951416015625 409.2418212890625 266.33050537109375 709.7781982421875 
3 537.911376953125 58.659271240234375 752.3897094726562 407.4138488769531 
598
2 500.44189453125 148.36474609375 751.437255859375 608.3068237304688 
3 15.199188232421875 314.1106262207031 293.20416259765625 637.4796142578125 
3 0.5069732666015625 409.180908203125 266.277587890625 709.7977294921875 
3 537.8546752929688 58.723052978515625 752.32861328125 407.3807067871094 
599
3 14.99688720703125 313.8797607421875 293.17364501953125 637.5280151367188 
3 0.5131988525390625 409.3421630859375 266.2733154296875 709.7703247070312 
3 537.4772338867188 58.65238952636719 752.5242919921875 407.2472839355469 
2 502.2290344238281 148.482666015625 751.295654296875 608.4264526367188 
