0
2 422.2323913574219 324.6628112792969 736.1364135742188 661.0892333984375 
3 136.66744995117188 320.86419677734375 393.159912109375 630.7860107421875 
3 1011.5560302734375 16.922256469726562 1075.32568359375 164.02139282226562 
1
2 422.2395935058594 324.6643371582031 736.1368408203125 661.10107421875 
3 136.66830444335938 320.8586730957031 393.1597900390625 630.7774047851562 
3 1011.5543823242188 16.92595672607422 1075.326416015625 164.0149383544922 
2
2 406.5876159667969 328.36767578125 724.0205688476562 664.63525390625 
3 128.21734619140625 321.49761962890625 380.3150939941406 629.9472045898438 
3 998.7066650390625 16.509971618652344 1065.19873046875 161.51844787597656 
3
3 119.22319793701172 323.32293701171875 367.28533935546875 627.867431640625 
2 392.6397399902344 330.6466979980469 713.7483520507812 667.2039794921875 
3 985.9872436523438 16.574806213378906 1053.9000244140625 165.9413604736328 
4
3 112.10277557373047 325.07659912109375 355.9079284667969 626.59228515625 
2 376.8905334472656 333.98651123046875 700.8460693359375 669.5896606445312 
3 970.9517211914062 17.6812744140625 1043.0185546875 168.84597778320312 
5
3 102.93902587890625 327.5106201171875 342.11676025390625 628.5572509765625 
2 360.38720703125 338.6170654296875 690.6324462890625 673.40380859375 
3 959.9286499023438 19.090682983398438 1031.53173828125 167.35479736328125 
3 1837.1654052734375 41.37274169921875 1879.130615234375 113.69998168945312 
6
3 94.20486450195312 329.8907165527344 329.7335205078125 626.978759765625 
2 346.9470520019531 341.3286437988281 676.1304931640625 676.44580078125 
3 947.1697998046875 21.328079223632812 1019.2288208007812 167.23617553710938 
7
2 333.1968994140625 346.79010009765625 663.76318359375 678.3353881835938 
3 85.97515869140625 334.0675964355469 341.10595703125 628.1942749023438 
3 936.5119018554688 20.286270141601562 1006.535888671875 169.33145141601562 
8
3 79.59439086914062 336.315673828125 354.3586120605469 631.87353515625 
2 318.39605712890625 349.3543395996094 654.1182861328125 682.391357421875 
3 924.3029174804688 20.805404663085938 1001.9768676757812 173.1663818359375 
9
3 71.40542602539062 339.8370666503906 361.734619140625 637.1282348632812 
2 302.87274169921875 354.5362243652344 642.0574340820312 684.9785766601562 
3 910.3707275390625 23.384933471679688 1001.4561767578125 172.5348358154297 
10
3 62.45867919921875 344.4757080078125 361.53167724609375 643.9668579101562 
2 288.1571044921875 358.1030578613281 627.2732543945312 689.1561279296875 
3 897.9087524414062 23.483840942382812 995.922607421875 174.6605987548828 
11
3 54.98681640625 348.2662658691406 356.25250244140625 647.614013671875 
2 274.4654541015625 361.7343444824219 616.9252319335938 691.4392700195312 
3 888.4389038085938 24.578643798828125 984.6746826171875 179.2296142578125 
12
2 259.8203125 366.55865478515625 598.5606689453125 695.1403198242188 
3 49.591400146484375 352.70599365234375 351.30328369140625 651.8189086914062 
3 875.0184326171875 27.350296020507812 968.244384765625 177.00938415527344 
13
2 246.47979736328125 371.3871154785156 590.6058349609375 697.8739624023438 
3 41.94952392578125 357.3476867675781 344.9513244628906 656.7198486328125 
3 863.6904296875 28.56396484375 958.3411254882812 179.06784057617188 
14
2 230.49301147460938 375.6565246582031 579.1201171875 701.0477294921875 
3 33.97712707519531 361.35595703125 338.1514587402344 659.6536865234375 
3 851.7314453125 29.924087524414062 943.3924560546875 182.06591796875 
15
2 215.65272521972656 378.9104919433594 568.0665283203125 704.653076171875 
3 25.48199462890625 363.29632568359375 324.07073974609375 661.3336791992188 
3 839.9208984375 28.055068969726562 924.1843872070312 179.73599243164062 
16
2 201.6654815673828 384.01214599609375 553.3128662109375 708.5467529296875 
3 17.954833984375 366.38641357421875 314.5317687988281 661.1763916015625 
3 826.1962280273438 31.89990997314453 914.5762329101562 184.31842041015625 
17
2 186.9740753173828 387.8175964355469 539.9539794921875 712.4981079101562 
3 9.605804443359375 369.5556945800781 301.83978271484375 659.739990234375 
3 815.4542236328125 31.821212768554688 893.3009643554688 183.82693481445312 
18
2 175.12684631347656 392.0311279296875 531.76220703125 716.6582641601562 
3 2.554534912109375 369.4647521972656 289.0697021484375 656.4202880859375 
3 803.9520874023438 32.14289855957031 883.9935302734375 181.76181030273438 
19
2 158.94590759277344 395.7710876464844 520.6824951171875 720.9390258789062 
3 0.1353607177734375 374.1861572265625 279.2132568359375 660.8156127929688 
3 791.7882080078125 32.33885955810547 870.1409912109375 182.3203887939453 
20
2 147.220947265625 400.5577697753906 507.4411315917969 725.2831420898438 
3 0.1987457275390625 376.5821838378906 264.49530029296875 661.5784912109375 
3 778.6867065429688 32.820884704589844 854.6218872070312 182.6839599609375 
21
2 132.731689453125 406.0893859863281 493.78668212890625 727.6802978515625 
3 0.11731719970703125 378.1759338378906 253.26229858398438 663.576416015625 
3 765.7080688476562 34.91564178466797 844.5925903320312 182.4354248046875 
22
3 118.35395812988281 409.6430969238281 484.36431884765625 731.039306640625 
3 0.25461578369140625 381.080078125 245.5980224609375 667.961181640625 
3 754.5313720703125 37.02253723144531 822.66357421875 184.24606323242188 
23
3 106.21630859375 414.40740966796875 474.35296630859375 737.123291015625 
3 0.440765380859375 382.4786376953125 234.77877807617188 675.5504760742188 
3 742.78466796875 35.74583435058594 813.4857177734375 177.66929626464844 
24
3 93.3023681640625 418.8674621582031 465.452880859375 740.412841796875 
3 0.6416015625 386.0135192871094 223.2859649658203 680.2167358398438 
3 727.8836059570312 37.756500244140625 799.728271484375 184.8717803955078 
25
3 81.30451965332031 423.7875061035156 455.4478759765625 743.552978515625 
3 0.644317626953125 391.79296875 216.13099670410156 684.6883544921875 
3 718.0280151367188 39.45673370361328 795.3003540039062 185.7594451904297 
26
3 69.03599548339844 428.75006103515625 443.9400329589844 747.7799072265625 
3 0.28249359130859375 405.26763916015625 201.1244659423828 690.8771362304688 
3 705.98779296875 43.16386413574219 773.7504272460938 188.57968139648438 
27
3 53.33659362792969 435.2908935546875 431.95306396484375 751.7313842773438 
3 693.0839233398438 44.0194091796875 772.1381225585938 184.15255737304688 
3 0.21115493774414062 423.015625 192.76290893554688 696.1857299804688 
28
3 41.26268005371094 438.3424377441406 420.4366760253906 755.7040405273438 
3 682.272216796875 46.26905059814453 760.5396118164062 184.33370971679688 
3 0.0945587158203125 416.25860595703125 182.85787963867188 700.916748046875 
29
3 29.447662353515625 441.7522277832031 411.2462463378906 759.6707763671875 
3 0.26599884033203125 477.79815673828125 169.28811645507812 705.5978393554688 
3 669.8905639648438 47.758262634277344 747.2055053710938 185.2039794921875 
30
3 17.605056762695312 446.8459167480469 398.47711181640625 765.9656982421875 
3 657.383544921875 49.15777587890625 735.5187377929688 189.15249633789062 
3 0.3694496154785156 487.33428955078125 158.13453674316406 710.8125 
31
3 3.85638427734375 452.4537353515625 386.555419921875 767.4000244140625 
3 646.4154052734375 52.026336669921875 720.3724365234375 188.85992431640625 
32
3 0.948211669921875 458.03753662109375 376.9757080078125 771.9793701171875 
3 634.3695068359375 54.87261962890625 712.1903076171875 193.54241943359375 
3 0.38399505615234375 512.8671875 153.98355102539062 719.9738159179688 
33
3 0.5952606201171875 460.7839050292969 366.5836486816406 776.900146484375 
3 622.4801025390625 54.595848083496094 695.3504638671875 190.733154296875 
34
3 0.2122802734375 466.9269104003906 354.70330810546875 779.5772705078125 
3 611.0245361328125 56.674354553222656 685.4954223632812 188.91525268554688 
3 0.029036521911621094 176.73329162597656 37.10959243774414 246.90029907226562 
35
3 0.200469970703125 474.1568603515625 346.35638427734375 784.2701416015625 
3 598.6485595703125 59.61555480957031 674.3258056640625 194.59625244140625 
36
3 0.06781005859375 482.9254150390625 335.56756591796875 789.6207275390625 
3 586.2372436523438 58.52973175048828 656.7940063476562 195.89260864257812 
37
3 0.615386962890625 493.6876220703125 326.49517822265625 788.8214721679688 
3 574.7494506835938 60.896812438964844 645.9967041015625 204.517822265625 
38
3 562.22802734375 61.19575500488281 636.2722778320312 203.7611083984375 
3 0.466796875 527.2732543945312 316.6650390625 795.070556640625 
3 1387.1375732421875 12.458358764648438 1421.29345703125 79.64491271972656 
39
3 0.4296112060546875 533.4173583984375 304.8648376464844 801.1943969726562 
3 550.4407348632812 59.28318786621094 624.0151977539062 202.7849578857422 
3 1376.4560546875 12.41867446899414 1410.8568115234375 77.91351318359375 
40
3 536.6744995117188 63.27180480957031 616.0385131835938 202.79214477539062 
3 0.5777435302734375 536.2062377929688 296.61785888671875 807.1091918945312 
3 1360.925537109375 12.231521606445312 1397.19775390625 79.93128967285156 
41
3 0.45025634765625 536.3687744140625 287.6786193847656 812.5987548828125 
3 525.8455200195312 66.45626068115234 606.11328125 206.743896484375 
42
3 513.6505126953125 65.74714660644531 600.9163818359375 208.32606506347656 
3 0.5043487548828125 544.3299560546875 275.95159912109375 816.9515380859375 
3 1337.8890380859375 10.898727416992188 1373.8502197265625 79.07926177978516 
43
3 501.103515625 68.1416015625 591.1224365234375 210.73770141601562 
3 0.5313568115234375 568.7950439453125 268.3206481933594 819.9286499023438 
3 1328.850830078125 10.448917388916016 1362.7176513671875 77.82054138183594 
44
3 0.59381103515625 585.015869140625 259.36700439453125 822.9334716796875 
3 490.14215087890625 71.27859497070312 585.013916015625 209.4979705810547 
3 1317.709228515625 10.30429458618164 1349.201171875 77.023193359375 
45
3 0.5288925170898438 592.4982299804688 250.13729858398438 827.82080078125 
3 478.4176025390625 73.3896484375 579.8348999023438 215.61190795898438 
3 1301.9581298828125 10.913764953613281 1336.3271484375 78.99076843261719 
46
3 466.76702880859375 76.33810424804688 568.7640991210938 218.30001831054688 
3 0.4891510009765625 617.98876953125 237.5849609375 840.66162109375 
3 2131.438232421875 223.4200439453125 2175.22216796875 295.0827941894531 
3 1292.7088623046875 10.359073638916016 1324.2066650390625 76.84228515625 
47
3 457.1256103515625 78.86723327636719 563.8009033203125 218.0593719482422 
3 0.443756103515625 612.70263671875 231.23487854003906 835.0692138671875 
3 1281.899169921875 10.260185241699219 1313.4547119140625 77.06675720214844 
3 864.5632934570312 0.311248779296875 892.8921508789062 46.6844482421875 
48
3 443.3386535644531 81.82264709472656 552.389892578125 224.635498046875 
3 0.4666748046875 622.9906005859375 220.822265625 844.441650390625 
3 1264.9527587890625 11.35879135131836 1300.362060546875 79.05540466308594 
3 1363.7989501953125 2.541484832763672 1404.2613525390625 71.5207748413086 
3 988.6126098632812 0.0 1011.164794921875 31.512176513671875 
3 1217.8135986328125 0.0 1240.65380859375 32.15605163574219 
3 856.063720703125 1.8242874145507812 880.9614868164062 43.85138702392578 
49
3 0.3610992431640625 637.851318359375 212.4793701171875 847.31494140625 
3 434.1025390625 87.55508422851562 533.6409301757812 224.74215698242188 
3 1254.4327392578125 11.569023132324219 1286.582275390625 78.62973022460938 
3 1351.6475830078125 3.3515167236328125 1391.6546630859375 71.97058868408203 
3 841.5730590820312 1.3453369140625 868.9293212890625 51.71015930175781 
3 978.2850952148438 0.0 999.1367797851562 32.36625671386719 
50
3 423.66705322265625 87.73094177246094 521.4485473632812 226.09051513671875 
3 0.40316009521484375 651.0072021484375 203.52584838867188 853.251220703125 
3 1241.8614501953125 11.624263763427734 1272.446044921875 79.0273208618164 
51
3 414.0262145996094 90.00452423095703 511.2233581542969 232.62094116210938 
3 0.2935943603515625 665.73291015625 193.68545532226562 857.8720092773438 
3 1229.4942626953125 11.052898406982422 1259.419921875 77.54541015625 
52
3 403.1564025878906 92.5999755859375 499.7295227050781 228.16268920898438 
3 1217.923583984375 11.262042999267578 1249.039794921875 77.39315032958984 
3 0.122833251953125 677.6694946289062 186.07843017578125 862.2384033203125 
53
3 392.5859069824219 94.60276794433594 486.4871826171875 238.47055053710938 
3 1203.781982421875 12.0130615234375 1235.906982421875 79.37702941894531 
3 0.4478721618652344 692.4441528320312 173.8326416015625 865.0579223632812 
3 1300.052734375 2.6962432861328125 1339.351806640625 72.39543914794922 
3 796.7337036132812 4.539257049560547 821.95654296875 57.38798522949219 
3 934.3017578125 0.0 956.1995849609375 34.99848937988281 
54
3 381.7298583984375 96.59945678710938 475.6447448730469 240.39480590820312 
3 1190.728759765625 13.61429214477539 1223.04150390625 79.48580932617188 
3 785.6627807617188 11.161506652832031 811.7083740234375 59.55323791503906 
3 923.672607421875 0.0 945.8135986328125 36.26139831542969 
55
3 370.4071044921875 97.38589477539062 462.0155029296875 244.43719482421875 
3 0.41696929931640625 717.4564208984375 159.08230590820312 880.1300659179688 
3 1179.0648193359375 12.988533020019531 1209.3756103515625 79.97207641601562 
3 911.5753173828125 0.09296417236328125 936.3341064453125 38.06157684326172 
3 774.485595703125 10.160087585449219 799.9970703125 60.07307434082031 
56
3 360.9571228027344 100.32479858398438 445.05029296875 245.16363525390625 
3 1165.7115478515625 13.041454315185547 1197.977294921875 80.300048828125 
3 1124.3203125 0.5137367248535156 1166.62841796875 82.82113647460938 
57
3 347.91766357421875 102.70687866210938 434.5710754394531 243.80877685546875 
3 1155.2579345703125 13.520523071289062 1186.3492431640625 80.73583984375 
58
3 336.668212890625 104.52407836914062 426.38543701171875 247.85635375976562 
3 1142.2626953125 13.242317199707031 1174.827880859375 82.51547241210938 
3 742.61181640625 15.344703674316406 771.2394409179688 62.99949645996094 
59
3 328.02105712890625 106.59124755859375 412.49114990234375 248.00262451171875 
3 1129.873291015625 13.690681457519531 1165.5284423828125 81.76763916015625 
3 1096.0496826171875 2.442302703857422 1129.9515380859375 81.53634643554688 
60
3 316.0227966308594 108.45263671875 399.8309631347656 246.27520751953125 
3 1119.5909423828125 15.804191589355469 1153.4813232421875 83.51460266113281 
3 862.6142578125 4.8663330078125 884.1995849609375 42.32795715332031 
61
3 305.739013671875 112.59822082519531 393.0026550292969 253.0113525390625 
3 1108.51513671875 16.014450073242188 1140.208984375 83.19674682617188 
62
3 294.9980773925781 114.23381042480469 381.3712158203125 255.50302124023438 
3 2514.63720703125 667.6192626953125 2559.0068359375 724.0913696289062 
3 1096.6632080078125 17.85915756225586 1128.9034423828125 83.37167358398438 
3 844.1019287109375 8.636966705322266 865.5512084960938 45.215721130371094 
3 1194.3736572265625 1.3488540649414062 1230.3118896484375 68.54121398925781 
63
3 284.3261413574219 116.97308349609375 366.4761962890625 258.46392822265625 
3 1086.3863525390625 17.442138671875 1116.2698974609375 85.99211120605469 
3 1183.592041015625 6.574485778808594 1218.304443359375 74.88483428955078 
3 2517.06787109375 660.6393432617188 2559.0107421875 722.4277954101562 
64
3 273.4873352050781 120.28044128417969 354.33642578125 258.0259704589844 
65
3 263.01995849609375 123.51750183105469 348.2043762207031 262.12762451171875 
66
3 253.21925354003906 125.93699645996094 335.14385986328125 264.2676086425781 
3 663.5634765625 28.57305145263672 695.7721557617188 78.21473693847656 
3 1033.2615966796875 4.711036682128906 1058.980224609375 43.4112548828125 
67
3 241.78097534179688 129.78599548339844 322.5287780761719 267.6817626953125 
68
3 233.2778778076172 131.44448852539062 312.09552001953125 266.75604248046875 
3 1018.127685546875 5.148231506347656 1043.2110595703125 44.705223083496094 
69
3 221.65614318847656 136.28741455078125 306.0144958496094 269.6736755371094 
70
3 210.79014587402344 137.21817016601562 296.2709655761719 276.02764892578125 
3 996.2233276367188 8.028839111328125 1046.2850341796875 92.10273742675781 
3 629.580322265625 34.96687316894531 661.7245483398438 83.35749816894531 
3 278.037841796875 86.44894409179688 314.3045654296875 149.37901306152344 
71
3 200.972900390625 141.46339416503906 289.5093078613281 276.28131103515625 
3 989.2836303710938 9.852184295654297 1034.972412109375 92.44406127929688 
3 2453.861572265625 145.41668701171875 2488.62353515625 216.80722045898438 
72
3 2499.102783203125 559.3233032226562 2559.1025390625 700.263671875 
3 259.00836181640625 87.3792495727539 296.21722412109375 152.49234008789062 
3 191.18869018554688 147.69961547851562 276.18670654296875 275.7184753417969 
3 613.67138671875 34.85137939453125 641.3612060546875 78.97380828857422 
3 981.8661499023438 9.368927001953125 1031.099853515625 91.60150146484375 
73
3 2487.1728515625 532.5798950195312 2558.91259765625 714.4342041015625 
3 972.53466796875 10.820812225341797 1017.0657348632812 92.78775024414062 
3 605.6095581054688 38.74211120605469 630.1620483398438 77.37269592285156 
74
3 170.10667419433594 152.97549438476562 258.142333984375 282.6416015625 
3 2476.026123046875 514.0985107421875 2558.93603515625 715.0426025390625 
3 967.0570678710938 10.762443542480469 1007.0029296875 94.82757568359375 
75
3 2470.1982421875 506.01177978515625 2558.866943359375 710.5307006835938 
3 159.31607055664062 157.12631225585938 250.38409423828125 285.3078918457031 
3 958.72216796875 11.680477142333984 997.5545654296875 94.76136779785156 
3 228.91668701171875 92.31364440917969 268.73681640625 159.37612915039062 
3 589.8551025390625 41.761993408203125 616.2300415039062 85.60272216796875 
76
3 147.59060668945312 157.337158203125 243.1419219970703 288.80712890625 
3 2459.279541015625 500.8924560546875 2559.0986328125 709.7382202148438 
3 581.6827392578125 41.90557098388672 607.8655395507812 92.45584106445312 
3 950.7974243164062 12.545997619628906 993.8314208984375 93.94400024414062 
3 730.8583984375 21.050983428955078 751.1348876953125 53.58831024169922 
77
3 2449.05517578125 494.29486083984375 2559.083740234375 706.6115112304688 
3 140.50686645507812 160.4075927734375 237.4109344482422 293.4823913574219 
3 944.875732421875 14.0650634765625 984.6378784179688 94.05381774902344 
3 574.1646728515625 43.649864196777344 601.2984619140625 92.82878112792969 
3 208.16326904296875 97.89923095703125 250.19430541992188 165.4026336669922 
78
3 129.8863525390625 162.3695526123047 229.21234130859375 295.35821533203125 
3 2440.433349609375 487.266845703125 2558.812255859375 699.9859619140625 
3 935.590087890625 13.190284729003906 978.3114013671875 97.52153015136719 
3 1749.511474609375 158.51083374023438 1793.69140625 223.58108520507812 
3 565.6987915039062 46.88518524169922 591.0064697265625 89.68985748291016 
79
3 117.10516357421875 164.1332244873047 217.8277130126953 296.89178466796875 
3 2437.533935546875 480.85711669921875 2559.006591796875 697.62890625 
3 927.3173217773438 14.78219223022461 966.010009765625 98.7271728515625 
3 192.4098663330078 105.83502197265625 226.87608337402344 166.1778564453125 
3 560.8670043945312 45.496421813964844 585.6124877929688 90.61846923828125 
80
3 109.04814147949219 166.82073974609375 209.25283813476562 300.228759765625 
3 2424.9775390625 474.9689025878906 2559.1357421875 693.9946899414062 
3 917.8438110351562 17.437267303466797 957.9439697265625 100.74554443359375 
3 553.7830810546875 49.07501220703125 576.9226684570312 91.99272155761719 
3 2386.71533203125 476.61968994140625 2558.8017578125 958.9754638671875 
81
3 2375.0927734375 469.8941650390625 2558.820556640625 953.1333618164062 
3 100.95406341552734 171.9177703857422 202.8961181640625 303.990234375 
82
3 2359.52197265625 460.53118896484375 2558.732421875 946.4769897460938 
3 89.27801513671875 175.08184814453125 191.38906860351562 304.1445617675781 
3 538.44677734375 52.94297790527344 561.545166015625 97.28646850585938 
3 166.11280822753906 112.56259155273438 209.92669677734375 179.66477966308594 
3 902.0601806640625 19.661453247070312 944.9737548828125 74.06973266601562 
83
3 2343.744140625 454.1621398925781 2558.762939453125 941.8099975585938 
3 531.806396484375 53.627655029296875 555.0270385742188 94.8875732421875 
3 893.5813598632812 18.64093780517578 940.1197509765625 99.87655639648438 
3 992.3579711914062 16.391143798828125 1026.85009765625 74.72981262207031 
84
3 71.97451782226562 178.26443481445312 173.6730194091797 312.2112731933594 
3 2340.64697265625 451.2889404296875 2559.15185546875 931.0996704101562 
3 525.4271850585938 54.076759338378906 549.3811645507812 94.97348022460938 
3 148.11109924316406 120.86497497558594 185.54986572265625 180.77999877929688 
85
3 2382.458740234375 444.1287841796875 2559.0078125 668.713134765625 
3 65.18927001953125 186.14590454101562 162.4959259033203 315.95831298828125 
3 2304.697509765625 589.61865234375 2558.91650390625 1058.11083984375 
86
3 2376.04345703125 440.2630310058594 2559.12890625 665.8756103515625 
3 2289.3330078125 587.0439453125 2558.90478515625 926.620361328125 
87
3 2282.60888671875 433.0376892089844 2558.911865234375 919.8665771484375 
3 44.45858383178711 187.88978576660156 138.3571319580078 320.7510986328125 
3 503.37530517578125 58.451881408691406 529.3609619140625 100.39964294433594 
88
3 2360.8154296875 434.8385925292969 2558.895751953125 658.3684692382812 
3 2294.179931640625 580.8729248046875 2558.878662109375 918.0006713867188 
3 37.11075973510742 188.41259765625 126.64611053466797 322.966796875 
89
3 2355.96728515625 426.11456298828125 2559.049560546875 652.5460205078125 
3 2287.64453125 572.2719116210938 2558.76708984375 914.32763671875 
90
3 2280.251953125 573.6473388671875 2558.405517578125 906.421630859375 
3 2379.830078125 420.6859130859375 2558.896728515625 605.7868041992188 
91
3 2268.760009765625 566.2237548828125 2558.7041015625 910.4447021484375 
3 10.377418518066406 198.38082885742188 96.21041870117188 318.1598815917969 
3 2367.064453125 413.27606201171875 2559.20556640625 999.02294921875 
92
3 2.1399459838867188 200.0030517578125 90.13994598388672 336.8017578125 
3 2259.6484375 569.8653564453125 2550.412353515625 901.137939453125 
3 2371.297119140625 410.10626220703125 2558.856689453125 989.73583984375 
3 2473.99072265625 877.0723876953125 2559.014892578125 989.4866943359375 
3 470.484130859375 66.82359313964844 498.8471374511719 104.18130493164062 
93
3 2252.04052734375 567.72412109375 2534.575927734375 896.18505859375 
3 0.23390579223632812 193.4429931640625 82.80265808105469 333.6689453125 
3 2355.04443359375 392.97869873046875 2559.011962890625 593.4026489257812 
3 832.7451171875 26.555519104003906 872.2180786132812 83.96829986572266 
3 2467.0205078125 862.977783203125 2559.10693359375 978.5809936523438 
94
3 2351.000244140625 385.6846923828125 2558.994384765625 598.6273193359375 
3 0.1893310546875 203.40249633789062 73.7979507446289 341.799072265625 
3 2286.296142578125 564.0111083984375 2522.520263671875 891.8632202148438 
3 827.6610717773438 27.496845245361328 868.1344604492188 86.2879867553711 
3 2464.463623046875 852.3466186523438 2558.8330078125 969.0425415039062 
3 60.925498962402344 140.2060546875 105.69631958007812 210.63046264648438 
3 902.7018432617188 17.867767333984375 932.673095703125 79.70976257324219 
95
3 2343.3408203125 379.484619140625 2559.091552734375 593.73193359375 
3 2239.313232421875 561.8379516601562 2512.044921875 885.6234741210938 
3 0.10596656799316406 212.3946990966797 64.09550476074219 344.0420837402344 
3 52.360164642333984 145.22665405273438 93.13267517089844 213.9668426513672 
3 2458.718505859375 838.055419921875 2558.9873046875 964.0834350585938 
3 787.5009765625 48.722320556640625 814.5316772460938 114.77536010742188 
3 450.7681884765625 71.5145034790039 478.5048828125 110.77972412109375 
96
3 2336.45751953125 374.0894775390625 2559.190673828125 590.1710205078125 
3 2231.19775390625 555.6596069335938 2503.7802734375 879.797607421875 
3 0.057834625244140625 229.5728759765625 53.523590087890625 341.730224609375 
3 2448.251220703125 832.677734375 2559.076416015625 956.9066772460938 
3 442.0495910644531 72.31413269042969 470.5168762207031 114.8896484375 
3 442.0696105957031 72.32270050048828 469.460693359375 111.52713012695312 
3 41.562355041503906 154.36325073242188 84.05673217773438 215.1630096435547 
97
3 2327.78125 370.6007080078125 2558.853271484375 583.4949951171875 
3 2232.02685546875 551.2238159179688 2492.4697265625 877.5413818359375 
3 0.0 235.93231201171875 43.48861312866211 353.3113708496094 
3 2438.30517578125 813.5335693359375 2558.954833984375 952.104248046875 
3 802.9776000976562 32.38386535644531 841.84375 92.03263854980469 
3 434.30255126953125 75.28585052490234 465.1070556640625 115.84619140625 
3 34.43425369262695 152.3541259765625 74.58628845214844 215.81039428710938 
98
3 2322.722412109375 364.94287109375 2558.885986328125 587.523193359375 
3 2226.76025390625 546.249755859375 2482.682373046875 871.8214721679688 
3 796.6018676757812 33.82807922363281 831.068115234375 92.27046203613281 
3 426.6060485839844 78.10071563720703 456.57952880859375 115.5445556640625 
3 2433.45947265625 721.57421875 2558.910400390625 946.40625 
3 2434.5810546875 806.4839477539062 2558.945068359375 946.1665649414062 
99
3 2310.525146484375 360.86822509765625 2557.8173828125 580.2142944335938 
3 2209.83349609375 543.1292724609375 2473.481201171875 868.5689086914062 
100
3 2302.670654296875 357.3704833984375 2545.34130859375 577.4658813476562 
3 2186.40625 538.846435546875 2461.49755859375 861.0641479492188 
3 2418.60009765625 704.7340087890625 2558.894287109375 937.3868408203125 
3 781.2171630859375 39.15959167480469 814.3872680664062 94.93896484375 
101
3 2290.762939453125 353.7279357910156 2558.47509765625 566.3927612304688 
3 2410.136474609375 698.4197387695312 2558.930908203125 930.6961669921875 
3 2196.718017578125 533.0714111328125 2450.074951171875 854.2705688476562 
3 2198.646240234375 533.6314086914062 2447.905029296875 794.075927734375 
3 402.49786376953125 82.24281311035156 429.6422424316406 120.95126342773438 
102
3 2281.15185546875 350.69635009765625 2558.07421875 559.3055419921875 
3 2171.807861328125 529.45654296875 2440.189453125 853.7188110351562 
3 2406.00830078125 685.0478515625 2558.960205078125 921.9354248046875 
103
3 2270.56689453125 346.9179992675781 2545.430419921875 560.1010131835938 
3 2397.462158203125 673.9038696289062 2558.977783203125 920.167724609375 
3 2168.2724609375 525.099609375 2427.308837890625 846.8569946289062 
104
3 2259.33056640625 343.18603515625 2532.95068359375 548.7163696289062 
3 2160.45166015625 520.17529296875 2415.246337890625 840.10986328125 
3 2389.7314453125 664.2953491210938 2558.965087890625 910.5860595703125 
105
3 2249.735595703125 340.4316101074219 2516.92041015625 545.2704467773438 
3 2381.659423828125 663.2855224609375 2558.775634765625 908.4325561523438 
3 2163.322265625 516.44873046875 2403.426025390625 837.51708984375 
3 2166.313232421875 516.0794067382812 2403.05615234375 757.2650756835938 
106
3 2131.265380859375 511.7105712890625 2393.322509765625 835.1007080078125 
3 2241.42431640625 335.14990234375 2500.507080078125 546.5843505859375 
3 2371.712158203125 647.6005859375 2558.88720703125 898.6985473632812 
3 731.37890625 45.92236328125 764.193603515625 106.01545715332031 
107
3 2119.760498046875 505.8162841796875 2381.5380859375 832.1123046875 
3 2231.423095703125 330.83367919921875 2492.860107421875 539.7072143554688 
3 2369.1640625 637.8897094726562 2558.9990234375 889.0684204101562 
3 720.4965209960938 48.672813415527344 755.89501953125 109.55816650390625 
3 349.80926513671875 95.96383666992188 371.6427307128906 131.09719848632812 
108
3 2121.357666015625 500.8521728515625 2367.7138671875 824.8143310546875 
3 2353.48388671875 630.9718017578125 2558.947265625 886.4570922851562 
3 2220.963623046875 327.6505126953125 2473.162841796875 525.6718139648438 
109
3 2209.1474609375 323.4373474121094 2460.01513671875 525.4789428710938 
3 2110.16455078125 496.55474853515625 2355.847900390625 813.0879516601562 
3 2354.139404296875 621.8050537109375 2558.8125 879.8748779296875 
110
3 2213.68798828125 320.6109313964844 2446.718994140625 523.3169555664062 
3 693.0296630859375 52.155303955078125 729.1664428710938 116.375 
3 2122.65380859375 489.63385009765625 2344.72216796875 751.4832763671875 
111
3 2196.95263671875 317.7974853515625 2434.739501953125 517.6631469726562 
1 2094.206787109375 487.19549560546875 2332.282958984375 803.9366455078125 
3 618.9189453125 75.37902069091797 652.8914794921875 138.3645782470703 
3 2330.52685546875 604.3651123046875 2558.71435546875 869.2403564453125 
3 314.96905517578125 104.42448425292969 337.54052734375 141.4382781982422 
112
1 2083.7197265625 481.891357421875 2320.798583984375 803.16650390625 
3 2185.3173828125 313.51702880859375 2423.3291015625 508.60430908203125 
113
1 2067.946044921875 478.4278564453125 2309.876708984375 797.7128295898438 
3 2331.35888671875 573.01513671875 2558.861328125 843.1434326171875 
3 2216.081298828125 308.3128967285156 2415.54248046875 477.16583251953125 
3 667.6897583007812 57.50703430175781 704.298828125 121.18528747558594 
114
1 2054.404296875 473.51531982421875 2297.30712890625 802.0338745117188 
3 2155.03515625 303.73846435546875 2399.01171875 503.8089599609375 
3 2327.669677734375 559.8327026367188 2558.881591796875 832.8477783203125 
3 661.20849609375 60.19377899169922 695.3150024414062 121.39627075195312 
115
1 2034.86669921875 466.7375183105469 2286.503173828125 803.7503051757812 
3 2146.68310546875 297.46563720703125 2379.12158203125 501.408447265625 
3 2329.4443359375 540.3114013671875 2558.927734375 820.6749267578125 
116
1 2030.670166015625 458.50030517578125 2276.598388671875 788.869873046875 
3 2143.70361328125 293.0013732910156 2362.763916015625 494.7703857421875 
3 2323.3427734375 530.7667846679688 2558.896728515625 816.1989135742188 
117
1 2031.445556640625 450.1357727050781 2265.86474609375 784.2533569335938 
3 2130.651123046875 288.000244140625 2341.866455078125 481.270263671875 
3 2317.1044921875 514.93359375 2558.846923828125 810.20263671875 
118
1 2013.1815185546875 447.14697265625 2254.98388671875 796.7396240234375 
3 2315.374755859375 503.3212890625 2558.82080078125 804.343017578125 
3 2123.27978515625 283.76788330078125 2323.091552734375 486.58740234375 
119
3 2311.1748046875 497.6346435546875 2558.91064453125 801.7376098632812 
1 2001.2333984375 447.944091796875 2245.73193359375 791.2400512695312 
3 2104.1728515625 276.9586486816406 2307.17529296875 482.39801025390625 
120
3 2309.37841796875 491.40985107421875 2558.916748046875 795.2199096679688 
1 1994.1978759765625 442.4854736328125 2235.644775390625 780.30859375 
3 2098.761474609375 269.82476806640625 2288.416748046875 482.596435546875 
121
3 2310.5869140625 483.456298828125 2558.89794921875 790.9970703125 
1 1989.910888671875 441.13031005859375 2226.6162109375 785.3072509765625 
3 2064.011474609375 263.4937744140625 2274.61767578125 472.5831604003906 
122
3 2311.140625 479.6976318359375 2558.97509765625 785.1673583984375 
1 1979.99072265625 437.43450927734375 2216.5439453125 771.3026123046875 
3 2059.507568359375 256.7080078125 2253.163818359375 461.0537414550781 
3 2012.4996337890625 256.79510498046875 2252.873291015625 521.9244384765625 
123
3 2313.30322265625 475.6926574707031 2558.9658203125 779.5491943359375 
1 1968.5887451171875 431.56915283203125 2206.74267578125 766.0833740234375 
3 2039.8719482421875 248.99371337890625 2236.397216796875 456.7529602050781 
3 2004.3741455078125 248.73983764648438 2236.355224609375 519.1600952148438 
3 2297.783203125 166.2378692626953 2329.904541015625 221.962890625 
124
3 2311.23193359375 433.86016845703125 2558.944091796875 772.62060546875 
1 1959.3131103515625 427.71429443359375 2197.727294921875 771.660888671875 
3 1992.9671630859375 241.6427001953125 2219.369873046875 514.8846435546875 
125
3 2301.5830078125 398.1036376953125 2558.930908203125 768.2274169921875 
1 1953.3546142578125 423.3154296875 2188.900146484375 766.3012084960938 
3 1982.2783203125 236.3421630859375 2201.32958984375 512.1317138671875 
126
3 1973.9935302734375 230.38180541992188 2185.955078125 509.7762451171875 
3 2290.297607421875 393.7058410644531 2558.92919921875 766.2872314453125 
1 1945.6649169921875 417.92987060546875 2179.052490234375 757.2006225585938 
3 464.0624694824219 106.41783142089844 503.6164855957031 174.07489013671875 
3 347.642333984375 97.18626403808594 391.825927734375 163.68544006347656 
127
3 2282.725830078125 381.9452209472656 2559.006103515625 761.4082641601562 
3 1958.5067138671875 224.36767578125 2169.563720703125 507.971923828125 
1 1936.073974609375 414.3639831542969 2169.453369140625 759.056396484375 
128
3 2274.8203125 378.4368591308594 2558.999267578125 754.8165893554688 
3 1937.734130859375 219.34115600585938 2151.804443359375 505.1756591796875 
1 1929.3001708984375 410.90716552734375 2160.564208984375 756.298828125 
129
3 2269.376708984375 374.7958984375 2558.6943359375 747.9392700195312 
3 1924.29345703125 212.7290496826172 2134.073486328125 502.47412109375 
1 1919.6702880859375 406.34771728515625 2152.646728515625 750.730224609375 
3 432.5050964355469 112.25090026855469 472.2937927246094 175.11573791503906 
3 2230.141357421875 148.01168823242188 2263.0224609375 217.72109985351562 
130
3 1907.1983642578125 210.921142578125 2119.17724609375 499.3245849609375 
3 2257.81298828125 369.8158874511719 2549.34326171875 745.705322265625 
1 1906.2242431640625 402.8310546875 2142.97607421875 748.7769165039062 
131
3 2248.9775390625 364.4481201171875 2537.8662109375 741.9297485351562 
3 1889.198486328125 209.1177520751953 2100.908447265625 503.150390625 
2 1898.121337890625 402.6457214355469 2136.66064453125 744.88916015625 
132
3 2237.57373046875 358.8038635253906 2524.60888671875 738.6669921875 
2 1891.7459716796875 398.1590576171875 2133.86328125 744.8284912109375 
3 1875.3160400390625 205.566650390625 2084.752685546875 498.0220947265625 
133
3 2230.63916015625 354.93695068359375 2513.444091796875 735.1187744140625 
2 1884.5643310546875 396.5835266113281 2128.431396484375 739.145263671875 
3 1860.3135986328125 203.03375244140625 2069.021240234375 505.25360107421875 
134
3 2225.50634765625 347.34747314453125 2502.284423828125 728.426025390625 
3 1845.6317138671875 203.02806091308594 2053.905517578125 509.61651611328125 
2 1878.891845703125 391.5265197753906 2123.250732421875 735.5659790039062 
135
3 2227.129638671875 340.58111572265625 2491.78076171875 721.747802734375 
3 1828.7587890625 201.62872314453125 2037.3052978515625 504.7666015625 
2 1867.353759765625 394.2104187011719 2117.916259765625 730.7965698242188 
3 379.203369140625 127.34757995605469 416.60101318359375 187.8408203125 
136
3 2226.330810546875 333.8634338378906 2482.655029296875 713.9313354492188 
3 1809.86669921875 202.51425170898438 2022.0986328125 504.0064697265625 
2 1860.1121826171875 392.6844787597656 2109.318603515625 731.5957641601562 
137
3 2224.92626953125 327.47467041015625 2473.13330078125 705.4111938476562 
2 1852.6724853515625 393.65753173828125 2100.86328125 727.885498046875 
3 1792.3909912109375 201.92214965820312 2008.58740234375 504.6533203125 
3 359.61444091796875 129.31979370117188 397.656982421875 191.2248077392578 
138
3 2219.4052734375 321.51531982421875 2464.34521484375 695.52978515625 
3 1774.559326171875 200.61495971679688 1994.841796875 507.2640380859375 
2 1847.9931640625 393.304443359375 2091.267822265625 723.2203979492188 
139
3 1754.2310791015625 201.98915100097656 1976.5821533203125 507.63714599609375 
3 2214.524169921875 317.71142578125 2457.164794921875 687.7807006835938 
2 1839.135498046875 392.6668701171875 2082.93212890625 714.8739013671875 
3 255.25961303710938 120.19781494140625 290.6990661621094 177.968017578125 
140
3 2208.2021484375 313.0352783203125 2448.09228515625 675.2420043945312 
3 1737.0811767578125 199.63983154296875 1961.9942626953125 511.7005615234375 
2 1831.47607421875 391.8885498046875 2073.23583984375 714.5553588867188 
141
3 2201.00390625 308.98773193359375 2441.482177734375 667.9752197265625 
2 1826.0819091796875 394.6456604003906 2063.706298828125 714.8833618164062 
3 1727.7965087890625 198.82345581054688 1949.466796875 510.39532470703125 
3 245.998046875 123.05029296875 279.8083190917969 177.3021697998047 
3 2122.00341796875 122.65451049804688 2153.63525390625 193.18057250976562 
142
3 2194.342529296875 305.9125671386719 2434.824462890625 656.9287109375 
3 1720.8389892578125 197.53594970703125 1936.335205078125 512.524658203125 
2 1814.35791015625 395.0474853515625 2053.410888671875 715.0171508789062 
3 327.6226806640625 138.68218994140625 367.58343505859375 203.06602478027344 
143
3 2186.34033203125 301.2841796875 2428.71337890625 653.2637939453125 
3 1713.3409423828125 198.24900817871094 1921.267822265625 511.9818115234375 
2 1806.718505859375 397.1607666015625 2041.771728515625 705.4803466796875 
144
3 2181.47802734375 299.531982421875 2422.349609375 644.0218505859375 
3 1700.9068603515625 195.49349975585938 1911.5030517578125 510.908447265625 
2 1795.7554931640625 397.35968017578125 2029.9456787109375 714.54931640625 
3 312.6814270019531 141.52474975585938 352.7122497558594 202.59324645996094 
3 2432.326416015625 79.00581359863281 2452.15234375 121.60354614257812 
3 233.49473571777344 128.23873901367188 269.7278747558594 186.34344482421875 
145
3 2175.437744140625 294.8804016113281 2415.51708984375 639.4747924804688 
3 1686.302001953125 193.18971252441406 1899.1190185546875 510.36553955078125 
2 1782.7882080078125 398.4572448730469 2017.73681640625 712.1652221679688 
3 301.59051513671875 143.65235900878906 351.3955993652344 209.72415161132812 
3 230.6272735595703 129.89801025390625 267.4231262207031 184.73519897460938 
146
3 2169.96142578125 294.0732421875 2411.239990234375 637.1129150390625 
2 1766.8018798828125 400.28448486328125 2006.185546875 713.7251586914062 
3 1676.045654296875 190.9482421875 1886.3026123046875 509.36669921875 
3 298.2978210449219 144.54473876953125 346.87225341796875 204.84906005859375 
147
3 2165.078369140625 292.3660888671875 2404.774169921875 635.26611328125 
3 1661.44677734375 188.4151611328125 1875.19287109375 507.84814453125 
2 1755.895751953125 401.1896667480469 1995.397216796875 710.6155395507812 
3 294.7646789550781 146.84423828125 337.1876220703125 208.5052032470703 
148
3 2159.39990234375 290.1169738769531 2399.853271484375 632.4654541015625 
3 1651.587890625 182.68771362304688 1862.9609375 507.98614501953125 
2 1745.234130859375 401.1723937988281 1987.3853759765625 696.8024291992188 
149
3 2153.25439453125 288.52508544921875 2396.461181640625 631.48193359375 
3 1639.61669921875 181.74786376953125 1850.784912109375 505.3992919921875 
2 1733.306396484375 403.86651611328125 1980.9815673828125 695.97216796875 
3 217.413330078125 134.37432861328125 249.96136474609375 184.49020385742188 
150
3 2149.724853515625 287.8370361328125 2390.986083984375 629.73828125 
3 1624.283447265625 181.96763610839844 1838.371826171875 503.29864501953125 
2 1716.25 403.91510009765625 1974.6431884765625 700.3179931640625 
151
3 2144.760009765625 286.94342041015625 2386.141845703125 626.54150390625 
2 1708.2989501953125 404.2421875 1968.4100341796875 699.2135620117188 
3 1595.0103759765625 180.89175415039062 1826.0269775390625 505.41595458984375 
3 210.5469970703125 135.630615234375 241.1948699951172 184.4327392578125 
3 277.2497253417969 153.2425079345703 317.62579345703125 215.8040771484375 
152
3 1563.9661865234375 182.16964721679688 1812.8634033203125 503.3687744140625 
2 1702.1156005859375 404.15191650390625 1963.079833984375 696.486328125 
3 2140.773193359375 285.90301513671875 2381.152587890625 625.2847290039062 
153
3 1530.03662109375 183.17311096191406 1798.9908447265625 503.7371826171875 
3 2138.9150390625 288.0406799316406 2376.527099609375 623.11279296875 
2 1691.0933837890625 404.68780517578125 1957.5047607421875 699.738525390625 
154
3 1500.19482421875 186.009521484375 1785.167724609375 507.320068359375 
3 2132.145751953125 286.360595703125 2368.88232421875 623.1810302734375 
2 1685.578369140625 404.20343017578125 1953.4345703125 699.8263549804688 
155
3 1482.6239013671875 186.8477783203125 1770.33251953125 508.65045166015625 
3 2127.91357421875 289.0234375 2360.569091796875 621.1791381835938 
2 1677.8582763671875 402.9992370605469 1947.74365234375 696.251220703125 
156
3 1471.4774169921875 190.04824829101562 1754.4415283203125 508.8734130859375 
2 1672.36279296875 404.021240234375 1943.594482421875 694.8938598632812 
3 2123.235595703125 291.5058288574219 2349.68017578125 621.7716064453125 
157
3 1462.60888671875 193.64971923828125 1738.1212158203125 514.933349609375 
3 2120.35546875 293.94732666015625 2347.102294921875 619.94384765625 
2 1666.970947265625 402.761962890625 1937.642333984375 694.7141723632812 
158
3 2114.787109375 296.8109130859375 2346.277099609375 620.9823608398438 
3 1451.1812744140625 194.9521942138672 1719.385498046875 521.5582275390625 
2 1650.3292236328125 401.29351806640625 1932.1015625 687.57470703125 
3 1677.4476318359375 9.852527618408203 1701.9652099609375 72.87197875976562 
159
3 1445.76953125 198.57278442382812 1701.69921875 532.271484375 
3 2110.564208984375 301.7969055175781 2346.15478515625 620.7631225585938 
2 1657.039794921875 399.47796630859375 1928.7923583984375 694.3155517578125 
160
3 1440.252197265625 200.4608154296875 1685.312255859375 531.79833984375 
3 2107.12255859375 303.0876770019531 2344.94287109375 616.6476440429688 
2 1653.12841796875 397.6153564453125 1923.8416748046875 695.004638671875 
161
3 1432.14453125 205.683837890625 1665.909912109375 531.234130859375 
3 2105.959228515625 311.35430908203125 2343.1201171875 618.1204223632812 
2 1645.14306640625 396.12200927734375 1918.3016357421875 686.773193359375 
3 182.4481964111328 143.9221649169922 218.37962341308594 198.47996520996094 
162
3 1428.6702880859375 205.40025329589844 1649.9022216796875 531.9190063476562 
2 1643.3970947265625 394.851318359375 1913.2606201171875 685.765869140625 
3 2109.493408203125 316.35809326171875 2342.001220703125 615.63720703125 
163
3 1423.7379150390625 212.5152587890625 1633.677978515625 532.3402099609375 
2 1640.965087890625 393.31964111328125 1907.935546875 684.2102661132812 
3 2112.248291015625 321.6626281738281 2338.737060546875 613.6041870117188 
164
2 1636.708251953125 391.9288635253906 1903.912841796875 681.7406616210938 
3 1415.143310546875 214.37057495117188 1621.8243408203125 531.0791015625 
3 2114.940185546875 329.031982421875 2336.725830078125 612.8478393554688 
165
3 1401.5947265625 216.4570770263672 1606.4010009765625 531.2923583984375 
3 2116.997314453125 333.98919677734375 2335.7470703125 612.2035522460938 
2 1639.4786376953125 388.9866943359375 1900.2373046875 679.5101928710938 
166
3 2121.681396484375 341.7879638671875 2335.235595703125 612.74755859375 
3 1387.7052001953125 216.86294555664062 1591.5047607421875 533.763671875 
2 1640.0877685546875 386.5158386230469 1898.2373046875 683.6849365234375 
167
3 2122.720947265625 345.761474609375 2333.302734375 611.87060546875 
2 1638.1678466796875 383.29315185546875 1893.94677734375 684.0098876953125 
3 1370.983642578125 220.14871215820312 1574.5677490234375 542.3110961914062 
168
3 2119.93212890625 351.97125244140625 2329.873291015625 608.6920166015625 
2 1640.5491943359375 381.201904296875 1890.4718017578125 682.1309204101562 
3 1362.779052734375 225.52975463867188 1560.27587890625 549.088623046875 
169
3 1346.322998046875 232.07342529296875 1544.6885986328125 554.43408203125 
2 1641.084716796875 379.2076110839844 1887.29345703125 685.561279296875 
3 2117.624755859375 357.3912353515625 2328.285400390625 607.5565185546875 
170
3 2115.98779296875 362.636474609375 2325.956298828125 607.3938598632812 
3 1322.381591796875 236.26715087890625 1527.8089599609375 565.7528076171875 
2 1641.7694091796875 376.2417297363281 1885.1124267578125 680.7509155273438 
3 163.34645080566406 149.63600158691406 246.00701904296875 242.55740356445312 
171
3 2113.36572265625 368.872802734375 2323.601806640625 606.3063354492188 
3 1296.1041259765625 240.91152954101562 1513.987548828125 564.6801147460938 
2 1644.260009765625 374.983154296875 1882.8216552734375 681.9288330078125 
3 167.78662109375 148.85081481933594 239.27407836914062 236.588134765625 
172
3 2110.793212890625 374.6524963378906 2321.86328125 605.328369140625 
2 1644.7294921875 372.37640380859375 1881.9378662109375 682.3685302734375 
3 1278.8770751953125 247.7354736328125 1496.868408203125 566.6959838867188 
3 167.18930053710938 148.564697265625 236.72021484375 235.71487426757812 
173
3 2107.53271484375 377.18231201171875 2320.04345703125 604.7246704101562 
2 1647.159912109375 370.5289001464844 1879.187744140625 681.8992309570312 
3 1264.43505859375 254.52590942382812 1480.6654052734375 569.70068359375 
3 167.07431030273438 147.92880249023438 233.3366241455078 237.80599975585938 
174
2 1649.967529296875 368.8280944824219 1877.895751953125 684.8004150390625 
3 2106.47021484375 377.40081787109375 2319.297607421875 604.88818359375 
3 1248.3558349609375 261.60113525390625 1465.708740234375 574.7696533203125 
175
2 1652.36865234375 366.67938232421875 1876.5050048828125 679.192138671875 
3 2104.567626953125 379.040771484375 2318.320068359375 604.4348754882812 
3 1239.56640625 267.4160461425781 1451.631103515625 572.4072265625 
176
2 1650.213623046875 364.8101806640625 1876.50439453125 682.2583618164062 
3 2103.33447265625 378.32293701171875 2317.23583984375 602.9922485351562 
2 1229.0106201171875 276.51312255859375 1436.780029296875 584.5487670898438 
177
3 2102.07080078125 377.4498596191406 2316.9365234375 601.72412109375 
2 1655.025146484375 362.5206604003906 1875.904541015625 685.0592041015625 
2 1223.6317138671875 285.19818115234375 1419.67138671875 586.486328125 
178
2 1212.4727783203125 293.98797607421875 1406.6575927734375 593.2099609375 
3 2100.03759765625 374.7943420410156 2313.539306640625 601.7871704101562 
2 1657.0284423828125 361.0028076171875 1877.18017578125 676.79931640625 
3 162.85179138183594 150.64707946777344 230.16635131835938 240.12298583984375 
179
3 2097.879638671875 369.70660400390625 2312.344482421875 601.0096435546875 
2 1659.01806640625 359.60791015625 1876.6558837890625 683.4712524414062 
2 1198.638916015625 301.85052490234375 1390.339111328125 591.882080078125 
3 162.2661895751953 150.87295532226562 225.70108032226562 241.7166748046875 
180
3 2095.546630859375 365.64190673828125 2310.109375 599.444091796875 
2 1184.0906982421875 306.95428466796875 1379.3349609375 590.845703125 
2 1662.125 357.9117431640625 1878.50634765625 682.0689086914062 
3 162.71859741210938 151.21983337402344 222.8096466064453 241.7095947265625 
181
3 2095.804931640625 357.2178039550781 2307.59130859375 598.592041015625 
2 1170.489013671875 312.10687255859375 1368.37939453125 592.5416259765625 
3 163.14639282226562 152.833251953125 222.44842529296875 240.46087646484375 
2 1551.637939453125 355.0635070800781 1879.173828125 680.75537109375 
2 1664.509521484375 355.5076904296875 1879.4482421875 678.859375 
182
3 2094.524169921875 349.32037353515625 2306.438720703125 599.37939453125 
2 1159.3214111328125 317.12847900390625 1357.9215087890625 591.2271728515625 
2 1666.3380126953125 352.6640319824219 1878.9759521484375 681.1148681640625 
3 163.4453125 153.85194396972656 220.53497314453125 240.71548461914062 
183
2 1147.6961669921875 322.173828125 1345.60498046875 592.7205810546875 
3 2092.16455078125 341.05908203125 2305.03515625 598.991943359375 
2 1668.7017822265625 351.2174987792969 1879.288330078125 681.9822387695312 
3 163.97592163085938 154.30093383789062 220.64797973632812 242.22906494140625 
3 416.1793518066406 122.36962890625 460.7789306640625 183.39035034179688 
184
2 1135.5609130859375 326.8369140625 1335.0904541015625 592.850830078125 
3 2091.033447265625 334.2438659667969 2303.188232421875 597.69189453125 
2 1667.683837890625 349.9581298828125 1879.7890625 681.9395751953125 
3 164.3642120361328 154.56362915039062 222.49044799804688 243.98223876953125 
3 413.9539794921875 117.888671875 459.6983947753906 183.16592407226562 
185
2 1125.298095703125 331.4454040527344 1324.685791015625 591.5784301757812 
3 2091.080810546875 325.939208984375 2302.13037109375 596.6800537109375 
2 1668.2255859375 348.4312744140625 1879.443115234375 680.5115966796875 
3 164.97488403320312 155.12313842773438 220.40736389160156 241.890380859375 
3 412.86181640625 112.59049987792969 461.02783203125 183.1097869873047 
186
2 1113.710693359375 338.1686096191406 1313.06689453125 589.994384765625 
3 2089.29052734375 315.9603576660156 2300.71337890625 596.6610717773438 
2 1661.1241455078125 347.1332092285156 1879.30078125 682.2452392578125 
3 165.23516845703125 155.63491821289062 218.7002410888672 239.21377563476562 
187
2 1103.2618408203125 342.5244445800781 1297.8836669921875 592.3391723632812 
3 2086.675537109375 308.7545166015625 2298.53564453125 595.39599609375 
2 1664.861328125 347.0048828125 1879.43798828125 671.8081665039062 
3 165.02578735351562 156.0465087890625 219.07322692871094 241.33584594726562 
188
2 1091.9520263671875 349.283203125 1290.3873291015625 591.9097900390625 
3 2085.72119140625 299.496337890625 2296.293701171875 595.6486206054688 
2 1670.115234375 346.48492431640625 1881.22314453125 678.6373291015625 
3 165.77268981933594 155.87835693359375 219.25718688964844 242.11068725585938 
189
3 2084.49560546875 291.599853515625 2292.20556640625 596.4285888671875 
2 1078.970947265625 356.4349365234375 1277.3408203125 600.0185546875 
2 1665.6514892578125 347.703857421875 1881.3743896484375 680.8785400390625 
3 166.64913940429688 155.56532287597656 219.16189575195312 241.13735961914062 
190
2 1065.544677734375 364.04345703125 1267.5870361328125 595.7796630859375 
3 2082.888916015625 285.58892822265625 2291.561279296875 595.337158203125 
2 1657.2381591796875 347.4190979003906 1882.39990234375 672.7698974609375 
3 166.9332275390625 155.0927734375 218.0513153076172 243.59176635742188 
191
2 1667.9927978515625 348.84478759765625 1883.7056884765625 676.27685546875 
2 1050.7864990234375 370.2047119140625 1260.664794921875 602.9512329101562 
3 2081.6279296875 279.03521728515625 2298.27783203125 595.139892578125 
3 167.01296997070312 155.4621124267578 216.7422637939453 243.31423950195312 
192
2 1037.2481689453125 375.1023864746094 1258.04833984375 605.9786376953125 
2 1667.826171875 349.4354248046875 1886.3179931640625 678.1410522460938 
3 2080.853515625 272.39886474609375 2287.283203125 594.5775146484375 
3 167.02566528320312 155.3286590576172 217.83688354492188 243.24945068359375 
193
2 1666.3203125 351.783935546875 1888.24951171875 678.4600830078125 
2 1026.9403076171875 377.73828125 1255.3243408203125 623.9007568359375 
3 2079.8828125 269.01708984375 2284.481201171875 593.7964477539062 
3 168.9459686279297 154.99887084960938 218.25985717773438 243.39907836914062 
194
2 1014.9723510742188 383.605712890625 1253.3203125 635.66064453125 
2 1663.3973388671875 353.484619140625 1890.21826171875 677.6250610351562 
3 2078.552490234375 264.08038330078125 2278.05029296875 594.1686401367188 
195
2 1000.9447021484375 386.4713134765625 1249.2698974609375 644.9827880859375 
2 1658.7264404296875 355.176025390625 1892.1649169921875 677.76611328125 
3 2077.51904296875 260.9270324707031 2275.955078125 593.9320068359375 
196
2 989.183349609375 390.68731689453125 1247.30859375 645.867919921875 
2 1657.79541015625 356.6806640625 1894.676513671875 676.483642578125 
3 2075.666259765625 259.6264343261719 2273.13232421875 593.8155517578125 
197
2 1656.1871337890625 358.3907775878906 1896.7447509765625 674.3550415039062 
2 977.79541015625 393.33465576171875 1246.593505859375 648.5713500976562 
3 2074.37353515625 258.7891540527344 2268.9296875 593.5850830078125 
3 174.60507202148438 155.20419311523438 232.02505493164062 236.80123901367188 
198
2 967.07666015625 394.7801513671875 1241.6468505859375 650.431640625 
2 1655.1024169921875 358.6463928222656 1901.062255859375 675.52587890625 
3 2073.609375 257.91473388671875 2266.79150390625 593.2315673828125 
3 176.2539520263672 155.64361572265625 231.0703125 236.73312377929688 
199
2 1652.392333984375 359.7533874511719 1901.55224609375 669.5606079101562 
2 958.1724243164062 395.4498291015625 1239.9033203125 652.6871337890625 
3 2072.825927734375 256.4281311035156 2265.4609375 593.3316650390625 
3 177.79568481445312 155.7213897705078 230.9256134033203 236.53463745117188 
200
2 1649.553466796875 361.5469970703125 1902.858642578125 667.2619018554688 
2 949.202880859375 394.7142333984375 1236.3778076171875 651.669921875 
3 2071.821533203125 256.10260009765625 2262.5126953125 592.6585693359375 
3 179.37741088867188 156.398681640625 230.20730590820312 236.275146484375 
201
2 1646.647705078125 363.2981262207031 1904.410888671875 668.7839965820312 
2 942.8072509765625 393.90814208984375 1229.1571044921875 651.3367919921875 
3 2072.20654296875 255.8753662109375 2259.652587890625 592.263671875 
3 181.32510375976562 156.20606994628906 231.78848266601562 236.195068359375 
3 1940.5880126953125 87.92981719970703 1970.092041015625 153.11871337890625 
202
2 1643.131591796875 366.3599853515625 1905.919189453125 670.5906982421875 
2 936.1009521484375 392.11358642578125 1225.9124755859375 650.095458984375 
3 2071.759765625 255.39602661132812 2260.123046875 591.6151733398438 
3 182.8799591064453 156.72036743164062 232.6060028076172 236.43231201171875 
3 1940.7071533203125 88.92025756835938 1970.1085205078125 152.97509765625 
203
2 1639.9903564453125 368.54168701171875 1908.131103515625 667.170166015625 
2 932.0502319335938 392.0644836425781 1219.91552734375 650.6995239257812 
3 2071.30029296875 255.20703125 2258.281005859375 591.3038330078125 
3 185.10494995117188 156.36981201171875 232.58135986328125 234.44818115234375 
204
2 1635.65869140625 370.6521911621094 1907.8760986328125 666.50927734375 
2 930.1246948242188 391.615966796875 1213.89990234375 650.8292846679688 
3 2071.054931640625 255.43984985351562 2258.69677734375 591.5079345703125 
3 186.02317810058594 155.6501922607422 233.96580505371094 235.68032836914062 
205
2 929.1810913085938 391.33392333984375 1208.2796630859375 651.0047607421875 
2 1631.316162109375 374.4375305175781 1905.717529296875 666.47021484375 
3 2070.835693359375 256.2572021484375 2262.376953125 591.803466796875 
3 188.51974487304688 155.49026489257812 233.95436096191406 235.77078247070312 
206
2 929.9962158203125 390.3519287109375 1199.88916015625 650.7816162109375 
2 1626.560546875 376.1925048828125 1904.4732666015625 665.7046508789062 
3 2071.224365234375 255.290771484375 2266.111328125 591.6886596679688 
3 191.58792114257812 154.60098266601562 234.208251953125 235.58926391601562 
207
2 930.723876953125 390.0198974609375 1190.2232666015625 651.024658203125 
2 1622.578369140625 380.5935363769531 1901.1136474609375 666.1495361328125 
3 2071.987548828125 255.76312255859375 2270.113037109375 591.7467041015625 
3 193.75057983398438 154.2733917236328 233.67564392089844 235.89712524414062 
208
2 1618.879638671875 381.4664611816406 1898.9483642578125 666.1319580078125 
2 932.0806884765625 390.1538391113281 1183.75634765625 650.9140625 
3 2071.76708984375 255.709716796875 2272.861328125 592.0962524414062 
3 194.7600555419922 153.2079620361328 236.6563262939453 237.56231689453125 
209
2 933.26123046875 389.6312255859375 1171.549072265625 651.35888671875 
3 2071.822265625 258.2709655761719 2275.6142578125 591.9752197265625 
2 1615.6494140625 381.9686279296875 1897.2479248046875 666.6903686523438 
210
2 935.0516967773438 389.9110107421875 1160.3638916015625 651.5491943359375 
2 1612.2615966796875 382.5641174316406 1896.115478515625 666.958740234375 
3 2071.697021484375 259.5359802246094 2278.281005859375 591.9701538085938 
211
2 1609.928466796875 382.3480529785156 1888.997802734375 666.9847412109375 
3 2071.80322265625 261.34039306640625 2280.0185546875 592.302978515625 
2 938.8072509765625 390.08856201171875 1152.679443359375 652.0130615234375 
212
2 1607.79248046875 383.1523132324219 1887.7960205078125 667.2455444335938 
2 942.2021484375 390.8521423339844 1143.091796875 652.6697387695312 
3 2071.994384765625 260.95440673828125 2280.767333984375 592.2708740234375 
213
2 1606.2166748046875 383.5645446777344 1885.45849609375 668.1050415039062 
2 945.4033813476562 391.1802673339844 1142.027587890625 653.375732421875 
3 2071.30126953125 261.59918212890625 2280.868896484375 592.0778198242188 
214
2 1602.5068359375 385.2185974121094 1882.48779296875 669.220947265625 
2 948.081298828125 393.79473876953125 1144.98974609375 655.8593139648438 
3 2069.297607421875 262.89093017578125 2280.961181640625 591.8828735351562 
3 210.9661407470703 152.9515380859375 259.791259765625 228.51889038085938 
215
2 948.619384765625 393.92041015625 1145.4576416015625 656.8515625 
2 1600.40478515625 385.84893798828125 1880.7452392578125 671.0924682617188 
3 2063.407958984375 263.0194091796875 2280.788818359375 592.0828857421875 
216
2 948.6626586914062 393.7841491699219 1145.2283935546875 656.7958984375 
2 1599.05224609375 385.6814270019531 1878.3935546875 668.6897583007812 
3 2055.75048828125 262.65313720703125 2279.775634765625 592.169189453125 
217
2 1597.9688720703125 384.703369140625 1876.5087890625 668.47216796875 
3 2048.599853515625 260.6910400390625 2278.43408203125 592.0992431640625 
3 221.18511962890625 152.74642944335938 266.093994140625 224.97885131835938 
2 948.34521484375 393.8229064941406 1145.4854736328125 657.3955078125 
2 948.5403442382812 393.7862548828125 1145.8004150390625 657.3331298828125 
218
2 1596.752197265625 384.16961669921875 1876.050048828125 670.1400146484375 
2 949.5361328125 394.0801086425781 1143.7105712890625 659.1510620117188 
3 2049.707275390625 260.1109924316406 2277.03564453125 592.4639892578125 
3 224.0787811279297 151.5006866455078 267.7695007324219 224.75057983398438 
3 155.51609802246094 181.2771453857422 198.8727264404297 247.42855834960938 
219
2 1595.145263671875 383.99346923828125 1875.885009765625 669.923828125 
2 949.6680908203125 394.04290771484375 1144.435791015625 658.9962158203125 
3 2048.7041015625 260.0029296875 2275.04248046875 592.7455444335938 
3 225.733154296875 150.732177734375 267.50262451171875 225.34844970703125 
3 155.48402404785156 180.85617065429688 198.7832794189453 246.64529418945312 
220
2 1595.163330078125 383.37664794921875 1876.2135009765625 669.5872802734375 
2 949.9241943359375 393.8155517578125 1149.3426513671875 658.6921997070312 
3 2048.12548828125 259.651123046875 2272.5859375 592.4480590820312 
3 228.2177276611328 149.68746948242188 271.9847412109375 226.97213745117188 
3 156.0748291015625 182.36306762695312 198.5557403564453 246.36593627929688 
221
2 1596.26123046875 382.8940734863281 1876.306884765625 668.5162353515625 
2 949.6570434570312 394.06964111328125 1148.7432861328125 658.922119140625 
3 2046.965087890625 258.0414123535156 2269.841796875 592.2647705078125 
3 229.95535278320312 149.7159423828125 275.4969177246094 226.01211547851562 
3 156.26585388183594 182.948486328125 198.91018676757812 245.58319091796875 
3 506.4956359863281 95.36447143554688 542.8782348632812 164.20339965820312 
3 43.61061096191406 186.24124145507812 80.94342041015625 241.39154052734375 
222
2 1597.9176025390625 382.683837890625 1876.438720703125 668.4735107421875 
2 949.8812866210938 393.8951721191406 1152.4415283203125 659.198486328125 
3 2048.71923828125 256.67608642578125 2266.927490234375 592.0848999023438 
3 232.71511840820312 147.88095092773438 280.8801574707031 226.18988037109375 
3 156.11941528320312 183.10232543945312 198.96763610839844 245.20458984375 
3 44.63019943237305 187.54808044433594 86.49053955078125 241.57391357421875 
3 510.68438720703125 98.04037475585938 548.3678588867188 163.2130889892578 
223
2 949.4945678710938 393.9591064453125 1154.3253173828125 659.2813110351562 
2 1600.9432373046875 381.9493408203125 1877.025634765625 667.7719116210938 
3 2048.269775390625 255.70333862304688 2263.867431640625 593.25341796875 
3 236.4560089111328 146.70425415039062 281.75653076171875 226.33544921875 
3 157.339599609375 183.64578247070312 199.09490966796875 245.27310180664062 
3 48.71833801269531 187.34033203125 87.86551666259766 240.07171630859375 
224
2 950.036376953125 394.0789489746094 1157.05810546875 659.335205078125 
3 2049.001708984375 254.91152954101562 2262.20458984375 594.677734375 
2 1603.404296875 379.97320556640625 1879.6116943359375 667.4843139648438 
3 239.0194549560547 145.98562622070312 283.7781982421875 223.80502319335938 
3 157.76699829101562 182.8511962890625 198.8155059814453 245.84051513671875 
3 50.801212310791016 187.05303955078125 87.50288391113281 237.08380126953125 
225
2 1607.640869140625 379.4898681640625 1880.4620361328125 668.2540893554688 
2 950.196044921875 394.0788269042969 1158.053466796875 659.4407958984375 
3 2049.74560546875 253.97366333007812 2261.1005859375 597.1438598632812 
3 54.44499206542969 186.20669555664062 88.82096099853516 234.0003662109375 
3 159.046142578125 183.85279846191406 199.62181091308594 245.68148803710938 
226
2 1610.9296875 379.2148742675781 1881.9373779296875 675.7850341796875 
2 950.4266357421875 393.791748046875 1159.3807373046875 659.5093383789062 
3 2047.0819091796875 254.37789916992188 2261.390869140625 600.0195922851562 
3 245.173095703125 146.7049560546875 290.2615661621094 224.54364013671875 
3 159.93923950195312 184.09344482421875 201.20252990722656 246.73959350585938 
3 55.31282043457031 183.70977783203125 91.1132583618164 231.971923828125 
227
2 951.4107666015625 394.0480041503906 1158.215087890625 659.1026611328125 
2 1612.6748046875 378.60296630859375 1884.506591796875 677.7597045898438 
3 2047.236572265625 256.0677795410156 2261.60400390625 603.624755859375 
3 249.6436767578125 146.82936096191406 298.1109313964844 223.922607421875 
3 160.7363739013672 183.62095642089844 202.77854919433594 247.562744140625 
3 57.71444320678711 182.5383758544922 93.56199645996094 229.97787475585938 
228
2 953.0482788085938 393.9381103515625 1159.75 660.4143676757812 
2 1614.1412353515625 379.642333984375 1885.7044677734375 675.493408203125 
3 2047.1019287109375 257.2026672363281 2261.537109375 606.8040771484375 
3 161.54449462890625 183.48342895507812 202.80807495117188 246.77154541015625 
3 58.709007263183594 182.27345275878906 93.69354248046875 228.84814453125 
229
2 955.6534423828125 392.60498046875 1160.3123779296875 660.2799072265625 
2 1615.2584228515625 380.1331787109375 1886.6129150390625 677.4432983398438 
3 2048.749267578125 258.96197509765625 2261.3466796875 611.1429443359375 
3 161.69175720214844 183.5211181640625 202.1737060546875 246.01162719726562 
3 63.024070739746094 181.5643768310547 94.18280029296875 229.10040283203125 
230
2 1615.406494140625 380.26702880859375 1887.9437255859375 677.5870971679688 
2 955.7999877929688 391.6272277832031 1163.1986083984375 660.9124755859375 
3 2050.529296875 261.16510009765625 2262.016357421875 616.2530517578125 
3 160.9148406982422 183.6490478515625 202.6623992919922 245.780517578125 
3 63.7242546081543 180.1551513671875 94.67778778076172 227.39205932617188 
231
2 1614.107666015625 383.7671813964844 1888.258056640625 679.5230102539062 
2 956.5558471679688 390.700439453125 1166.413818359375 664.2906494140625 
3 2049.481201171875 263.1952819824219 2262.781494140625 621.0689086914062 
3 160.16162109375 183.10894775390625 202.4729461669922 246.11117553710938 
3 66.37136840820312 178.84559631347656 97.86531066894531 227.7088623046875 
3 261.90106201171875 144.8238983154297 304.0048522949219 223.53311157226562 
232
2 1613.60693359375 384.47918701171875 1889.010986328125 679.6492919921875 
2 959.1353149414062 388.1412353515625 1168.9078369140625 665.482666015625 
3 2050.8427734375 264.997802734375 2263.69091796875 624.6376342773438 
3 159.95803833007812 182.95413208007812 202.42884826660156 246.15573120117188 
3 68.27857971191406 177.9871826171875 100.36524200439453 227.30523681640625 
3 264.5283203125 142.186767578125 305.4759826660156 217.66534423828125 
233
2 1612.114501953125 384.6251220703125 1889.4554443359375 679.1546630859375 
2 958.48095703125 385.0128173828125 1171.4248046875 665.5860595703125 
3 2049.7783203125 268.49871826171875 2265.19775390625 628.5704345703125 
3 158.99366760253906 181.67987060546875 200.85020446777344 244.48895263671875 
3 70.83026123046875 177.81777954101562 102.69876098632812 226.61636352539062 
3 266.42230224609375 134.13351440429688 306.45489501953125 216.7597198486328 
234
2 1610.1026611328125 384.1610107421875 1890.4364013671875 677.9755249023438 
2 959.1036376953125 380.9891662597656 1172.5732421875 666.8516845703125 
3 2044.600341796875 270.22589111328125 2266.030517578125 631.0033569335938 
3 158.54660034179688 181.28712463378906 201.09732055664062 244.60781860351562 
3 73.24909210205078 176.79879760742188 105.01471710205078 226.92831420898438 
3 267.4591064453125 129.7010955810547 313.7087097167969 218.78799438476562 
235
2 960.8290405273438 378.0441589355469 1169.0926513671875 665.0950927734375 
3 2042.0047607421875 272.808837890625 2267.371337890625 631.0617065429688 
2 1608.1595458984375 384.51531982421875 1890.2001953125 678.6004638671875 
3 75.45477294921875 177.5103759765625 106.1688232421875 226.8316650390625 
3 158.84036254882812 181.16824340820312 200.88345336914062 245.34243774414062 
3 269.5662841796875 126.88381958007812 311.88214111328125 217.72769165039062 
236
2 962.5950927734375 375.0333251953125 1178.137451171875 663.76806640625 
2 1605.6856689453125 386.8896484375 1890.91748046875 678.0152587890625 
3 2041.9068603515625 274.4792175292969 2269.64501953125 631.2001953125 
3 270.6000671386719 125.24516296386719 312.67266845703125 218.54037475585938 
3 158.9815673828125 181.90904235839844 201.09117126464844 245.57708740234375 
3 76.01667785644531 176.3755340576172 108.22710418701172 227.32009887695312 
237
2 1604.7989501953125 389.5185241699219 1888.8770751953125 676.98486328125 
2 961.9708251953125 369.00067138671875 1177.4293212890625 662.56591796875 
3 2037.697509765625 277.2505798339844 2271.635498046875 630.999267578125 
3 272.1338806152344 126.97119140625 317.57391357421875 216.6162872314453 
3 159.01841735839844 182.7457275390625 200.84481811523438 245.77420043945312 
3 77.63142395019531 175.61451721191406 110.50845336914062 226.9503173828125 
238
2 1602.4830322265625 391.25927734375 1887.868408203125 677.9544677734375 
3 2037.1142578125 279.8659973144531 2273.080322265625 631.12548828125 
2 962.02294921875 360.5679626464844 1177.5819091796875 660.7879028320312 
3 273.14947509765625 128.2469940185547 315.536865234375 217.5426025390625 
3 159.77496337890625 183.03607177734375 201.00852966308594 246.008056640625 
3 81.54991912841797 174.4038848876953 113.68159484863281 226.27493286132812 
239
3 2038.6317138671875 281.409423828125 2276.63330078125 631.3016967773438 
2 963.4757080078125 349.69232177734375 1186.53564453125 659.693359375 
2 1601.3040771484375 392.74713134765625 1885.6158447265625 678.737548828125 
3 274.4273986816406 126.59942626953125 315.7234191894531 217.81915283203125 
3 159.39208984375 183.08468627929688 200.701171875 246.38458251953125 
3 82.12371826171875 174.62913513183594 115.30778503417969 228.28875732421875 
240
2 962.8090209960938 339.806884765625 1190.3590087890625 656.9749755859375 
2 1599.9095458984375 394.24169921875 1885.0052490234375 678.1824340820312 
3 2040.077880859375 282.9749755859375 2279.864501953125 630.99365234375 
3 276.177001953125 129.9499969482422 324.41912841796875 217.61422729492188 
3 86.02603149414062 174.7507781982422 116.27970886230469 227.05609130859375 
3 160.1551055908203 183.6156005859375 200.59487915039062 245.82937622070312 
241
2 962.3734130859375 329.02734375 1190.1669921875 653.6798706054688 
3 2034.910888671875 284.392822265625 2282.3212890625 630.8738403320312 
2 1597.9744873046875 395.99322509765625 1883.629150390625 677.8890991210938 
3 159.93655395507812 183.8310089111328 200.09512329101562 245.46380615234375 
3 278.6219787597656 136.27467346191406 329.6674499511719 217.52149963378906 
3 87.08854675292969 174.48086547851562 118.6438980102539 227.184814453125 
242
2 961.6854858398438 318.83978271484375 1195.137939453125 651.2971801757812 
3 2034.3701171875 287.166259765625 2284.68603515625 630.6722412109375 
2 1596.9456787109375 397.1507568359375 1882.1124267578125 680.1565551757812 
3 160.91046142578125 183.69688415527344 200.04779052734375 244.99334716796875 
3 89.77642059326172 173.6068115234375 120.778564453125 222.86325073242188 
243
2 963.1619873046875 309.5835876464844 1195.984130859375 650.8056030273438 
2 1595.3682861328125 396.5674133300781 1881.6983642578125 680.2737426757812 
2 2033.041259765625 288.27154541015625 2286.742919921875 630.8544311523438 
3 159.62509155273438 183.9127197265625 200.59014892578125 245.61746215820312 
3 90.44296264648438 172.14956665039062 122.83106231689453 224.07427978515625 
3 276.4600830078125 134.74017333984375 327.7618408203125 217.64895629882812 
244
2 964.322509765625 300.7629089355469 1197.7987060546875 649.6943359375 
2 2033.2633056640625 290.4916687011719 2288.39501953125 631.1819458007812 
2 1594.4571533203125 399.64935302734375 1879.55908203125 679.05712890625 
3 159.9508514404297 183.94212341308594 201.06629943847656 245.37496948242188 
3 92.00221252441406 171.07635498046875 123.46013641357422 222.01223754882812 
3 276.5691833496094 138.11302185058594 365.7174987792969 255.75921630859375 
245
2 2028.7183837890625 290.8934631347656 2289.90869140625 631.20751953125 
2 964.1809692382812 292.9660949707031 1201.82470703125 649.8592529296875 
2 1592.152099609375 398.6140441894531 1876.87841796875 677.18212890625 
3 159.3584442138672 183.73435974121094 200.5232391357422 245.13836669921875 
3 95.10490417480469 171.02276611328125 128.81857299804688 225.4881591796875 
246
2 2024.21044921875 292.6461181640625 2291.420654296875 631.1701049804688 
2 963.978271484375 283.7522277832031 1203.0440673828125 649.8984985351562 
2 1590.850341796875 399.5402526855469 1876.3028564453125 676.6102294921875 
3 158.79690551757812 184.0153045654297 200.76373291015625 244.89501953125 
247
2 2015.4344482421875 294.3196105957031 2291.72021484375 631.4575805664062 
2 964.3631591796875 276.69586181640625 1202.6575927734375 650.294921875 
2 1590.0950927734375 401.4549560546875 1874.9000244140625 677.3387451171875 
3 98.73036193847656 171.5123291015625 132.2382354736328 224.8150634765625 
248
2 2007.85693359375 296.082275390625 2292.75830078125 630.9862060546875 
2 964.4230346679688 268.5942077636719 1207.1112060546875 649.7339477539062 
2 1588.92919921875 401.9608459472656 1873.4305419921875 678.5960693359375 
3 303.92529296875 133.877197265625 343.6510009765625 203.20712280273438 
3 98.51148223876953 170.20387268066406 172.78695678710938 258.9587707519531 
249
2 1999.855712890625 297.83203125 2292.684326171875 630.5545043945312 
2 964.9684448242188 264.7978210449219 1207.9197998046875 648.025146484375 
2 1587.4443359375 400.6120300292969 1873.21923828125 675.4109497070312 
250
2 1993.489013671875 299.615234375 2292.140625 632.3250122070312 
2 966.0607299804688 258.2369689941406 1216.1451416015625 647.2889404296875 
2 1586.23486328125 400.648193359375 1872.5028076171875 675.77197265625 
251
2 1988.320556640625 301.2123718261719 2290.54052734375 644.10400390625 
2 967.2191162109375 252.19772338867188 1218.155517578125 646.0509033203125 
2 1584.65771484375 401.4676208496094 1871.2869873046875 674.0077514648438 
252
2 971.1143188476562 251.18951416015625 1221.21435546875 646.5300903320312 
2 1983.103759765625 304.0397033691406 2288.38818359375 653.3046875 
2 1583.66845703125 404.0782165527344 1870.5213623046875 674.354736328125 
253
2 977.0428466796875 248.45059204101562 1224.4654541015625 645.9345703125 
2 1981.971435546875 306.41632080078125 2285.997802734375 659.1380615234375 
2 1581.9287109375 404.772216796875 1870.0643310546875 672.586669921875 
3 317.756103515625 129.49354553222656 360.7956237792969 203.83901977539062 
254
2 981.03076171875 243.67959594726562 1227.120849609375 646.6390991210938 
2 1981.334716796875 309.09881591796875 2282.5498046875 663.531494140625 
2 1580.302978515625 404.517333984375 1869.62841796875 672.2351684570312 
3 320.8438720703125 129.03970336914062 364.8396301269531 203.42828369140625 
255
2 989.0748901367188 239.013916015625 1231.652587890625 645.7843627929688 
2 1981.990234375 312.14794921875 2280.185791015625 671.3771362304688 
2 1579.1666259765625 405.1732482910156 1869.081298828125 674.43798828125 
256
2 995.2262573242188 237.48052978515625 1236.4605712890625 647.7968139648438 
2 1979.1646728515625 314.0775451660156 2275.396240234375 678.2014770507812 
2 1577.553466796875 407.7855529785156 1868.824462890625 675.4111328125 
3 324.8165588378906 129.56723022460938 370.35784912109375 202.2300567626953 
257
2 1977.1551513671875 315.33538818359375 2270.958251953125 682.8375244140625 
2 1001.8613891601562 234.82083129882812 1243.2877197265625 599.296630859375 
2 1576.70654296875 408.84112548828125 1868.126708984375 671.6074829101562 
3 327.391357421875 129.332763671875 375.4739990234375 201.01959228515625 
258
2 1976.184814453125 316.4108581542969 2266.308837890625 684.2071533203125 
2 1009.3185424804688 231.53564453125 1249.8289794921875 590.66357421875 
2 1575.8189697265625 409.548095703125 1867.68505859375 673.0333251953125 
259
2 1972.418212890625 316.7139892578125 2261.90478515625 684.551025390625 
2 1573.853271484375 411.03387451171875 1867.22412109375 672.9290161132812 
2 1019.10595703125 229.9642333984375 1257.765625 587.7650756835938 
260
2 1975.52734375 317.2867431640625 2261.31884765625 684.5388793945312 
2 1026.8291015625 227.0018310546875 1268.8594970703125 584.2283325195312 
2 1571.9696044921875 411.80230712890625 1867.250732421875 673.5501708984375 
3 336.40411376953125 126.57049560546875 378.4787292480469 200.482666015625 
261
2 1974.581298828125 316.7232971191406 2263.107421875 685.037109375 
2 1571.1666259765625 412.55535888671875 1865.203369140625 672.646728515625 
2 1037.4959716796875 222.95068359375 1275.338623046875 579.964111328125 
3 162.168212890625 184.16226196289062 204.81326293945312 245.77865600585938 
262
2 1025.455322265625 219.29864501953125 1281.1346435546875 646.3651123046875 
2 1974.831787109375 316.5172119140625 2264.384033203125 685.2517700195312 
2 1570.8642578125 412.8297119140625 1863.798583984375 671.6444702148438 
3 340.43206787109375 126.58468627929688 390.0863952636719 201.2372589111328 
263
2 1975.33642578125 317.3905334472656 2265.36767578125 684.6884155273438 
2 1568.4476318359375 412.9822692871094 1863.1556396484375 672.284423828125 
2 1032.12744140625 215.74761962890625 1293.725341796875 648.059814453125 
3 344.8606872558594 126.07119750976562 391.034912109375 199.44432067871094 
2 1032.0670166015625 215.48635864257812 1293.1258544921875 647.2453002929688 
264
2 1974.42529296875 318.1417541503906 2267.688232421875 683.0927734375 
2 1568.323974609375 412.91558837890625 1862.556640625 672.2007446289062 
2 1070.2777099609375 211.96337890625 1298.1724853515625 584.4969482421875 
3 349.74371337890625 125.55404663085938 391.1197814941406 196.92596435546875 
265
2 1974.603759765625 318.83660888671875 2269.04150390625 683.337890625 
2 1079.927001953125 209.504638671875 1308.3743896484375 579.90625 
2 1568.275390625 413.1397705078125 1861.6634521484375 671.332763671875 
3 350.65850830078125 123.37124633789062 393.4483947753906 194.14834594726562 
3 132.59857177734375 158.82672119140625 204.93218994140625 248.81912231445312 
266
2 1974.8883056640625 321.342529296875 2271.108642578125 682.8527221679688 
2 1088.4002685546875 206.19766235351562 1318.90087890625 580.6924438476562 
2 1568.9566650390625 412.3851623535156 1860.9970703125 669.97900390625 
3 350.514892578125 123.07125854492188 393.3948669433594 191.46205139160156 
3 134.6311798095703 159.2993621826172 204.86077880859375 248.08059692382812 
267
2 1973.608154296875 323.84564208984375 2272.7041015625 693.5211181640625 
2 1096.7178955078125 203.69964599609375 1327.1871337890625 580.1928100585938 
2 1567.9342041015625 413.044189453125 1861.012939453125 669.9413452148438 
3 350.3365478515625 123.0914306640625 394.5238037109375 190.2315216064453 
268
2 1977.52783203125 326.73193359375 2274.66455078125 708.47119140625 
2 1103.2479248046875 201.84970092773438 1331.9947509765625 590.0897216796875 
3 350.2408447265625 122.58978271484375 396.537109375 191.11679077148438 
2 1567.89404296875 414.42327880859375 1860.479248046875 669.0216064453125 
3 136.8525848388672 159.67808532714844 205.92271423339844 247.379638671875 
269
2 1973.36083984375 330.43328857421875 2276.75537109375 730.0908813476562 
2 1108.8468017578125 199.23434448242188 1342.36767578125 600.1749267578125 
3 357.3276062011719 122.10688781738281 401.041015625 191.12782287597656 
2 1567.776123046875 415.8912353515625 1858.567138671875 669.0634765625 
3 137.13819885253906 159.29043579101562 205.5649871826172 246.6837158203125 
270
1 1976.9600830078125 333.21258544921875 2280.3857421875 745.1426391601562 
2 1116.0709228515625 198.34304809570312 1349.2490234375 593.269287109375 
3 139.6300048828125 159.4201202392578 205.0564422607422 247.05429077148438 
3 359.79132080078125 124.29193115234375 402.29437255859375 193.73806762695312 
2 1567.6317138671875 416.32684326171875 1858.2049560546875 669.3558349609375 
271
1 1975.531005859375 337.03253173828125 2283.580078125 759.4556274414062 
2 1124.307373046875 197.9105224609375 1359.785400390625 585.5953369140625 
3 141.66409301757812 158.02670288085938 205.55169677734375 248.02194213867188 
2 1567.7701416015625 418.7304992675781 1856.517822265625 671.5984497070312 
272
1 1975.2852783203125 340.7779846191406 2287.358154296875 771.106201171875 
3 1131.65966796875 195.78115844726562 1367.635009765625 577.926025390625 
3 143.56114196777344 157.2244415283203 205.2420196533203 247.97854614257812 
2 1567.6199951171875 419.887939453125 1855.330078125 673.6742553710938 
3 366.4930419921875 118.50981140136719 404.5319519042969 190.6002960205078 
273
1 1974.815673828125 346.0306396484375 2290.31689453125 780.1249389648438 
3 1139.38916015625 195.2547607421875 1378.192626953125 576.3898315429688 
3 145.1577606201172 156.0511016845703 203.80982971191406 246.026123046875 
2 1568.833740234375 420.8181457519531 1854.3349609375 673.1904296875 
274
1 1973.6588134765625 348.68768310546875 2294.79296875 781.4906005859375 
3 1146.4202880859375 195.305908203125 1385.4727783203125 577.1838989257812 
3 145.13690185546875 155.75758361816406 200.65682983398438 243.4844970703125 
2 1570.3140869140625 421.2499694824219 1852.4830322265625 672.1015625 
275
2 1147.188232421875 197.17730712890625 1393.7528076171875 578.7423095703125 
1 1974.0560302734375 356.70159912109375 2298.958984375 784.2653198242188 
2 1571.3525390625 421.3555603027344 1851.3651123046875 671.2100219726562 
3 146.4661102294922 155.40036010742188 200.038818359375 243.99298095703125 
276
2 1149.34423828125 198.0329132080078 1402.955078125 579.3460693359375 
1 1973.9630126953125 358.904052734375 2305.168701171875 785.4921264648438 
2 1571.942138671875 420.75537109375 1850.324951171875 672.3242797851562 
3 148.05532836914062 155.052001953125 199.83338928222656 244.74990844726562 
277
2 1149.3447265625 198.929931640625 1409.86767578125 579.967529296875 
1 1973.3704833984375 362.3767395019531 2310.33056640625 786.703125 
2 1572.4989013671875 420.2052307128906 1848.20166015625 670.6703491210938 
3 150.01844787597656 154.76795959472656 199.99679565429688 246.20101928710938 
3 379.5921936035156 115.62753295898438 424.34503173828125 188.1434326171875 
278
2 1148.4437255859375 198.9752655029297 1422.491943359375 580.6497802734375 
1 1973.970458984375 365.5645751953125 2315.34130859375 787.4406127929688 
2 1573.3812255859375 418.0277404785156 1845.9461669921875 667.7077026367188 
3 150.1041717529297 154.28048706054688 201.21087646484375 247.49874877929688 
3 382.6500244140625 115.5810546875 429.7821350097656 187.44534301757812 
279
3 1151.7899169921875 197.58460998535156 1431.9573974609375 577.0385131835938 
1 1975.2646484375 367.4114990234375 2319.347900390625 789.6964111328125 
3 150.72752380371094 153.6777801513672 201.59642028808594 246.32180786132812 
3 383.8104553222656 114.76530456542969 430.8625183105469 187.29954528808594 
2 1574.3741455078125 415.82672119140625 1844.8707275390625 663.5637817382812 
280
1 1980.749267578125 369.71844482421875 2322.072509765625 790.574462890625 
3 1157.791259765625 195.49534606933594 1441.5123291015625 575.419189453125 
2 1574.810302734375 413.9610290527344 1842.3453369140625 662.5184936523438 
3 152.8592529296875 153.7677001953125 201.6082000732422 245.75912475585938 
3 387.121337890625 114.48709106445312 424.18084716796875 187.54470825195312 
281
1 1988.106201171875 373.2489013671875 2324.066650390625 791.4654541015625 
2 1577.5538330078125 412.0374755859375 1841.406005859375 662.3787841796875 
3 153.40863037109375 153.0123291015625 201.071533203125 245.1724853515625 
3 1160.4119873046875 193.03298950195312 1451.1282958984375 574.2459716796875 
3 386.7457275390625 114.47784423828125 429.8705749511719 186.07061767578125 
282
3 1176.1776123046875 190.88485717773438 1459.2254638671875 568.55810546875 
1 1991.399169921875 376.5609130859375 2325.50537109375 791.7999267578125 
2 1578.53955078125 409.5581359863281 1839.1832275390625 662.875244140625 
3 153.75393676757812 152.72036743164062 201.44813537597656 245.07327270507812 
3 389.4411315917969 114.62559509277344 430.152587890625 186.2576904296875 
283
3 1190.687255859375 189.45462036132812 1469.27783203125 552.82861328125 
1 1997.0516357421875 378.59698486328125 2326.130126953125 791.5335693359375 
2 1581.475341796875 406.96173095703125 1836.7027587890625 664.5059814453125 
3 155.12562561035156 152.71812438964844 199.66726684570312 245.587890625 
3 390.4336242675781 115.11239624023438 432.9197692871094 184.38259887695312 
284
1 1996.4537353515625 378.9998779296875 2325.947998046875 791.6722412109375 
3 1212.362548828125 186.19277954101562 1478.2982177734375 536.8156127929688 
2 1584.4012451171875 402.4944763183594 1835.7138671875 664.721923828125 
3 157.1541290283203 154.29998779296875 200.64627075195312 245.58502197265625 
3 396.9414367675781 113.61874389648438 438.05413818359375 183.74916076660156 
285
1 1996.7197265625 382.97967529296875 2325.8671875 792.4742431640625 
3 1226.262939453125 182.64468383789062 1484.20458984375 528.2140502929688 
2 1587.7127685546875 399.640869140625 1833.795166015625 663.9271850585938 
3 156.89898681640625 152.60943603515625 199.4031982421875 245.93594360351562 
286
1 1989.7679443359375 385.87060546875 2324.974853515625 791.7723999023438 
3 1254.873291015625 182.21829223632812 1490.8167724609375 527.838134765625 
2 1591.3704833984375 397.1318359375 1830.776611328125 659.746826171875 
3 157.43185424804688 152.54342651367188 199.44757080078125 244.97927856445312 
287
1 1980.554443359375 389.1531066894531 2323.78857421875 804.3060913085938 
2 1593.280029296875 394.49505615234375 1828.6107177734375 660.2734375 
3 1284.12841796875 178.49195861816406 1498.263427734375 528.1041259765625 
3 157.7511749267578 153.6211700439453 200.46621704101562 245.04638671875 
3 2266.477294921875 42.23472595214844 2285.620361328125 83.24848937988281 
3 401.65435791015625 111.20281982421875 440.375732421875 184.8010711669922 
288
1 1970.8978271484375 393.3977355957031 2321.47900390625 825.6165161132812 
2 1597.41552734375 393.1087646484375 1826.2872314453125 660.0572509765625 
3 1294.1275634765625 176.9169921875 1504.37255859375 528.4093017578125 
3 155.35414123535156 152.83409118652344 201.6724395751953 244.84774780273438 
3 2266.5947265625 42.16950988769531 2285.640625 82.9874038696289 
289
1 1961.242919921875 398.2176208496094 2319.40185546875 844.7007446289062 
2 1597.9434814453125 392.16021728515625 1824.6973876953125 660.6156005859375 
3 1302.1492919921875 175.6441650390625 1513.111328125 527.9471435546875 
3 2266.82763671875 42.13356018066406 2285.546630859375 82.68228912353516 
3 155.56053161621094 151.34800720214844 202.73597717285156 244.56277465820312 
3 408.23175048828125 111.03091430664062 438.55670166015625 183.55841064453125 
290
1 1951.833984375 402.3599548339844 2315.875732421875 858.6304931640625 
2 1600.2906494140625 390.69158935546875 1823.247802734375 662.81689453125 
3 1309.85498046875 173.4293670654297 1525.6812744140625 526.7159423828125 
291
1 1943.8363037109375 406.4893798828125 2312.32763671875 866.60205078125 
2 1600.7232666015625 388.20330810546875 1821.615966796875 663.9435424804688 
3 1317.44384765625 170.88153076171875 1527.668212890625 487.47607421875 
292
1 1935.7567138671875 411.169189453125 2308.34130859375 872.0664672851562 
3 1326.389892578125 170.89035034179688 1536.6416015625 480.05072021484375 
2 1599.62890625 385.76837158203125 1820.276123046875 663.4833374023438 
3 167.7830810546875 150.21507263183594 208.35934448242188 194.9290313720703 
293
1 1925.1707763671875 416.4268798828125 2303.533935546875 877.501708984375 
2 1600.4239501953125 384.0570068359375 1818.9146728515625 663.1907958984375 
3 1310.283447265625 169.65142822265625 1544.2530517578125 528.7123413085938 
3 169.81210327148438 150.34063720703125 207.38986206054688 195.54830932617188 
294
1 1926.4891357421875 418.8879699707031 2298.312255859375 879.8563232421875 
3 1309.32275390625 168.32870483398438 1549.5545654296875 529.5730590820312 
2 1600.053466796875 380.62579345703125 1817.7261962890625 663.3275146484375 
3 171.42689514160156 149.48147583007812 209.67550659179688 197.52938842773438 
295
1 1926.1231689453125 419.4400634765625 2295.890625 879.5200805664062 
3 1311.810791015625 167.32302856445312 1553.4725341796875 523.1669921875 
2 1597.200439453125 377.89495849609375 1816.731201171875 662.2162475585938 
3 171.03562927246094 148.9331817626953 210.46420288085938 198.45989990234375 
296
1 1925.2471923828125 421.73895263671875 2295.162109375 880.06005859375 
3 1316.6956787109375 167.01971435546875 1563.675048828125 527.4813232421875 
2 1596.241455078125 373.28289794921875 1815.671875 662.1375732421875 
3 429.8827209472656 110.23193359375 469.25921630859375 176.40208435058594 
3 172.579345703125 147.8541717529297 211.11236572265625 198.1279754638672 
297
1 1923.936279296875 423.7509460449219 2294.32958984375 880.5333862304688 
3 1324.1800537109375 165.34994506835938 1571.3013916015625 526.3660278320312 
2 1593.6070556640625 369.43511962890625 1813.4146728515625 662.3692626953125 
3 175.06930541992188 148.56349182128906 211.82000732421875 198.61740112304688 
3 431.39892578125 108.54219055175781 471.1188659667969 174.8035125732422 
298
1 1923.142333984375 425.17926025390625 2292.960693359375 881.2005615234375 
2 1594.120849609375 367.98016357421875 1811.0255126953125 664.83056640625 
3 1336.3812255859375 163.14532470703125 1578.0732421875 521.5972290039062 
3 175.8289794921875 148.71487426757812 212.83938598632812 198.07997131347656 
3 434.8544616699219 107.35971069335938 471.16314697265625 173.97698974609375 
299
1 1922.8944091796875 426.04571533203125 2291.677978515625 881.7967529296875 
2 1594.48095703125 365.386962890625 1807.583740234375 660.1788940429688 
3 1388.790283203125 162.19229125976562 1583.4610595703125 479.0904541015625 
3 176.2533721923828 148.6248779296875 213.7499542236328 198.79051208496094 
3 436.461669921875 106.62332153320312 471.71160888671875 172.47592163085938 
300
1 1922.3121337890625 427.7666015625 2290.22412109375 881.7841796875 
3 1360.30126953125 160.42160034179688 1594.1282958984375 505.6693115234375 
2 1474.5843505859375 360.754150390625 1806.262939453125 658.8740234375 
3 176.73269653320312 148.7618865966797 214.76148986816406 199.58163452148438 
3 436.9602966308594 106.69729614257812 476.08074951171875 174.34814453125 
3 176.02621459960938 148.7039794921875 215.97463989257812 220.41375732421875 
3 2266.9404296875 41.756378173828125 2285.697509765625 82.5693130493164 
301
1 1921.18212890625 429.7769775390625 2287.806396484375 881.971435546875 
3 1401.91259765625 159.23260498046875 1600.01318359375 476.39697265625 
2 1594.85595703125 360.06976318359375 1803.802001953125 663.389892578125 
3 439.1625061035156 105.574462890625 475.60443115234375 172.7429656982422 
3 178.23365783691406 149.44400024414062 215.5594940185547 198.4958038330078 
3 177.98934936523438 149.31204223632812 216.75144958496094 220.48977661132812 
302
1 1920.8837890625 430.96173095703125 2286.37841796875 882.943603515625 
3 1400.5902099609375 159.22193908691406 1610.782958984375 493.963134765625 
2 1594.510498046875 358.2259216308594 1802.2049560546875 653.5604248046875 
3 443.52947998046875 104.45429992675781 478.01959228515625 172.3289337158203 
3 178.4195556640625 149.99668884277344 219.34701538085938 199.55126953125 
3 178.07569885253906 149.66180419921875 221.3260498046875 220.08517456054688 
3 2266.931640625 42.39152526855469 2285.5361328125 81.45181274414062 
303
1 1921.447998046875 432.553466796875 2285.10107421875 884.0247192382812 
3 1415.5316162109375 155.3893280029297 1618.0869140625 484.3203125 
2 1594.5963134765625 357.7324523925781 1799.33984375 651.462890625 
3 179.17320251464844 150.59652709960938 217.9166717529297 198.2924041748047 
3 447.29266357421875 103.95399475097656 484.06036376953125 173.15115356445312 
304
1 1922.0068359375 436.9217224121094 2282.573974609375 903.1566772460938 
3 1422.631591796875 154.6805419921875 1623.31201171875 482.3907470703125 
2 1593.61767578125 357.34710693359375 1797.5665283203125 658.2080078125 
3 181.5331268310547 151.31253051757812 221.1707000732422 198.78778076171875 
3 451.0007629394531 102.98757934570312 485.35137939453125 172.08175659179688 
3 2266.90283203125 42.41502380371094 2285.625244140625 81.51372528076172 
305
3 1428.7833251953125 154.31747436523438 1631.83642578125 481.99237060546875 
0 1920.6380615234375 442.70159912109375 2280.75732421875 926.462890625 
2 1580.48779296875 356.8682556152344 1794.32421875 649.2477416992188 
3 182.64405822753906 151.76019287109375 224.37051391601562 200.60226440429688 
3 2267.04052734375 42.459571838378906 2285.53076171875 82.3368911743164 
3 181.52072143554688 151.7335662841797 226.44332885742188 218.5207061767578 
306
3 1434.164306640625 155.01809692382812 1641.18408203125 478.98260498046875 
0 1921.76220703125 447.1942443847656 2278.381591796875 946.0202026367188 
2 1589.271240234375 356.6593017578125 1793.244140625 657.2603759765625 
3 183.40220642089844 151.424560546875 226.9204864501953 198.75482177734375 
3 2266.864501953125 42.55206298828125 2285.627685546875 83.07431030273438 
3 456.68389892578125 102.47976684570312 505.6989440917969 175.41436767578125 
307
0 1921.01318359375 452.5306396484375 2276.025634765625 963.6034545898438 
3 1434.5528564453125 153.8939208984375 1647.5916748046875 473.8243103027344 
2 1569.080322265625 357.90911865234375 1791.1522216796875 647.7421264648438 
3 460.437744140625 103.3026123046875 502.1671447753906 170.4185333251953 
3 185.55474853515625 151.74053955078125 228.65408325195312 197.17796325683594 
3 2266.677978515625 42.00543975830078 2285.973388671875 83.16986846923828 
3 184.28466796875 151.43801879882812 230.19859313964844 218.38790893554688 
308
0 1895.1219482421875 458.47064208984375 2273.555419921875 974.578125 
3 1434.4151611328125 153.6055145263672 1655.1390380859375 472.37982177734375 
2 1578.8565673828125 359.35888671875 1789.1416015625 650.5421752929688 
3 463.8516540527344 102.80230712890625 502.7275695800781 168.3755340576172 
3 2266.753173828125 42.0042724609375 2286.005859375 83.18826293945312 
3 186.90493774414062 151.78260803222656 229.40126037597656 198.42962646484375 
3 185.8531951904297 151.56781005859375 230.9630889892578 218.69451904296875 
309
0 1874.816650390625 467.0719299316406 2271.48486328125 981.1603393554688 
3 1433.914794921875 154.13861083984375 1666.0355224609375 471.47393798828125 
2 1572.6470947265625 361.3684997558594 1787.1822509765625 653.5091552734375 
3 466.5731201171875 102.63479614257812 506.9273681640625 168.21824645996094 
3 188.24903869628906 151.95211791992188 230.55601501464844 196.8562774658203 
3 2266.791748046875 42.131561279296875 2285.791015625 83.11946105957031 
310
0 1854.7373046875 474.79547119140625 2268.152587890625 983.98193359375 
3 1434.50390625 155.08255004882812 1670.640625 472.07574462890625 
2 1537.1173095703125 365.52099609375 1786.495849609375 647.97265625 
3 469.49407958984375 102.43743896484375 508.3516845703125 169.0333709716797 
3 189.3358917236328 151.5389404296875 231.57571411132812 196.91787719726562 
3 2266.811279296875 42.025909423828125 2285.772705078125 83.1922607421875 
311
0 1846.59375 482.4495849609375 2268.177490234375 985.596923828125 
3 1441.017333984375 154.82766723632812 1677.555908203125 471.80682373046875 
2 1534.145263671875 368.4453430175781 1783.947998046875 659.3131103515625 
3 470.729248046875 101.63523864746094 507.9833984375 169.21852111816406 
3 190.0107421875 150.98312377929688 233.405517578125 200.82217407226562 
3 2266.806884765625 42.043907165527344 2285.8896484375 83.07426452636719 
3 189.0165557861328 150.1812744140625 235.0673370361328 216.71609497070312 
312
0 1830.43505859375 492.17120361328125 2265.260009765625 990.884521484375 
2 1540.7293701171875 373.64727783203125 1782.1683349609375 658.9505615234375 
3 1443.073486328125 156.3498077392578 1681.4681396484375 469.5904541015625 
3 474.058837890625 99.9486083984375 511.7364196777344 169.2847137451172 
3 190.72930908203125 149.46754455566406 234.84701538085938 201.83859252929688 
3 2266.62939453125 42.12487030029297 2285.8388671875 83.14546966552734 
313
0 1814.1270751953125 500.76483154296875 2264.29345703125 994.9534912109375 
2 1537.78271484375 376.7562561035156 1779.145751953125 660.8871459960938 
3 1449.122802734375 159.46282958984375 1685.96630859375 468.18756103515625 
3 477.45343017578125 98.98017883300781 513.1910400390625 168.70858764648438 
3 191.54153442382812 148.65390014648438 237.55709838867188 209.68020629882812 
3 2266.707275390625 42.225372314453125 2285.62353515625 82.98417663574219 
314
0 1804.1787109375 509.312255859375 2260.73193359375 994.554931640625 
3 1460.0645751953125 159.3226776123047 1692.0655517578125 462.9512939453125 
2 1527.7760009765625 379.4692077636719 1775.5469970703125 661.90771484375 
3 192.50039672851562 148.16734313964844 238.1283721923828 212.56964111328125 
3 480.2811279296875 98.34394836425781 512.9437255859375 167.72616577148438 
3 2266.74755859375 42.37043762207031 2285.409912109375 82.99288177490234 
315
0 1804.8946533203125 516.0048828125 2258.6845703125 996.33251953125 
2 1516.39599609375 379.130859375 1771.80908203125 659.330078125 
3 1473.8143310546875 159.29208374023438 1696.2569580078125 450.5335693359375 
3 193.23133850097656 148.7408905029297 238.64407348632812 216.0402374267578 
3 2266.638916015625 42.22581481933594 2285.568115234375 83.0552978515625 
3 482.92388916015625 97.57792663574219 514.9852294921875 166.0152587890625 
316
0 1804.799560546875 521.99853515625 2256.322998046875 996.389892578125 
2 1502.5418701171875 381.3471374511719 1769.4849853515625 661.7861938476562 
3 1524.0201416015625 158.50209045410156 1705.10791015625 394.2662353515625 
3 193.7831573486328 148.5646514892578 238.2569580078125 211.33963012695312 
3 2266.69775390625 42.30824279785156 2285.578369140625 83.04768371582031 
3 486.1536865234375 93.5615234375 517.2556762695312 166.79812622070312 
317
0 1804.410888671875 529.2476806640625 2255.424072265625 995.648193359375 
2 1489.83349609375 382.80120849609375 1766.0799560546875 661.114501953125 
3 1517.1375732421875 158.43643188476562 1707.9625244140625 412.65887451171875 
3 194.27207946777344 148.699462890625 238.80426025390625 211.77745056152344 
3 487.5531311035156 93.91844177246094 519.7276000976562 166.21849060058594 
3 2266.90625 41.90229034423828 2285.705078125 83.25721740722656 
318
0 1804.526611328125 534.2412719726562 2252.709716796875 995.243408203125 
2 1479.7816162109375 382.2403564453125 1762.4559326171875 661.674072265625 
3 1530.8406982421875 156.12625122070312 1713.2957763671875 407.398193359375 
3 194.70352172851562 149.9999237060547 239.34640502929688 212.6597900390625 
3 490.5492248535156 94.13185119628906 527.2116088867188 165.76100158691406 
319
0 1803.145751953125 537.3429565429688 2249.110107421875 994.77099609375 
3 1540.6904296875 157.95614624023438 1715.926513671875 411.8495178222656 
2 1468.0120849609375 395.6019287109375 1757.4158935546875 666.050048828125 
3 491.4953918457031 93.68519592285156 528.37548828125 167.21873474121094 
3 195.67950439453125 150.8115234375 239.48428344726562 213.46994018554688 
320
0 1804.076171875 540.5340576171875 2242.11083984375 994.3868408203125 
3 1546.0885009765625 156.17608642578125 1720.1051025390625 402.3128662109375 
2 1457.996826171875 392.779541015625 1754.20703125 667.2424926757812 
3 195.22752380371094 150.64447021484375 238.83493041992188 211.64413452148438 
321
0 1803.4432373046875 543.2972412109375 2235.97412109375 994.795654296875 
3 1551.618408203125 153.7027130126953 1726.314697265625 401.4697265625 
2 1448.4906005859375 418.21893310546875 1750.7060546875 661.3765869140625 
3 494.3309631347656 92.22830200195312 536.0051879882812 165.75721740722656 
3 195.56761169433594 150.77804565429688 237.25103759765625 198.1086883544922 
3 2263.180419921875 40.854461669921875 2281.95947265625 82.95469665527344 
3 195.17105102539062 149.18923950195312 238.6041717529297 216.4520263671875 
322
0 1801.2725830078125 547.2760620117188 2228.30419921875 994.6436767578125 
2 1440.9119873046875 425.2490234375 1746.420166015625 664.2021484375 
3 1557.0306396484375 152.99874877929688 1733.9693603515625 402.29620361328125 
3 497.547607421875 91.3945083618164 535.4933471679688 165.10671997070312 
3 195.7411651611328 150.89544677734375 237.59811401367188 205.73667907714844 
3 195.1768341064453 148.65948486328125 238.78765869140625 219.10804748535156 
3 1932.873291015625 86.41908264160156 1962.6534423828125 161.2447509765625 
323
0 1799.1148681640625 550.6686401367188 2219.12841796875 994.1708984375 
3 1562.3931884765625 152.4156494140625 1738.078369140625 414.68890380859375 
2 1434.9693603515625 427.68408203125 1743.0799560546875 666.1861572265625 
3 499.3636779785156 92.04043579101562 533.2701416015625 165.67422485351562 
3 196.32095336914062 153.5404815673828 239.75881958007812 213.85366821289062 
324
0 1771.550537109375 553.956787109375 2208.584228515625 995.3131103515625 
3 1571.446533203125 150.74600219726562 1743.2269287109375 394.3059997558594 
3 196.73126220703125 154.911865234375 239.6592559814453 215.95358276367188 
3 501.4483947753906 92.57041931152344 534.181884765625 165.34950256347656 
2 1428.65869140625 408.505859375 1740.78564453125 665.621337890625 
325
0 1728.803955078125 557.2515869140625 2197.412353515625 994.1544189453125 
3 1577.5615234375 152.25521850585938 1747.8314208984375 394.6749267578125 
2 1421.42822265625 403.2299499511719 1734.8642578125 664.0086669921875 
3 197.62611389160156 155.1300811767578 240.9563446044922 217.357666015625 
3 502.94976806640625 93.15133666992188 541.9430541992188 164.5537109375 
326
0 1693.8621826171875 560.5185546875 2184.431640625 993.0042724609375 
3 1584.8619384765625 151.88926696777344 1753.760986328125 380.09429931640625 
2 1417.9302978515625 411.75811767578125 1732.471435546875 665.4486083984375 
3 197.98703002929688 155.55795288085938 240.2747802734375 217.85269165039062 
3 505.66339111328125 93.87051391601562 547.3158569335938 164.79820251464844 
327
0 1656.7657470703125 562.928466796875 2170.901611328125 993.327880859375 
2 1411.90966796875 408.4075927734375 1728.3228759765625 663.5665893554688 
3 1590.5572509765625 152.93637084960938 1757.269287109375 389.2032470703125 
3 197.5007781982422 154.90878295898438 240.23052978515625 217.1857452392578 
3 507.7200622558594 92.14321899414062 551.0940551757812 162.8336944580078 
328
0 1626.377685546875 564.4026489257812 2155.113525390625 996.9554443359375 
3 1595.0875244140625 154.31358337402344 1763.2783203125 394.0329895019531 
2 1410.712646484375 421.75299072265625 1724.19580078125 663.9213256835938 
3 510.4615478515625 89.38981628417969 551.6123657226562 161.58261108398438 
3 197.47799682617188 154.62503051757812 239.56190490722656 217.95562744140625 
3 0.21116161346435547 185.19732666015625 42.19462966918945 248.02627563476562 
329
0 1599.1961669921875 565.904296875 2140.2841796875 1002.60888671875 
2 1407.002197265625 416.47161865234375 1722.1427001953125 659.799560546875 
3 1598.234619140625 155.0251922607422 1765.3360595703125 394.0897521972656 
3 196.97003173828125 154.67764282226562 240.55032348632812 226.21160888671875 
3 511.5332336425781 89.59732818603516 553.3841552734375 163.0762939453125 
3 1927.1163330078125 87.11294555664062 1954.58154296875 159.87887573242188 
330
0 1585.121826171875 567.32666015625 2123.02294921875 1005.5977783203125 
2 1405.6856689453125 418.9556579589844 1720.9075927734375 665.8621826171875 
3 1600.9393310546875 154.62600708007812 1772.1036376953125 413.5841369628906 
3 196.41357421875 154.3578338623047 240.26377868652344 228.41171264648438 
3 511.5633239746094 88.2587890625 552.37939453125 163.48300170898438 
3 1926.1029052734375 87.72634887695312 1954.15478515625 160.7808074951172 
331
0 1575.478515625 569.3963623046875 2106.666015625 1008.150634765625 
2 1405.0087890625 421.7947998046875 1717.80224609375 666.4649658203125 
3 1604.09130859375 154.81768798828125 1775.1285400390625 409.9407958984375 
3 513.6273193359375 87.6419448852539 552.9042358398438 164.5443572998047 
3 195.58761596679688 153.35189819335938 237.6894073486328 223.30389404296875 
3 195.8613739013672 154.0762481689453 234.26553344726562 197.97201538085938 
332
0 1568.5030517578125 572.064208984375 2088.549560546875 1013.099853515625 
2 1404.72705078125 427.62060546875 1715.2525634765625 662.2517700195312 
3 1605.046142578125 154.8001251220703 1779.547607421875 411.4887390136719 
3 195.28509521484375 154.282958984375 234.12918090820312 198.42892456054688 
3 514.8237915039062 87.16777038574219 552.3285522460938 163.23037719726562 
3 194.8814239501953 153.7158660888672 237.17250061035156 221.85726928710938 
333
0 1565.159912109375 574.0606689453125 2070.57861328125 1015.25927734375 
3 1608.4295654296875 154.56320190429688 1784.7845458984375 435.75799560546875 
2 1404.7484130859375 430.1993713378906 1714.8304443359375 667.7677612304688 
3 195.0595703125 154.73597717285156 233.61398315429688 197.8509063720703 
3 517.9248657226562 87.59599304199219 556.2803344726562 162.20245361328125 
3 1922.44970703125 87.80073547363281 1950.591552734375 157.50509643554688 
3 194.44363403320312 154.42965698242188 236.83514404296875 217.2877197265625 
334
0 1560.5833740234375 576.8312377929688 2051.096923828125 1016.43212890625 
2 1405.069580078125 432.6854553222656 1715.098876953125 670.6095581054688 
3 1609.2850341796875 154.7623748779297 1791.7630615234375 433.4512939453125 
3 195.4208221435547 154.66146850585938 233.23428344726562 197.79403686523438 
3 517.8236083984375 87.28080749511719 561.2325439453125 162.6184539794922 
3 194.7111358642578 154.36532592773438 236.68272399902344 216.13587951660156 
335
0 1554.5594482421875 576.1082153320312 2031.740966796875 1018.328369140625 
3 1607.7091064453125 156.40423583984375 1793.3270263671875 434.4796447753906 
2 1404.8173828125 433.2652587890625 1716.279052734375 674.4659423828125 
3 196.00086975097656 155.40235900878906 233.2443389892578 198.046630859375 
3 195.33975219726562 155.03347778320312 236.6433563232422 217.03382873535156 
336
0 1552.705810546875 572.9653930664062 2014.9814453125 1017.58837890625 
3 1606.0330810546875 158.23870849609375 1797.867919921875 433.966064453125 
2 1405.0284423828125 433.5776672363281 1714.2515869140625 674.3073120117188 
3 519.4317016601562 85.21891784667969 563.4361572265625 161.62969970703125 
3 195.89781188964844 156.41375732421875 233.6543426513672 197.59017944335938 
3 195.14266967773438 156.1466522216797 237.06088256835938 218.7752685546875 
337
3 1605.2611083984375 158.92007446289062 1800.2935791015625 430.6781005859375 
2 1404.638671875 432.2867431640625 1713.497802734375 664.9677734375 
0 1553.02734375 570.0076904296875 1998.5921630859375 1016.12109375 
3 524.191162109375 84.59925842285156 568.323486328125 162.56858825683594 
3 194.74014282226562 157.05813598632812 237.88063049316406 220.10238647460938 
3 195.66256713867188 157.13531494140625 234.31048583984375 197.26292419433594 
338
2 1406.0484619140625 432.0190734863281 1713.297607421875 667.5746459960938 
3 1604.859375 160.20834350585938 1805.41259765625 423.3869934082031 
0 1551.932861328125 564.9090576171875 1982.8653564453125 1015.5994873046875 
3 527.372314453125 84.63443756103516 569.515869140625 164.9087371826172 
3 196.16665649414062 157.34970092773438 238.76280212402344 218.75823974609375 
3 196.89430236816406 157.38143920898438 236.6765899658203 203.21047973632812 
339
3 1604.3187255859375 161.17984008789062 1810.0826416015625 422.89019775390625 
2 1405.781005859375 428.6976623535156 1712.4664306640625 657.0658569335938 
0 1551.7529296875 567.5895385742188 1968.6702880859375 1015.383544921875 
3 529.9205932617188 85.9872817993164 568.3455810546875 162.62249755859375 
3 197.42315673828125 157.69871520996094 238.75770568847656 221.28106689453125 
3 198.06216430664062 157.91220092773438 236.89279174804688 208.92486572265625 
340
3 1604.50244140625 161.7585906982422 1815.1475830078125 423.47735595703125 
2 1409.259765625 427.7764587402344 1712.535400390625 657.11669921875 
0 1550.79931640625 564.9183349609375 1955.43212890625 1014.5643310546875 
3 530.367431640625 84.07698059082031 568.546875 161.91571044921875 
3 197.0096435546875 158.36753845214844 238.76394653320312 229.70480346679688 
341
2 1410.62255859375 424.8819580078125 1711.6656494140625 650.5875244140625 
3 1604.457763671875 162.14590454101562 1817.901611328125 420.68328857421875 
0 1551.325439453125 567.513916015625 1940.524169921875 1014.81640625 
3 197.61831665039062 160.00465393066406 240.3988800048828 225.4619140625 
3 1915.7022705078125 84.58129119873047 1945.967041015625 153.10195922851562 
3 530.8947143554688 83.90201568603516 566.5833129882812 159.20082092285156 
342
2 1414.8736572265625 421.8226623535156 1711.182861328125 660.072265625 
0 1550.55908203125 570.280517578125 1926.630859375 1021.5230712890625 
3 1605.5015869140625 164.29995727539062 1821.3316650390625 420.3577575683594 
3 199.7904510498047 160.0232696533203 242.8718719482422 224.52392578125 
3 537.7921142578125 84.5405502319336 567.8159790039062 152.0826416015625 
3 1915.012451171875 84.38847351074219 1945.1561279296875 152.613525390625 
3 1564.9642333984375 3.710418701171875 1586.5609130859375 61.19618225097656 
343
3 1606.4970703125 167.53912353515625 1825.56103515625 427.28607177734375 
0 1550.74462890625 570.2374877929688 1912.0234375 1028.82275390625 
2 1417.1873779296875 418.11651611328125 1710.614013671875 659.9865112304688 
3 541.3324584960938 85.43665313720703 570.3734130859375 153.19915771484375 
3 200.47059631347656 159.69100952148438 244.34771728515625 225.35714721679688 
344
3 1607.8135986328125 168.4770965576172 1834.5576171875 426.4406433105469 
0 1550.915283203125 576.1486206054688 1894.3475341796875 1018.36962890625 
2 1420.6722412109375 415.6707763671875 1710.756591796875 659.7227172851562 
3 542.3980712890625 84.18350982666016 575.6815795898438 152.67678833007812 
3 200.97105407714844 159.02980041503906 244.56741333007812 224.40139770507812 
345
3 1613.5521240234375 168.7793426513672 1836.868896484375 424.90576171875 
0 1551.7509765625 577.7616577148438 1878.727783203125 1030.83837890625 
2 1424.435791015625 412.3707580566406 1710.8343505859375 659.2726440429688 
3 201.9451904296875 158.05230712890625 252.31932067871094 226.258056640625 
346
3 1626.6380615234375 169.9190673828125 1842.6998291015625 422.6842041015625 
0 1538.836669921875 580.4263305664062 1864.0654296875 1061.27978515625 
2 1428.625244140625 407.87371826171875 1711.4088134765625 658.7417602539062 
3 203.16586303710938 157.710205078125 253.4849090576172 227.76318359375 
347
3 1627.83203125 170.73362731933594 1845.3968505859375 422.2634582519531 
0 1494.553955078125 583.1944580078125 1847.71630859375 1059.73046875 
2 1432.4437255859375 404.4145202636719 1712.31396484375 659.237548828125 
348
3 1636.966064453125 170.4072265625 1850.8343505859375 417.4858093261719 
0 1481.92919921875 583.328857421875 1833.8271484375 1054.7640380859375 
2 1436.3162841796875 399.501708984375 1713.5091552734375 659.0213623046875 
3 1561.7159423828125 3.348705291748047 1585.8768310546875 61.58238220214844 
3 204.41900634765625 158.05523681640625 251.69857788085938 223.96047973632812 
3 551.279052734375 78.28807830810547 587.8211669921875 146.89308166503906 
349
0 1467.0482177734375 583.0043334960938 1815.73828125 1051.541748046875 
3 1640.607421875 171.5952911376953 1855.1805419921875 410.8453063964844 
2 1439.236328125 395.4812927246094 1714.766357421875 658.7679443359375 
3 206.01611328125 157.08058166503906 248.8692169189453 212.49276733398438 
3 1561.7568359375 3.6464576721191406 1585.518310546875 61.727783203125 
3 553.4278564453125 78.60130310058594 594.295166015625 150.366455078125 
350
0 1450.8226318359375 589.78955078125 1800.5262451171875 1047.4998779296875 
3 1652.542724609375 172.2615966796875 1858.995361328125 401.55218505859375 
2 1442.1949462890625 390.0958251953125 1715.55712890625 652.870849609375 
3 206.21951293945312 156.81776428222656 249.46588134765625 209.2003936767578 
3 1561.7197265625 3.620922088623047 1585.4244384765625 61.2911376953125 
351
3 1664.416259765625 172.35610961914062 1863.2548828125 396.6173095703125 
0 1442.8897705078125 594.0189208984375 1802.3914794921875 1042.2496337890625 
2 1417.965087890625 386.9686584472656 1717.429443359375 655.119140625 
2 1447.49853515625 385.94757080078125 1715.699462890625 600.2463989257812 
3 1561.8212890625 3.51751708984375 1585.4744873046875 61.62872314453125 
352
3 1673.0628662109375 172.7146453857422 1866.52197265625 403.7332763671875 
0 1440.5150146484375 595.6814575195312 1791.9573974609375 1038.96923828125 
2 1437.0504150390625 380.59832763671875 1718.9134521484375 648.1768798828125 
353
3 1683.6900634765625 172.9616241455078 1871.0869140625 419.222900390625 
0 1438.9285888671875 600.0430297851562 1782.84228515625 1031.833251953125 
2 1445.4261474609375 376.38397216796875 1719.49658203125 640.9747924804688 
2 1396.7564697265625 376.1358642578125 1720.0718994140625 714.8786010742188 
354
0 1433.732421875 603.79833984375 1773.3670654296875 1028.0787353515625 
3 1695.3255615234375 172.72491455078125 1873.5582275390625 416.9399719238281 
2 1442.1436767578125 373.7064208984375 1721.673828125 642.3690185546875 
355
0 1429.27734375 606.8151245117188 1788.3946533203125 1035.4097900390625 
3 1709.498291015625 171.34019470214844 1877.155029296875 422.41839599609375 
2 1379.524169921875 368.790283203125 1723.55419921875 689.8014526367188 
3 215.4071502685547 156.22900390625 257.4580078125 224.7593994140625 
356
3 1710.65234375 172.26107788085938 1884.735595703125 419.69134521484375 
0 1421.65234375 609.8046875 1752.147216796875 1036.4132080078125 
2 1368.0955810546875 361.8294677734375 1725.4246826171875 694.7311401367188 
3 218.73422241210938 157.43820190429688 259.0562438964844 223.86190795898438 
3 1911.8095703125 85.82315063476562 1941.224853515625 153.892333984375 
357
3 1710.323486328125 170.83035278320312 1890.8731689453125 421.6155700683594 
0 1413.4697265625 610.4315185546875 1740.3614501953125 1036.2684326171875 
2 1492.06005859375 360.2691345214844 1727.2073974609375 645.3550415039062 
3 219.34735107421875 156.83477783203125 264.2947998046875 223.32791137695312 
3 1911.7249755859375 86.22984313964844 1941.12158203125 152.82330322265625 
358
3 1710.509033203125 169.95986938476562 1898.1488037109375 420.3487548828125 
2 1499.0194091796875 357.08929443359375 1730.9794921875 647.1319580078125 
0 1404.814453125 609.22607421875 1735.659912109375 1035.205078125 
359
3 1710.9871826171875 169.80722045898438 1900.890869140625 419.75518798828125 
0 1385.772705078125 608.9259643554688 1757.819091796875 1034.705078125 
2 1505.366943359375 352.4840087890625 1734.54931640625 649.28662109375 
360
3 1710.7222900390625 169.4442138671875 1905.1578369140625 419.4772644042969 
0 1371.7431640625 606.041748046875 1724.8468017578125 1034.366943359375 
2 1512.97900390625 348.4186706542969 1737.2550048828125 651.5534057617188 
2 1440.79736328125 348.19281005859375 1737.096923828125 653.25146484375 
361
3 1710.9107666015625 169.08596801757812 1907.7607421875 419.4743347167969 
0 1362.1871337890625 603.19482421875 1727.7353515625 1032.4208984375 
2 1520.991943359375 344.5567626953125 1739.74169921875 654.0975952148438 
362
3 1711.7110595703125 168.94534301757812 1912.52392578125 418.7218017578125 
0 1346.694091796875 601.7886962890625 1738.6728515625 1036.4779052734375 
2 1452.722412109375 341.31298828125 1741.9381103515625 656.384521484375 
3 1912.8203125 87.87769317626953 1940.73583984375 146.532958984375 
363
0 1332.14404296875 600.8621826171875 1742.7498779296875 1035.7451171875 
3 1712.3924560546875 167.89402770996094 1917.4453125 423.03497314453125 
2 1455.9146728515625 338.6099853515625 1744.75 655.332275390625 
3 1912.7091064453125 87.53424072265625 1940.57763671875 146.57705688476562 
3 144.9602508544922 199.04769897460938 208.21214294433594 306.5162658691406 
364
0 1314.9310302734375 599.0986328125 1699.12646484375 1034.404296875 
3 1713.60888671875 168.45838928222656 1920.8040771484375 422.41583251953125 
2 1489.08349609375 338.36572265625 1747.3115234375 655.012451171875 
3 234.1221923828125 150.92796325683594 270.84210205078125 212.55392456054688 
3 1912.834716796875 87.46825408935547 1940.7901611328125 146.36614990234375 
365
0 1297.4342041015625 599.9127807617188 1685.48046875 1036.26708984375 
2 1453.621826171875 338.374755859375 1750.234619140625 657.1527099609375 
3 1715.5364990234375 168.1162109375 1925.458740234375 419.63787841796875 
3 147.3085479736328 192.36294555664062 206.5322265625 305.65289306640625 
3 1715.7232666015625 169.10946655273438 1876.61962890625 419.855224609375 
366
0 1283.384521484375 600.6082763671875 1674.3883056640625 1035.900634765625 
2 1511.0819091796875 338.72454833984375 1753.852294921875 655.2042236328125 
3 1719.55224609375 167.17791748046875 1927.114501953125 419.25189208984375 
3 1720.6768798828125 168.54884338378906 1879.1331787109375 419.7994384765625 
3 1562.2154541015625 3.3070068359375 1585.2890625 62.907440185546875 
367
0 1268.36328125 599.9818115234375 1681.5611572265625 1035.6444091796875 
3 1720.2454833984375 167.30923461914062 1929.2716064453125 419.8591613769531 
2 1513.5618896484375 339.3988952636719 1757.611572265625 655.1629638671875 
368
0 1254.9664306640625 598.6461181640625 1670.3623046875 1036.4688720703125 
3 1722.2596435546875 166.2286376953125 1933.665283203125 418.1324462890625 
2 1453.295654296875 340.1776123046875 1761.8441162109375 653.1541137695312 
3 239.78372192382812 148.46188354492188 278.7754821777344 211.70712280273438 
3 1562.161865234375 2.7787017822265625 1585.606689453125 62.55950927734375 
369
0 1243.1981201171875 596.1751098632812 1659.818359375 1036.5125732421875 
2 1532.9437255859375 342.2035217285156 1764.0013427734375 652.38623046875 
3 1726.1754150390625 166.85105895996094 1934.68310546875 415.3816223144531 
3 1562.2376708984375 2.8119583129882812 1585.5872802734375 63.6829833984375 
3 240.49960327148438 147.74420166015625 279.7748718261719 210.35739135742188 
370
0 1231.0718994140625 591.7974853515625 1665.948486328125 1036.51953125 
2 1534.0595703125 345.2330627441406 1767.1953125 648.3037109375 
3 1729.1346435546875 166.97557067871094 1934.2828369140625 417.697509765625 
3 240.89578247070312 146.49557495117188 281.9097595214844 213.280029296875 
3 1562.066162109375 3.163799285888672 1585.4744873046875 63.730499267578125 
371
0 1221.6448974609375 589.0613403320312 1654.0172119140625 1036.895263671875 
2 1530.585205078125 346.580810546875 1770.5634765625 646.6941528320312 
3 1733.080810546875 167.1287841796875 1935.1405029296875 413.4471435546875 
372
0 1212.008544921875 587.9898681640625 1639.166015625 1036.134521484375 
2 1528.1361083984375 349.70562744140625 1773.270751953125 647.1173706054688 
3 1736.025146484375 167.72889709472656 1933.2215576171875 406.27923583984375 
373
0 1203.3892822265625 586.3306884765625 1634.164306640625 1036.33349609375 
2 1524.7994384765625 353.2848815917969 1775.57568359375 644.8408203125 
3 1740.6622314453125 168.40945434570312 1930.30419921875 407.6417236328125 
374
0 1193.85791015625 584.20361328125 1628.93017578125 1036.827392578125 
2 1519.0877685546875 357.68780517578125 1777.67919921875 645.5337524414062 
3 1743.300048828125 168.33798217773438 1929.8209228515625 405.14080810546875 
375
0 1187.4281005859375 581.498046875 1619.619140625 1035.838134765625 
2 1514.9278564453125 361.3134765625 1778.8348388671875 644.9139404296875 
3 1750.75927734375 168.30929565429688 1925.76806640625 399.4247131347656 
3 1751.3111572265625 166.77774047851562 1925.4844970703125 398.3682556152344 
3 1913.2962646484375 85.13777160644531 1941.43212890625 148.03457641601562 
376
0 1181.30908203125 578.3367309570312 1612.064697265625 1034.1473388671875 
2 1511.3997802734375 365.73193359375 1779.705078125 645.6949462890625 
3 1752.1109619140625 169.13674926757812 1922.556640625 405.62103271484375 
3 1752.7835693359375 167.96630859375 1921.943603515625 405.5208740234375 
377
2 1505.2659912109375 371.1435852050781 1780.197998046875 648.1932373046875 
0 1174.762939453125 574.5159301757812 1613.535400390625 1034.2132568359375 
3 1753.9951171875 168.77850341796875 1918.3720703125 401.46600341796875 
3 1913.465087890625 85.51197814941406 1941.5743408203125 147.28590393066406 
378
2 1499.9617919921875 373.5244140625 1780.153076171875 649.6526489257812 
0 1168.6719970703125 570.670166015625 1607.078857421875 1032.2001953125 
3 1754.5992431640625 174.91659545898438 1911.979248046875 402.4271545410156 
3 1757.4735107421875 174.35955810546875 1913.278076171875 367.15667724609375 
3 1913.4815673828125 85.86004638671875 1941.4609375 147.12789916992188 
379
2 1497.04248046875 376.79644775390625 1779.611328125 647.554931640625 
0 1161.7254638671875 566.765625 1599.137451171875 1027.2841796875 
3 1755.7025146484375 177.04360961914062 1909.1796875 397.01025390625 
3 1913.246826171875 85.31036376953125 1941.61767578125 147.0784912109375 
380
2 1491.451416015625 381.34527587890625 1778.847900390625 648.5751342773438 
0 1155.9088134765625 562.2177734375 1588.67724609375 1028.0172119140625 
3 1754.7161865234375 180.63232421875 1907.1322021484375 407.6402587890625 
3 1913.2861328125 85.30244445800781 1941.648681640625 147.20347595214844 
381
2 1487.6669921875 383.9219665527344 1777.671630859375 649.9882202148438 
0 1150.4141845703125 557.5728759765625 1564.1898193359375 1021.7630615234375 
3 1752.2039794921875 184.07611083984375 1905.3173828125 408.6445617675781 
3 1913.132568359375 84.75180053710938 1941.771240234375 147.35604858398438 
382
2 1482.982421875 386.27520751953125 1776.406982421875 650.7838134765625 
0 1143.745849609375 556.46923828125 1554.969970703125 1020.1982421875 
3 1753.3228759765625 186.34326171875 1902.8746337890625 412.3424072265625 
3 1913.1094970703125 84.75205993652344 1941.80712890625 147.00137329101562 
383
2 1479.4705810546875 389.42095947265625 1774.50244140625 650.3016967773438 
0 1135.385009765625 554.5242309570312 1555.897705078125 1014.8494873046875 
3 1753.8507080078125 185.87075805664062 1896.112060546875 410.4980163574219 
3 1913.37451171875 85.02265167236328 1941.842529296875 147.12728881835938 
384
2 1475.9150390625 393.03253173828125 1773.443603515625 650.654296875 
0 1127.6156005859375 552.6337890625 1546.60107421875 993.0025634765625 
3 1753.5350341796875 185.1106414794922 1894.731201171875 409.01287841796875 
3 1913.46337890625 84.96847534179688 1941.88916015625 146.79342651367188 
385
0 1120.0679931640625 550.7225952148438 1539.459228515625 994.657470703125 
2 1472.2774658203125 394.74462890625 1771.0404052734375 649.320068359375 
3 1753.62841796875 184.36209106445312 1893.239013671875 410.3241882324219 
386
0 1112.5435791015625 550.1057739257812 1533.42041015625 990.3173828125 
2 1469.8328857421875 396.437255859375 1769.562255859375 649.4660034179688 
3 1754.7816162109375 185.70529174804688 1895.9439697265625 407.697509765625 
387
0 1105.082275390625 549.067626953125 1526.3646240234375 992.3970947265625 
2 1466.41162109375 398.85931396484375 1767.966552734375 649.75634765625 
3 1755.083251953125 184.48851013183594 1897.001220703125 408.19659423828125 
3 1913.533203125 84.19654083251953 1942.193359375 146.81280517578125 
388
0 1096.53271484375 550.73046875 1520.9691162109375 996.72509765625 
2 1462.852783203125 402.66668701171875 1766.9049072265625 648.745361328125 
3 1755.2645263671875 183.77212524414062 1899.574462890625 408.11962890625 
389
0 1086.563720703125 552.8197631835938 1516.9305419921875 1002.13232421875 
2 1461.072021484375 403.9700927734375 1765.091552734375 647.2604370117188 
3 1755.2626953125 186.26112365722656 1903.2406005859375 410.6517639160156 
3 1755.547119140625 184.5338134765625 1903.10546875 409.0626220703125 
390
0 1076.146728515625 555.7100830078125 1512.295654296875 1003.9578857421875 
2 1458.0054931640625 404.1094665527344 1763.548828125 648.8712158203125 
3 1755.207275390625 187.0444793701172 1906.738525390625 411.3290710449219 
391
0 1064.7789306640625 558.920654296875 1508.59228515625 1003.4757080078125 
2 1455.11328125 405.57110595703125 1761.7269287109375 648.7745361328125 
3 1755.7734375 188.11346435546875 1913.736328125 407.9690856933594 
392
0 1054.50634765625 561.5460205078125 1507.34765625 1001.064453125 
2 1452.98779296875 406.43975830078125 1760.1561279296875 648.7215576171875 
3 1756.6090087890625 190.00967407226562 1894.2684326171875 408.1474609375 
3 1755.431884765625 189.738525390625 1922.532958984375 409.1091613769531 
393
0 1044.568359375 565.7403564453125 1505.97216796875 1000.53271484375 
2 1450.41162109375 406.28729248046875 1759.2869873046875 649.2371826171875 
3 1755.11083984375 193.58511352539062 1894.50146484375 412.4903564453125 
394
0 1033.8095703125 568.7841796875 1502.3275146484375 997.428955078125 
2 1449.2950439453125 406.747802734375 1758.279296875 648.7186889648438 
3 1756.1944580078125 195.04151916503906 1897.2105712890625 413.834716796875 
395
0 1025.981689453125 572.0921630859375 1500.2283935546875 997.3634033203125 
2 1448.6182861328125 406.4009704589844 1756.9852294921875 649.30078125 
3 1756.229736328125 196.23318481445312 1898.840087890625 411.6646423339844 
396
0 1016.0565185546875 574.4462280273438 1499.416748046875 998.9163818359375 
2 1448.5233154296875 405.6243896484375 1756.2796630859375 648.839599609375 
3 1755.7357177734375 198.5872344970703 1946.7431640625 411.55572509765625 
397
0 1008.90771484375 575.98681640625 1496.7838134765625 998.703369140625 
2 1448.462158203125 402.8894958496094 1755.799560546875 649.1673583984375 
3 1759.0208740234375 202.021240234375 1952.7178955078125 410.3495178222656 
398
0 1000.573974609375 578.5933837890625 1493.529296875 998.426025390625 
2 1449.572265625 398.8138427734375 1755.3548583984375 650.0252075195312 
3 1762.517333984375 205.70437622070312 1962.9111328125 411.2996520996094 
399
0 994.2395629882812 581.3880615234375 1489.3746337890625 999.091552734375 
2 1452.7611083984375 394.5269470214844 1755.0947265625 650.9310302734375 
3 1761.264404296875 211.73272705078125 1967.4395751953125 410.09832763671875 
400
0 988.501953125 584.2154541015625 1484.1539306640625 999.4483642578125 
2 1455.7730712890625 389.8843078613281 1754.579345703125 651.1880493164062 
3 1759.8603515625 215.5086669921875 1974.923095703125 411.21307373046875 
3 1561.9549560546875 2.433197021484375 1585.7584228515625 62.55882263183594 
3 1913.272705078125 84.79159545898438 1941.3448486328125 146.95419311523438 
401
0 984.3511962890625 585.0396728515625 1483.47265625 1000.9404296875 
2 1459.2685546875 385.79547119140625 1754.387939453125 650.7696533203125 
3 1759.2850341796875 220.72732543945312 1979.22021484375 412.16119384765625 
3 1758.2864990234375 221.4879150390625 1918.09619140625 411.3361511230469 
3 1562.0191650390625 2.693248748779297 1585.5989990234375 62.86195373535156 
402
0 979.065673828125 585.3388671875 1480.9512939453125 1000.8226318359375 
2 1463.94091796875 380.8988952636719 1754.228271484375 648.77294921875 
3 1758.3846435546875 224.69589233398438 1983.1898193359375 413.3642578125 
3 1561.9827880859375 2.866497039794922 1585.5972900390625 62.657379150390625 
403
0 973.7928466796875 587.6535034179688 1482.5015869140625 1000.7501220703125 
2 1467.89453125 376.57110595703125 1753.8802490234375 651.6006469726562 
3 1757.303466796875 228.45538330078125 1985.367431640625 411.90838623046875 
3 1561.9390869140625 3.1120986938476562 1585.6265869140625 62.28034973144531 
3 1913.384033203125 86.21855926513672 1940.6075439453125 145.74349975585938 
404
0 969.539306640625 587.1539306640625 1480.131591796875 1000.9251708984375 
2 1471.645263671875 373.7493896484375 1753.9849853515625 668.322265625 
3 1756.24853515625 229.40081787109375 1985.091064453125 411.5316467285156 
405
0 966.902587890625 585.7138671875 1473.9874267578125 1001.009033203125 
2 1476.865478515625 367.888671875 1754.634521484375 643.5304565429688 
3 1759.086669921875 229.473388671875 1984.954833984375 410.9937438964844 
406
0 966.0594482421875 585.6950073242188 1468.7010498046875 1000.3887939453125 
2 1482.439697265625 363.9931640625 1754.9381103515625 645.6568603515625 
3 1759.009033203125 232.8685302734375 1981.5770263671875 410.31591796875 
3 1912.124267578125 85.97747802734375 1940.9818115234375 154.8795928955078 
407
2 1488.141845703125 362.52642822265625 1754.8756103515625 645.0560302734375 
0 966.3575439453125 584.662109375 1463.512939453125 1000.001220703125 
3 1760.642822265625 235.17803955078125 1979.6925048828125 410.10906982421875 
408
0 967.3896484375 588.227294921875 1456.317626953125 999.927001953125 
2 1494.356201171875 360.5035705566406 1754.7003173828125 646.98291015625 
3 1762.5631103515625 235.896728515625 1976.76611328125 409.5689697265625 
409
2 1496.8663330078125 359.072021484375 1754.990478515625 647.0170288085938 
0 969.1021118164062 590.93310546875 1450.039306640625 998.9346923828125 
3 1763.102783203125 235.2413330078125 1976.631103515625 407.97503662109375 
410
2 1502.07666015625 357.4671630859375 1754.810791015625 646.7926635742188 
0 971.3112182617188 592.2908325195312 1444.7705078125 998.7745361328125 
3 1761.3822021484375 235.47607421875 1973.898193359375 406.8897705078125 
411
2 1504.7188720703125 356.5038146972656 1754.1380615234375 649.5164794921875 
0 977.7490234375 593.6751098632812 1441.8148193359375 998.6126708984375 
3 1762.41357421875 236.31500244140625 1971.961181640625 405.52813720703125 
412
2 1505.342529296875 355.0469055175781 1753.05078125 652.670654296875 
0 983.5136108398438 593.992919921875 1443.7747802734375 998.900390625 
3 1762.607177734375 235.79342651367188 1969.454345703125 403.7103271484375 
413
0 985.9600219726562 594.2018432617188 1446.86083984375 999.745849609375 
2 1506.4952392578125 354.97216796875 1751.5106201171875 654.7687377929688 
3 1764.46533203125 235.88824462890625 1964.330078125 402.2351989746094 
414
0 993.7544555664062 593.4059448242188 1449.5260009765625 1000.2490234375 
2 1506.228271484375 355.7824401855469 1750.9195556640625 655.7203979492188 
3 1762.3179931640625 237.36285400390625 1964.3585205078125 402.2597351074219 
415
0 996.9009399414062 592.473876953125 1453.3599853515625 1000.15283203125 
2 1503.272216796875 357.295166015625 1750.0396728515625 656.6405029296875 
3 1762.1025390625 238.27105712890625 1961.672119140625 399.9736328125 
416
0 998.486572265625 589.3636474609375 1454.9501953125 999.7440185546875 
2 1499.9329833984375 358.47283935546875 1748.03515625 655.6661376953125 
3 1759.0968017578125 239.52288818359375 1958.020263671875 400.79620361328125 
417
0 1001.8823852539062 587.4016723632812 1455.8038330078125 1000.140869140625 
2 1495.47216796875 360.4349365234375 1746.4437255859375 656.461669921875 
3 1758.858642578125 240.3724365234375 1953.58056640625 400.2953796386719 
418
0 1004.6266479492188 582.4138793945312 1457.6259765625 1001.2742919921875 
2 1487.8895263671875 362.99810791015625 1743.6099853515625 657.370361328125 
3 1764.1573486328125 241.69180297851562 1949.7490234375 398.9992980957031 
419
0 1007.5172119140625 576.7147827148438 1459.84521484375 999.76416015625 
2 1481.4613037109375 370.5521240234375 1741.539306640625 657.2908325195312 
3 1761.4345703125 242.03179931640625 1945.873291015625 398.6389465332031 
420
0 1008.2999267578125 574.587158203125 1466.756591796875 1000.6982421875 
2 1472.280517578125 377.19854736328125 1739.8388671875 657.3228149414062 
3 1757.230224609375 241.97836303710938 1941.9569091796875 402.15936279296875 
421
0 1008.7403564453125 571.8673706054688 1472.7596435546875 1001.1280517578125 
2 1463.8072509765625 382.18280029296875 1737.5626220703125 656.381103515625 
3 1755.05908203125 241.96829223632812 1938.4647216796875 403.9682922363281 
3 1907.854736328125 84.32959747314453 1937.6387939453125 156.55905151367188 
422
0 1008.2002563476562 568.943359375 1477.046875 1000.9105224609375 
2 1453.8797607421875 386.43756103515625 1733.613525390625 655.712890625 
3 1753.6649169921875 244.25567626953125 1934.9222412109375 404.174072265625 
3 1907.9764404296875 86.45474243164062 1937.364501953125 154.84344482421875 
3 1558.1365966796875 3.2594223022460938 1582.1507568359375 60.31871795654297 
423
0 1010.3461303710938 566.1904296875 1480.37548828125 1001.8955078125 
2 1445.8538818359375 386.155029296875 1730.8238525390625 657.5913696289062 
3 1754.4520263671875 245.1375732421875 1930.2340087890625 408.0057373046875 
3 1770.1505126953125 245.02987670898438 1929.724365234375 386.14556884765625 
3 1907.785888671875 86.08824920654297 1937.3770751953125 156.38706970214844 
3 1558.27001953125 2.8351097106933594 1582.2701416015625 60.94353485107422 
424
0 1012.3506469726562 563.7489624023438 1482.756103515625 1002.66845703125 
2 1438.2366943359375 396.42987060546875 1727.2615966796875 658.1314697265625 
3 1775.2822265625 244.87847900390625 1926.2548828125 376.43218994140625 
3 1752.5145263671875 244.831787109375 1926.896484375 408.8253479003906 
3 1907.759033203125 85.90071105957031 1937.4189453125 156.53549194335938 
3 1558.3468017578125 2.8483352661132812 1582.2601318359375 61.129852294921875 
425
0 1013.862548828125 560.39990234375 1486.0052490234375 1002.239013671875 
2 1431.3624267578125 398.683837890625 1725.0452880859375 659.0829467773438 
3 1775.2952880859375 245.21200561523438 1921.4561767578125 376.0162353515625 
3 1907.8953857421875 86.4775390625 1937.2586669921875 156.7429656982422 
3 1558.2210693359375 2.6942596435546875 1582.19287109375 61.2593994140625 
426
0 1015.71484375 555.5055541992188 1489.2548828125 1001.9527587890625 
2 1423.9483642578125 383.5668029785156 1722.053466796875 660.237548828125 
3 1753.97021484375 243.44863891601562 1918.1259765625 408.34197998046875 
3 1907.8582763671875 86.01451873779297 1937.3414306640625 156.83367919921875 
3 1771.621337890625 243.376708984375 1917.5791015625 382.32220458984375 
3 1558.2762451171875 2.8900299072265625 1582.217529296875 61.4769287109375 
427
0 1017.3502197265625 550.889404296875 1494.5018310546875 1002.5487060546875 
2 1418.22607421875 384.0152282714844 1718.8570556640625 660.44287109375 
3 1753.173095703125 242.39840698242188 1916.16455078125 409.41143798828125 
3 1773.267578125 242.3663330078125 1915.1678466796875 385.0406188964844 
3 1907.9483642578125 86.4048080444336 1937.3157958984375 157.1072998046875 
3 1558.28857421875 2.9123153686523438 1582.275390625 60.35802459716797 
428
0 1020.516357421875 544.5035400390625 1493.9453125 1002.0765380859375 
2 1414.3682861328125 385.6476135253906 1715.820556640625 661.5037841796875 
3 1750.524658203125 239.76736450195312 1916.243408203125 411.10333251953125 
3 1558.311279296875 2.9949264526367188 1581.9989013671875 61.413177490234375 
3 1907.9464111328125 87.06315612792969 1937.190673828125 156.8856964111328 
429
0 1023.6429443359375 539.547607421875 1494.8538818359375 1001.0975341796875 
2 1411.431396484375 388.69036865234375 1714.2724609375 660.867431640625 
3 1754.33349609375 238.54150390625 1916.944091796875 407.8983154296875 
3 1558.423828125 2.7851600646972656 1582.1121826171875 61.20887756347656 
430
0 1027.8505859375 532.7186889648438 1498.0498046875 1001.767333984375 
2 1408.5740966796875 393.28155517578125 1709.885498046875 658.0119018554688 
3 1558.4095458984375 2.8208389282226562 1582.05224609375 60.92424774169922 
3 1755.20703125 238.086669921875 1917.391357421875 409.0301513671875 
3 1758.4423828125 237.4107666015625 1916.9466552734375 406.4610290527344 
3 1907.9365234375 86.5727310180664 1937.291748046875 156.7716827392578 
431
0 1032.1849365234375 526.1907958984375 1495.5469970703125 1000.9398193359375 
2 1403.63916015625 394.98968505859375 1707.873291015625 651.2069091796875 
3 1753.665283203125 237.046142578125 1916.5235595703125 409.30523681640625 
3 1558.390380859375 2.9563064575195312 1581.888671875 61.26062774658203 
432
0 1036.322021484375 519.1720581054688 1495.2940673828125 1002.590087890625 
2 1401.606201171875 398.3551330566406 1705.82666015625 660.7657470703125 
3 1755.80224609375 234.47470092773438 1917.255859375 408.776123046875 
3 1779.353271484375 234.217041015625 1916.5582275390625 365.6292724609375 
433
0 1042.34228515625 512.2603149414062 1491.947998046875 1003.6041259765625 
2 1400.2935791015625 400.583251953125 1704.494140625 662.0510864257812 
3 1779.4388427734375 233.87380981445312 1919.2947998046875 363.7950134277344 
3 1558.331787109375 3.237110137939453 1581.9991455078125 61.724632263183594 
3 1756.58251953125 234.2086181640625 1919.4027099609375 408.8211364746094 
434
0 1049.16552734375 504.3828125 1490.801513671875 1002.5745849609375 
2 1398.170166015625 404.804931640625 1702.141357421875 665.2803344726562 
3 1779.774169921875 231.478759765625 1926.163818359375 360.54840087890625 
3 1558.23095703125 3.1123619079589844 1582.03369140625 61.93726348876953 
435
0 1055.8829345703125 497.98089599609375 1491.0799560546875 1001.4256591796875 
2 1395.606689453125 406.9522705078125 1701.0543212890625 664.2501831054688 
3 1753.3902587890625 228.39581298828125 1935.385009765625 409.44537353515625 
3 1558.232421875 2.8524093627929688 1582.191650390625 61.471466064453125 
436
0 1062.7344970703125 490.9129638671875 1492.0338134765625 1002.52880859375 
2 1394.58154296875 409.9104919433594 1700.384033203125 662.1820678710938 
3 1749.2113037109375 224.98699951171875 1942.3128662109375 408.315185546875 
3 1558.1898193359375 3.08184814453125 1582.0328369140625 61.636497497558594 
437
0 1067.829833984375 485.899169921875 1491.3592529296875 1000.781982421875 
2 1394.2412109375 413.2142028808594 1699.4158935546875 664.8682861328125 
3 1748.266357421875 223.245849609375 1948.071044921875 407.6209716796875 
438
0 1074.6763916015625 480.8319091796875 1493.070556640625 999.818115234375 
2 1393.197998046875 415.87200927734375 1699.011962890625 663.191162109375 
3 1747.559814453125 221.66021728515625 1953.49560546875 409.6087951660156 
3 1558.168701171875 3.3140335083007812 1582.230224609375 60.8165283203125 
439
0 1080.162109375 478.4222412109375 1490.9090576171875 1000.174560546875 
2 1393.8350830078125 419.33245849609375 1698.642822265625 669.372802734375 
3 1749.3232421875 221.7159423828125 1957.32373046875 410.6982421875 
3 1558.35400390625 3.1969757080078125 1582.14111328125 61.17799377441406 
3 1907.7115478515625 86.38416290283203 1937.6151123046875 157.0304718017578 
440
0 1085.647705078125 475.50177001953125 1489.4935302734375 999.321533203125 
2 1393.9923095703125 422.5325927734375 1698.572509765625 668.7175903320312 
3 1749.16748046875 221.95556640625 1960.244384765625 410.4058837890625 
3 1907.6627197265625 85.89744567871094 1937.6514892578125 156.57928466796875 
441
0 1091.4595947265625 473.66424560546875 1488.673828125 999.631591796875 
2 1393.9901123046875 423.5547790527344 1698.2745361328125 669.4906005859375 
3 1748.634765625 221.82904052734375 1960.26904296875 410.568359375 
3 1907.745361328125 85.68954467773438 1937.624267578125 155.62326049804688 
442
0 1095.5701904296875 472.66046142578125 1487.4052734375 999.7503662109375 
2 1393.649169921875 423.9039611816406 1697.8043212890625 668.4014892578125 
3 1749.3468017578125 224.29327392578125 1958.300537109375 410.4986267089844 
3 1907.8292236328125 85.62187194824219 1937.675537109375 155.5792236328125 
443
0 1099.279052734375 472.8045654296875 1485.74755859375 999.01123046875 
2 1393.33740234375 423.3022155761719 1699.213134765625 667.0723266601562 
3 1748.6307373046875 228.96786499023438 1957.27685546875 410.0631103515625 
3 1907.7021484375 85.20152282714844 1937.9173583984375 156.24636840820312 
444
0 1102.0614013671875 472.88397216796875 1484.5791015625 998.833984375 
2 1393.5931396484375 421.955810546875 1699.92431640625 660.8624877929688 
3 1749.805419921875 232.36972045898438 1952.9886474609375 410.1754455566406 
3 1907.6370849609375 84.70352172851562 1938.0416259765625 156.7327117919922 
3 413.85394287109375 110.8807373046875 453.0780944824219 176.5561065673828 
445
0 1100.88330078125 474.114013671875 1484.37158203125 998.52392578125 
2 1397.626953125 419.7317199707031 1700.792236328125 663.875732421875 
3 1749.8978271484375 236.52996826171875 1948.57861328125 409.9827575683594 
3 1907.7210693359375 84.61368560791016 1938.091796875 153.88279724121094 
446
0 1099.2177734375 475.2873229980469 1483.6126708984375 998.2906494140625 
2 1399.36865234375 417.6871643066406 1702.44873046875 673.88525390625 
3 1749.907470703125 239.490966796875 1945.7596435546875 409.1957092285156 
3 1907.5863037109375 84.09102630615234 1938.1063232421875 155.66641235351562 
447
0 1096.7490234375 475.67913818359375 1483.678466796875 998.53759765625 
2 1402.7415771484375 414.490234375 1703.1661376953125 652.431640625 
3 1748.6328125 242.03665161132812 1942.973388671875 410.7021484375 
3 1907.596923828125 83.55979919433594 1938.1767578125 155.3187713623047 
448
0 1095.2943115234375 476.567626953125 1483.9720458984375 999.241943359375 
2 1405.94140625 410.2931823730469 1704.766845703125 659.8311157226562 
3 1749.371337890625 244.626953125 1939.950927734375 409.90179443359375 
3 1907.65966796875 83.48284912109375 1938.1048583984375 155.527099609375 
449
0 1094.9564208984375 478.92291259765625 1483.081787109375 999.3651123046875 
2 1410.27001953125 405.81573486328125 1706.297119140625 661.245361328125 
3 1750.59130859375 245.25918579101562 1938.337646484375 408.5606994628906 
3 1761.924072265625 245.20703125 1938.355224609375 400.36865234375 
3 1907.826171875 82.49706268310547 1938.2178955078125 155.31089782714844 
450
0 1094.0274658203125 480.3824462890625 1483.6829833984375 998.4722900390625 
2 1415.5291748046875 401.5865478515625 1707.5743408203125 656.2222900390625 
3 1760.512939453125 245.422607421875 1936.9757080078125 401.1798400878906 
3 1751.51708984375 245.3699951171875 1936.7298583984375 407.8645324707031 
3 1907.73583984375 82.91006469726562 1938.001953125 154.82809448242188 
451
0 1093.6651611328125 480.35614013671875 1482.95751953125 998.27197265625 
2 1420.52294921875 397.02471923828125 1708.7896728515625 660.2293701171875 
3 1751.91357421875 246.24868774414062 1936.00830078125 407.59454345703125 
3 1761.974609375 246.390380859375 1936.538818359375 395.1282653808594 
3 1907.802001953125 81.51869201660156 1938.4122314453125 155.07907104492188 
452
0 1093.5079345703125 481.36871337890625 1482.499267578125 998.4853515625 
2 1429.298583984375 390.4742431640625 1710.889404296875 661.5577392578125 
3 1750.5245361328125 247.38833618164062 1934.1353759765625 408.397705078125 
3 1907.8433837890625 81.70581817626953 1938.5125732421875 155.02224731445312 
453
0 1093.15185546875 482.89324951171875 1481.8656005859375 998.5302734375 
2 1435.5447998046875 386.4256286621094 1712.01416015625 661.2017822265625 
3 1749.710205078125 250.22216796875 1932.57861328125 409.18267822265625 
454
0 1093.165283203125 483.26239013671875 1482.129150390625 998.422607421875 
2 1443.974365234375 379.1891174316406 1714.217041015625 660.801513671875 
3 1750.1229248046875 251.6666259765625 1931.641357421875 409.0946044921875 
3 435.7467956542969 106.58596801757812 471.0406494140625 179.79010009765625 
3 1908.312255859375 80.82613372802734 1938.625244140625 156.40362548828125 
455
0 1093.80126953125 484.1702880859375 1481.879150390625 998.356689453125 
2 1451.9993896484375 373.0430908203125 1715.715576171875 660.41357421875 
3 1749.96484375 252.74072265625 1925.47509765625 409.298095703125 
456
0 1094.26708984375 484.8541259765625 1481.83544921875 998.58154296875 
2 1461.217529296875 367.2081604003906 1716.6202392578125 660.75537109375 
3 1750.546630859375 252.7169189453125 1920.69384765625 410.0480651855469 
3 1908.455078125 80.98863983154297 1938.72607421875 156.29376220703125 
3 439.6943664550781 103.42829895019531 474.9239807128906 168.24935913085938 
457
0 1095.2158203125 485.077392578125 1482.004150390625 998.950927734375 
2 1470.6502685546875 360.4635009765625 1719.2628173828125 660.26904296875 
3 1750.7314453125 252.9068603515625 1917.760498046875 409.40765380859375 
3 1908.7396240234375 80.769287109375 1939.276123046875 156.77369689941406 
3 442.18023681640625 102.54440307617188 476.97662353515625 174.32972717285156 
458
0 1096.402587890625 485.78955078125 1482.0416259765625 998.7593994140625 
3 1750.4647216796875 252.91348266601562 1916.6925048828125 409.1427917480469 
2 1411.9239501953125 354.5460510253906 1720.2679443359375 661.6327514648438 
3 443.2353820800781 102.27438354492188 478.1078796386719 174.95620727539062 
459
0 1096.9609375 485.89215087890625 1482.567626953125 998.9344482421875 
3 1751.045654296875 251.69522094726562 1917.3330078125 408.69732666015625 
2 1428.770263671875 350.0989990234375 1721.8328857421875 660.390380859375 
460
0 1098.52490234375 486.618896484375 1483.324462890625 999.3804931640625 
3 1754.2611083984375 250.58941650390625 1917.843017578125 408.56890869140625 
2 1496.4244384765625 343.79095458984375 1723.10498046875 658.852294921875 
461
0 1099.7041015625 486.735107421875 1484.748779296875 999.536865234375 
3 1752.58447265625 250.48516845703125 1917.76806640625 408.32568359375 
2 1501.662109375 340.75433349609375 1723.5498046875 657.204345703125 
462
0 1101.1802978515625 487.1668701171875 1485.3641357421875 999.7371826171875 
3 1752.5689697265625 248.70050048828125 1917.788330078125 409.90423583984375 
2 1436.06396484375 335.8455505371094 1724.89697265625 657.967529296875 
2 1511.6494140625 338.1876525878906 1725.731689453125 654.77587890625 
463
0 1102.315185546875 487.512451171875 1485.254150390625 999.8438720703125 
3 1752.6981201171875 247.82803344726562 1918.5772705078125 409.76922607421875 
2 1415.574462890625 332.26513671875 1726.3787841796875 659.705810546875 
464
0 1103.537841796875 487.632080078125 1486.74462890625 999.703125 
3 1752.123046875 246.41680908203125 1918.2572021484375 411.66015625 
2 1388.4517822265625 328.7677917480469 1727.7386474609375 659.9818725585938 
465
0 1104.9810791015625 487.6094970703125 1487.5040283203125 1000.26611328125 
3 1752.095947265625 244.0782470703125 1918.647705078125 410.3485412597656 
2 1381.8795166015625 326.2090148925781 1727.314697265625 662.0166625976562 
466
0 1105.4825439453125 488.28857421875 1488.1524658203125 1000.292724609375 
3 1752.767578125 243.530029296875 1918.7362060546875 410.1594543457031 
2 1376.46728515625 323.6796875 1729.141357421875 662.17919921875 
467
0 1106.33837890625 488.547119140625 1488.880859375 999.923583984375 
3 1752.8035888671875 243.77731323242188 1917.917236328125 407.2980651855469 
2 1515.9503173828125 318.2061462402344 1731.435791015625 658.47705078125 
468
0 1106.7220458984375 489.1126708984375 1489.874267578125 1000.10205078125 
3 1753.040283203125 242.02056884765625 1916.43212890625 399.98089599609375 
2 1533.5411376953125 316.809814453125 1732.49169921875 657.3032836914062 
469
0 1107.382080078125 489.3890380859375 1490.97021484375 999.946533203125 
3 1748.560546875 239.97274780273438 1919.7623291015625 397.6954040527344 
2 1542.9215087890625 314.77764892578125 1734.076171875 656.9390869140625 
470
0 1108.0079345703125 489.18798828125 1491.815185546875 999.948974609375 
3 1743.8856201171875 237.767333984375 1926.80517578125 398.6588134765625 
2 1538.075927734375 313.9446716308594 1736.67626953125 657.1261596679688 
471
0 1108.556884765625 489.25537109375 1493.612060546875 1000.0875244140625 
3 1741.8961181640625 236.12155151367188 1932.6390380859375 407.3482360839844 
2 1535.3958740234375 311.9809265136719 1740.85986328125 657.4327392578125 
472
0 1108.936279296875 488.89996337890625 1494.3974609375 1000.2017822265625 
3 1738.0240478515625 236.6083984375 1935.351318359375 409.2276916503906 
2 1533.2969970703125 311.099853515625 1745.0438232421875 657.4142456054688 
3 477.169189453125 92.56463623046875 505.04315185546875 145.94686889648438 
473
0 1109.417236328125 488.6575927734375 1495.12841796875 1000.5936279296875 
3 1734.484375 235.13970947265625 1936.3623046875 419.1046142578125 
2 1380.2230224609375 309.9859924316406 1748.8189697265625 661.8512573242188 
474
0 1109.9290771484375 488.781982421875 1496.3115234375 1000.3013916015625 
3 1722.1129150390625 236.101318359375 1936.209228515625 413.32623291015625 
2 1534.17626953125 308.52325439453125 1749.005126953125 657.8817138671875 
475
0 1110.09716796875 489.185302734375 1497.296875 999.369873046875 
3 1721.7147216796875 238.59677124023438 1931.6494140625 408.29901123046875 
2 1393.88623046875 308.3306579589844 1752.982177734375 660.436279296875 
3 483.218017578125 92.59754943847656 531.9361572265625 165.68551635742188 
476
0 1110.546630859375 489.3087158203125 1497.7127685546875 999.2420654296875 
3 1728.0968017578125 239.81832885742188 1928.5831298828125 408.80364990234375 
2 1532.8624267578125 307.9075622558594 1754.555908203125 657.5993041992188 
477
0 1110.6414794921875 488.97552490234375 1498.813720703125 999.2662353515625 
3 1730.0322265625 241.72235107421875 1920.6343994140625 408.83636474609375 
2 1517.1412353515625 307.5362854003906 1758.3314208984375 657.114990234375 
478
0 1110.4903564453125 489.266357421875 1499.630859375 999.1334228515625 
3 1731.664794921875 246.14590454101562 1913.538330078125 404.43731689453125 
2 1529.609619140625 307.18548583984375 1759.2568359375 657.6395263671875 
479
0 1110.8004150390625 489.1744384765625 1500.193359375 999.509765625 
3 1740.075439453125 245.587646484375 1908.183349609375 405.48956298828125 
2 1539.6590576171875 306.63055419921875 1759.307373046875 657.5427856445312 
3 491.9383544921875 93.51066589355469 527.74755859375 158.39724731445312 
480
0 1111.3358154296875 489.203125 1501.8101806640625 999.34814453125 
3 1735.3699951171875 249.58804321289062 1901.2591552734375 411.5203857421875 
2 1529.21728515625 306.76361083984375 1758.843505859375 657.74267578125 
3 495.1712646484375 92.09719848632812 526.8646850585938 156.74850463867188 
481
0 1111.6807861328125 488.955322265625 1502.626220703125 999.5157470703125 
3 1729.8128662109375 251.60995483398438 1897.0228271484375 415.1613464355469 
2 1525.0557861328125 307.4889831542969 1758.539306640625 657.998779296875 
3 499.37237548828125 90.73404693603516 528.6497192382812 159.4853515625 
482
0 1111.3890380859375 488.944580078125 1503.072265625 999.4962158203125 
3 1729.957275390625 251.66720581054688 1893.7265625 417.95147705078125 
2 1504.49169921875 306.4501037597656 1758.5369873046875 658.7506103515625 
3 500.2272644042969 91.56076049804688 532.3731689453125 164.59561157226562 
483
0 1112.5367431640625 488.7452392578125 1503.103515625 999.6845703125 
2 1515.8853759765625 306.42535400390625 1757.2169189453125 658.1051635742188 
3 1731.215087890625 252.19769287109375 1886.6124267578125 418.65771484375 
484
0 1114.1768798828125 488.4609375 1503.1561279296875 999.778076171875 
3 1730.672119140625 252.17874145507812 1882.100830078125 419.4783935546875 
2 1509.2313232421875 306.7787780761719 1753.802734375 658.8035888671875 
485
0 1114.865966796875 488.362060546875 1503.16064453125 999.6903076171875 
3 1729.296142578125 253.87991333007812 1877.875244140625 422.3860168457031 
2 1515.550537109375 306.8155517578125 1752.1263427734375 658.7032470703125 
486
0 1116.137451171875 487.966552734375 1504.220703125 999.824462890625 
2 1515.4013671875 305.96881103515625 1748.3045654296875 659.0428466796875 
3 1728.382080078125 254.5023193359375 1876.1146240234375 424.1161193847656 
487
0 1117.6142578125 487.353515625 1504.697021484375 1000.0465087890625 
2 1514.093994140625 305.5018615722656 1744.7318115234375 659.26318359375 
3 1728.1417236328125 254.61297607421875 1875.63037109375 424.05889892578125 
488
0 1118.5380859375 486.9046630859375 1504.6556396484375 999.8001708984375 
3 1728.230712890625 254.10214233398438 1875.49853515625 424.4185485839844 
2 1516.37158203125 304.7740478515625 1740.90869140625 659.1937255859375 
489
0 1119.1297607421875 486.3037109375 1505.0355224609375 999.981689453125 
3 1727.2093505859375 254.42831420898438 1873.8800048828125 424.6378173828125 
2 1514.500732421875 303.79681396484375 1739.085693359375 659.8817749023438 
490
0 1118.8262939453125 486.0538330078125 1504.2149658203125 999.660888671875 
3 1725.905517578125 253.70046997070312 1872.18505859375 427.0167236328125 
2 1519.4356689453125 303.009765625 1733.382080078125 659.7001342773438 
3 1909.4388427734375 81.80783081054688 1938.993896484375 155.1259765625 
491
0 1116.8663330078125 485.6158447265625 1502.4345703125 1001.703857421875 
2 1520.4073486328125 301.7662658691406 1728.3988037109375 658.9838256835938 
3 1724.3154296875 253.8463134765625 1871.4620361328125 429.9826965332031 
3 1907.708984375 85.59223175048828 1937.698974609375 154.61019897460938 
492
0 1116.2314453125 485.2664794921875 1501.5418701171875 999.727783203125 
3 1723.613525390625 250.665771484375 1871.0682373046875 426.68939208984375 
2 1516.3087158203125 300.85223388671875 1727.6400146484375 659.3253784179688 
493
0 1115.4453125 484.49029541015625 1500.16650390625 999.077392578125 
2 1523.5523681640625 299.61529541015625 1724.5654296875 658.211669921875 
3 1721.448974609375 250.1610107421875 1867.89990234375 426.00006103515625 
494
0 1113.1693115234375 484.46368408203125 1497.9661865234375 1000.3487548828125 
2 1521.7647705078125 298.1007995605469 1724.6988525390625 657.5514526367188 
3 1721.5731201171875 246.98876953125 1867.8670654296875 423.76434326171875 
495
0 1111.9266357421875 484.08416748046875 1496.951171875 1000.347900390625 
2 1519.52197265625 296.4386291503906 1722.2239990234375 658.6192016601562 
3 1720.7440185546875 245.4595947265625 1866.970703125 422.04559326171875 
496
0 1110.3099365234375 482.912841796875 1495.5074462890625 999.6474609375 
3 1719.7598876953125 244.74520874023438 1864.2298583984375 423.4289245605469 
2 1515.6380615234375 295.4112854003906 1719.451904296875 656.867431640625 
497
0 1108.5860595703125 481.95281982421875 1493.462158203125 998.3824462890625 
2 1509.5257568359375 295.1231689453125 1719.3795166015625 657.4583129882812 
3 1717.7899169921875 241.61727905273438 1860.4315185546875 421.5401611328125 
498
0 1105.4315185546875 481.0673828125 1490.9859619140625 998.3555908203125 
2 1501.4117431640625 294.2935791015625 1717.1610107421875 656.4588623046875 
3 1709.2200927734375 239.10971069335938 1855.861328125 412.1065979003906 
3 1896.927490234375 83.4144515991211 1926.903076171875 155.46707153320312 
499
0 1103.352783203125 480.26568603515625 1490.1201171875 997.572265625 
3 1703.883544921875 236.8743896484375 1857.5096435546875 411.1352233886719 
2 1514.824951171875 291.9864501953125 1715.021484375 656.3064575195312 
500
0 1100.830322265625 478.9564208984375 1489.5064697265625 996.2919921875 
2 1515.9974365234375 292.087646484375 1714.16650390625 655.4613037109375 
3 1702.54541015625 233.061279296875 1860.8924560546875 418.56549072265625 
501
0 1098.95263671875 478.5299072265625 1487.489013671875 997.0697021484375 
2 1516.646484375 291.13006591796875 1714.2403564453125 656.314453125 
3 1698.6290283203125 231.07489013671875 1860.32177734375 416.77679443359375 
502
0 1097.4732666015625 477.284423828125 1484.53125 997.193359375 
3 1701.56103515625 230.41943359375 1861.8948974609375 413.75128173828125 
2 1514.023681640625 290.444091796875 1715.1292724609375 654.997314453125 
503
0 1096.037353515625 476.1109619140625 1482.60693359375 996.0029296875 
3 1701.6712646484375 227.91217041015625 1865.185791015625 402.9494934082031 
2 1512.8099365234375 288.6904296875 1718.7900390625 654.3351440429688 
504
0 1095.0474853515625 475.4489440917969 1481.86279296875 997.679931640625 
3 1701.390380859375 227.21270751953125 1864.0711669921875 405.89471435546875 
2 1513.5103759765625 286.2320556640625 1718.2237548828125 654.6911010742188 
3 2529.52490234375 189.86282348632812 2559.008544921875 271.6783142089844 
505
0 1093.529541015625 474.2608947753906 1480.3836669921875 997.810791015625 
2 1478.5628662109375 288.52252197265625 1722.300048828125 652.2816162109375 
3 1694.671875 228.96240234375 1861.2191162109375 403.1258850097656 
3 2526.332763671875 187.78799438476562 2559.029541015625 272.2803039550781 
506
0 1092.7640380859375 472.3905029296875 1479.7232666015625 997.884521484375 
2 1485.827392578125 287.8155212402344 1723.6090087890625 652.6971435546875 
3 1693.8209228515625 226.94720458984375 1854.35791015625 402.6182861328125 
3 2524.843017578125 187.78616333007812 2559.0634765625 271.0548400878906 
507
0 1091.609130859375 472.6068115234375 1477.397216796875 998.625244140625 
2 1489.671875 287.09521484375 1726.611328125 653.968017578125 
3 2521.64599609375 186.9568634033203 2559.056884765625 270.6956787109375 
3 1688.7022705078125 236.85614013671875 1849.8773193359375 393.6739501953125 
508
0 1091.5909423828125 471.1766357421875 1475.919189453125 998.2938232421875 
2 1491.55517578125 287.64508056640625 1727.7021484375 654.147705078125 
3 1687.2694091796875 239.472900390625 1841.027587890625 400.4268798828125 
3 2521.05712890625 186.5380859375 2559.048583984375 270.46270751953125 
509
0 1091.1533203125 470.1939392089844 1474.79248046875 999.3726806640625 
2 1494.444091796875 285.1678466796875 1732.021240234375 655.1326904296875 
3 2520.956787109375 186.36219787597656 2559.076904296875 270.5467224121094 
3 1682.4154052734375 241.02487182617188 1833.7930908203125 393.8634948730469 
510
0 1090.8372802734375 469.0343322753906 1474.3590087890625 998.8792724609375 
2 1487.4107666015625 286.706298828125 1736.3167724609375 655.01171875 
3 1677.55810546875 243.85675048828125 1826.524169921875 391.9483642578125 
3 2520.365478515625 185.7504119873047 2559.16455078125 271.7066955566406 
511
0 1090.95947265625 467.90277099609375 1473.740478515625 998.719970703125 
2 1492.2891845703125 286.93353271484375 1735.6851806640625 654.4470825195312 
512
0 1091.444091796875 466.53094482421875 1472.8853759765625 997.9615478515625 
2 1474.797607421875 283.8043518066406 1735.857177734375 654.6910400390625 
3 2519.42041015625 183.7595672607422 2559.11767578125 271.47705078125 
513
0 1091.5859375 465.0296630859375 1472.7022705078125 997.679443359375 
2 1492.7396240234375 287.61767578125 1738.12109375 654.43994140625 
3 2518.74853515625 184.075927734375 2559.0732421875 271.63006591796875 
514
0 1091.94140625 464.23602294921875 1472.74169921875 997.4970703125 
2 1485.0067138671875 283.85791015625 1740.85205078125 654.9976806640625 
3 2518.130859375 184.3760528564453 2559.069580078125 272.1167297363281 
515
0 1092.683349609375 462.5486755371094 1472.1448974609375 997.3568115234375 
2 1491.580322265625 282.64422607421875 1742.5997314453125 654.4015502929688 
2 1491.1109619140625 245.69009399414062 1805.7591552734375 652.9357299804688 
516
0 1093.1240234375 461.129638671875 1473.57177734375 996.7969970703125 
2 1493.121337890625 284.64190673828125 1742.880615234375 654.0610961914062 
517
0 1093.8526611328125 458.4931640625 1470.4931640625 997.701171875 
2 1495.370849609375 286.99005126953125 1740.542236328125 653.5130004882812 
3 2514.6337890625 184.83474731445312 2559.09716796875 271.1483154296875 
3 1646.2637939453125 248.3575439453125 1804.167236328125 401.7281494140625 
518
0 1094.519775390625 456.80816650390625 1470.16748046875 998.0496826171875 
2 1495.6031494140625 287.0216064453125 1738.638427734375 653.4407348632812 
3 1645.40966796875 249.325439453125 1804.4932861328125 402.4212951660156 
3 2513.242431640625 183.9713134765625 2559.084228515625 270.7084655761719 
519
0 1094.6851806640625 455.6109619140625 1470.0322265625 997.3682861328125 
2 1488.9033203125 286.359375 1739.5445556640625 653.513427734375 
520
0 1094.2935791015625 454.5924072265625 1471.2469482421875 998.906005859375 
2 1485.72021484375 286.098876953125 1733.056640625 652.4347534179688 
3 1641.2667236328125 250.77377319335938 1804.8037109375 402.5859375 
521
0 1097.943115234375 451.8782653808594 1471.24169921875 1000.08056640625 
2 1516.6488037109375 286.008056640625 1731.1046142578125 650.9208984375 
3 1639.402587890625 251.77337646484375 1805.29541015625 402.5963134765625 
522
0 1099.3955078125 449.90496826171875 1471.7125244140625 999.6112060546875 
2 1517.2528076171875 286.3692932128906 1728.9088134765625 649.0948486328125 
3 1637.6519775390625 252.4820556640625 1806.00830078125 402.77642822265625 
3 2518.76953125 178.8876953125 2558.904296875 258.8498229980469 
523
0 1101.2344970703125 448.1481628417969 1472.5504150390625 997.8968505859375 
2 1510.45361328125 286.06170654296875 1725.9013671875 649.95263671875 
3 2510.361328125 170.92398071289062 2559.001220703125 261.418212890625 
3 1634.0816650390625 251.002685546875 1806.423095703125 405.1575927734375 
524
0 1102.7193603515625 446.5252685546875 1476.13330078125 997.0982666015625 
2 1488.4781494140625 285.5431823730469 1721.6046142578125 649.8019409179688 
3 1632.5015869140625 251.37811279296875 1804.9788818359375 403.02581787109375 
3 2509.2021484375 170.5420379638672 2558.9951171875 263.41436767578125 
525
0 1103.09765625 445.3152160644531 1474.8780517578125 998.747314453125 
2 1490.218017578125 286.57562255859375 1719.3548583984375 649.1456298828125 
3 1626.128173828125 250.85543823242188 1803.3792724609375 401.31982421875 
526
0 1104.83642578125 443.2455139160156 1473.4781494140625 999.2464599609375 
2 1503.086181640625 288.1690368652344 1716.5401611328125 650.2041015625 
3 1621.61376953125 249.09698486328125 1802.8221435546875 403.5848388671875 
527
0 1106.812255859375 440.17974853515625 1474.2557373046875 997.244384765625 
2 1499.512451171875 291.179443359375 1709.017578125 648.770263671875 
3 1620.876953125 249.80624389648438 1799.71044921875 401.37744140625 
3 2510.117919921875 167.4805908203125 2559.055908203125 252.28857421875 
528
0 1108.115478515625 438.88177490234375 1473.8848876953125 995.8907470703125 
3 1621.1300048828125 249.39938354492188 1797.1724853515625 406.5003356933594 
2 1432.7386474609375 290.88714599609375 1707.21875 651.551513671875 
2 1488.20654296875 290.512451171875 1706.7606201171875 648.3758544921875 
3 2502.467529296875 166.52317810058594 2558.738037109375 259.4942626953125 
529
0 1108.4937744140625 436.57379150390625 1474.23876953125 995.7664794921875 
2 1498.224365234375 293.0552978515625 1697.50732421875 646.97265625 
3 1624.409912109375 248.3863525390625 1794.981201171875 413.58404541015625 
3 2497.275390625 167.80162048339844 2558.774169921875 256.5733337402344 
3 1857.0413818359375 77.21986389160156 1885.47509765625 142.61892700195312 
530
0 1109.02978515625 433.69195556640625 1474.4713134765625 994.6285400390625 
3 1624.8837890625 246.6961669921875 1789.211669921875 408.662109375 
2 1495.167724609375 293.9505615234375 1689.9454345703125 646.2949829101562 
3 2495.69384765625 165.14785766601562 2558.794189453125 256.9030456542969 
531
0 1109.4296875 432.2772521972656 1473.449462890625 993.26123046875 
2 1490.3153076171875 292.88909912109375 1688.5899658203125 646.369140625 
3 1623.6514892578125 246.56344604492188 1785.8135986328125 409.7469482421875 
3 2494.1943359375 164.24403381347656 2557.890625 258.7710876464844 
532
0 1108.8826904296875 429.81329345703125 1473.1484375 991.74072265625 
2 1490.7342529296875 293.6127014160156 1682.441650390625 647.5882568359375 
3 1621.009521484375 244.24569702148438 1782.546630859375 408.3363037109375 
3 2489.584716796875 161.83116149902344 2557.671142578125 261.9928283691406 
533
0 1107.6353759765625 427.83038330078125 1470.656494140625 993.8197021484375 
2 1486.20947265625 294.664794921875 1675.9248046875 644.7598266601562 
3 1617.5484619140625 241.5374755859375 1777.0462646484375 413.79547119140625 
3 2485.2177734375 162.4557342529297 2554.344970703125 261.7994689941406 
534
0 1106.9013671875 426.472412109375 1468.63134765625 994.0047607421875 
2 1476.555419921875 295.5730285644531 1671.068115234375 644.5624389648438 
3 1612.956787109375 237.56832885742188 1774.72509765625 412.4508972167969 
3 2483.71923828125 161.22256469726562 2557.239501953125 262.5205993652344 
535
0 1105.5103759765625 424.3360290527344 1467.140625 991.87353515625 
3 1609.47705078125 236.65496826171875 1771.028076171875 406.51220703125 
2 1472.5867919921875 294.4219970703125 1665.8836669921875 644.4465942382812 
3 2481.013427734375 158.71591186523438 2544.657470703125 250.53622436523438 
536
0 1105.4417724609375 421.7918701171875 1464.679931640625 990.5323486328125 
3 1606.391357421875 232.19427490234375 1765.9171142578125 409.0997314453125 
2 1473.5758056640625 295.77508544921875 1661.2509765625 642.745849609375 
3 2476.825439453125 158.35040283203125 2540.193115234375 247.30111694335938 
2 1422.188232421875 293.5720520019531 1660.831787109375 641.712158203125 
3 2502.038330078125 170.411376953125 2558.772216796875 263.26727294921875 
537
0 1103.873291015625 420.95855712890625 1459.6431884765625 991.409912109375 
2 1422.8463134765625 296.46929931640625 1657.580078125 643.4488525390625 
3 1602.8428955078125 229.5855712890625 1760.987060546875 408.54150390625 
3 2472.277099609375 157.62527465820312 2536.629150390625 248.7174072265625 
3 2495.37451171875 168.19314575195312 2558.521240234375 263.4234924316406 
538
0 1102.0 419.8619079589844 1457.8663330078125 988.18408203125 
2 1418.390869140625 296.6061096191406 1655.5076904296875 643.7133178710938 
3 1595.851318359375 227.72833251953125 1758.5399169921875 408.1887512207031 
3 2471.032958984375 158.43862915039062 2533.141845703125 247.596923828125 
539
0 1100.2642822265625 418.082275390625 1454.76513671875 989.8046875 
3 1595.104736328125 226.8182373046875 1755.654296875 410.726318359375 
2 1418.4656982421875 293.67706298828125 1650.571044921875 642.7205810546875 
3 2467.2373046875 157.40000915527344 2530.719970703125 248.58700561523438 
3 1824.5655517578125 72.461181640625 1853.6949462890625 138.48741149902344 
540
0 1099.2337646484375 417.90863037109375 1452.6805419921875 984.1604614257812 
2 1418.637939453125 294.7618103027344 1646.108642578125 640.990478515625 
3 1592.3046875 223.83636474609375 1753.353515625 413.43829345703125 
3 2464.0703125 155.2805938720703 2528.002197265625 245.80126953125 
541
0 1096.9112548828125 417.0238952636719 1450.979248046875 986.2694091796875 
2 1414.50732421875 293.0213623046875 1645.0980224609375 641.783935546875 
3 1589.409423828125 222.75067138671875 1750.8013916015625 413.28094482421875 
3 2460.683349609375 155.25506591796875 2526.037841796875 247.91583251953125 
3 2485.0205078125 157.46047973632812 2558.199462890625 260.6128845214844 
3 2480.495361328125 162.0647430419922 2552.979736328125 260.0802001953125 
542
0 1096.0567626953125 415.37225341796875 1447.93017578125 985.7763671875 
2 1414.21142578125 293.6353454589844 1643.22900390625 640.7420654296875 
3 1585.41357421875 222.1912841796875 1745.9114990234375 408.36767578125 
3 2459.01513671875 154.90663146972656 2523.983642578125 245.9495849609375 
3 2475.87353515625 170.92938232421875 2556.917236328125 258.2450256347656 
543
0 1093.720458984375 415.496826171875 1444.8646240234375 985.0330810546875 
2 1415.5843505859375 292.69805908203125 1644.0401611328125 641.3565063476562 
3 1582.6131591796875 224.19390869140625 1743.7010498046875 410.00775146484375 
3 2457.216796875 152.87716674804688 2536.876220703125 251.10415649414062 
544
0 1091.8804931640625 414.435791015625 1442.1170654296875 987.3203125 
2 1417.451416015625 291.8174133300781 1642.3515625 641.315673828125 
3 1580.7554931640625 225.88543701171875 1740.1746826171875 407.3106384277344 
545
0 1090.4490966796875 413.83203125 1440.4921875 983.9193725585938 
3 1576.8096923828125 224.45452880859375 1737.9892578125 408.1032409667969 
2 1417.759765625 291.947509765625 1642.7369384765625 640.9590454101562 
3 2452.223388671875 151.806640625 2530.43115234375 242.08071899414062 
546
0 1087.9727783203125 413.1802673339844 1438.10791015625 982.7662353515625 
2 1418.3912353515625 292.5460205078125 1641.590087890625 639.5018310546875 
3 1577.0811767578125 223.28631591796875 1735.3505859375 404.2462463378906 
3 2448.404541015625 151.56935119628906 2510.09912109375 241.71881103515625 
3 1806.42626953125 68.458740234375 1836.76708984375 142.17904663085938 
3 2467.109375 154.1432647705078 2529.96533203125 254.0843505859375 
3 825.9775390625 162.91384887695312 883.2461547851562 215.06228637695312 
547
0 1086.6015625 413.41552734375 1437.298828125 983.6671142578125 
2 1419.2740478515625 293.302490234375 1641.664306640625 638.1910400390625 
3 1576.7335205078125 221.5693359375 1734.0244140625 401.9731750488281 
3 2447.5712890625 150.91461181640625 2510.000244140625 240.4002685546875 
548
0 1084.3380126953125 412.91766357421875 1435.0941162109375 981.3823852539062 
2 1419.457763671875 292.839111328125 1644.6317138671875 639.6378173828125 
3 1576.64208984375 223.0023193359375 1730.9586181640625 396.7647705078125 
3 1803.6099853515625 70.36831665039062 1833.07666015625 137.34661865234375 
3 2445.403564453125 148.52725219726562 2517.949462890625 242.26937866210938 
549
0 1082.789306640625 413.3125 1432.6138916015625 979.96533203125 
2 1438.4925537109375 292.6092834472656 1646.5135498046875 640.05078125 
3 1576.3560791015625 220.9327392578125 1730.7978515625 381.7249755859375 
3 1801.205810546875 68.691162109375 1829.7957763671875 140.927001953125 
550
0 1081.4407958984375 412.84521484375 1428.990234375 979.597900390625 
2 1414.7239990234375 293.697998046875 1648.565185546875 639.227783203125 
3 1575.1578369140625 220.22933959960938 1729.4039306640625 379.7414245605469 
3 1801.0487060546875 70.56778717041016 1828.7991943359375 137.93446350097656 
551
0 1080.4617919921875 412.914794921875 1426.62158203125 979.6463623046875 
3 1575.756591796875 219.46185302734375 1728.918701171875 385.0654296875 
2 1437.1494140625 294.5816650390625 1648.0396728515625 640.0730590820312 
3 1798.8411865234375 69.31224060058594 1827.5430908203125 134.77716064453125 
552
0 1079.467041015625 412.71270751953125 1424.364013671875 977.7255249023438 
3 1574.415283203125 219.26922607421875 1728.5615234375 391.3366394042969 
2 1436.3734130859375 294.5618896484375 1648.0264892578125 637.7884521484375 
3 2438.003662109375 148.7247314453125 2499.98779296875 238.48553466796875 
3 1796.8094482421875 68.39886474609375 1825.1483154296875 140.3143768310547 
553
0 1078.642822265625 412.61163330078125 1422.385009765625 977.844970703125 
3 1571.418701171875 223.99569702148438 1728.090087890625 399.96002197265625 
2 1438.201416015625 294.7864685058594 1646.9683837890625 638.0553588867188 
3 2437.548095703125 148.79055786132812 2497.461669921875 239.01751708984375 
3 1796.08251953125 71.71913146972656 1824.27197265625 131.3158721923828 
3 2467.5556640625 154.80555725097656 2519.652587890625 251.02902221679688 
554
0 1076.6474609375 411.7366943359375 1420.656005859375 979.5902099609375 
3 1571.958984375 225.64151000976562 1727.97119140625 394.49542236328125 
2 1438.69189453125 295.8485412597656 1646.4466552734375 637.402587890625 
3 2434.898681640625 148.29095458984375 2496.717529296875 238.62112426757812 
3 1794.7391357421875 69.18394470214844 1822.259521484375 146.73023986816406 
3 2453.195556640625 157.74249267578125 2518.048828125 250.568115234375 
3 2461.64599609375 156.28619384765625 2522.4541015625 251.5848388671875 
555
0 1075.33056640625 413.25433349609375 1418.8355712890625 977.4719848632812 
3 1567.3074951171875 226.54580688476562 1731.9080810546875 397.31878662109375 
2 1402.207763671875 294.9010009765625 1645.2711181640625 637.4014892578125 
3 1791.01318359375 65.85742950439453 1821.2078857421875 144.73089599609375 
3 2432.69970703125 147.26734924316406 2497.6962890625 239.30349731445312 
556
0 1073.3309326171875 412.74468994140625 1415.7435302734375 973.6256103515625 
2 1403.0863037109375 295.119140625 1640.7288818359375 636.5134887695312 
3 1568.2086181640625 227.70806884765625 1739.671630859375 414.5068664550781 
3 2432.39697265625 148.14950561523438 2495.632568359375 237.98095703125 
3 2539.966552734375 164.45042419433594 2559.0810546875 222.2374267578125 
3 1789.0714111328125 64.10218811035156 1819.396240234375 127.333251953125 
557
0 1071.00634765625 412.61962890625 1414.5567626953125 974.8965454101562 
3 1566.855224609375 228.41445922851562 1745.2034912109375 388.7694091796875 
2 1402.18701171875 294.6534423828125 1645.9925537109375 636.2313232421875 
3 2431.409912109375 147.51846313476562 2490.30810546875 237.55502319335938 
3 2451.307373046875 156.51318359375 2515.343505859375 249.16213989257812 
3 2538.417724609375 166.24441528320312 2559.140625 224.19107055664062 
558
0 1070.4122314453125 412.385009765625 1411.798583984375 979.5603637695312 
3 1563.1932373046875 229.33859252929688 1752.60498046875 394.794189453125 
2 1401.285400390625 293.8087158203125 1645.2305908203125 635.107666015625 
3 2431.595703125 144.97377014160156 2493.595947265625 237.23623657226562 
3 1780.4185791015625 36.72911071777344 1817.127197265625 132.199462890625 
3 2534.934326171875 166.74005126953125 2559.095703125 223.23562622070312 
559
0 1070.176025390625 411.62200927734375 1410.3333740234375 979.7135620117188 
3 1561.890869140625 230.4613037109375 1756.9166259765625 388.6602783203125 
2 1400.8739013671875 292.98101806640625 1645.9144287109375 635.71484375 
3 2430.430419921875 144.52992248535156 2492.13916015625 234.08172607421875 
3 1779.8739013671875 30.955368041992188 1816.37451171875 133.64353942871094 
3 2537.335693359375 163.649658203125 2559.0244140625 223.68783569335938 
560
0 1066.3516845703125 412.15972900390625 1407.76904296875 979.0265502929688 
3 1557.665283203125 231.80038452148438 1759.709228515625 385.324462890625 
2 1398.9573974609375 292.4114685058594 1642.09521484375 636.0213012695312 
3 2430.67724609375 144.3911590576172 2492.03125 229.8626708984375 
3 2538.796142578125 166.23101806640625 2559.114990234375 223.67132568359375 
561
0 1062.2650146484375 414.2357177734375 1404.7896728515625 978.3873291015625 
3 1556.3985595703125 232.48358154296875 1760.4776611328125 385.7841491699219 
2 1398.1015625 291.57244873046875 1639.66455078125 635.3429565429688 
3 2426.787109375 144.59609985351562 2490.318603515625 233.54916381835938 
3 2532.477783203125 164.15097045898438 2559.029296875 223.70901489257812 
562
0 1056.679931640625 416.53533935546875 1401.35498046875 977.05224609375 
3 1554.7974853515625 233.27267456054688 1758.928466796875 382.8851318359375 
2 1394.3951416015625 290.19976806640625 1637.27880859375 635.6680297851562 
3 2426.05712890625 143.9871826171875 2489.8291015625 233.67437744140625 
3 2532.10546875 163.646484375 2558.873779296875 223.49661254882812 
563
0 1052.4326171875 416.84161376953125 1396.320068359375 976.3724365234375 
3 1552.0738525390625 233.43804931640625 1757.3211669921875 382.4780578613281 
3 2425.096435546875 143.19407653808594 2494.161376953125 233.81985473632812 
2 1389.3221435546875 289.44879150390625 1631.650146484375 636.5101318359375 
2 1441.8504638671875 289.7806091308594 1632.3966064453125 633.4360961914062 
3 2536.147705078125 165.39474487304688 2558.865478515625 223.50823974609375 
564
0 1052.6748046875 417.18695068359375 1391.5692138671875 975.8905639648438 
3 1551.566650390625 234.2333984375 1751.2655029296875 389.9442138671875 
2 1426.2017822265625 288.42962646484375 1627.66796875 636.66259765625 
3 2423.820068359375 143.50439453125 2488.498046875 233.8839111328125 
3 2535.708740234375 165.76242065429688 2558.792724609375 224.68426513671875 
565
0 1050.7889404296875 417.66351318359375 1385.335205078125 976.433349609375 
3 1550.2886962890625 234.5062255859375 1743.1634521484375 394.5713806152344 
2 1429.42138671875 287.84197998046875 1623.7923583984375 636.4381103515625 
3 2422.414794921875 145.27769470214844 2482.653076171875 233.84298706054688 
3 2536.150634765625 165.24151611328125 2558.9072265625 223.92697143554688 
3 2443.609130859375 148.77706909179688 2504.230712890625 245.6461181640625 
566
0 1049.323974609375 418.45721435546875 1378.183837890625 975.2352905273438 
3 1549.394775390625 235.63381958007812 1737.183349609375 394.3338623046875 
2 1410.36279296875 287.224853515625 1618.860107421875 639.412109375 
3 2447.240966796875 152.49978637695312 2504.015625 245.74639892578125 
2 1366.907958984375 286.049560546875 1617.659423828125 650.3243408203125 
3 2425.94921875 146.36245727539062 2481.40380859375 233.4810791015625 
3 2420.73095703125 151.49053955078125 2477.441650390625 235.62423706054688 
567
0 1047.3984375 419.75360107421875 1371.236328125 976.4138793945312 
3 1548.130126953125 236.42474365234375 1735.77880859375 397.0450744628906 
2 1416.8525390625 287.0104675292969 1613.3985595703125 637.1507568359375 
3 2422.237060546875 144.20413208007812 2482.884765625 230.96401977539062 
568
0 1046.0462646484375 421.4793701171875 1363.8828125 977.0723266601562 
3 1547.061767578125 235.95126342773438 1735.8192138671875 401.799560546875 
2 1415.2076416015625 285.8141174316406 1613.3883056640625 639.52392578125 
3 2419.711669921875 144.05096435546875 2480.1630859375 232.08303833007812 
3 2441.166748046875 149.56307983398438 2503.876708984375 245.02401733398438 
569
0 1043.568115234375 422.5452880859375 1356.3492431640625 977.9815673828125 
3 1546.263671875 235.92547607421875 1734.5621337890625 404.22991943359375 
2 1420.3621826171875 285.1971435546875 1613.31103515625 638.2947998046875 
3 2419.236083984375 142.50942993164062 2479.5751953125 232.11578369140625 
3 2438.165771484375 150.52786254882812 2502.225341796875 243.91903686523438 
570
2 1415.1986083984375 285.4356384277344 1611.6688232421875 636.9996337890625 
3 1545.2818603515625 236.37054443359375 1733.0947265625 401.5140686035156 
0 1041.1717529296875 424.0488586425781 1350.061279296875 979.163330078125 
0 1041.0308837890625 423.93798828125 1350.4326171875 979.58837890625 
571
0 1038.2476806640625 424.0041198730469 1343.651123046875 983.1594848632812 
2 1422.970947265625 284.9921875 1611.83837890625 636.5205078125 
3 1545.2138671875 236.46652221679688 1731.9146728515625 406.5612487792969 
572
0 1033.595703125 427.79351806640625 1338.184326171875 989.31982421875 
2 1413.6236572265625 285.26251220703125 1608.8955078125 636.9532470703125 
3 1543.19970703125 236.116943359375 1732.5374755859375 414.0926818847656 
3 2419.56689453125 140.21656799316406 2478.323974609375 224.82028198242188 
573
0 1029.107421875 431.89141845703125 1332.294189453125 990.0760498046875 
2 1414.2791748046875 284.8149108886719 1609.658935546875 635.771484375 
3 2417.519287109375 141.06906127929688 2476.211181640625 231.91043090820312 
3 1544.483154296875 235.94345092773438 1730.779296875 411.49462890625 
3 1544.3499755859375 236.14471435546875 1730.03662109375 409.02398681640625 
3 2435.751708984375 156.1495361328125 2497.697021484375 242.373291015625 
574
0 1024.8565673828125 432.67803955078125 1327.2989501953125 991.5411376953125 
3 1544.0731201171875 236.28952026367188 1729.81201171875 407.89398193359375 
2 1411.1246337890625 285.9478759765625 1611.5369873046875 635.968505859375 
3 2416.31689453125 140.54287719726562 2476.049560546875 228.00790405273438 
575
0 1019.4342651367188 436.0615539550781 1323.17822265625 994.515869140625 
2 1411.971435546875 289.634521484375 1613.593505859375 635.7311401367188 
3 1543.3663330078125 236.41229248046875 1726.347900390625 404.6924133300781 
3 2414.021240234375 140.07766723632812 2477.656494140625 228.66433715820312 
3 2436.370361328125 158.0167999267578 2495.955322265625 242.3424072265625 
576
0 1012.7498779296875 436.39404296875 1319.320068359375 997.4083251953125 
2 1411.8348388671875 291.95904541015625 1615.9149169921875 635.4745483398438 
3 1542.5303955078125 236.45181274414062 1723.2147216796875 401.1278381347656 
3 2413.076171875 140.26678466796875 2476.266845703125 229.57769775390625 
3 2438.2119140625 158.5448760986328 2495.726806640625 242.49688720703125 
577
0 1006.4100952148438 439.47113037109375 1315.1939697265625 998.5794677734375 
2 1413.11279296875 293.9167175292969 1617.0008544921875 635.2648315429688 
3 1540.1146240234375 236.01324462890625 1719.0784912109375 399.35076904296875 
3 2412.142333984375 140.62657165527344 2474.710693359375 228.66253662109375 
3 2433.285400390625 160.3845672607422 2494.095703125 242.31719970703125 
3 2525.57421875 150.50697326660156 2558.827880859375 224.24298095703125 
578
0 998.611328125 443.762939453125 1311.8262939453125 997.372314453125 
2 1417.2841796875 295.8243408203125 1619.3277587890625 634.9717407226562 
3 1539.966552734375 234.76138305664062 1717.404052734375 395.2569274902344 
3 2410.114013671875 140.63694763183594 2475.908935546875 227.46136474609375 
3 2525.35595703125 148.911376953125 2559.0439453125 240.3922119140625 
3 2430.883544921875 159.91375732421875 2493.901123046875 242.189208984375 
579
0 989.80615234375 446.955810546875 1308.056884765625 996.2564697265625 
2 1421.4901123046875 296.5018310546875 1619.9710693359375 634.4864501953125 
3 1538.7427978515625 235.15423583984375 1714.01025390625 393.55419921875 
3 2409.116455078125 139.77813720703125 2476.457275390625 228.9139404296875 
3 1768.648681640625 66.34943389892578 1797.1685791015625 130.4963836669922 
580
0 979.2789306640625 449.80218505859375 1304.5216064453125 998.1658935546875 
3 1537.5428466796875 235.06903076171875 1711.237548828125 392.6005554199219 
2 1419.8564453125 297.7603759765625 1622.47119140625 634.0738525390625 
3 2409.341064453125 139.67210388183594 2481.046875 227.18414306640625 
2 1352.6002197265625 296.7464904785156 1622.044921875 637.1641845703125 
581
0 967.6529541015625 454.6830749511719 1301.291015625 998.2423095703125 
3 1535.550537109375 235.40869140625 1708.2744140625 391.7347717285156 
2 1355.2508544921875 298.1385803222656 1623.6572265625 638.2198486328125 
3 2409.1962890625 139.96998596191406 2478.3935546875 224.49447631835938 
582
0 952.2183837890625 460.1045227050781 1297.2890625 997.4468994140625 
3 1534.829833984375 234.34210205078125 1703.9688720703125 388.87353515625 
2 1396.7025146484375 300.1457214355469 1624.01318359375 634.144287109375 
3 2407.307861328125 138.8907012939453 2481.765380859375 227.52920532226562 
2 1350.6441650390625 299.29888916015625 1623.4244384765625 641.8814086914062 
583
0 939.150634765625 463.64776611328125 1293.2259521484375 998.021240234375 
2 1348.2843017578125 304.8184509277344 1625.861083984375 652.8067626953125 
3 1532.7249755859375 234.25289916992188 1701.1885986328125 387.6431579589844 
3 2405.649658203125 139.6669158935547 2468.443603515625 229.00625610351562 
584
0 925.9066162109375 468.9931640625 1290.3095703125 1001.0068359375 
3 1530.87841796875 234.45944213867188 1698.399169921875 381.7142333984375 
2 1404.4111328125 306.032958984375 1625.333740234375 630.7938842773438 
3 2404.778076171875 139.67953491210938 2468.57421875 227.52365112304688 
585
0 913.0762939453125 473.603515625 1286.9830322265625 1000.8785400390625 
2 1403.9783935546875 308.22698974609375 1624.6907958984375 628.680419921875 
3 1528.71337890625 234.3170166015625 1693.9827880859375 384.22723388671875 
3 2402.6201171875 138.19525146484375 2463.899658203125 227.68682861328125 
3 2425.227294921875 155.72900390625 2481.4326171875 238.04946899414062 
586
0 898.9169921875 480.66632080078125 1283.48095703125 1002.0377197265625 
3 1527.18701171875 234.097412109375 1690.2021484375 382.33526611328125 
2 1399.6737060546875 310.87188720703125 1624.726318359375 626.4989624023438 
3 2400.82275390625 137.81063842773438 2468.41357421875 228.21539306640625 
3 2423.007568359375 155.05003356933594 2480.629638671875 237.78103637695312 
587
0 887.5609130859375 489.2435302734375 1279.239013671875 1002.1826171875 
2 1391.011474609375 313.4707946777344 1622.1383056640625 628.6824340820312 
3 1525.8564453125 233.76690673828125 1687.7166748046875 384.16900634765625 
3 2399.021240234375 137.5655517578125 2460.8134765625 227.19845581054688 
3 2420.63037109375 154.6169891357422 2479.613037109375 237.88140869140625 
588
0 876.7533569335938 495.46630859375 1275.9521484375 1001.226806640625 
2 1385.8084716796875 314.3172607421875 1617.2867431640625 627.5823974609375 
3 1524.1812744140625 234.32940673828125 1685.0264892578125 374.49627685546875 
3 2395.40625 136.89122009277344 2456.889404296875 225.700927734375 
3 2413.694091796875 152.0798797607422 2477.420166015625 237.76760864257812 
3 2410.1201171875 140.9243927001953 2472.419921875 222.58203125 
589
0 864.99462890625 500.55108642578125 1273.829833984375 1001.45703125 
2 1381.6676025390625 317.5814514160156 1613.23779296875 625.8487548828125 
3 1521.8607177734375 233.685546875 1681.8341064453125 376.7433166503906 
3 2393.738525390625 135.91986083984375 2456.255126953125 226.00973510742188 
3 2414.917724609375 148.19549560546875 2476.715087890625 236.9129638671875 
590
0 851.5169067382812 507.3826904296875 1271.9697265625 1001.782958984375 
2 1374.292724609375 320.4789123535156 1610.238037109375 620.2352905273438 
3 1519.8590087890625 233.31277465820312 1679.6917724609375 379.8184509277344 
3 2392.501708984375 134.89700317382812 2454.98388671875 225.4310302734375 
3 2412.236328125 148.66647338867188 2474.671630859375 234.66732788085938 
591
0 839.170166015625 510.2606201171875 1270.514892578125 999.826416015625 
2 1363.2891845703125 321.9535827636719 1603.65966796875 627.052490234375 
3 1516.7958984375 233.07150268554688 1678.6953125 381.3547668457031 
3 2391.841552734375 133.6357421875 2454.525634765625 225.81661987304688 
3 2414.99072265625 151.61642456054688 2471.850830078125 234.15444946289062 
592
0 829.5015869140625 514.1348876953125 1269.39501953125 1001.4542236328125 
2 1357.96923828125 325.5118103027344 1594.2391357421875 626.51123046875 
3 1514.55029296875 231.10760498046875 1676.2904052734375 389.00244140625 
3 2388.438720703125 133.5478515625 2451.993408203125 225.4437255859375 
3 2416.38623046875 149.88995361328125 2472.36083984375 233.98092651367188 
593
0 820.5748291015625 516.4666748046875 1268.71044921875 999.9498291015625 
2 1348.5491943359375 325.83880615234375 1595.3095703125 624.4376220703125 
3 1514.4033203125 230.13992309570312 1676.08203125 373.598876953125 
3 2386.082763671875 132.2998046875 2454.4609375 223.1385498046875 
3 2412.193359375 152.224365234375 2466.4521484375 234.31298828125 
594
0 815.400146484375 516.6456298828125 1269.0870361328125 1000.88818359375 
2 1339.6695556640625 329.37420654296875 1593.4442138671875 629.3848876953125 
3 1512.3011474609375 229.37445068359375 1675.2314453125 378.4127197265625 
3 2382.962158203125 133.7497100830078 2448.75634765625 220.45849609375 
3 2407.99560546875 154.34951782226562 2464.140380859375 234.35748291015625 
595
0 814.0701904296875 517.5289306640625 1272.2513427734375 1000.320068359375 
2 1331.2667236328125 330.9244689941406 1586.3756103515625 628.1111450195312 
3 1510.9052734375 228.2567138671875 1675.0684814453125 371.7076110839844 
3 2382.59130859375 135.9649200439453 2444.0537109375 219.60897827148438 
596
0 811.9925537109375 517.8741455078125 1274.3177490234375 998.0535888671875 
2 1320.5975341796875 332.68902587890625 1578.884521484375 627.1991577148438 
3 1508.6845703125 226.9737548828125 1674.52587890625 384.4142150878906 
3 2378.568115234375 131.11341857910156 2445.19775390625 219.26419067382812 
597
0 813.896240234375 517.79345703125 1281.976318359375 998.2198486328125 
2 1311.611083984375 338.3503723144531 1574.284912109375 627.9132080078125 
3 1508.97021484375 227.26123046875 1673.2637939453125 372.63531494140625 
3 2377.49609375 130.75071716308594 2442.886474609375 217.24737548828125 
3 2402.586181640625 153.31781005859375 2457.311767578125 229.99459838867188 
598
0 815.3907470703125 516.513916015625 1285.4462890625 997.6656494140625 
2 1303.32568359375 341.1669006347656 1567.9393310546875 630.494140625 
3 1507.455322265625 225.34503173828125 1675.0738525390625 381.7291564941406 
3 2376.0615234375 129.5378875732422 2447.354248046875 222.984130859375 
3 1304.9124755859375 0.2133941650390625 1331.166259765625 65.55159759521484 
599
0 818.32666015625 516.2088012695312 1291.2506103515625 997.6529541015625 
2 1294.904052734375 343.215087890625 1567.456787109375 635.6434936523438 
3 1507.7872314453125 225.241455078125 1675.36328125 379.7366027832031 
3 2376.78125 129.5380096435547 2443.5927734375 210.4736328125 
600
0 822.0199584960938 515.075927734375 1295.4178466796875 997.08056640625 
2 1290.35595703125 345.0257873535156 1565.084228515625 632.664306640625 
3 1508.4132080078125 221.93380737304688 1676.988037109375 384.62237548828125 
3 2372.217529296875 128.698974609375 2437.47509765625 216.86968994140625 
3 2374.044189453125 129.0963897705078 2436.721923828125 215.84750366210938 
3 2401.906982421875 146.58822631835938 2452.506591796875 229.53317260742188 
601
0 826.7724609375 514.7893676757812 1297.152099609375 996.652587890625 
2 1285.156494140625 347.23101806640625 1562.5284423828125 629.8958740234375 
3 1508.029541015625 219.6690673828125 1677.7890625 371.87744140625 
3 2368.837890625 128.28179931640625 2438.538330078125 215.69979858398438 
602
0 831.508056640625 513.4151000976562 1298.5386962890625 998.2896728515625 
2 1280.71142578125 347.5711364746094 1566.2474365234375 634.6665649414062 
3 1505.9248046875 216.89942932128906 1678.53271484375 376.5891418457031 
3 2366.86767578125 129.48760986328125 2429.532470703125 216.60922241210938 
3 2386.986083984375 141.34957885742188 2449.660888671875 229.7403564453125 
603
0 837.370361328125 513.7464599609375 1299.1580810546875 997.93994140625 
2 1278.211181640625 347.3712158203125 1558.7275390625 631.1165771484375 
3 1505.745849609375 216.83609008789062 1679.302978515625 375.3997497558594 
3 2364.58544921875 128.79640197753906 2432.733642578125 217.34906005859375 
3 2384.638916015625 146.10153198242188 2447.528076171875 229.37200927734375 
604
0 842.66748046875 513.0724487304688 1303.291748046875 996.358642578125 
2 1275.6826171875 347.4787292480469 1555.78955078125 632.5098876953125 
3 1505.4080810546875 217.40444946289062 1679.844970703125 377.3047790527344 
3 2364.509765625 128.22706604003906 2428.07568359375 216.69593811035156 
3 2385.57470703125 143.45635986328125 2447.505859375 227.54306030273438 
605
0 850.84619140625 512.302490234375 1310.4676513671875 996.176513671875 
2 1275.1165771484375 347.37322998046875 1552.78173828125 632.06005859375 
3 1507.5079345703125 213.87937927246094 1679.219970703125 374.5204772949219 
3 2363.224853515625 127.77452087402344 2427.4482421875 218.27706909179688 
3 2365.375 127.53952026367188 2442.8896484375 224.57122802734375 
606
0 857.8890991210938 511.59619140625 1320.5321044921875 995.642333984375 
2 1274.9818115234375 346.7731018066406 1552.917724609375 632.9918212890625 
3 1507.7774658203125 212.84268188476562 1679.181640625 377.627197265625 
3 2363.02197265625 127.71945190429688 2426.833740234375 217.0408935546875 
607
0 869.1224365234375 510.757080078125 1326.7479248046875 995.8975830078125 
2 1274.353759765625 346.8681640625 1550.823974609375 629.6499633789062 
3 1511.92138671875 210.93663024902344 1678.829833984375 374.08636474609375 
3 2369.083984375 127.87335205078125 2442.507080078125 225.56756591796875 
608
0 878.742431640625 509.50634765625 1334.5560302734375 998.147216796875 
2 1272.1878662109375 347.08416748046875 1549.24853515625 627.1655883789062 
3 1514.384765625 209.5301513671875 1677.3074951171875 393.192138671875 
3 2370.7587890625 127.22518920898438 2442.035400390625 225.775634765625 
609
0 892.8594970703125 509.537353515625 1342.9798583984375 999.0595703125 
2 1271.5927734375 347.25848388671875 1547.7275390625 624.6151123046875 
3 1516.8125 207.83154296875 1674.39208984375 397.07757568359375 
610
0 905.9740600585938 507.16363525390625 1352.21728515625 997.153076171875 
2 1270.8748779296875 346.65234375 1548.819580078125 629.280029296875 
3 1518.5023193359375 206.359130859375 1670.9415283203125 388.2059326171875 
611
0 920.021484375 505.725830078125 1360.8382568359375 995.4237060546875 
2 1269.203125 346.83038330078125 1543.1893310546875 626.9613037109375 
3 1524.4385986328125 205.17074584960938 1669.012451171875 390.8723449707031 
612
0 935.203857421875 502.13751220703125 1369.9085693359375 995.780517578125 
2 1265.94775390625 345.4302062988281 1540.376953125 629.1273193359375 
3 1523.731689453125 202.75103759765625 1665.772705078125 380.5702819824219 
613
0 951.786376953125 501.56976318359375 1380.5008544921875 994.02001953125 
2 1262.4957275390625 345.231689453125 1538.60595703125 630.3497314453125 
3 1524.7545166015625 202.2273406982422 1661.5777587890625 376.8760681152344 
614
0 968.359130859375 500.6004638671875 1388.6982421875 994.169189453125 
2 1258.23046875 345.4361267089844 1535.6837158203125 629.032470703125 
3 1526.148681640625 202.25872802734375 1659.0966796875 376.84844970703125 
615
0 982.09033203125 498.73095703125 1401.1527099609375 994.71826171875 
2 1255.0352783203125 346.0269470214844 1534.109375 627.726318359375 
3 1525.96728515625 201.74412536621094 1658.65234375 371.79974365234375 
616
0 992.4091796875 494.99560546875 1409.8740234375 994.8946533203125 
2 1249.4217529296875 349.01495361328125 1532.5052490234375 625.82373046875 
3 1525.8499755859375 202.5787353515625 1655.904296875 374.0662841796875 
3 2353.722900390625 126.18319702148438 2415.119384765625 211.67189025878906 
617
0 1000.8380126953125 493.7567138671875 1417.27783203125 993.1671142578125 
3 1525.671630859375 201.04443359375 1653.3416748046875 380.1622009277344 
2 1244.2681884765625 350.5089111328125 1530.3221435546875 644.0195922851562 
3 2351.4130859375 126.06036376953125 2413.814208984375 213.234375 
618
0 1008.7177124023438 493.2701416015625 1424.2464599609375 992.1280517578125 
2 1238.7869873046875 353.05419921875 1527.5478515625 643.5257568359375 
3 1525.9295654296875 200.3596649169922 1652.6724853515625 384.3742370605469 
3 2349.9326171875 126.36044311523438 2413.28173828125 213.3307647705078 
619
0 1013.9736938476562 491.92962646484375 1432.162109375 994.1756591796875 
2 1234.4866943359375 355.5142517089844 1525.806640625 638.5789794921875 
3 1525.02587890625 199.39683532714844 1651.2890625 368.95599365234375 
3 2349.59423828125 125.01953125 2414.208740234375 213.87228393554688 
620
2 1229.7218017578125 357.083251953125 1522.845458984375 643.808349609375 
0 1018.792724609375 490.27239990234375 1436.32177734375 992.8927001953125 
3 1524.0355224609375 198.98468017578125 1651.293701171875 371.59381103515625 
3 2349.486083984375 124.35818481445312 2414.225830078125 214.67906188964844 
621
0 1024.6771240234375 489.22430419921875 1439.9774169921875 989.857666015625 
2 1224.004150390625 360.5621337890625 1521.226806640625 643.310546875 
3 1525.3809814453125 198.38189697265625 1651.306884765625 370.2656555175781 
3 2349.128662109375 124.2452392578125 2411.427001953125 215.07357788085938 
622
2 1220.853271484375 362.8628845214844 1520.0718994140625 641.6080322265625 
0 1027.197998046875 487.10528564453125 1444.882080078125 988.781494140625 
3 1525.877197265625 197.65261840820312 1650.71875 365.6773376464844 
3 2349.070556640625 124.35258483886719 2411.50244140625 215.63894653320312 
623
0 1030.009033203125 486.50958251953125 1447.78466796875 988.4638671875 
2 1216.906494140625 364.472900390625 1518.88037109375 639.113037109375 
3 1526.8939208984375 197.80032348632812 1652.4781494140625 368.3426818847656 
3 2348.89306640625 124.41950988769531 2412.583251953125 216.59439086914062 
624
0 1033.518310546875 485.8638916015625 1449.2606201171875 986.53369140625 
2 1213.08154296875 366.12078857421875 1517.962890625 640.3243408203125 
3 1527.6126708984375 197.8357696533203 1654.4447021484375 382.3446044921875 
3 2348.977294921875 124.12443542480469 2414.68115234375 217.3994598388672 
625
0 1034.1490478515625 485.29248046875 1449.3121337890625 982.32470703125 
2 1210.427978515625 366.18280029296875 1514.9117431640625 632.847412109375 
3 1528.724853515625 197.25091552734375 1655.7562255859375 382.58111572265625 
3 2349.75830078125 122.8291015625 2425.4365234375 218.21908569335938 
626
0 1034.9654541015625 483.85382080078125 1448.508056640625 978.6331787109375 
2 1209.6895751953125 366.38348388671875 1516.21337890625 638.3126220703125 
3 1529.779052734375 197.48211669921875 1658.0220947265625 380.1984558105469 
3 2349.230224609375 122.3251953125 2426.705322265625 217.76486206054688 
627
2 1208.775146484375 366.2098388671875 1515.854736328125 638.2860107421875 
0 1035.5565185546875 483.35455322265625 1447.515380859375 977.2437133789062 
3 1533.1612548828125 196.94497680664062 1661.503173828125 378.4252624511719 
3 2348.74609375 122.2569580078125 2427.11669921875 217.42999267578125 
628
0 1035.4892578125 482.39508056640625 1446.206298828125 976.305908203125 
2 1207.5244140625 366.0724792480469 1515.7540283203125 638.5014038085938 
3 1533.0897216796875 196.88818359375 1663.0352783203125 376.2259216308594 
3 2348.503173828125 122.89274597167969 2427.546875 216.99159240722656 
629
0 1034.730712890625 482.7069091796875 1443.8974609375 975.681640625 
2 1206.9237060546875 365.81585693359375 1516.349853515625 640.3757934570312 
3 1534.952880859375 197.039306640625 1665.54931640625 376.4624938964844 
3 2347.9296875 122.05740356445312 2428.365234375 216.00112915039062 
630
0 1033.750732421875 482.54156494140625 1440.8226318359375 974.7616577148438 
2 1207.380859375 364.78265380859375 1515.719482421875 639.981201171875 
3 1535.2972412109375 197.7603302001953 1668.7030029296875 372.7149658203125 
631
0 1030.9375 483.08636474609375 1435.871337890625 975.7332763671875 
2 1207.3804931640625 363.3166809082031 1513.647705078125 640.733642578125 
3 1535.899658203125 197.37725830078125 1672.3739013671875 376.0964660644531 
3 2347.4853515625 122.33779907226562 2428.019775390625 217.10012817382812 
632
0 1028.9439697265625 483.48297119140625 1431.475341796875 975.43310546875 
2 1207.764892578125 361.32501220703125 1512.41845703125 641.1603393554688 
3 1537.3216552734375 198.53717041015625 1676.2044677734375 373.03961181640625 
633
0 1026.5386962890625 483.50030517578125 1427.59619140625 975.1738891601562 
2 1208.292236328125 359.6483154296875 1510.6014404296875 640.3321533203125 
3 1536.9185791015625 197.96751403808594 1680.21044921875 373.33880615234375 
634
0 1023.07080078125 483.149658203125 1422.5418701171875 975.1419067382812 
2 1209.89013671875 358.35919189453125 1509.261474609375 642.0142822265625 
3 1535.9542236328125 197.79681396484375 1685.7366943359375 364.367919921875 
635
0 1019.8485107421875 483.8934326171875 1417.560302734375 974.7158203125 
3 1535.864013671875 197.5103302001953 1689.774169921875 362.3734436035156 
2 1211.5029296875 357.2660827636719 1507.05517578125 638.3816528320312 
636
0 1016.3804931640625 485.132080078125 1411.57958984375 974.0302734375 
3 1534.563232421875 198.16046142578125 1694.725341796875 370.8415222167969 
2 1214.2408447265625 355.8990478515625 1506.2921142578125 642.2626953125 
3 2348.007568359375 122.54512023925781 2424.9521484375 217.30477905273438 
637
0 1011.7360229492188 485.81378173828125 1407.8511962890625 974.2850341796875 
2 1216.9698486328125 354.6285705566406 1504.092041015625 636.5420532226562 
3 1533.5682373046875 198.51075744628906 1696.9114990234375 370.4526062011719 
3 2346.392333984375 121.98562622070312 2423.47314453125 216.89834594726562 
638
0 1006.4097900390625 486.22808837890625 1400.8858642578125 975.2320556640625 
2 1221.442626953125 352.2950134277344 1504.4952392578125 634.6431884765625 
3 1533.81640625 198.2998046875 1701.6239013671875 363.48480224609375 
3 2345.26611328125 122.65505981445312 2417.9619140625 216.15359497070312 
639
0 999.134521484375 487.205078125 1395.150146484375 975.4569091796875 
2 1224.4561767578125 348.30267333984375 1509.10205078125 637.2744140625 
3 1532.609619140625 198.40264892578125 1704.3753662109375 361.9605712890625 
3 2344.463134765625 122.35665893554688 2416.49609375 214.517333984375 
640
0 991.1519165039062 487.001953125 1391.520263671875 975.459228515625 
3 1531.2291259765625 198.1457977294922 1706.7353515625 366.026123046875 
2 1228.3609619140625 345.8789367675781 1505.999267578125 636.0740966796875 
3 2342.97802734375 122.64872741699219 2411.423583984375 211.47830200195312 
3 1271.9713134765625 0.10280609130859375 1298.1728515625 66.45681762695312 
641
0 986.40234375 488.66680908203125 1386.641845703125 975.604736328125 
3 1530.982421875 199.41921997070312 1708.485107421875 366.4294738769531 
2 1235.69580078125 342.4453125 1503.6007080078125 635.525390625 
3 2343.0185546875 122.630615234375 2410.0048828125 210.3006591796875 
642
0 980.2716064453125 489.1983642578125 1378.036865234375 974.84423828125 
3 1530.732666015625 200.25877380371094 1710.726318359375 366.1822509765625 
2 1240.1416015625 339.5467224121094 1507.503173828125 634.4471435546875 
3 2340.1328125 122.01986694335938 2406.328857421875 209.3737335205078 
3 2371.53662109375 140.13790893554688 2422.56591796875 220.73403930664062 
643
0 974.5865478515625 490.239501953125 1373.69091796875 975.0125732421875 
3 1529.4747314453125 201.643798828125 1712.282470703125 359.92132568359375 
2 1248.05322265625 334.0672607421875 1505.66015625 632.4468994140625 
3 2338.333251953125 121.4486083984375 2407.892333984375 209.49407958984375 
3 2357.3095703125 142.3924102783203 2420.564453125 220.1363525390625 
644
0 968.0869750976562 490.9197998046875 1368.550048828125 975.0594482421875 
3 1527.7689208984375 202.94932556152344 1711.686767578125 355.4107666015625 
2 1257.240234375 331.448486328125 1502.05419921875 629.7820434570312 
3 2336.559814453125 121.33096313476562 2407.77587890625 210.0989990234375 
3 2359.031982421875 142.5087890625 2418.751953125 219.7086944580078 
645
0 962.6583862304688 490.494873046875 1361.910888671875 975.1900634765625 
3 1527.3031005859375 204.02676391601562 1711.427490234375 354.485107421875 
2 1262.8485107421875 327.6930236816406 1502.0792236328125 629.80224609375 
3 2336.52099609375 121.12277221679688 2406.291748046875 209.59600830078125 
3 2358.529541015625 141.3990478515625 2417.882568359375 218.94276428222656 
646
0 955.9447021484375 490.8514404296875 1357.4024658203125 976.2738037109375 
3 1526.76171875 204.35731506347656 1711.7767333984375 354.228515625 
2 1271.4984130859375 323.63092041015625 1504.0113525390625 633.2640380859375 
3 2336.266845703125 121.43693542480469 2400.115966796875 209.18576049804688 
3 2354.81884765625 140.41552734375 2415.811767578125 218.1491241455078 
647
0 949.4257202148438 491.8072509765625 1352.3636474609375 975.7730102539062 
3 1526.1837158203125 204.60610961914062 1712.6082763671875 354.5484924316406 
2 1279.476318359375 321.289794921875 1504.6414794921875 632.3790283203125 
3 2335.244140625 120.2841796875 2400.895751953125 209.5446319580078 
3 2354.1015625 139.02325439453125 2414.707763671875 217.8651123046875 
648
0 943.359619140625 493.2469482421875 1346.087158203125 975.4671630859375 
3 1526.0220947265625 204.5093994140625 1712.886474609375 353.91143798828125 
2 1285.771728515625 318.9716796875 1502.089111328125 629.37255859375 
3 2335.04736328125 121.04530334472656 2401.939208984375 209.47805786132812 
3 2355.150634765625 135.8992156982422 2414.478515625 217.67803955078125 
649
0 938.4696655273438 494.08685302734375 1341.4532470703125 975.1859741210938 
3 1526.8848876953125 204.8741455078125 1711.5140380859375 358.68487548828125 
3 2334.444091796875 120.7274169921875 2400.26611328125 209.44036865234375 
3 2356.771728515625 136.27520751953125 2414.1396484375 217.8051300048828 
2 1293.3353271484375 314.71820068359375 1505.4549560546875 629.4580688476562 
2 1164.7518310546875 314.6811828613281 1508.185546875 641.5258178710938 
650
0 935.8396606445312 495.015380859375 1337.6419677734375 974.9781494140625 
3 1525.9423828125 204.93357849121094 1711.7357177734375 362.0721130371094 
2 1180.282470703125 311.2101745605469 1508.2706298828125 649.4564208984375 
3 2333.23828125 119.7021484375 2396.65185546875 209.22604370117188 
3 2356.5849609375 130.97299194335938 2414.4091796875 217.6552734375 
651
3 1523.845458984375 204.64381408691406 1712.96826171875 373.4560546875 
0 931.1660766601562 495.3212890625 1332.4849853515625 975.2564697265625 
2 1195.79541015625 308.3598937988281 1510.99951171875 648.991455078125 
3 2332.966796875 119.36366271972656 2398.3349609375 209.84756469726562 
3 2351.972900390625 137.86715698242188 2412.578125 217.80458068847656 
652
0 928.6450805664062 495.3804931640625 1327.5859375 975.3758544921875 
3 1524.9019775390625 204.526611328125 1715.066650390625 376.7257995605469 
2 1213.56005859375 305.40899658203125 1512.0118408203125 647.387939453125 
3 2332.5283203125 119.7392578125 2400.187744140625 210.3786163330078 
653
0 927.7825927734375 495.04052734375 1324.8165283203125 975.7369995117188 
3 1525.296630859375 204.8044891357422 1716.559326171875 368.79583740234375 
2 1230.24267578125 300.4264831542969 1514.463623046875 634.5586547851562 
3 2332.255615234375 120.83270263671875 2396.208740234375 210.23565673828125 
654
0 925.8986206054688 494.2320556640625 1322.654541015625 976.8259887695312 
3 1523.6573486328125 205.41531372070312 1720.011474609375 363.6162414550781 
2 1321.000732421875 299.53515625 1516.2322998046875 627.96337890625 
3 2331.6259765625 119.92866516113281 2392.23779296875 208.22775268554688 
3 2339.18994140625 119.68902587890625 2409.13671875 217.11572265625 
655
0 924.1123657226562 494.37139892578125 1320.241943359375 977.9801635742188 
3 1522.7835693359375 206.2060546875 1720.4891357421875 359.3733215332031 
2 1325.751708984375 298.62823486328125 1518.50634765625 626.821044921875 
3 2330.65625 119.58958435058594 2388.28662109375 208.31094360351562 
3 2352.6728515625 134.36619567871094 2410.006103515625 217.7679443359375 
656
0 923.866943359375 495.01617431640625 1319.323974609375 979.0986938476562 
3 1522.3604736328125 206.32373046875 1720.3382568359375 360.51654052734375 
2 1327.9111328125 296.9851989746094 1521.715576171875 623.6978149414062 
3 2328.85791015625 119.24081420898438 2385.758056640625 206.9500732421875 
3 2350.060791015625 134.68283081054688 2408.76171875 217.47340393066406 
3 2347.05615234375 127.53466796875 2408.64599609375 216.97103881835938 
657
0 924.078125 495.5985107421875 1319.3900146484375 981.1051025390625 
3 1519.78271484375 207.2451629638672 1721.9632568359375 365.9496765136719 
2 1330.690185546875 295.7754821777344 1524.03515625 620.9432983398438 
3 2327.013916015625 118.82882690429688 2388.404052734375 207.7555694580078 
3 2349.364013671875 140.14492797851562 2407.673095703125 217.28778076171875 
658
0 925.6552124023438 495.39404296875 1319.03466796875 982.75830078125 
3 1518.4376220703125 208.40496826171875 1723.325439453125 368.768798828125 
2 1329.721923828125 294.50726318359375 1527.11572265625 619.20361328125 
3 2327.0126953125 119.45626831054688 2386.046142578125 207.55023193359375 
659
3 1517.27978515625 208.91021728515625 1723.9552001953125 366.626220703125 
0 929.072021484375 494.36199951171875 1321.56591796875 984.910888671875 
2 1330.011962890625 294.27685546875 1529.799560546875 619.57373046875 
3 2325.936767578125 118.41317749023438 2385.071533203125 206.79139709472656 
3 1683.346923828125 60.40257263183594 1712.2633056640625 126.00254821777344 
3 2349.451904296875 123.48049926757812 2405.372314453125 215.71670532226562 
660
3 1516.36767578125 209.39645385742188 1723.945556640625 367.9530029296875 
0 930.1297607421875 492.578857421875 1325.42138671875 986.140869140625 
2 1329.6109619140625 294.2591247558594 1532.4844970703125 619.5941772460938 
3 2325.582763671875 117.72259521484375 2385.4248046875 206.3837127685547 
3 1683.3978271484375 60.03044128417969 1711.81884765625 122.26173400878906 
3 2347.99658203125 121.79574584960938 2404.880615234375 215.05841064453125 
661
0 935.8885498046875 492.554443359375 1329.11376953125 981.07470703125 
3 1515.7965087890625 209.76531982421875 1725.375244140625 371.26861572265625 
2 1330.2713623046875 294.3989562988281 1535.115478515625 621.6443481445312 
3 2323.599853515625 117.23776245117188 2383.600341796875 205.9569549560547 
3 1683.4168701171875 60.257965087890625 1711.804931640625 120.52308654785156 
3 2345.77880859375 120.80894470214844 2404.15478515625 215.09494018554688 
662
0 941.0633544921875 490.9656982421875 1335.7435302734375 984.660888671875 
3 1514.8721923828125 209.68527221679688 1723.48876953125 370.97637939453125 
2 1179.7730712890625 294.3755187988281 1538.5386962890625 641.8748779296875 
3 2322.396240234375 117.03518676757812 2384.348876953125 206.1654052734375 
3 2343.40283203125 119.66896057128906 2403.912109375 215.15484619140625 
3 1683.08837890625 60.920631408691406 1711.585205078125 118.72474670410156 
663
0 949.7529907226562 489.3134765625 1337.6722412109375 983.0667724609375 
2 1182.9959716796875 295.94512939453125 1540.8204345703125 642.8985595703125 
3 1515.85693359375 209.10205078125 1720.3465576171875 360.9455261230469 
3 1515.4393310546875 209.5255889892578 1719.82763671875 365.8826599121094 
3 2321.252685546875 117.05586242675781 2386.073974609375 206.05801391601562 
664
0 957.78271484375 489.31646728515625 1339.459716796875 982.385986328125 
2 1242.462646484375 296.149658203125 1544.128173828125 643.165771484375 
3 1514.7239990234375 209.6356201171875 1716.89990234375 362.19134521484375 
3 2321.009033203125 119.4117431640625 2383.89697265625 205.676025390625 
665
0 965.575439453125 488.920166015625 1341.4796142578125 983.647705078125 
3 1514.6785888671875 209.6263427734375 1714.6513671875 361.03173828125 
2 1318.364990234375 299.802001953125 1547.2216796875 609.0665893554688 
3 2321.00390625 122.2781982421875 2378.82421875 205.91322326660156 
666
2 1315.2781982421875 305.29779052734375 1550.0491943359375 612.27294921875 
3 1514.8408203125 209.7439727783203 1710.1864013671875 359.89532470703125 
0 973.7910766601562 488.63140869140625 1346.277099609375 983.2822265625 
0 973.3499755859375 488.2376708984375 1346.293701171875 983.6575927734375 
3 2321.1005859375 122.03598022460938 2379.192626953125 205.68240356445312 
667
2 1311.10595703125 310.8578796386719 1551.27490234375 611.0439453125 
3 1514.55029296875 209.67994689941406 1708.0274658203125 358.07354736328125 
0 981.693115234375 487.5616455078125 1352.1448974609375 985.8992309570312 
3 2321.325439453125 121.26802062988281 2379.887939453125 205.56246948242188 
668
0 988.576904296875 486.0660400390625 1356.69921875 985.4925537109375 
2 1307.01708984375 312.6024169921875 1554.58837890625 629.4126586914062 
3 1515.0853271484375 209.46163940429688 1708.243408203125 358.2763671875 
3 2321.60888671875 118.75656127929688 2381.35009765625 205.6159210205078 
669
0 997.29541015625 484.5357666015625 1361.1004638671875 984.649169921875 
2 1302.754150390625 316.2111511230469 1555.4674072265625 632.1492309570312 
3 1515.196533203125 209.5145721435547 1707.7567138671875 356.40252685546875 
3 2320.92626953125 118.96832275390625 2380.94384765625 205.70977783203125 
670
2 1300.149169921875 318.65472412109375 1557.0787353515625 632.8959350585938 
0 1004.8400268554688 483.7052001953125 1367.5791015625 983.5867309570312 
3 1516.4835205078125 209.4144287109375 1706.865966796875 351.93939208984375 
3 2320.66943359375 120.47329711914062 2380.2255859375 205.30702209472656 
671
0 1014.07080078125 482.98486328125 1373.3218994140625 982.6495361328125 
2 1297.163330078125 320.3233642578125 1558.4693603515625 631.9431762695312 
3 1516.4696044921875 209.21847534179688 1705.508544921875 350.54180908203125 
3 2320.5263671875 122.48886108398438 2378.846923828125 205.43212890625 
672
2 1295.8048095703125 322.405517578125 1559.073486328125 631.690673828125 
0 1023.121826171875 482.06329345703125 1377.95556640625 981.9866333007812 
3 1517.0440673828125 209.32252502441406 1704.8033447265625 351.3155517578125 
3 2320.7626953125 121.98484802246094 2379.396484375 205.33316040039062 
673
2 1294.283935546875 324.3094177246094 1560.310791015625 631.9598999023438 
0 1032.1064453125 481.8209228515625 1381.6356201171875 982.546142578125 
3 1518.4365234375 209.63290405273438 1702.49267578125 348.1764831542969 
3 2320.619140625 122.78421020507812 2379.143798828125 205.2556915283203 
674
2 1291.7921142578125 326.2366027832031 1560.4775390625 631.8553466796875 
0 1040.5135498046875 480.4947509765625 1386.30859375 983.4097900390625 
3 1518.7103271484375 209.51467895507812 1700.8055419921875 348.4507751464844 
3 2320.580322265625 123.5240478515625 2378.30615234375 205.26068115234375 
675
0 1048.55224609375 479.91827392578125 1389.0682373046875 983.34423828125 
2 1290.1627197265625 328.5037841796875 1560.8192138671875 632.0283203125 
3 1520.236328125 209.42849731445312 1697.866943359375 348.0213317871094 
3 2320.550537109375 123.44784545898438 2378.18798828125 205.3475799560547 
676
0 1056.361083984375 478.30999755859375 1392.021240234375 983.6553955078125 
2 1289.7730712890625 330.62957763671875 1560.9781494140625 631.689208984375 
3 1520.0618896484375 209.6268768310547 1698.6805419921875 344.8372802734375 
3 2320.81494140625 122.12802124023438 2379.602783203125 205.24307250976562 
677
2 1288.8135986328125 331.7214050292969 1561.696044921875 632.421142578125 
0 1063.9779052734375 477.03759765625 1394.41796875 985.4927978515625 
3 1519.9090576171875 209.5532684326172 1694.67919921875 343.9379577636719 
3 2321.05908203125 117.88511657714844 2383.3642578125 205.12477111816406 
678
0 1071.228515625 475.7640380859375 1398.589111328125 987.6952514648438 
2 1288.0125732421875 332.0018005371094 1562.3919677734375 631.3112182617188 
3 1519.2845458984375 209.2657470703125 1692.167236328125 346.5513916015625 
3 2321.330810546875 117.314208984375 2382.2236328125 205.56634521484375 
3 2341.952392578125 120.142333984375 2403.35205078125 215.31446838378906 
679
2 1288.5380859375 333.1348571777344 1564.2962646484375 631.5655517578125 
0 1080.23046875 475.04119873046875 1404.761962890625 989.6087646484375 
3 1518.2706298828125 209.65380859375 1689.955078125 348.29248046875 
3 2321.598876953125 117.0626220703125 2384.39697265625 205.97735595703125 
3 2342.6083984375 120.15814208984375 2403.827392578125 215.3335418701172 
680
0 1089.5557861328125 473.52642822265625 1407.2027587890625 989.595458984375 
3 1517.65478515625 209.6472625732422 1688.79150390625 348.96923828125 
2 1287.6295166015625 333.1101379394531 1563.989501953125 630.5427856445312 
3 2322.00390625 117.2677001953125 2384.7626953125 206.2634735107422 
2 1288.353515625 333.4007873535156 1563.978271484375 631.5828857421875 
3 2343.389892578125 121.55819702148438 2404.185302734375 215.60020446777344 
681
2 1288.02587890625 334.09393310546875 1563.0938720703125 630.2954711914062 
0 1098.23046875 473.074462890625 1411.24755859375 989.098388671875 
3 1517.3109130859375 209.98553466796875 1686.138427734375 350.70074462890625 
3 2322.364013671875 117.37347412109375 2384.55224609375 206.01333618164062 
3 2343.412841796875 122.82562255859375 2404.339111328125 215.39385986328125 
3 1683.24072265625 60.112403869628906 1711.0377197265625 119.75691223144531 
682
0 1107.645751953125 472.9339294433594 1415.38134765625 988.3319091796875 
2 1287.865234375 334.68804931640625 1562.4547119140625 631.298583984375 
3 1516.903564453125 210.105224609375 1685.8543701171875 358.13360595703125 
3 2323.21337890625 117.62530517578125 2385.50048828125 206.31980895996094 
3 2343.76171875 122.98590087890625 2404.587890625 215.6124267578125 
3 1683.434814453125 59.80354309082031 1711.12744140625 120.81913757324219 
683
0 1116.4351806640625 472.6396484375 1418.782958984375 987.4891967773438 
2 1287.898681640625 335.38177490234375 1562.0556640625 631.1607055664062 
3 1516.59033203125 210.4607391357422 1684.6429443359375 360.8837890625 
3 2324.56787109375 118.13575744628906 2386.06640625 206.50692749023438 
3 1683.7734375 59.71741485595703 1711.5748291015625 122.24807739257812 
3 2347.1904296875 125.6702880859375 2405.087158203125 215.68804931640625 
684
0 1123.98291015625 472.0372009277344 1422.238037109375 987.6427612304688 
2 1288.1654052734375 335.88616943359375 1562.0712890625 630.0092163085938 
3 1515.9139404296875 211.0287628173828 1682.5068359375 361.7892761230469 
3 2325.70751953125 118.80526733398438 2385.75439453125 207.30218505859375 
3 1683.775390625 60.01611328125 1712.311279296875 124.06048583984375 
685
0 1123.7833251953125 470.62542724609375 1423.923095703125 988.2535400390625 
2 1288.3502197265625 336.60009765625 1562.0367431640625 631.298828125 
3 1515.245361328125 210.994384765625 1681.20751953125 364.8564758300781 
3 2326.0009765625 119.61044311523438 2384.722900390625 206.37472534179688 
3 1683.9891357421875 59.85075378417969 1712.6102294921875 126.01644897460938 
686
2 1288.6993408203125 337.44207763671875 1562.5845947265625 632.0806884765625 
0 1124.8797607421875 470.408935546875 1426.0546875 988.7860107421875 
3 1515.659912109375 210.77212524414062 1681.624267578125 367.036865234375 
3 2327.2451171875 119.84234619140625 2385.912841796875 207.1395721435547 
687
0 1121.325927734375 471.16082763671875 1428.7921142578125 989.3817138671875 
2 1288.5869140625 338.5152282714844 1562.97216796875 632.1553344726562 
3 1515.56396484375 210.84097290039062 1679.3544921875 368.4468078613281 
3 2327.726806640625 119.45761108398438 2386.05029296875 207.25985717773438 
688
0 1128.7034912109375 471.4874572753906 1429.9334716796875 989.3006591796875 
2 1288.6710205078125 340.264404296875 1564.03369140625 631.14990234375 
3 1516.0794677734375 210.65443420410156 1677.8179931640625 372.6065979003906 
3 2327.821044921875 120.05061340332031 2384.678466796875 207.1346435546875 
3 2349.525634765625 126.486572265625 2407.212646484375 216.78082275390625 
689
0 1125.566650390625 472.9278564453125 1433.443115234375 989.3436279296875 
3 1516.1162109375 210.21127319335938 1678.178955078125 373.3741149902344 
2 1289.054443359375 341.2897644042969 1564.4727783203125 630.7258911132812 
3 2327.02685546875 120.04716491699219 2384.505126953125 206.87806701660156 
690
0 1121.013916015625 472.5287780761719 1434.8955078125 989.443359375 
3 1515.9461669921875 209.93304443359375 1677.212158203125 380.5674133300781 
2 1289.1998291015625 341.2384338378906 1564.6488037109375 630.9730224609375 
3 2327.1748046875 119.6800537109375 2384.731689453125 207.14712524414062 
3 2348.479736328125 139.637939453125 2407.616455078125 216.90542602539062 
691
0 1118.8310546875 472.8357238769531 1435.7574462890625 989.5726318359375 
3 1515.5831298828125 210.125 1675.1097412109375 383.58416748046875 
2 1289.08740234375 340.6533203125 1564.757568359375 630.8040771484375 
3 2327.373291015625 119.97921752929688 2383.64697265625 206.86862182617188 
3 2346.07958984375 124.39382934570312 2407.839599609375 216.8240966796875 
3 1289.858154296875 341.458984375 1562.1229248046875 566.1632690429688 
692
0 1118.21826171875 472.6310119628906 1436.6328125 989.7176513671875 
3 1515.0487060546875 210.33364868164062 1675.5384521484375 379.8211669921875 
2 1289.1734619140625 340.4703369140625 1564.4759521484375 631.7154541015625 
3 2327.616455078125 119.70552062988281 2383.545166015625 207.39295959472656 
3 2347.1357421875 124.99916076660156 2407.987060546875 217.0674285888672 
693
0 1118.411865234375 472.6073913574219 1436.6240234375 989.476318359375 
2 1288.954833984375 340.1359558105469 1564.0101318359375 631.6632080078125 
3 1515.060546875 210.19192504882812 1675.198486328125 382.5267333984375 
3 2326.2080078125 119.87429809570312 2384.156005859375 206.94622802734375 
3 2348.27294921875 136.760009765625 2407.8671875 217.10829162597656 
694
0 1118.3599853515625 472.8086242675781 1436.3958740234375 989.2486572265625 
2 1289.2127685546875 339.7974853515625 1563.2335205078125 631.3985595703125 
3 1514.999755859375 209.91488647460938 1674.9613037109375 383.7649230957031 
3 2326.6201171875 119.91436767578125 2383.74560546875 207.3502960205078 
3 2346.6787109375 125.18751525878906 2407.82568359375 217.09075927734375 
695
0 1118.37353515625 474.4378662109375 1435.5338134765625 989.0025634765625 
2 1289.19384765625 340.64007568359375 1562.3338623046875 631.806396484375 
3 1514.5745849609375 209.56259155273438 1675.199462890625 379.79241943359375 
3 2326.93701171875 120.08670043945312 2383.50244140625 207.12391662597656 
3 2347.0224609375 123.22105407714844 2407.49951171875 217.08914184570312 
696
2 1288.8948974609375 339.6572265625 1561.5015869140625 632.0645141601562 
0 1119.603759765625 474.9130859375 1434.8951416015625 989.0362548828125 
3 1515.216796875 208.39683532714844 1675.856689453125 379.09564208984375 
3 2327.26708984375 119.89578247070312 2383.412841796875 207.21156311035156 
3 2347.02099609375 122.82698059082031 2407.653564453125 217.1482391357422 
697
2 1289.257568359375 339.0937194824219 1559.5372314453125 630.9263305664062 
0 1120.762939453125 476.1109619140625 1434.2435302734375 988.6990966796875 
3 1514.8428955078125 206.6138458251953 1675.750732421875 377.84112548828125 
3 2326.333984375 119.81524658203125 2383.20361328125 207.01808166503906 
3 2345.51171875 121.82633972167969 2407.849853515625 216.71261596679688 
698
2 1289.921875 338.0552062988281 1557.438232421875 631.8049926757812 
3 1515.128662109375 203.14581298828125 1675.535888671875 375.5101318359375 
0 1126.5247802734375 476.8922119140625 1434.2669677734375 988.64501953125 
3 2326.5009765625 119.45964050292969 2384.190673828125 206.92710876464844 
3 2345.730712890625 124.01762390136719 2407.79443359375 216.62631225585938 
699
2 1289.41552734375 337.66607666015625 1556.096923828125 632.6390991210938 
3 1515.485595703125 198.23971557617188 1675.349365234375 377.2295227050781 
0 1127.9111328125 477.1217041015625 1434.084716796875 989.00634765625 
3 2326.701171875 119.51457214355469 2384.689208984375 206.95916748046875 
3 2346.732421875 124.28868103027344 2407.766357421875 216.7460174560547 
700
2 1288.4818115234375 337.5216979980469 1554.084228515625 633.146728515625 
3 1515.438232421875 196.54176330566406 1675.629150390625 371.4417724609375 
0 1125.74169921875 478.3641357421875 1433.861328125 988.885009765625 
3 2327.236328125 119.87350463867188 2384.88818359375 207.16751098632812 
3 2350.206298828125 124.98374938964844 2407.281005859375 216.69564819335938 
701
2 1286.1749267578125 338.7356872558594 1550.6812744140625 630.4456787109375 
3 1515.95947265625 196.17466735839844 1674.7947998046875 371.88018798828125 
0 1135.9193115234375 478.62921142578125 1433.1688232421875 989.136962890625 
3 2326.58642578125 119.86198425292969 2383.74169921875 206.60366821289062 
3 2346.099609375 125.16586303710938 2406.461181640625 216.51004028320312 
702
2 1281.997802734375 339.6160888671875 1547.9293212890625 629.905517578125 
0 1137.169189453125 478.9185791015625 1432.4427490234375 989.034912109375 
3 1516.4156494140625 194.76510620117188 1674.5230712890625 372.7030029296875 
3 2326.680908203125 119.97650146484375 2383.30615234375 206.6750030517578 
3 1684.2227783203125 59.861907958984375 1714.0096435546875 127.26274108886719 
703
2 1277.9627685546875 341.6347351074219 1545.6334228515625 632.163818359375 
3 1515.9100341796875 194.46200561523438 1675.667724609375 371.57763671875 
0 1122.0390625 478.845703125 1431.6405029296875 989.40771484375 
3 2326.185791015625 120.33584594726562 2381.814453125 206.83267211914062 
3 1683.9569091796875 59.84190368652344 1713.8375244140625 126.39556884765625 
3 2348.65869140625 123.21444702148438 2405.440185546875 216.50180053710938 
704
2 1271.253173828125 343.78814697265625 1543.5653076171875 631.8803100585938 
0 1118.3492431640625 478.80316162109375 1430.137939453125 988.8388671875 
3 1515.1700439453125 193.115478515625 1686.435546875 367.4703369140625 
3 2325.47265625 119.47134399414062 2382.19384765625 207.17312622070312 
3 2348.166748046875 125.16908264160156 2405.125732421875 216.461181640625 
3 1683.845947265625 59.814979553222656 1713.86279296875 125.61422729492188 
705
2 1262.56298828125 346.94189453125 1539.7872314453125 630.7371826171875 
0 1117.52685546875 478.8365478515625 1428.582275390625 988.626220703125 
3 1514.2523193359375 191.90882873535156 1694.8648681640625 365.60064697265625 
3 2323.1875 117.68447875976562 2382.7373046875 206.48423767089844 
3 2344.9453125 123.61038208007812 2404.3564453125 215.60975646972656 
3 1683.396484375 59.48394012451172 1712.197998046875 122.37664794921875 
706
2 1255.365234375 351.0697021484375 1537.61328125 630.5840454101562 
0 1117.8875732421875 478.65380859375 1426.8387451171875 988.46923828125 
3 1514.7125244140625 191.92227172851562 1701.0057373046875 363.6446838378906 
3 2322.351318359375 117.18832397460938 2381.58544921875 206.53781127929688 
3 2343.820068359375 121.61541748046875 2404.067626953125 215.41683959960938 
3 1682.8885498046875 60.39640808105469 1711.2811279296875 120.42030334472656 
707
2 1244.462646484375 355.4275207519531 1530.140380859375 626.1514892578125 
0 1119.5277099609375 478.4420166015625 1425.2147216796875 988.5023193359375 
3 1515.273681640625 194.5012969970703 1698.46826171875 364.04425048828125 
3 2321.430419921875 117.30097961425781 2381.941650390625 206.60394287109375 
3 2343.03271484375 120.19224548339844 2403.494384765625 215.61309814453125 
708
2 1235.03369140625 359.6109924316406 1527.6646728515625 631.2893676757812 
0 1122.6170654296875 479.37689208984375 1423.154296875 988.0928955078125 
3 1515.4010009765625 195.21255493164062 1693.64794921875 368.5750732421875 
3 2320.699462890625 118.52395629882812 2379.072998046875 206.1341552734375 
3 2341.787841796875 120.67970275878906 2402.36279296875 216.186279296875 
709
2 1225.6485595703125 363.73455810546875 1534.832275390625 631.3343505859375 
0 1122.4400634765625 479.87939453125 1422.3419189453125 988.1917724609375 
3 1515.0191650390625 193.90936279296875 1720.970947265625 373.4939880371094 
3 2320.509521484375 119.71463012695312 2379.43212890625 205.11285400390625 
710
2 1217.145751953125 367.3028564453125 1537.485107421875 631.1273803710938 
0 1118.626953125 479.39532470703125 1421.8717041015625 986.76318359375 
3 1513.380859375 196.17178344726562 1720.22607421875 373.4224853515625 
3 2321.00390625 118.00418090820312 2381.916015625 205.39804077148438 
3 1679.345947265625 58.96258544921875 1708.9991455078125 126.66831970214844 
711
2 1208.73876953125 372.52142333984375 1510.65283203125 629.6102294921875 
0 1115.5599365234375 480.56500244140625 1419.9149169921875 987.1435546875 
3 1512.8992919921875 199.23109436035156 1696.016357421875 370.8843078613281 
3 1679.1751708984375 58.24835205078125 1708.5528564453125 124.23126220703125 
3 2321.285888671875 118.07051086425781 2382.390380859375 205.61402893066406 
3 1513.3267822265625 197.40655517578125 1730.02685546875 369.93511962890625 
712
2 1199.821533203125 374.6187744140625 1536.842041015625 629.0299682617188 
0 1118.155517578125 480.8603515625 1418.1707763671875 987.7442016601562 
3 1513.0736083984375 199.458251953125 1693.8016357421875 370.9705810546875 
3 2319.585693359375 117.51664733886719 2381.923828125 205.70518493652344 
3 2349.101318359375 127.77420043945312 2400.396728515625 215.2005157470703 
3 1678.50634765625 58.30023193359375 1707.9840087890625 121.08732604980469 
713
2 1192.8345947265625 378.926513671875 1526.197998046875 626.3892211914062 
0 1120.9844970703125 481.571533203125 1416.962890625 988.767333984375 
3 1511.9798583984375 199.95355224609375 1731.4432373046875 372.903076171875 
3 2318.784423828125 116.39724731445312 2381.88330078125 206.55242919921875 
3 2346.938720703125 124.92828369140625 2398.96533203125 214.78956604003906 
714
2 1186.849853515625 380.2474060058594 1495.9736328125 623.053466796875 
0 1123.8250732421875 481.5478515625 1416.3946533203125 987.408203125 
3 1512.3515625 202.19747924804688 1727.9866943359375 373.08404541015625 
3 2319.16064453125 115.8455810546875 2383.845947265625 207.21243286132812 
3 2347.34326171875 124.58126831054688 2398.62841796875 214.85031127929688 
715
2 1179.60498046875 381.8727722167969 1492.4056396484375 623.7425537109375 
3 1511.86572265625 203.22262573242188 1732.835693359375 373.0451354980469 
0 1113.4481201171875 481.936279296875 1415.251220703125 989.534912109375 
3 2319.370849609375 115.96347045898438 2381.8447265625 206.42510986328125 
3 2348.07958984375 125.08387756347656 2398.689208984375 214.84820556640625 
716
2 1174.705810546875 383.0990905761719 1490.25732421875 627.6736450195312 
3 2318.552001953125 115.1690673828125 2382.518310546875 205.421875 
3 2347.7255859375 126.10966491699219 2398.679931640625 214.76434326171875 
3 1511.6572265625 204.57888793945312 1729.293212890625 373.0018615722656 
3 1511.3302001953125 204.7790069580078 1727.728759765625 372.8431091308594 
0 1114.436767578125 480.85797119140625 1414.858642578125 989.320068359375 
717
2 1169.5804443359375 384.0330810546875 1486.375 625.197265625 
3 1511.1455078125 205.44259643554688 1722.4285888671875 371.9864807128906 
0 1116.4619140625 479.902587890625 1411.838623046875 989.02685546875 
3 1676.1256103515625 57.20178985595703 1706.4508056640625 130.21966552734375 
3 2318.780029296875 114.80343627929688 2382.227783203125 205.7090606689453 
3 2348.042724609375 126.24607849121094 2398.3447265625 214.76849365234375 
3 2322.9765625 115.46846008300781 2381.326904296875 191.27474975585938 
718
3 1510.58984375 205.44406127929688 1713.5267333984375 370.2410583496094 
2 1165.753173828125 390.6136474609375 1482.8651123046875 621.588134765625 
0 1119.4752197265625 478.4180908203125 1410.68408203125 987.9729614257812 
3 2317.7001953125 114.57466125488281 2381.671142578125 204.33123779296875 
3 2347.58447265625 127.24479675292969 2397.837158203125 214.45289611816406 
3 1675.7960205078125 56.88165283203125 1705.438232421875 127.16667175292969 
719
3 1510.10498046875 205.32220458984375 1707.0950927734375 371.3765563964844 
0 1116.32421875 476.6810302734375 1410.61865234375 987.3214111328125 
2 1161.631103515625 390.43695068359375 1480.8216552734375 620.287109375 
3 2317.192626953125 114.36679077148438 2381.915771484375 204.43399047851562 
3 2346.097900390625 129.40760803222656 2397.527587890625 214.48434448242188 
3 1675.49072265625 56.80048370361328 1704.89501953125 125.677978515625 
720
3 1509.246826171875 205.72003173828125 1700.0557861328125 370.168701171875 
0 1116.55419921875 479.3028564453125 1410.488525390625 986.7139892578125 
3 2317.11376953125 114.40032958984375 2382.333984375 204.58973693847656 
2 1157.6907958984375 390.5691223144531 1480.247802734375 622.367431640625 
3 2345.76904296875 131.50357055664062 2397.007080078125 214.79788208007812 
3 1675.2596435546875 56.89695739746094 1704.1466064453125 124.47286987304688 
721
3 1508.5860595703125 206.6885986328125 1687.3172607421875 372.28033447265625 
0 1114.990234375 480.4976806640625 1410.2882080078125 986.5406494140625 
2 1157.48095703125 392.2906494140625 1480.3756103515625 622.5682983398438 
3 2316.7392578125 114.46318054199219 2382.210693359375 204.2422637939453 
3 2344.23388671875 131.32403564453125 2396.504638671875 214.97325134277344 
722
2 1155.589111328125 388.8641357421875 1479.39306640625 620.60888671875 
3 1508.7730712890625 207.39697265625 1683.33203125 372.490478515625 
0 1114.6585693359375 480.62127685546875 1409.994384765625 986.771728515625 
3 2316.85693359375 114.13728332519531 2382.1884765625 203.70419311523438 
3 2345.165283203125 130.4544677734375 2396.323974609375 215.21051025390625 
723
3 1508.4598388671875 208.53219604492188 1678.7435302734375 372.77044677734375 
2 1155.660888671875 390.7137145996094 1476.771240234375 618.39501953125 
0 1114.7740478515625 481.61639404296875 1409.172607421875 986.8926391601562 
3 2318.286376953125 114.49658203125 2379.81884765625 203.36837768554688 
3 2343.196533203125 129.06301879882812 2396.25927734375 215.09906005859375 
724
2 1155.9412841796875 391.594482421875 1473.7196044921875 615.4550170898438 
3 1508.47607421875 209.62815856933594 1676.0155029296875 372.84918212890625 
0 1114.75146484375 481.490234375 1408.420166015625 986.9727783203125 
3 2318.572998046875 114.37344360351562 2380.871826171875 202.62326049804688 
3 2342.96826171875 129.51205444335938 2395.90380859375 215.0933837890625 
725
2 1157.0599365234375 393.49957275390625 1469.9166259765625 613.7866821289062 
3 1507.9351806640625 209.96595764160156 1673.6419677734375 371.6971435546875 
0 1116.294189453125 481.36334228515625 1408.4681396484375 987.6089477539062 
3 2342.730224609375 129.576904296875 2395.63671875 215.00274658203125 
3 2315.977783203125 115.05368041992188 2377.187255859375 205.28952026367188 
726
3 1507.7105712890625 210.47471618652344 1671.1387939453125 370.3734130859375 
2 1158.200439453125 394.3837890625 1468.7279052734375 612.0398559570312 
0 1116.6336669921875 481.21807861328125 1407.7999267578125 987.6292114257812 
3 2316.9765625 114.75201416015625 2378.29638671875 202.82701110839844 
3 2341.493408203125 130.9271240234375 2395.2822265625 214.96987915039062 
727
2 1159.22119140625 394.6851806640625 1466.130615234375 609.7288818359375 
3 1507.49560546875 210.54360961914062 1670.0091552734375 372.4640808105469 
0 1116.5460205078125 481.2318115234375 1407.8525390625 987.9232177734375 
3 2316.651123046875 113.91285705566406 2378.333251953125 202.29788208007812 
3 2342.263427734375 130.9134063720703 2395.356689453125 214.97560119628906 
728
2 1159.27001953125 394.82904052734375 1465.4051513671875 609.9495849609375 
3 1507.0634765625 210.9015350341797 1666.1796875 373.34881591796875 
0 1116.718017578125 480.9478759765625 1407.9073486328125 987.625244140625 
3 2316.268310546875 114.14065551757812 2376.91650390625 202.7882080078125 
3 2341.54833984375 131.0743865966797 2395.209228515625 214.99429321289062 
729
3 1506.8087158203125 210.58798217773438 1663.5953369140625 373.7125549316406 
2 1159.594482421875 394.5863952636719 1466.47705078125 612.4319458007812 
0 1116.66650390625 480.9232177734375 1408.9368896484375 987.8941040039062 
3 2316.630615234375 113.84115600585938 2377.109619140625 203.0848388671875 
3 2341.670166015625 130.6614227294922 2395.28369140625 214.99154663085938 
730
2 1159.42919921875 394.17510986328125 1467.80712890625 615.2391357421875 
3 1506.6026611328125 210.55465698242188 1662.1328125 373.3054504394531 
0 1115.3712158203125 480.4981689453125 1409.6917724609375 987.5235595703125 
3 2316.151611328125 113.95085144042969 2374.85986328125 202.62142944335938 
3 2340.722900390625 130.64393615722656 2395.216796875 214.948974609375 
731
0 1114.8409423828125 480.05072021484375 1409.9705810546875 987.6416625976562 
2 1159.365966796875 393.3814697265625 1467.308837890625 615.36083984375 
3 1506.391845703125 210.9399871826172 1658.97119140625 371.51495361328125 
3 2315.33251953125 113.80709838867188 2375.386474609375 202.548095703125 
3 2339.569091796875 130.39254760742188 2395.137451171875 214.83599853515625 
732
2 1159.5364990234375 392.8438720703125 1465.5001220703125 611.6807250976562 
0 1116.96630859375 480.38104248046875 1410.1915283203125 987.9848022460938 
3 1506.1712646484375 210.71591186523438 1657.389892578125 371.69390869140625 
3 2316.172119140625 113.75862121582031 2374.546875 201.84042358398438 
3 2339.83447265625 130.19622802734375 2395.104736328125 214.8997344970703 
733
0 1115.7506103515625 477.89208984375 1410.5294189453125 987.705078125 
2 1160.3421630859375 391.1351623535156 1466.287109375 611.189453125 
3 1505.480712890625 209.64071655273438 1655.5589599609375 372.3032531738281 
3 2316.354736328125 113.40925598144531 2378.008056640625 201.95098876953125 
3 2342.997802734375 130.33609008789062 2395.34912109375 214.744140625 
734
0 1114.0040283203125 475.7142333984375 1410.68310546875 987.5330200195312 
2 1162.591796875 388.54132080078125 1466.8101806640625 607.2666625976562 
3 1505.09326171875 209.34127807617188 1654.7435302734375 369.0179138183594 
3 2317.212158203125 113.44427490234375 2377.93408203125 202.43153381347656 
3 2342.325439453125 129.9970703125 2395.56005859375 214.97579956054688 
735
2 1167.737548828125 386.6770935058594 1468.9285888671875 612.3953247070312 
0 1113.3851318359375 475.0738220214844 1411.51123046875 987.244384765625 
3 1505.054931640625 209.1659698486328 1654.1226806640625 366.646728515625 
3 2315.941650390625 113.33868408203125 2377.801025390625 202.41458129882812 
3 2341.12548828125 129.74476623535156 2395.5703125 214.9586639404297 
736
2 1173.6124267578125 383.5362243652344 1486.2398681640625 623.4553833007812 
3 1505.525634765625 209.85482788085938 1652.6400146484375 367.9297790527344 
3 2315.5205078125 112.91902160644531 2380.053466796875 202.04275512695312 
3 1505.2623291015625 209.01242065429688 1650.9766845703125 367.70135498046875 
0 1113.3399658203125 474.4842224121094 1413.1834716796875 986.2861328125 
3 2340.96484375 130.0808563232422 2395.4248046875 214.83692932128906 
0 1113.111083984375 474.2240905761719 1413.073486328125 987.2767944335938 
737
2 1175.96875 380.4205017089844 1493.9404296875 623.0493774414062 
3 1506.375732421875 209.51828002929688 1651.367431640625 368.22052001953125 
0 1112.086181640625 474.51654052734375 1414.339599609375 986.0753173828125 
3 2316.0927734375 112.93630981445312 2379.900146484375 201.77362060546875 
3 2341.87353515625 130.37911987304688 2395.45849609375 214.93133544921875 
0 1111.8094482421875 474.45452880859375 1414.1617431640625 987.0198974609375 
738
2 1178.4501953125 378.3382568359375 1498.543701171875 623.7388305664062 
3 1506.9091796875 208.99581909179688 1649.834228515625 368.95361328125 
3 2316.654541015625 112.92507934570312 2381.121826171875 202.07443237304688 
0 1110.5849609375 471.8548889160156 1414.4443359375 987.1028442382812 
0 1110.835205078125 472.02099609375 1414.6099853515625 986.1197509765625 
3 2345.58349609375 131.027587890625 2395.851318359375 214.5697021484375 
739
2 1181.686279296875 374.9931335449219 1501.42041015625 623.3529052734375 
0 1109.579833984375 471.1805419921875 1414.70166015625 987.205810546875 
3 1507.3006591796875 208.2762451171875 1649.211181640625 371.65777587890625 
3 2316.27685546875 112.90090942382812 2381.865478515625 202.82803344726562 
3 2341.974853515625 131.845703125 2395.63720703125 214.83172607421875 
740
2 1185.8482666015625 371.9482421875 1504.106201171875 623.8783569335938 
3 1507.9366455078125 206.02796936035156 1647.559326171875 372.23260498046875 
0 1107.6842041015625 473.7258605957031 1415.1099853515625 986.0538330078125 
3 2316.422607421875 112.73500061035156 2381.30712890625 201.90748596191406 
3 2340.4501953125 130.73779296875 2395.902587890625 214.76229858398438 
741
2 1192.16455078125 370.52716064453125 1505.3089599609375 623.3373413085938 
3 1508.051025390625 203.81362915039062 1646.5999755859375 371.90740966796875 
0 1105.6795654296875 473.958984375 1416.1392822265625 984.94287109375 
3 2316.26318359375 112.66705322265625 2379.740234375 201.7739715576172 
3 2340.966552734375 130.32058715820312 2395.7939453125 214.85775756835938 
742
0 1102.30078125 472.54693603515625 1417.017333984375 984.93994140625 
2 1196.6741943359375 366.44122314453125 1505.9178466796875 623.2671508789062 
3 1507.969970703125 200.53024291992188 1645.9996337890625 372.5100402832031 
3 2316.162109375 113.17056274414062 2379.49853515625 202.10882568359375 
3 2342.355712890625 130.6604766845703 2395.87255859375 215.04226684570312 
743
0 1098.8856201171875 472.08319091796875 1418.0980224609375 985.2406616210938 
2 1203.70166015625 362.88653564453125 1506.0860595703125 622.9718017578125 
3 1508.1632080078125 198.24868774414062 1645.6943359375 373.6511535644531 
3 2316.570068359375 113.09748840332031 2381.99072265625 203.67544555664062 
3 2343.3388671875 130.64462280273438 2395.968017578125 214.74142456054688 
744
3 1508.23193359375 197.37368774414062 1646.18896484375 374.2826843261719 
2 1208.0361328125 361.5787353515625 1504.5789794921875 622.0372314453125 
0 1095.0892333984375 471.5380859375 1418.3114013671875 985.9195556640625 
3 2316.615234375 113.24542236328125 2382.008544921875 203.5743865966797 
3 2344.72265625 130.78933715820312 2395.986572265625 214.8120880126953 
745
3 1508.1031494140625 194.29629516601562 1654.406982421875 372.7468566894531 
2 1213.4693603515625 358.1058349609375 1502.60888671875 622.6807250976562 
0 1091.1622314453125 471.79840087890625 1418.5518798828125 986.2047119140625 
3 2316.46337890625 112.97213745117188 2382.297607421875 203.49278259277344 
3 2343.0458984375 131.17684936523438 2396.03759765625 214.73782348632812 
746
0 1088.868408203125 471.2601318359375 1418.7860107421875 985.0923461914062 
2 1218.60498046875 353.2820739746094 1504.55859375 627.5245971679688 
3 1508.294677734375 192.9005126953125 1662.364501953125 372.33709716796875 
3 2316.62890625 113.01908874511719 2382.42529296875 203.61090087890625 
3 2342.48095703125 131.33499145507812 2395.997802734375 214.83010864257812 
747
2 1225.3682861328125 352.68463134765625 1505.485107421875 625.817626953125 
3 1507.9251708984375 189.72987365722656 1670.145751953125 372.89544677734375 
0 1086.9420166015625 470.8744201660156 1419.21533203125 986.44091796875 
3 2316.685546875 112.97062683105469 2382.205810546875 204.1389617919922 
3 2342.3203125 129.90655517578125 2396.0380859375 214.71719360351562 
748
0 1088.2713623046875 470.58734130859375 1419.25390625 986.1658325195312 
2 1234.3890380859375 349.525146484375 1506.891357421875 629.7772216796875 
3 1507.9169921875 187.8125 1675.9346923828125 372.4253845214844 
3 2316.94482421875 113.42399597167969 2381.634765625 204.12863159179688 
3 2341.998046875 129.59649658203125 2396.3701171875 214.70985412597656 
749
0 1092.116455078125 470.1693115234375 1420.329345703125 985.5614013671875 
2 1242.832763671875 346.587646484375 1508.6593017578125 629.7200927734375 
3 1508.0596923828125 186.32159423828125 1670.154541015625 372.16082763671875 
3 2316.790771484375 113.50767517089844 2381.654541015625 204.05787658691406 
3 2343.94873046875 130.7440643310547 2396.40966796875 214.77212524414062 
750
0 1097.2664794921875 470.4100341796875 1420.8544921875 985.2862548828125 
2 1251.8453369140625 342.3600158691406 1521.458984375 628.5926513671875 
3 1508.79443359375 182.52659606933594 1681.9285888671875 373.26446533203125 
3 2316.93798828125 112.70252990722656 2381.537109375 204.0929718017578 
3 2343.5087890625 129.3994140625 2396.2109375 214.70709228515625 
751
0 1107.264892578125 469.6192932128906 1420.8795166015625 985.9627685546875 
2 1260.24169921875 339.11041259765625 1517.3138427734375 628.853759765625 
3 1509.1173095703125 181.91119384765625 1651.727294921875 373.82623291015625 
3 2316.99267578125 112.83355712890625 2381.533203125 204.0617218017578 
3 2343.329833984375 128.3614959716797 2396.230712890625 214.73345947265625 
752
0 1111.4405517578125 469.0258483886719 1421.373291015625 986.1820068359375 
2 1269.9219970703125 336.4234619140625 1526.905029296875 630.318115234375 
3 1509.3658447265625 178.8731689453125 1652.460693359375 373.87286376953125 
3 2316.97607421875 113.03948974609375 2381.210205078125 203.89541625976562 
3 2343.0576171875 126.88508605957031 2396.5390625 214.7450714111328 
753
0 1112.5057373046875 469.1013488769531 1421.3115234375 986.6717529296875 
2 1275.337890625 333.47369384765625 1519.01904296875 630.8062744140625 
3 1509.791259765625 177.55450439453125 1651.5697021484375 374.00823974609375 
3 2316.906494140625 113.0338134765625 2380.96728515625 203.45286560058594 
3 2342.848388671875 127.09945678710938 2396.743896484375 214.70623779296875 
754
0 1111.8741455078125 469.2472229003906 1421.5897216796875 986.7582397460938 
2 1280.6025390625 330.8628845214844 1520.697021484375 630.4064331054688 
3 1510.0068359375 174.02191162109375 1653.0491943359375 374.81085205078125 
3 2316.9990234375 113.06198120117188 2380.637451171875 203.6319580078125 
3 2343.143798828125 125.37893676757812 2396.630126953125 214.72525024414062 
755
0 1112.1617431640625 469.5655517578125 1421.898193359375 986.9893188476562 
2 1286.12451171875 327.1845703125 1522.6788330078125 630.0904541015625 
3 1510.3516845703125 173.72361755371094 1651.4759521484375 375.729248046875 
3 2317.173828125 113.13877868652344 2380.697265625 203.4864959716797 
3 2345.0205078125 125.45469665527344 2396.845947265625 214.75607299804688 
756
0 1111.96630859375 470.40533447265625 1421.857177734375 987.93115234375 
2 1289.120849609375 323.59771728515625 1524.3265380859375 628.5840454101562 
3 2317.246826171875 113.15031433105469 2380.24853515625 203.640625 
3 2345.439453125 124.41781616210938 2396.923095703125 214.65858459472656 
3 1509.8153076171875 171.0791778564453 1688.1646728515625 376.27423095703125 
757
0 1113.3133544921875 470.4794921875 1422.2633056640625 987.4400634765625 
2 1291.393310546875 321.62420654296875 1529.1339111328125 627.53271484375 
3 2317.599853515625 113.41273498535156 2379.41259765625 203.72669982910156 
3 2346.517822265625 123.46759033203125 2397.35986328125 214.5404052734375 
3 1509.1910400390625 171.52777099609375 1686.433837890625 375.8057861328125 
758
0 1114.016357421875 471.29437255859375 1422.0587158203125 987.4097900390625 
2 1294.498779296875 319.3583984375 1531.2213134765625 628.1265258789062 
3 1507.11962890625 171.41314697265625 1682.2066650390625 373.0357971191406 
3 2318.149169921875 113.38581848144531 2378.13232421875 203.51788330078125 
3 2345.578369140625 122.59776306152344 2397.44921875 214.60174560546875 
759
0 1116.171630859375 471.43994140625 1421.7406005859375 987.451416015625 
2 1295.5604248046875 318.9017639160156 1534.2315673828125 628.873779296875 
3 1501.1102294921875 171.5076904296875 1675.352783203125 377.9663391113281 
3 2348.09423828125 122.3892822265625 2397.50146484375 214.46331787109375 
3 2318.517333984375 113.64581298828125 2379.050048828125 205.12982177734375 
3 2319.944091796875 113.88377380371094 2378.3671875 199.58668518066406 
3 1674.9814453125 57.01902770996094 1705.490966796875 127.19499206542969 
760
0 1117.1842041015625 471.587646484375 1421.8114013671875 987.165283203125 
2 1297.5263671875 318.02978515625 1534.9796142578125 628.9866333007812 
3 2318.4326171875 113.68026733398438 2379.5068359375 205.18994140625 
3 2347.60107421875 122.92514038085938 2397.74658203125 214.52349853515625 
3 1675.197021484375 57.01100158691406 1705.742919921875 129.16883850097656 
3 2321.37744140625 114.09193420410156 2378.791259765625 195.64788818359375 
761
0 1119.652099609375 471.90032958984375 1421.822509765625 987.6439819335938 
2 1297.3792724609375 317.54412841796875 1538.6451416015625 627.6946411132812 
3 1504.76611328125 170.0061798095703 1661.185791015625 362.43505859375 
3 2318.822265625 113.82470703125 2379.109619140625 205.03787231445312 
3 2348.63671875 122.99075317382812 2397.994873046875 214.57766723632812 
3 1675.33447265625 57.24578857421875 1706.06884765625 129.36524963378906 
762
0 1118.7108154296875 471.4794921875 1421.7237548828125 988.1517333984375 
2 1296.494873046875 317.41802978515625 1540.4287109375 626.9953002929688 
3 1506.0589599609375 167.72769165039062 1654.131591796875 358.80206298828125 
3 2318.43896484375 114.3270263671875 2378.227294921875 205.16476440429688 
3 2348.150634765625 123.43870544433594 2397.986572265625 214.78659057617188 
3 1675.384033203125 57.47119140625 1706.294189453125 128.3692169189453 
763
0 1118.5113525390625 471.5155029296875 1421.522705078125 987.9271240234375 
2 1293.8809814453125 317.9064025878906 1542.3543701171875 628.4711303710938 
3 1505.0833740234375 165.06378173828125 1644.085693359375 359.5035095214844 
3 2318.6171875 114.71893310546875 2377.829345703125 204.71157836914062 
3 2347.699462890625 123.0360107421875 2398.049560546875 214.65341186523438 
764
2 1290.4619140625 318.34771728515625 1543.6068115234375 628.4388427734375 
0 1119.1806640625 472.32659912109375 1421.3836669921875 988.1583251953125 
3 1504.3115234375 162.8583984375 1641.81982421875 359.7123718261719 
3 2318.68798828125 114.77767944335938 2377.174560546875 204.72720336914062 
3 2347.860595703125 122.95010375976562 2398.1142578125 214.61029052734375 
765
0 1122.1241455078125 472.29266357421875 1421.398681640625 987.9840698242188 
2 1287.7266845703125 320.2845153808594 1545.2470703125 629.830322265625 
3 1504.9488525390625 158.68460083007812 1636.38916015625 360.40496826171875 
3 2318.600830078125 115.0845947265625 2377.16650390625 204.9529266357422 
3 2347.8271484375 122.61347961425781 2397.96142578125 214.59796142578125 
766
0 1119.1728515625 471.9403076171875 1421.3623046875 987.9190063476562 
2 1283.650390625 321.1632080078125 1546.4581298828125 626.9381713867188 
3 1502.190185546875 156.01565551757812 1633.4764404296875 363.3042907714844 
3 2318.95166015625 114.94439697265625 2376.9453125 204.83148193359375 
3 2347.945068359375 122.51805114746094 2397.853515625 214.48818969726562 
767
0 1115.683837890625 472.71051025390625 1421.21484375 988.323486328125 
2 1279.84228515625 327.37042236328125 1547.5333251953125 627.1028442382812 
3 1501.484130859375 154.70663452148438 1634.633544921875 365.4530029296875 
3 2318.943359375 115.09928894042969 2376.83349609375 204.99485778808594 
3 2348.05029296875 122.643310546875 2397.7880859375 214.65887451171875 
768
0 1114.5892333984375 472.9223327636719 1421.0159912109375 988.2841796875 
2 1274.18408203125 330.8312072753906 1549.4241943359375 631.05908203125 
3 1495.8670654296875 151.05551147460938 1637.770751953125 367.22918701171875 
3 2319.93212890625 114.49899291992188 2377.6083984375 205.48846435546875 
3 2348.1982421875 121.73918151855469 2397.9208984375 214.3585205078125 
769
0 1114.806884765625 473.5157470703125 1420.844970703125 987.6729736328125 
2 1272.068115234375 336.1443786621094 1550.9671630859375 627.5455322265625 
3 1490.8863525390625 149.4354248046875 1628.421875 364.6211242675781 
3 2319.931640625 114.24977111816406 2376.720947265625 205.07728576660156 
3 2348.44677734375 121.51869201660156 2397.737548828125 214.40521240234375 
770
0 1117.3138427734375 474.7530212402344 1420.577392578125 988.8582763671875 
2 1269.91796875 341.795166015625 1552.0225830078125 618.9703369140625 
3 1486.5523681640625 149.13812255859375 1624.3023681640625 366.4161071777344 
3 2319.62744140625 114.42385864257812 2377.160888671875 205.44808959960938 
3 2348.2158203125 121.21578979492188 2397.955810546875 214.4871826171875 
771
3 1482.43994140625 146.88711547851562 1620.5341796875 365.2789611816406 
0 1116.632080078125 474.93060302734375 1420.5762939453125 988.104736328125 
2 1268.751953125 347.40692138671875 1554.5107421875 616.877197265625 
3 2319.318359375 114.80467224121094 2376.462890625 205.15789794921875 
3 2348.053955078125 121.3397216796875 2398.0302734375 214.52593994140625 
772
0 1115.4952392578125 474.8603820800781 1420.4945068359375 987.8815307617188 
2 1268.1099853515625 351.1966552734375 1556.692626953125 612.8021850585938 
3 1478.077392578125 144.1388702392578 1610.8521728515625 363.00146484375 
3 2319.339599609375 114.32553100585938 2376.556396484375 204.9785614013672 
3 2348.30712890625 121.01971435546875 2397.991943359375 214.3465576171875 
773
3 1473.261962890625 142.12240600585938 1604.531982421875 363.06268310546875 
0 1118.17041015625 475.68170166015625 1420.17529296875 987.7188110351562 
2 1267.94140625 353.54931640625 1557.8057861328125 612.64794921875 
3 2319.421142578125 114.21377563476562 2377.0546875 204.810791015625 
3 2348.791259765625 121.78256225585938 2398.039794921875 214.26324462890625 
774
3 1470.5279541015625 140.70187377929688 1602.988525390625 364.3560485839844 
2 1266.8074951171875 354.3428955078125 1560.4620361328125 608.320068359375 
0 1118.10302734375 476.33575439453125 1420.029052734375 987.5144653320312 
3 2319.022216796875 114.16273498535156 2376.76416015625 204.7112579345703 
3 2348.72802734375 121.20657348632812 2398.093505859375 214.22447204589844 
775
3 1465.83349609375 139.787353515625 1602.500244140625 363.32855224609375 
2 1267.442626953125 354.635986328125 1562.0660400390625 611.9132690429688 
0 1116.9681396484375 477.8236083984375 1419.6873779296875 987.6717529296875 
3 2318.295166015625 114.60147094726562 2375.954345703125 204.9071502685547 
3 2347.967041015625 121.16302490234375 2398.06494140625 214.6078643798828 
776
3 1464.8409423828125 136.9908447265625 1602.7559814453125 364.97479248046875 
2 1268.11083984375 355.0247497558594 1565.251708984375 611.6678466796875 
0 1114.6885986328125 477.8294677734375 1419.659423828125 987.87255859375 
3 2318.233154296875 114.38168334960938 2376.099609375 204.95387268066406 
3 2347.6826171875 120.85589599609375 2398.02880859375 214.62661743164062 
777
3 1462.962158203125 135.30177307128906 1604.018310546875 361.498046875 
2 1268.9962158203125 354.99566650390625 1566.6558837890625 609.1942138671875 
0 1113.6011962890625 478.307373046875 1419.2650146484375 987.8734130859375 
3 2318.8251953125 113.79660034179688 2376.54150390625 205.08230590820312 
3 2348.412109375 120.875732421875 2397.9619140625 214.49221801757812 
778
3 1461.3565673828125 133.87445068359375 1604.410400390625 365.6072998046875 
2 1270.235595703125 354.7826843261719 1568.243408203125 614.0645751953125 
0 1113.81298828125 477.8646240234375 1418.4083251953125 987.77490234375 
3 2319.0576171875 113.72064208984375 2376.316162109375 204.9921875 
3 2348.40673828125 121.12939453125 2397.893798828125 214.2354278564453 
779
3 1459.08984375 132.30743408203125 1603.295166015625 361.7310791015625 
2 1272.6070556640625 355.46630859375 1570.690185546875 615.5669555664062 
0 1113.4503173828125 477.6278076171875 1417.144775390625 987.814697265625 
3 2318.752685546875 113.83201599121094 2375.85107421875 205.19821166992188 
3 2348.38818359375 121.06198120117188 2397.910400390625 214.40415954589844 
780
3 1455.211669921875 129.96609497070312 1603.1226806640625 363.0186767578125 
2 1276.230712890625 355.8599853515625 1572.7020263671875 615.492919921875 
0 1113.4158935546875 477.87701416015625 1416.063720703125 988.352294921875 
3 2319.376220703125 114.12783813476562 2375.66015625 204.97950744628906 
3 2348.4111328125 121.22415161132812 2398.147705078125 214.33465576171875 
781
2 1281.1292724609375 359.3120422363281 1575.9931640625 617.6187744140625 
3 1454.7412109375 129.68124389648438 1604.26025390625 361.47552490234375 
0 1113.456298828125 478.4954833984375 1415.4188232421875 987.6258544921875 
3 2319.363525390625 114.13229370117188 2375.635498046875 205.37875366210938 
3 2348.2724609375 120.81558227539062 2398.076416015625 214.28350830078125 
782
2 1284.8636474609375 363.82342529296875 1579.379150390625 618.973876953125 
3 1450.8463134765625 129.18600463867188 1605.3321533203125 354.3111572265625 
0 1114.75244140625 478.7584228515625 1416.012939453125 988.121826171875 
3 2319.426513671875 113.88514709472656 2375.76953125 205.40670776367188 
3 2348.14111328125 120.84262084960938 2398.07080078125 214.29107666015625 
783
3 1447.6832275390625 130.19671630859375 1603.5714111328125 360.8432312011719 
2 1289.212158203125 367.7805480957031 1583.64501953125 618.9244995117188 
0 1114.055908203125 476.23492431640625 1415.833984375 988.176025390625 
3 2319.139892578125 113.96156311035156 2375.656005859375 205.22593688964844 
3 2347.986572265625 120.84526062011719 2397.960693359375 214.2946319580078 
784
3 1444.714111328125 131.76724243164062 1599.73681640625 370.0022888183594 
0 1120.569580078125 477.50054931640625 1415.874267578125 987.9036865234375 
2 1292.0616455078125 368.0706787109375 1587.6318359375 619.11865234375 
3 2319.040283203125 113.86677551269531 2376.08984375 205.2364501953125 
2 1292.9168701171875 365.23114013671875 1640.56494140625 619.3045654296875 
3 2347.863037109375 120.68621826171875 2397.971435546875 214.33319091796875 
785
3 1440.1483154296875 133.77516174316406 1597.076171875 372.02825927734375 
2 1294.0550537109375 369.15106201171875 1592.2061767578125 619.0138549804688 
0 1124.6494140625 476.97705078125 1415.49951171875 988.15771484375 
3 2318.685546875 114.22470092773438 2375.578125 204.97390747070312 
3 2347.597900390625 120.97764587402344 2397.9638671875 214.41893005371094 
786
3 1436.891357421875 134.37664794921875 1594.9932861328125 365.954833984375 
2 1295.1680908203125 367.8688049316406 1595.1717529296875 619.8330078125 
0 1130.9091796875 478.32562255859375 1415.0037841796875 988.4647216796875 
3 2318.452392578125 114.65296936035156 2375.4033203125 204.92234802246094 
3 2347.747802734375 121.01275634765625 2397.869140625 214.55340576171875 
787
3 1431.699462890625 134.83139038085938 1591.6202392578125 365.3091125488281 
2 1296.951171875 374.31219482421875 1597.301025390625 617.900634765625 
0 1131.6285400390625 478.79656982421875 1414.551025390625 988.7523193359375 
3 2318.344970703125 114.87974548339844 2375.59228515625 204.9344024658203 
3 2347.248779296875 121.09393310546875 2397.850830078125 214.4673614501953 
788
3 1427.1160888671875 135.74581909179688 1591.119873046875 368.9523010253906 
2 1297.9990234375 373.5215148925781 1598.654296875 618.04541015625 
0 1129.550537109375 479.45587158203125 1413.421630859375 989.0382080078125 
3 2318.201416015625 114.78883361816406 2375.490478515625 205.10733032226562 
3 2347.27685546875 121.23585510253906 2397.73291015625 214.57749938964844 
3 1427.3255615234375 135.14569091796875 1590.793212890625 366.8331604003906 
789
3 1422.1214599609375 136.3355712890625 1587.5538330078125 370.7928771972656 
0 1131.0494384765625 478.8026123046875 1413.5478515625 988.414794921875 
2 1298.766845703125 373.9658508300781 1598.900146484375 617.4374389648438 
3 2318.36572265625 114.83464050292969 2374.90576171875 205.15167236328125 
3 1422.093505859375 135.86831665039062 1586.7044677734375 368.5683288574219 
3 2347.334228515625 120.968017578125 2397.798583984375 214.64669799804688 
790
3 1415.247802734375 136.56719970703125 1583.12158203125 368.39404296875 
0 1128.041015625 479.65692138671875 1413.1502685546875 987.6171875 
2 1299.588134765625 370.832275390625 1599.2784423828125 616.3807983398438 
3 2319.378173828125 114.30474853515625 2375.828125 205.30165100097656 
3 1415.130126953125 136.32144165039062 1582.5147705078125 367.15240478515625 
3 2347.064697265625 120.58425903320312 2397.822509765625 214.1444091796875 
791
3 1411.308349609375 135.93624877929688 1576.4742431640625 369.43988037109375 
0 1129.4241943359375 479.275634765625 1412.8837890625 988.335205078125 
2 1299.0267333984375 374.3631286621094 1599.4505615234375 616.9653930664062 
3 2319.154052734375 113.581298828125 2375.760009765625 205.0922088623047 
3 2347.44482421875 120.41220092773438 2397.802978515625 214.2243194580078 
792
3 1401.931396484375 135.90567016601562 1572.0628662109375 369.660400390625 
2 1298.4857177734375 370.7966613769531 1598.291259765625 618.043212890625 
0 1127.928955078125 479.91180419921875 1412.88818359375 988.7235107421875 
3 2318.47509765625 114.48846435546875 2376.0361328125 205.23919677734375 
3 2347.582275390625 121.18525695800781 2397.766845703125 214.41696166992188 
793
3 1395.82177734375 134.33139038085938 1567.4898681640625 369.2301025390625 
2 1297.62451171875 370.2567138671875 1597.38427734375 618.9540405273438 
0 1124.133544921875 479.488525390625 1412.8988037109375 987.663818359375 
3 2318.486083984375 114.44638061523438 2375.38818359375 205.42095947265625 
3 2347.8349609375 120.97708129882812 2397.851806640625 214.39584350585938 
794
2 1295.59033203125 371.7336120605469 1596.6534423828125 618.7550048828125 
3 1390.2896728515625 135.6527099609375 1562.9837646484375 371.2762145996094 
0 1118.86474609375 478.3343505859375 1412.6903076171875 987.9873046875 
3 2318.23828125 114.06512451171875 2375.440673828125 205.50047302246094 
3 2347.6826171875 120.93405151367188 2397.67431640625 214.48709106445312 
795
3 1381.3519287109375 134.500732421875 1559.246337890625 374.79864501953125 
2 1293.9263916015625 372.71575927734375 1594.53076171875 618.9725341796875 
0 1118.92333984375 478.1806640625 1413.0089111328125 987.69287109375 
3 2318.85888671875 113.55459594726562 2374.971923828125 204.84922790527344 
3 2347.23486328125 120.27113342285156 2397.6396484375 214.28823852539062 
796
3 1376.3525390625 132.78004455566406 1554.876220703125 375.875244140625 
2 1290.740478515625 372.716796875 1594.3544921875 619.4942016601562 
0 1124.5107421875 477.8336181640625 1413.04736328125 987.1857299804688 
3 2318.804443359375 113.36175537109375 2375.531005859375 204.93356323242188 
3 2347.246337890625 120.63241577148438 2397.54736328125 214.3492889404297 
797
3 1372.808837890625 131.6710662841797 1550.3531494140625 380.5600280761719 
2 1288.9853515625 372.2555236816406 1593.046630859375 620.383544921875 
0 1116.889404296875 477.80816650390625 1413.5302734375 987.6865234375 
3 2318.115234375 113.63345336914062 2374.92236328125 204.9151611328125 
3 2347.138916015625 121.25518798828125 2397.68994140625 214.5501251220703 
798
3 1362.62353515625 132.774658203125 1545.245361328125 381.1717834472656 
2 1288.085205078125 371.7787170410156 1591.9998779296875 619.752685546875 
0 1116.2784423828125 477.274658203125 1414.073486328125 987.6448364257812 
3 2318.48046875 113.07684326171875 2375.3486328125 204.95448303222656 
3 2347.4541015625 121.50871276855469 2397.60888671875 214.52113342285156 
799
3 1353.4140625 132.29469299316406 1540.32568359375 390.90118408203125 
2 1286.2054443359375 372.31634521484375 1589.76171875 620.0122680664062 
0 1117.35888671875 477.055419921875 1414.5870361328125 987.477783203125 
3 2318.687744140625 113.80349731445312 2374.59130859375 204.8935089111328 
3 2347.687255859375 121.78121948242188 2397.767578125 214.58766174316406 
800
3 1335.765380859375 133.2183837890625 1534.8922119140625 408.8887939453125 
2 1284.0584716796875 374.85504150390625 1587.582275390625 620.685302734375 
0 1116.612060546875 477.2681884765625 1414.504150390625 987.8155517578125 
3 2318.607421875 113.698974609375 2374.90771484375 204.89678955078125 
3 2348.0380859375 122.16921997070312 2397.85205078125 214.58047485351562 
801
3 1322.875 135.20680236816406 1527.3311767578125 399.0814208984375 
2 1281.8204345703125 376.22186279296875 1586.8033447265625 620.5557861328125 
0 1114.6827392578125 477.74560546875 1414.4771728515625 987.8665771484375 
3 2318.364990234375 114.0078125 2374.695068359375 204.82269287109375 
3 2348.028076171875 122.50909423828125 2397.89013671875 214.5363311767578 
802
3 1318.02392578125 135.86447143554688 1524.4710693359375 402.0514221191406 
2 1279.407958984375 380.07763671875 1584.732177734375 620.0861206054688 
0 1114.3934326171875 478.1484375 1414.49951171875 987.529296875 
3 2318.6650390625 113.53977966308594 2374.3779296875 204.55430603027344 
3 2347.81787109375 120.88180541992188 2397.591552734375 214.24986267089844 
803
3 1312.055908203125 139.86099243164062 1513.466064453125 402.60546875 
2 1278.1942138671875 381.5535888671875 1583.771484375 620.0361938476562 
0 1114.345947265625 477.50152587890625 1414.8966064453125 988.3837890625 
3 2318.99609375 114.11404418945312 2374.7412109375 204.79019165039062 
3 2347.3779296875 122.25433349609375 2397.63916015625 214.45726013183594 
804
3 1310.4185791015625 141.55685424804688 1510.641357421875 406.3580322265625 
2 1277.2403564453125 383.09393310546875 1583.3218994140625 619.5361328125 
0 1113.6591796875 477.6575927734375 1415.5941162109375 988.5313720703125 
3 2318.782958984375 113.83750915527344 2374.93701171875 204.82205200195312 
3 2347.572998046875 124.09056091308594 2397.782958984375 214.5716552734375 
805
2 1275.924072265625 384.5722961425781 1583.360595703125 618.38818359375 
3 1309.4583740234375 142.41336059570312 1503.7001953125 412.1841125488281 
0 1113.7685546875 477.7276611328125 1416.1485595703125 988.4722900390625 
3 2318.71240234375 113.70849609375 2375.044189453125 204.9025115966797 
3 2347.22265625 122.51695251464844 2397.553955078125 214.35882568359375 
806
3 1308.923095703125 146.20443725585938 1492.2615966796875 412.7068176269531 
2 1275.60693359375 384.55743408203125 1583.0408935546875 617.513916015625 
0 1113.426025390625 478.21923828125 1415.7432861328125 988.359375 
3 2319.05419921875 114.5970458984375 2374.8310546875 204.74880981445312 
3 2348.071044921875 122.959716796875 2397.6845703125 214.40768432617188 
807
3 1304.8314208984375 145.24771118164062 1490.1551513671875 407.57525634765625 
2 1275.491455078125 386.0957946777344 1582.99267578125 617.1467895507812 
0 1113.6787109375 478.3065185546875 1415.8072509765625 988.316162109375 
3 2318.949951171875 113.9346923828125 2374.920654296875 204.75218200683594 
3 2347.77978515625 122.68809509277344 2397.707763671875 214.37033081054688 
808
3 1296.7127685546875 143.94015502929688 1477.725341796875 409.2252197265625 
2 1275.5059814453125 388.3468017578125 1582.8482666015625 615.958984375 
0 1113.4918212890625 478.32843017578125 1416.0146484375 988.5582275390625 
3 2319.16748046875 113.81024169921875 2374.916259765625 204.76931762695312 
3 2348.13134765625 122.89553833007812 2397.744873046875 214.42294311523438 
809
3 1292.979248046875 143.1607666015625 1479.8148193359375 407.6484375 
2 1275.373046875 389.0651550292969 1582.99462890625 616.983154296875 
0 1114.355224609375 478.56005859375 1416.0350341796875 988.6622314453125 
3 2319.29150390625 114.4188232421875 2374.1201171875 204.67054748535156 
3 2348.39453125 122.6441650390625 2397.912841796875 214.44137573242188 
810
3 1289.2880859375 143.68655395507812 1462.398681640625 407.6171875 
2 1275.2022705078125 390.6151123046875 1582.9571533203125 615.8300170898438 
0 1114.0863037109375 478.5103759765625 1415.9891357421875 988.105712890625 
3 2319.05859375 113.964599609375 2375.003173828125 204.79745483398438 
3 2347.69091796875 122.55654907226562 2397.871337890625 214.38284301757812 
811
3 1284.60400390625 145.19847106933594 1464.5487060546875 409.9989929199219 
0 1114.58251953125 479.2479248046875 1416.217529296875 988.162109375 
2 1275.169677734375 391.90447998046875 1582.787841796875 616.2386474609375 
3 2318.66015625 115.10116577148438 2374.58837890625 204.87094116210938 
3 2347.95068359375 123.3189697265625 2397.805908203125 214.42898559570312 
812
3 1279.46337890625 147.30865478515625 1468.119873046875 418.21728515625 
0 1114.88818359375 479.098388671875 1416.3802490234375 987.9918823242188 
2 1275.0850830078125 391.080322265625 1582.59765625 616.785400390625 
3 2319.495361328125 113.12643432617188 2375.308349609375 204.58865356445312 
3 2347.96630859375 121.84341430664062 2397.63330078125 214.34405517578125 
813
0 1114.6878662109375 479.3818359375 1416.4364013671875 988.024658203125 
3 1274.4449462890625 145.34988403320312 1446.4097900390625 422.479248046875 
2 1274.8905029296875 390.2295837402344 1582.586669921875 615.5984497070312 
3 2319.64599609375 113.53849792480469 2375.126708984375 204.91824340820312 
3 2348.08544921875 121.98713684082031 2397.762939453125 214.39828491210938 
814
0 1114.204345703125 479.3560791015625 1416.7034912109375 988.0843505859375 
3 1269.7525634765625 148.047607421875 1439.02294921875 420.4349365234375 
2 1275.208984375 388.799072265625 1582.05810546875 617.3060302734375 
3 2319.389892578125 113.64152526855469 2375.23388671875 204.9283447265625 
3 2348.287109375 121.91067504882812 2397.6640625 214.44522094726562 
815
3 1266.5394287109375 150.01107788085938 1435.3636474609375 429.85858154296875 
0 1114.1402587890625 479.48272705078125 1416.4288330078125 988.548828125 
2 1276.28515625 387.3353576660156 1581.225830078125 617.965576171875 
3 2319.452392578125 114.17698669433594 2375.14111328125 204.9420623779297 
3 2348.6533203125 122.16058349609375 2397.790771484375 214.49977111816406 
816
0 1114.2607421875 479.00140380859375 1415.7891845703125 988.484619140625 
3 1261.9310302734375 152.98150634765625 1435.4971923828125 419.960205078125 
2 1276.2708740234375 384.18817138671875 1579.828125 617.920166015625 
3 2319.345703125 113.64958190917969 2375.233154296875 204.9060821533203 
3 2348.391845703125 122.07525634765625 2397.652587890625 214.66748046875 
2 1356.239501953125 385.60882568359375 1580.483642578125 616.6549682617188 
817
3 1259.155029296875 155.207763671875 1429.9727783203125 423.1488342285156 
0 1113.311279296875 478.917236328125 1415.41796875 988.0306396484375 
2 1277.867919921875 382.1846923828125 1580.5745849609375 618.5914306640625 
3 2319.56396484375 113.61787414550781 2375.10791015625 204.76718139648438 
3 2348.607666015625 122.02037048339844 2397.662841796875 214.65895080566406 
818
3 1255.304443359375 158.40933227539062 1443.167236328125 406.497314453125 
2 1277.1279296875 381.48992919921875 1579.334716796875 617.347900390625 
0 1113.984619140625 479.0577392578125 1414.866943359375 987.8192749023438 
3 2319.275146484375 114.33622741699219 2375.251708984375 204.52674865722656 
3 2349.1376953125 123.35328674316406 2397.9443359375 214.63690185546875 
819
2 1275.127685546875 378.81982421875 1578.963134765625 617.4276733398438 
3 1250.9163818359375 162.14218139648438 1443.1231689453125 406.65185546875 
0 1113.59326171875 478.55548095703125 1415.0872802734375 987.1641845703125 
3 2317.8955078125 113.32215881347656 2375.92822265625 204.5147247314453 
3 2346.97265625 122.37666320800781 2397.574951171875 214.22491455078125 
3 1675.80859375 57.819374084472656 1705.278076171875 124.04679870605469 
820
2 1274.826904296875 379.16259765625 1578.3221435546875 618.350341796875 
0 1113.3970947265625 478.918212890625 1414.268798828125 986.3916015625 
3 2317.3193359375 113.61529541015625 2375.765869140625 205.21295166015625 
3 2345.086669921875 123.66294860839844 2397.623046875 214.4595947265625 
3 1247.521240234375 165.57766723632812 1441.498291015625 411.0256042480469 
3 1247.2294921875 167.08697509765625 1395.2425537109375 408.827392578125 
3 1675.7474365234375 57.854949951171875 1704.2039794921875 121.45204162597656 
821
3 1242.058837890625 170.24359130859375 1441.37255859375 416.54351806640625 
2 1274.5006103515625 378.6356506347656 1577.2662353515625 618.6655883789062 
0 1116.776123046875 479.37982177734375 1412.6361083984375 985.2061157226562 
3 2341.819091796875 128.90481567382812 2396.18701171875 214.7155303955078 
3 2316.270751953125 112.7412109375 2375.2587890625 203.67984008789062 
3 2316.57861328125 113.08213806152344 2376.59423828125 205.35923767089844 
822
3 1239.1890869140625 173.2429962158203 1434.3408203125 418.3429870605469 
2 1274.5579833984375 379.9383544921875 1576.5001220703125 617.9281005859375 
0 1113.29443359375 479.33837890625 1410.8394775390625 986.0528564453125 
3 2315.003173828125 112.59866333007812 2379.571044921875 202.79148864746094 
3 2340.061279296875 130.165771484375 2395.818115234375 214.45883178710938 
823
3 1236.6488037109375 179.3939971923828 1420.3153076171875 420.7931823730469 
2 1273.5341796875 379.70159912109375 1574.59130859375 617.7171630859375 
0 1113.797607421875 479.07647705078125 1409.6822509765625 986.9259033203125 
3 2316.52294921875 113.2169189453125 2375.332275390625 202.3614044189453 
3 2339.39013671875 130.04534912109375 2395.488525390625 214.46682739257812 
824
3 1230.8974609375 185.37428283691406 1427.796630859375 426.303955078125 
0 1115.106689453125 479.71783447265625 1408.07666015625 987.833984375 
2 1345.4735107421875 383.0829772949219 1572.9208984375 615.0826416015625 
3 2340.66943359375 129.281982421875 2393.966552734375 214.3438262939453 
3 2316.927490234375 112.99148559570312 2370.28076171875 202.0398712158203 
825
0 1117.10888671875 478.60198974609375 1407.0382080078125 987.0130615234375 
3 1227.5843505859375 190.57327270507812 1421.4010009765625 429.8791198730469 
2 1271.6085205078125 384.8067626953125 1572.468017578125 617.6158447265625 
3 2338.123291015625 126.88461303710938 2393.2646484375 213.53427124023438 
3 2313.01806640625 113.68614196777344 2370.836181640625 202.85073852539062 
3 1672.479736328125 57.547698974609375 1700.2286376953125 119.59548950195312 
826
0 1122.4876708984375 479.1834716796875 1404.7686767578125 985.6387329101562 
3 1223.8638916015625 193.84103393554688 1415.1693115234375 427.8743896484375 
2 1343.6800537109375 389.0419921875 1570.576416015625 616.894287109375 
3 2310.25146484375 112.20829772949219 2373.08203125 200.5245361328125 
3 2332.5 126.65481567382812 2392.622802734375 211.5338134765625 
827
0 1113.2542724609375 478.14013671875 1403.333984375 985.5348510742188 
3 2308.889404296875 111.48149108886719 2371.2001953125 200.43264770507812 
2 1267.343017578125 390.5574035644531 1569.163330078125 613.2708740234375 
3 1220.471923828125 198.5960235595703 1419.9354248046875 426.8851318359375 
3 1219.9483642578125 198.20941162109375 1371.960693359375 426.47015380859375 
3 2332.6259765625 128.79209899902344 2392.5009765625 209.67938232421875 
828
0 1106.738525390625 478.458740234375 1402.701904296875 985.748291015625 
3 1215.303955078125 205.30368041992188 1416.0828857421875 425.6306457519531 
2 1340.3377685546875 394.07769775390625 1567.9727783203125 612.3961181640625 
3 2308.364013671875 111.7401123046875 2369.427001953125 200.1940460205078 
3 1238.6669921875 0.137664794921875 1267.0391845703125 66.8057861328125 
3 1667.706298828125 56.936195373535156 1697.097900390625 127.11099243164062 
829
0 1106.438720703125 480.18890380859375 1400.906005859375 985.5549926757812 
3 1209.3302001953125 205.83114624023438 1401.759521484375 425.23431396484375 
2 1336.93798828125 395.059814453125 1567.6446533203125 611.3447265625 
3 2306.3935546875 111.296875 2367.937255859375 199.4932403564453 
3 2328.943115234375 128.49127197265625 2388.9765625 210.44015502929688 
830
0 1105.2047119140625 480.30609130859375 1399.6610107421875 985.06884765625 
3 1207.3546142578125 212.19384765625 1396.4014892578125 424.0440368652344 
2 1258.55224609375 396.65325927734375 1565.2568359375 611.0753173828125 
3 2304.488525390625 111.80268859863281 2363.6357421875 200.0005340576172 
831
2 1253.7410888671875 396.87078857421875 1563.6702880859375 611.595458984375 
0 1104.791015625 479.661376953125 1399.4578857421875 984.5667724609375 
3 1204.3443603515625 218.10964965820312 1408.624267578125 426.624267578125 
3 2303.9052734375 112.03623962402344 2362.869140625 200.0541534423828 
3 2326.091552734375 121.81344604492188 2385.94091796875 209.6627197265625 
832
0 1105.8756103515625 478.5885009765625 1398.1162109375 983.81494140625 
3 1199.8179931640625 221.7049560546875 1393.0738525390625 435.84625244140625 
2 1250.5595703125 398.79583740234375 1561.7060546875 610.7330322265625 
3 2324.794921875 127.20901489257812 2384.365966796875 209.93646240234375 
3 2303.452392578125 111.48088073730469 2359.39453125 199.8656005859375 
833
0 1107.713623046875 479.196533203125 1396.794189453125 983.0404052734375 
3 1194.3079833984375 224.84234619140625 1386.612548828125 431.6583557128906 
3 2303.042724609375 111.89338684082031 2359.4287109375 199.50961303710938 
2 1245.414794921875 400.90020751953125 1560.718994140625 609.32421875 
3 2324.850341796875 129.40859985351562 2383.265869140625 210.11827087402344 
2 1320.5660400390625 400.5569763183594 1561.2044677734375 607.8131103515625 
834
0 1102.0604248046875 479.20697021484375 1395.963134765625 983.14404296875 
3 1191.5316162109375 225.72344970703125 1387.148681640625 447.1981201171875 
2 1239.7808837890625 400.62164306640625 1557.2032470703125 610.4915771484375 
3 2302.43896484375 110.64334106445312 2363.865478515625 198.99539184570312 
2 1311.34326171875 400.3092956542969 1558.1483154296875 609.5748291015625 
835
0 1103.352294921875 478.6549072265625 1395.62060546875 984.94384765625 
3 1187.1661376953125 225.88232421875 1386.527587890625 452.22491455078125 
3 2300.0185546875 110.78482055664062 2360.364990234375 199.7274932861328 
3 2324.0322265625 122.16220092773438 2381.5341796875 209.70327758789062 
2 1314.4989013671875 399.17205810546875 1552.8778076171875 609.4797973632812 
2 1230.443603515625 399.48663330078125 1552.51416015625 609.5568237304688 
836
0 1098.80322265625 479.757568359375 1393.9161376953125 985.0053100585938 
3 1182.8603515625 225.599853515625 1385.78662109375 442.9127502441406 
3 2298.67578125 112.0467529296875 2359.569580078125 198.5204620361328 
2 1303.775146484375 397.212646484375 1550.79443359375 609.5899658203125 
3 2319.69580078125 122.09323120117188 2379.72509765625 208.80389404296875 
837
0 1097.0892333984375 479.75067138671875 1392.7259521484375 984.3640747070312 
3 1177.6654052734375 227.94247436523438 1384.0535888671875 448.2791442871094 
3 2297.498046875 110.1719970703125 2354.473876953125 198.20909118652344 
3 2320.351318359375 119.56887817382812 2378.79248046875 207.9417724609375 
2 1299.4130859375 394.4927062988281 1551.34814453125 608.6101684570312 
2 1222.8414306640625 392.6097106933594 1551.189208984375 608.5521240234375 
838
0 1096.7449951171875 477.71612548828125 1392.700439453125 983.9970703125 
3 1174.81396484375 229.3115234375 1378.08935546875 451.13409423828125 
3 2297.169189453125 109.46633911132812 2352.525146484375 197.24754333496094 
2 1296.412109375 390.62322998046875 1547.43994140625 609.3203125 
3 2321.103759765625 117.87075805664062 2377.6611328125 207.24008178710938 
839
0 1095.185546875 478.7308349609375 1391.172607421875 985.0345458984375 
3 1169.1597900390625 230.58358764648438 1371.976318359375 485.6549072265625 
3 2295.23828125 109.38682556152344 2352.056884765625 198.02496337890625 
3 2319.05615234375 121.30772399902344 2376.819091796875 206.80416870117188 
2 1213.2513427734375 384.05035400390625 1543.57275390625 608.4719848632812 
840
0 1093.2713623046875 478.00714111328125 1389.210693359375 985.3624877929688 
3 1165.647705078125 232.12350463867188 1365.95361328125 479.148681640625 
2 1214.961669921875 390.0745849609375 1540.366455078125 610.8319702148438 
3 2318.23095703125 118.19366455078125 2375.201416015625 206.48654174804688 
3 2292.820068359375 113.44334411621094 2348.70556640625 199.14901733398438 
3 2292.862548828125 108.47933959960938 2349.276611328125 198.58473205566406 
841
0 1090.3238525390625 477.47760009765625 1387.6273193359375 985.238037109375 
3 2292.0068359375 107.33163452148438 2349.290771484375 198.04302978515625 
3 1160.91943359375 234.562744140625 1360.513671875 487.34130859375 
3 2316.389404296875 122.16690063476562 2373.498046875 206.20191955566406 
842
0 1089.5306396484375 478.4769287109375 1386.632568359375 985.70654296875 
3 2288.416748046875 106.67152404785156 2347.222900390625 196.65670776367188 
2 1279.5977783203125 403.6932067871094 1525.0216064453125 610.8485107421875 
3 1156.21484375 238.539306640625 1355.4075927734375 498.7926025390625 
3 2313.592041015625 119.351806640625 2370.59765625 206.54312133789062 
843
0 1086.8013916015625 479.037353515625 1384.308837890625 985.0697021484375 
3 1151.385986328125 242.2847900390625 1350.4989013671875 484.00213623046875 
3 2287.49267578125 107.24801635742188 2345.694580078125 196.44183349609375 
2 1272.9818115234375 403.5810852050781 1518.5064697265625 609.4777221679688 
3 2311.39697265625 118.49874877929688 2369.3271484375 206.18997192382812 
844
0 1084.7548828125 476.919677734375 1382.510986328125 985.517333984375 
3 2287.700927734375 105.76919555664062 2345.59521484375 195.99203491210938 
2 1203.0323486328125 382.0536804199219 1517.08447265625 609.314697265625 
3 2308.294189453125 120.6839599609375 2367.548828125 206.19642639160156 
3 1147.365966796875 244.4527587890625 1342.3846435546875 482.7457275390625 
845
0 1083.2979736328125 474.30718994140625 1379.96826171875 984.2756958007812 
3 1143.1390380859375 248.3197021484375 1337.7711181640625 471.4996337890625 
3 2287.9873046875 105.50358581542969 2345.385498046875 193.4950714111328 
2 1200.78173828125 389.1593322753906 1516.6170654296875 612.8685913085938 
2 1275.4327392578125 399.611083984375 1516.974365234375 611.8784790039062 
846
0 1082.5828857421875 477.28790283203125 1377.632080078125 984.55224609375 
3 1139.3570556640625 250.11578369140625 1335.94384765625 493.64080810546875 
2 1274.105712890625 382.9959716796875 1515.720703125 611.5743408203125 
3 2290.513671875 105.70559692382812 2343.395263671875 178.62583923339844 
847
0 1081.668701171875 477.1473388671875 1375.8760986328125 983.520751953125 
3 1134.661376953125 253.36175537109375 1334.8248291015625 498.84197998046875 
2 1271.8118896484375 381.9214782714844 1515.48046875 611.805419921875 
3 2286.8525390625 105.0611572265625 2341.800048828125 189.41659545898438 
848
0 1079.6890869140625 477.0377197265625 1373.7249755859375 984.58154296875 
2 1195.1859130859375 382.8800048828125 1514.1549072265625 615.1420288085938 
3 1130.09521484375 259.0711364746094 1337.061279296875 491.069580078125 
849
0 1078.1649169921875 477.30328369140625 1371.016845703125 983.43798828125 
3 2278.86279296875 103.87881469726562 2335.952880859375 192.58718872070312 
2 1186.964111328125 380.8673095703125 1513.0264892578125 615.875244140625 
850
0 1077.528564453125 477.6778564453125 1369.4927978515625 980.4801025390625 
2 1193.008056640625 381.16412353515625 1511.9171142578125 616.8961791992188 
3 2277.309814453125 104.26406860351562 2334.153076171875 193.26564025878906 
851
0 1077.006591796875 479.00213623046875 1367.0321044921875 982.3680419921875 
2 1193.2259521484375 382.03857421875 1510.68798828125 620.6982421875 
3 2275.461181640625 102.67117309570312 2331.87890625 193.52212524414062 
3 2304.341064453125 119.68894958496094 2358.096435546875 202.0299530029297 
3 1207.4422607421875 0.8541145324707031 1235.14306640625 66.71350860595703 
852
0 1076.15576171875 479.15093994140625 1365.8255615234375 984.3221435546875 
2 1181.2783203125 381.5441589355469 1510.6773681640625 625.3602905273438 
3 2273.99072265625 101.6746826171875 2330.142822265625 193.4158477783203 
3 2301.052978515625 114.23880004882812 2355.1630859375 201.89437866210938 
853
0 1075.961669921875 478.3541259765625 1365.8187255859375 983.0677490234375 
2 1184.600830078125 382.1517333984375 1510.54296875 626.1030883789062 
3 2273.845947265625 101.23922729492188 2330.13037109375 193.13113403320312 
3 2300.017822265625 114.3319091796875 2354.831298828125 202.1185302734375 
3 1112.17724609375 280.1922912597656 1352.78125 479.18621826171875 
854
0 1076.265380859375 477.12261962890625 1365.720947265625 984.0205078125 
2 1183.84619140625 382.97418212890625 1510.668212890625 627.2965087890625 
3 2273.656494140625 101.49162292480469 2329.873046875 192.84918212890625 
3 2298.13330078125 116.22691345214844 2354.90087890625 202.32553100585938 
855
0 1075.7037353515625 476.53338623046875 1365.482666015625 983.9013671875 
2 1202.2237548828125 382.13140869140625 1510.3560791015625 625.6066284179688 
3 2273.173583984375 102.04745483398438 2330.176513671875 192.34518432617188 
856
0 1074.637939453125 477.22247314453125 1363.955078125 982.82080078125 
2 1199.215087890625 380.0013732910156 1509.9129638671875 625.76318359375 
3 2272.277099609375 101.94148254394531 2329.363037109375 192.58558654785156 
3 2295.400634765625 116.19381713867188 2355.52392578125 201.69532775878906 
857
0 1073.7965087890625 478.47235107421875 1363.27783203125 983.2720947265625 
3 2272.072265625 101.89642333984375 2329.64697265625 193.23007202148438 
2 1203.18017578125 376.773681640625 1508.96728515625 624.448974609375 
3 2299.034912109375 113.26123046875 2353.918701171875 201.61546325683594 
858
0 1073.245849609375 479.0782470703125 1362.8226318359375 982.7794189453125 
3 2270.917236328125 101.84165954589844 2329.08349609375 194.3588104248047 
2 1209.826904296875 373.7528076171875 1508.3321533203125 626.5345458984375 
3 2299.498779296875 111.80535888671875 2354.32958984375 201.51425170898438 
3 1120.3829345703125 295.51641845703125 1361.6590576171875 491.880126953125 
859
0 1073.1058349609375 479.253662109375 1362.2542724609375 982.1082763671875 
2 1214.81591796875 365.7765197753906 1508.25341796875 626.5092163085938 
3 2270.923095703125 101.91659545898438 2328.23486328125 193.87783813476562 
3 1120.01708984375 299.0794372558594 1362.618408203125 494.4278564453125 
3 2301.644775390625 112.20175170898438 2355.43505859375 201.64358520507812 
860
0 1073.1949462890625 479.23175048828125 1362.0045166015625 982.0091552734375 
2 1217.06884765625 355.7588195800781 1506.210693359375 626.6279296875 
3 1122.57177734375 308.2624206542969 1364.49755859375 493.8045654296875 
3 2271.75 101.97325134277344 2328.870361328125 194.40023803710938 
3 2303.63916015625 113.66975402832031 2356.2919921875 201.84957885742188 
3 1205.3759765625 1.3625335693359375 1232.2901611328125 67.03593444824219 
861
0 1073.4554443359375 479.201416015625 1361.740234375 982.2078857421875 
2 1221.6175537109375 350.4284973144531 1504.973876953125 626.5743408203125 
3 1125.20458984375 310.06256103515625 1366.326904296875 490.970703125 
3 2272.161376953125 102.22628784179688 2328.601806640625 194.29290771484375 
3 2304.478515625 113.21243286132812 2356.358642578125 201.92913818359375 
862
0 1074.31787109375 478.870361328125 1362.585693359375 982.085205078125 
2 1223.7490234375 347.03509521484375 1504.1370849609375 626.6000366210938 
3 1128.69677734375 314.6053771972656 1366.5858154296875 490.4423828125 
3 2273.020751953125 101.24876403808594 2329.351318359375 193.66397094726562 
3 2307.97265625 114.177734375 2355.396484375 201.92918395996094 
863
0 1074.6512451171875 478.91351318359375 1362.4779052734375 981.5756225585938 
2 1222.916015625 345.26739501953125 1504.0189208984375 625.9230346679688 
3 2273.55126953125 100.86415100097656 2329.427490234375 193.87596130371094 
3 1130.51708984375 316.9097900390625 1362.5181884765625 488.53582763671875 
3 2309.197021484375 114.08331298828125 2358.27783203125 202.38748168945312 
864
0 1075.0228271484375 478.53240966796875 1362.454345703125 981.6480712890625 
2 1223.1048583984375 343.99169921875 1503.280029296875 625.580810546875 
3 2273.50634765625 101.57096862792969 2330.619384765625 194.5501708984375 
3 1133.2923583984375 316.5651550292969 1360.73193359375 486.187744140625 
3 2309.540283203125 113.93905639648438 2357.855712890625 202.3321990966797 
865
0 1075.07373046875 478.7738037109375 1362.1766357421875 982.1366577148438 
2 1221.9725341796875 348.8067932128906 1501.4559326171875 625.5143432617188 
3 2273.37841796875 101.99740600585938 2331.045166015625 194.7434844970703 
3 2308.86865234375 113.9849853515625 2358.25390625 202.27267456054688 
3 1134.850341796875 316.59619140625 1359.6900634765625 489.225830078125 
866
0 1075.28076171875 479.3218994140625 1361.2625732421875 982.9749145507812 
2 1217.7364501953125 353.130859375 1499.7108154296875 626.150390625 
3 2273.22021484375 102.36868286132812 2331.638671875 194.9980926513672 
3 2308.436279296875 114.10382080078125 2359.36279296875 202.27578735351562 
3 1137.4351806640625 314.7129821777344 1356.300537109375 489.4825439453125 
2 1137.5106201171875 315.0742492675781 1358.7841796875 600.8590698242188 
867
0 1075.2783203125 480.1893310546875 1360.1124267578125 983.27587890625 
2 1209.343505859375 356.104248046875 1499.2694091796875 626.607177734375 
3 2273.11279296875 102.36288452148438 2331.497802734375 195.0434112548828 
3 1136.3828125 313.18157958984375 1357.719970703125 490.64117431640625 
3 2308.012939453125 114.1771240234375 2356.9599609375 201.73382568359375 
3 2308.43896484375 113.89154052734375 2357.977294921875 202.21038818359375 
868
0 1075.38818359375 480.325439453125 1359.1005859375 983.478759765625 
2 1207.751220703125 362.33612060546875 1497.3056640625 626.0003051757812 
3 2273.069580078125 102.28387451171875 2331.58203125 194.94996643066406 
3 1137.4619140625 310.35272216796875 1356.980712890625 492.02593994140625 
3 2307.88818359375 114.22335815429688 2356.700927734375 201.74769592285156 
869
0 1076.2030029296875 480.7677001953125 1358.4080810546875 983.6337890625 
2 1202.203369140625 370.86187744140625 1495.7940673828125 626.6316528320312 
3 2272.17724609375 102.92929077148438 2330.6435546875 195.36029052734375 
3 2306.38427734375 113.44087219238281 2356.802978515625 201.83755493164062 
3 1138.66552734375 309.67095947265625 1461.448486328125 488.21966552734375 
3 1139.1700439453125 307.5744323730469 1351.9075927734375 488.6290283203125 
870
0 1076.5401611328125 480.87896728515625 1358.7479248046875 983.3411254882812 
2 1194.9432373046875 378.1488342285156 1495.3009033203125 626.923095703125 
3 2272.364013671875 103.13092041015625 2330.682373046875 195.18783569335938 
3 2306.690185546875 112.98367309570312 2357.08056640625 201.8259735107422 
3 1140.23974609375 306.57080078125 1355.207275390625 481.6243896484375 
871
0 1077.2415771484375 480.9278564453125 1358.853515625 982.946044921875 
2 1190.00341796875 374.4586181640625 1493.712158203125 626.4327392578125 
3 2272.831298828125 103.19328308105469 2331.262939453125 195.38204956054688 
3 2308.8310546875 113.72300720214844 2359.710205078125 202.30023193359375 
3 1141.2252197265625 303.1875915527344 1350.735595703125 479.58782958984375 
872
0 1077.705078125 480.850830078125 1359.5377197265625 981.7816162109375 
3 2274.045166015625 103.24635314941406 2331.4912109375 196.36920166015625 
3 2311.542236328125 113.17056274414062 2360.870849609375 202.1742401123047 
2 1167.061767578125 381.08935546875 1493.0697021484375 626.6611328125 
3 1207.236328125 0.8853683471679688 1234.943115234375 66.83966064453125 
3 1142.4718017578125 301.60546875 1342.138427734375 476.03326416015625 
2 1262.654541015625 381.1493225097656 1493.300048828125 626.6343994140625 
873
0 1077.9305419921875 481.1646728515625 1359.971923828125 981.2000732421875 
3 2274.997314453125 103.66523742675781 2331.344482421875 196.63180541992188 
3 2311.972412109375 113.57952880859375 2360.793701171875 202.52943420410156 
2 1257.0157470703125 381.7038269042969 1488.5167236328125 627.601806640625 
3 1142.8328857421875 299.9716796875 1336.376708984375 479.3048095703125 
3 1142.968994140625 299.5624694824219 1335.2193603515625 430.9767150878906 
874
0 1078.355224609375 480.78961181640625 1360.416259765625 980.3920288085938 
3 2275.794677734375 104.04600524902344 2331.502685546875 196.55972290039062 
3 2312.77978515625 113.72296142578125 2360.56396484375 202.42701721191406 
3 1142.71484375 297.58233642578125 1334.2786865234375 437.7613525390625 
2 1249.77392578125 382.33349609375 1486.002685546875 626.8616333007812 
2 1157.4444580078125 383.3250732421875 1485.6478271484375 627.1538696289062 
875
0 1078.7373046875 480.598388671875 1361.035400390625 979.4057006835938 
3 2276.537353515625 104.2713623046875 2332.611572265625 195.37452697753906 
2 1246.62841796875 389.07769775390625 1483.669921875 627.640869140625 
3 1141.038330078125 295.4377136230469 1334.2108154296875 435.20654296875 
3 2314.203857421875 114.447265625 2360.090087890625 201.82308959960938 
3 1635.8623046875 54.16590881347656 1666.3577880859375 124.09088134765625 
876
0 1078.8360595703125 480.632568359375 1361.0003662109375 979.8568115234375 
3 2276.564208984375 104.30461120605469 2333.55615234375 195.34262084960938 
2 1253.5364990234375 390.02154541015625 1480.474609375 627.7786254882812 
3 2314.001220703125 116.09555053710938 2360.424560546875 201.94595336914062 
877
0 1079.050537109375 479.40130615234375 1361.7086181640625 979.500732421875 
2 1238.8482666015625 391.8876647949219 1477.9381103515625 626.8630981445312 
3 2276.728271484375 104.59115600585938 2333.900390625 195.28477478027344 
3 1136.0948486328125 292.73504638671875 1345.0692138671875 441.1603088378906 
3 2313.748046875 116.54336547851562 2361.179443359375 202.45779418945312 
878
0 1079.286376953125 478.75177001953125 1362.3175048828125 979.3671875 
2 1234.346923828125 393.2496337890625 1474.3648681640625 625.5968627929688 
3 2276.8330078125 104.74765014648438 2333.866455078125 195.05699157714844 
3 1132.1754150390625 288.87908935546875 1351.0435791015625 447.3233337402344 
879
0 1079.359619140625 475.16400146484375 1363.748291015625 980.01904296875 
2 1227.322265625 395.81500244140625 1471.210205078125 625.6742553710938 
3 1130.072265625 285.05889892578125 1355.3240966796875 447.0849609375 
3 2276.740966796875 105.07827758789062 2333.534423828125 195.02676391601562 
880
0 1079.43115234375 479.8155517578125 1365.75048828125 979.5638427734375 
2 1222.3001708984375 398.088623046875 1469.2376708984375 626.8209838867188 
3 1128.005615234375 282.8366394042969 1354.0247802734375 454.0462951660156 
3 1128.3258056640625 282.8284912109375 1353.4024658203125 453.1918640136719 
3 2276.55322265625 104.61752319335938 2333.6025390625 194.64797973632812 
3 2314.8984375 117.04010009765625 2361.514404296875 203.9482421875 
881
0 1079.6641845703125 482.0648193359375 1366.57568359375 979.3817749023438 
3 1126.138427734375 280.3241271972656 1354.2752685546875 453.92718505859375 
2 1219.3939208984375 405.78961181640625 1469.076416015625 627.350341796875 
3 2276.604736328125 104.66639709472656 2334.244384765625 194.44943237304688 
3 2314.955810546875 117.55838012695312 2361.51416015625 205.25833129882812 
882
0 1080.162353515625 481.60791015625 1367.2947998046875 979.4307250976562 
3 1121.776611328125 281.10357666015625 1353.1519775390625 459.2701416015625 
2 1217.248291015625 417.5306396484375 1466.669921875 627.5679931640625 
3 2277.01904296875 104.98382568359375 2335.610107421875 194.87623596191406 
883
0 1080.235107421875 483.7974853515625 1369.1953125 979.37109375 
3 1119.64208984375 281.1854248046875 1347.4407958984375 453.02532958984375 
2 1215.198486328125 413.17901611328125 1472.24658203125 627.0361938476562 
3 2276.8515625 105.05877685546875 2334.87353515625 194.785400390625 
884
0 1080.0430908203125 483.72509765625 1370.53173828125 979.8364868164062 
3 1116.134765625 282.60467529296875 1345.513916015625 485.8531494140625 
2 1215.983154296875 410.8803405761719 1466.49072265625 627.2667236328125 
3 2276.871337890625 105.08908081054688 2333.445556640625 195.04656982421875 
885
0 1079.58935546875 484.99114990234375 1370.9234619140625 979.9991455078125 
2 1214.6282958984375 408.83892822265625 1463.739013671875 627.3594360351562 
3 1111.69140625 284.66265869140625 1341.72021484375 490.1973876953125 
886
0 1079.4151611328125 485.2686767578125 1371.6744384765625 980.3656005859375 
2 1214.4012451171875 407.4168701171875 1463.27734375 626.7520751953125 
3 1106.3216552734375 287.4244079589844 1339.1165771484375 488.00146484375 
3 2276.486083984375 104.9913330078125 2332.919189453125 194.25025939941406 
3 2315.715576171875 120.26957702636719 2363.155029296875 206.0772705078125 
887
0 1079.0179443359375 484.74462890625 1372.328125 979.8505859375 
2 1213.759765625 406.88226318359375 1463.7646484375 626.6917724609375 
3 1102.70703125 291.06353759765625 1332.5947265625 488.18048095703125 
3 2276.374755859375 105.31776428222656 2333.353759765625 194.19912719726562 
3 2315.677490234375 119.99653625488281 2363.849853515625 206.20030212402344 
888
0 1078.7235107421875 483.6185302734375 1373.0037841796875 980.3450927734375 
2 1212.223388671875 409.6356201171875 1463.595703125 627.2733764648438 
3 1097.3043212890625 296.56744384765625 1325.0623779296875 487.0526123046875 
3 2276.4228515625 105.13499450683594 2333.39306640625 194.11676025390625 
3 2315.8349609375 123.12348937988281 2362.70263671875 205.84738159179688 
889
0 1078.005126953125 483.8779296875 1373.943115234375 980.2042236328125 
2 1211.3323974609375 418.3339538574219 1465.32666015625 627.726318359375 
3 1094.8992919921875 301.281982421875 1320.844482421875 488.9735107421875 
3 2276.480224609375 105.46044921875 2332.623291015625 194.24623107910156 
3 2315.97802734375 122.3167724609375 2363.9443359375 205.99864196777344 
890
0 1077.7578125 484.13043212890625 1374.779541015625 980.3159790039062 
2 1213.8028564453125 410.1959228515625 1466.2237548828125 627.48291015625 
3 1089.805908203125 303.2557067871094 1311.48828125 489.683837890625 
3 2316.116943359375 118.23780822753906 2367.05712890625 206.3342742919922 
3 2276.522705078125 105.54318237304688 2333.224853515625 194.31634521484375 
891
0 1077.5606689453125 484.06097412109375 1375.1282958984375 980.4525756835938 
2 1215.109375 411.45849609375 1467.04345703125 627.4375 
3 1088.244873046875 307.10101318359375 1308.3323974609375 489.88134765625 
3 2315.956298828125 122.90986633300781 2366.701171875 206.0758819580078 
3 2276.60986328125 105.66709899902344 2333.39404296875 194.38949584960938 
892
0 1077.4879150390625 484.27142333984375 1375.919921875 980.2442626953125 
2 1215.12060546875 411.6947021484375 1468.2552490234375 627.6168212890625 
3 1086.1422119140625 310.1499328613281 1303.80419921875 490.8946533203125 
3 2316.031005859375 123.94245910644531 2365.66357421875 205.7606658935547 
3 2276.78662109375 105.73779296875 2333.396484375 194.36367797851562 
893
0 1077.0654296875 484.67108154296875 1377.094482421875 980.5862426757812 
2 1213.81494140625 412.29547119140625 1470.846923828125 628.099853515625 
3 1083.956787109375 311.88983154296875 1302.5576171875 492.400390625 
3 2316.58984375 122.61463928222656 2365.23681640625 206.12257385253906 
3 2276.6240234375 105.89114379882812 2333.302978515625 194.3177490234375 
894
0 1076.9100341796875 484.86810302734375 1378.319580078125 980.8807983398438 
2 1216.45556640625 412.64825439453125 1472.7894287109375 627.7783813476562 
3 1083.5948486328125 314.508544921875 1299.7650146484375 493.12225341796875 
3 2316.879638671875 121.8519287109375 2364.91845703125 206.1941680908203 
3 2276.689697265625 105.90957641601562 2333.240966796875 194.4144744873047 
895
0 1077.04150390625 484.2425537109375 1379.4869384765625 981.5750732421875 
2 1217.073486328125 411.9888916015625 1473.85009765625 628.0004272460938 
3 1083.083984375 316.0552978515625 1300.03564453125 493.34539794921875 
3 2317.107421875 118.84577941894531 2365.759521484375 206.23629760742188 
3 2276.529296875 105.94845581054688 2332.8056640625 194.7662353515625 
896
0 1077.4149169921875 484.05596923828125 1380.1553955078125 982.5527954101562 
2 1219.6937255859375 411.8948669433594 1475.15966796875 627.7442016601562 
3 1081.9637451171875 318.1174011230469 1299.215087890625 492.670166015625 
3 2276.24169921875 105.69343566894531 2333.091796875 194.74757385253906 
3 2317.234130859375 120.45103454589844 2365.263671875 206.00816345214844 
897
0 1078.2919921875 483.96527099609375 1380.7603759765625 983.1314697265625 
3 1081.296142578125 319.00738525390625 1300.491455078125 492.9913330078125 
2 1219.39599609375 411.05059814453125 1477.0186767578125 627.8231201171875 
3 2276.619140625 104.99176025390625 2333.81982421875 195.27186584472656 
3 2318.633544921875 115.21658325195312 2370.97900390625 205.92953491210938 
898
0 1079.0430908203125 483.94500732421875 1382.05810546875 983.8531494140625 
3 1081.7874755859375 320.3354187011719 1302.393798828125 493.82476806640625 
2 1220.045654296875 410.9496765136719 1496.7333984375 627.1484985351562 
3 2319.1708984375 114.1971435546875 2373.0322265625 206.01699829101562 
3 2277.975341796875 103.72084045410156 2335.40087890625 194.79849243164062 
3 2378.00146484375 122.18685913085938 2401.53271484375 155.62393188476562 
899
0 1079.70458984375 483.6805419921875 1383.797607421875 984.1688232421875 
3 1083.72265625 322.1600341796875 1302.8521728515625 493.08685302734375 
2 1223.14013671875 408.8017578125 1475.612060546875 627.328857421875 
3 2319.26708984375 114.25257873535156 2374.5263671875 205.82420349121094 
3 2284.754150390625 103.6292724609375 2337.30908203125 195.9142608642578 
900
0 1081.35693359375 484.4832763671875 1384.908447265625 983.6410522460938 
2 1223.8455810546875 407.1776428222656 1474.2791748046875 628.9312744140625 
3 1083.780517578125 323.88934326171875 1305.0166015625 493.8978271484375 
3 2320.354248046875 115.9051513671875 2371.572021484375 206.02163696289062 
3 2280.916259765625 104.45692443847656 2339.6435546875 196.01553344726562 
901
0 1082.361572265625 485.2962646484375 1386.486328125 983.647705078125 
2 1218.5616455078125 404.4771728515625 1475.516357421875 628.4364013671875 
3 1084.112060546875 323.8625793457031 1308.2669677734375 494.6048583984375 
3 2283.63134765625 105.25250244140625 2339.4052734375 195.72708129882812 
3 2320.992919921875 113.81610107421875 2374.372802734375 205.8083038330078 
902
0 1083.7164306640625 485.8175048828125 1387.454833984375 984.6087646484375 
3 1085.6324462890625 324.9085998535156 1309.5037841796875 495.96954345703125 
2 1222.45947265625 403.2686767578125 1474.91015625 628.2378540039062 
3 2286.846435546875 106.07481384277344 2339.469482421875 196.44778442382812 
3 2323.077392578125 116.05712890625 2376.93701171875 205.37481689453125 
903
0 1085.4228515625 486.72900390625 1387.46435546875 985.41357421875 
2 1221.09228515625 404.19500732421875 1471.938232421875 627.423828125 
3 1088.2767333984375 325.244873046875 1311.017578125 495.8590087890625 
3 2285.994873046875 105.99400329589844 2343.36572265625 196.657470703125 
3 2323.275634765625 119.04006958007812 2376.06103515625 205.22811889648438 
904
0 1087.54150390625 487.6234130859375 1390.1224365234375 985.931884765625 
3 2285.625732421875 106.81370544433594 2344.594970703125 197.84396362304688 
3 2323.844482421875 119.934814453125 2375.912353515625 205.1968994140625 
2 1224.8321533203125 404.5633850097656 1471.54833984375 627.3075561523438 
3 1089.04443359375 326.10595703125 1312.8184814453125 494.29351806640625 
905
0 1089.2474365234375 488.0284423828125 1391.376953125 985.1361083984375 
3 2287.119873046875 105.24159240722656 2344.65380859375 196.92344665527344 
2 1222.41064453125 407.60064697265625 1471.677001953125 627.6347045898438 
3 2325.294677734375 119.00222778320312 2379.33056640625 205.8031768798828 
3 1093.0899658203125 324.5880126953125 1310.752685546875 495.58380126953125 
906
0 1092.322021484375 489.4010009765625 1391.4996337890625 984.1929931640625 
3 2287.4267578125 106.3131103515625 2345.460693359375 197.27560424804688 
2 1221.992431640625 406.87359619140625 1472.6043701171875 628.236328125 
3 2326.48779296875 117.58799743652344 2383.36865234375 205.7830047607422 
3 1095.1494140625 321.8757629394531 1311.2227783203125 499.4404296875 
3 1096.3717041015625 321.1997985839844 1311.3662109375 459.01019287109375 
907
0 1096.135986328125 488.2630615234375 1392.820068359375 986.0895385742188 
3 2288.2890625 107.04208374023438 2345.90771484375 198.78509521484375 
3 2328.168212890625 119.7698974609375 2383.924072265625 207.22755432128906 
3 1096.5006103515625 320.58056640625 1309.5074462890625 498.89410400390625 
2 1221.66259765625 408.930908203125 1469.450927734375 618.7630004882812 
908
0 1099.020263671875 489.0252685546875 1394.120849609375 986.623291015625 
3 2290.16455078125 107.21104431152344 2349.15966796875 199.359130859375 
3 2329.695068359375 116.74154663085938 2386.7421875 209.22779846191406 
2 1134.08447265625 411.2259216308594 1470.25634765625 627.1239013671875 
3 1101.4208984375 319.4634094238281 1309.2991943359375 467.1723327636719 
909
0 1100.939208984375 487.9832763671875 1395.6334228515625 986.3381958007812 
3 2293.5751953125 107.54789733886719 2349.792236328125 198.3780059814453 
3 2329.015380859375 118.44140625 2389.276123046875 209.13424682617188 
3 1102.198486328125 317.2074890136719 1304.9561767578125 470.15399169921875 
3 1652.64892578125 59.05042266845703 1681.2529296875 127.20895385742188 
2 1226.200927734375 413.90924072265625 1470.5068359375 625.9163818359375 
2 1132.55322265625 415.11346435546875 1470.8511962890625 625.9415893554688 
910
0 1104.5244140625 488.22509765625 1397.0963134765625 985.772705078125 
2 1224.284912109375 414.7965393066406 1471.2880859375 628.132568359375 
3 2293.1455078125 107.02474975585938 2352.11767578125 199.68031311035156 
3 1104.5587158203125 316.2906494140625 1309.15185546875 476.61785888671875 
3 2331.720703125 118.82467651367188 2395.625732421875 210.75973510742188 
911
0 1107.2630615234375 488.80462646484375 1397.78271484375 985.3101806640625 
3 2295.552001953125 107.62710571289062 2355.442138671875 200.3023681640625 
3 1106.3773193359375 314.78021240234375 1309.46630859375 468.46923828125 
2 1221.97900390625 416.5586853027344 1469.6917724609375 624.725830078125 
3 2336.288330078125 119.18026733398438 2395.577392578125 210.83139038085938 
912
0 1109.6934814453125 490.36370849609375 1398.55908203125 985.1033935546875 
3 2297.950927734375 109.1573486328125 2357.189697265625 200.3943634033203 
3 1108.10205078125 315.2320556640625 1314.063232421875 465.9888916015625 
3 2335.65380859375 118.09957885742188 2398.353271484375 210.04225158691406 
2 1132.601806640625 418.2877502441406 1473.1876220703125 629.1293334960938 
2 1225.25439453125 418.03240966796875 1473.630615234375 628.945556640625 
913
0 1110.14404296875 489.7559814453125 1400.1741943359375 984.9454956054688 
3 1109.2403564453125 312.972412109375 1316.9915771484375 475.9659423828125 
3 2335.777587890625 117.5908203125 2395.392333984375 209.79949951171875 
3 2298.09423828125 109.50856018066406 2355.774658203125 200.0478515625 
2 1223.03466796875 419.2171630859375 1474.440673828125 628.4678344726562 
3 2297.406982421875 110.21493530273438 2354.169189453125 199.6859893798828 
2 1132.418212890625 422.1393127441406 1475.984619140625 629.247314453125 
914
0 1109.02685546875 490.127685546875 1401.334716796875 983.8674926757812 
3 1109.674072265625 311.8379211425781 1324.318603515625 480.5703125 
3 2298.51708984375 109.782958984375 2355.982666015625 200.42262268066406 
3 2336.9306640625 117.441650390625 2395.46923828125 209.7916717529297 
2 1219.7493896484375 420.93463134765625 1475.6334228515625 629.6328735351562 
915
0 1110.678466796875 490.85516357421875 1401.9957275390625 984.0594482421875 
3 1109.8834228515625 307.7178649902344 1326.5362548828125 518.44482421875 
3 2298.95458984375 108.19377136230469 2357.934326171875 201.28311157226562 
3 2336.19482421875 118.31571960449219 2398.367919921875 209.78292846679688 
2 1135.29052734375 422.3216247558594 1474.7591552734375 630.790283203125 
2 1221.9361572265625 421.921142578125 1475.37060546875 631.0042114257812 
916
0 1102.1160888671875 491.23809814453125 1401.5789794921875 984.9132080078125 
2 1220.434814453125 431.00738525390625 1476.07861328125 631.4924926757812 
3 2300.401123046875 109.70867919921875 2360.42138671875 201.93069458007812 
3 2337.00439453125 117.8050537109375 2394.752197265625 209.28759765625 
3 1107.76318359375 306.981689453125 1329.4891357421875 546.0036010742188 
917
0 1113.473876953125 492.839111328125 1402.355224609375 986.0521240234375 
3 2301.427734375 109.60977172851562 2360.364013671875 201.94607543945312 
2 1219.2286376953125 434.0225830078125 1476.1904296875 631.0430908203125 
3 1109.636962890625 303.90386962890625 1330.6951904296875 462.3883972167969 
3 2336.7939453125 118.69869995117188 2394.589111328125 209.19139099121094 
918
0 1117.8255615234375 492.6865234375 1403.3663330078125 985.2431640625 
3 2302.72216796875 109.93064880371094 2361.37353515625 201.30873107910156 
3 2335.037109375 120.05364990234375 2396.34326171875 210.65867614746094 
2 1222.324462890625 429.71917724609375 1476.128173828125 628.92431640625 
919
3 2303.205810546875 109.938232421875 2361.53369140625 200.64712524414062 
0 1117.792724609375 491.89007568359375 1404.217529296875 984.91796875 
3 1101.1859130859375 300.9722900390625 1330.716064453125 559.9742431640625 
3 2337.33056640625 120.78010559082031 2394.2783203125 211.49375915527344 
2 1226.2354736328125 430.6619873046875 1463.310791015625 614.0281372070312 
920
0 1119.46142578125 491.24517822265625 1404.735595703125 984.42529296875 
3 1101.0028076171875 304.1039733886719 1327.1240234375 562.18603515625 
3 2337.6533203125 121.11090087890625 2395.57177734375 211.84768676757812 
2 1225.8509521484375 430.9380798339844 1475.1929931640625 626.7616577148438 
3 2303.772216796875 111.05390930175781 2362.208984375 200.7366943359375 
921
0 1119.767822265625 493.74749755859375 1405.132568359375 984.48681640625 
3 1096.8741455078125 305.97589111328125 1327.30810546875 565.2406616210938 
3 2337.25927734375 121.28079223632812 2395.61279296875 211.5872344970703 
2 1221.9332275390625 431.9688720703125 1476.8677978515625 628.2100830078125 
3 2303.646240234375 110.96456909179688 2362.365234375 200.10952758789062 
922
0 1121.3487548828125 494.22747802734375 1404.4437255859375 985.111328125 
3 1095.744873046875 312.39453125 1322.8717041015625 565.2930297851562 
3 2336.958984375 121.66705322265625 2395.32421875 211.88804626464844 
2 1220.05224609375 432.3215026855469 1470.3902587890625 623.5464477539062 
3 2303.895751953125 111.77105712890625 2361.741455078125 200.65548706054688 
923
0 1121.732666015625 493.27691650390625 1403.7257080078125 986.5293579101562 
3 1094.7720947265625 316.36822509765625 1314.4989013671875 561.5460205078125 
3 2337.359130859375 121.65077209472656 2395.192626953125 212.64553833007812 
2 1220.059814453125 431.61016845703125 1463.4468994140625 618.5662231445312 
3 2304.3427734375 111.34690856933594 2361.501953125 200.85813903808594 
924
3 1092.0980224609375 319.65447998046875 1312.7874755859375 565.8185424804688 
0 1121.27392578125 490.0087890625 1403.27734375 987.127685546875 
2 1219.861572265625 430.6262512207031 1459.7955322265625 616.8184204101562 
3 2338.0107421875 122.34672546386719 2394.82861328125 213.27069091796875 
3 2304.640869140625 111.45603942871094 2362.321044921875 201.1029052734375 
925
3 1088.5152587890625 325.2713317871094 1305.92138671875 564.1851806640625 
0 1121.380859375 493.09197998046875 1403.2489013671875 987.437255859375 
3 2304.64892578125 110.72091674804688 2362.791748046875 201.5948486328125 
3 2341.7197265625 122.17236328125 2393.891845703125 212.90744018554688 
2 1222.351318359375 428.1956787109375 1457.1439208984375 616.0840454101562 
2 1127.0804443359375 427.9119873046875 1456.7037353515625 615.8050537109375 
926
3 1084.9898681640625 327.5003662109375 1303.7730712890625 562.8382568359375 
0 1121.6217041015625 496.95355224609375 1403.5770263671875 987.7589111328125 
3 2304.765869140625 111.02490234375 2362.92529296875 201.6068115234375 
3 2343.98876953125 122.178466796875 2394.057861328125 212.79107666015625 
2 1126.8353271484375 424.8917236328125 1476.960693359375 625.3399658203125 
2 1213.9090576171875 425.3646240234375 1477.10693359375 625.8036499023438 
927
3 1079.3719482421875 329.6269836425781 1301.1357421875 559.9965209960938 
0 1121.9774169921875 498.93121337890625 1404.1446533203125 987.46533203125 
3 2304.91259765625 110.88377380371094 2362.413330078125 201.56631469726562 
3 2343.34228515625 121.89144897460938 2396.84228515625 213.73402404785156 
2 1129.5135498046875 421.19488525390625 1465.7108154296875 619.2637939453125 
928
3 1076.464111328125 331.27197265625 1296.7510986328125 559.609375 
0 1122.27685546875 498.6505126953125 1404.5018310546875 987.1388549804688 
3 2339.458984375 122.66311645507812 2398.613525390625 213.84405517578125 
2 1127.9180908203125 416.3167724609375 1453.9661865234375 613.7234497070312 
3 2305.509521484375 111.01580810546875 2363.32177734375 201.25364685058594 
929
3 1072.18798828125 331.7746276855469 1292.31005859375 560.4884643554688 
0 1121.986572265625 497.8421630859375 1405.5675048828125 986.8560791015625 
3 2339.892333984375 122.70039367675781 2400.1103515625 213.93399047851562 
3 2306.12646484375 111.11495971679688 2364.367919921875 201.52110290527344 
930
3 1069.1163330078125 332.376220703125 1292.7264404296875 560.6664428710938 
0 1122.0797119140625 497.2369384765625 1405.5963134765625 986.472412109375 
3 2306.7646484375 111.078857421875 2364.56787109375 201.6128692626953 
3 2343.017333984375 122.47048950195312 2399.7490234375 213.84722900390625 
2 1219.83642578125 411.06085205078125 1455.31787109375 616.8485107421875 
3 1667.73583984375 55.27019500732422 1696.7120361328125 127.65182495117188 
931
3 1065.7611083984375 334.7648620605469 1291.76953125 560.8043212890625 
0 1120.533447265625 497.92633056640625 1405.7529296875 986.5860595703125 
3 2307.591064453125 110.93254089355469 2364.90966796875 201.57984924316406 
3 2344.077880859375 122.26043701171875 2399.0546875 214.25453186035156 
2 1220.6572265625 409.76507568359375 1454.69775390625 616.2764282226562 
3 1667.69140625 55.90748596191406 1697.049072265625 125.92892456054688 
932
3 1063.198974609375 335.8032531738281 1287.859375 560.266845703125 
0 1120.18359375 497.52593994140625 1405.4039306640625 986.7613525390625 
3 2308.38720703125 111.87387084960938 2365.76416015625 201.16140747070312 
3 2346.529541015625 122.04241943359375 2399.466064453125 214.35189819335938 
3 1667.608642578125 56.18663024902344 1697.4727783203125 125.97883605957031 
3 1238.8477783203125 0.1958160400390625 1266.953369140625 66.68568420410156 
2 1221.2080078125 409.7047424316406 1454.9461669921875 615.5392456054688 
933
3 1061.3193359375 336.6094665527344 1284.5487060546875 557.7730712890625 
0 1117.6431884765625 497.9146728515625 1404.9755859375 986.78759765625 
3 2308.51708984375 111.91596984863281 2366.343994140625 201.34231567382812 
3 2348.516845703125 121.82720947265625 2397.281005859375 214.5511932373047 
3 1667.455322265625 56.23838806152344 1697.7294921875 125.36587524414062 
3 1238.5615234375 0.23745346069335938 1266.9779052734375 66.64935302734375 
934
3 1058.718505859375 336.6457214355469 1281.2652587890625 556.9320678710938 
0 1109.7354736328125 497.63946533203125 1403.8309326171875 986.8023071289062 
3 2347.28662109375 121.53167724609375 2396.2412109375 214.47076416015625 
3 2308.39892578125 112.05232238769531 2366.96240234375 201.3160400390625 
3 1667.414794921875 56.15624237060547 1697.6776123046875 125.85523986816406 
3 1238.7696533203125 0.2599220275878906 1266.96337890625 66.62728881835938 
935
0 1098.1610107421875 498.1949462890625 1402.6280517578125 986.8280029296875 
3 1056.708251953125 339.44384765625 1277.299072265625 555.1048583984375 
3 2348.7958984375 121.04225158691406 2394.822021484375 214.61329650878906 
3 1667.4991455078125 56.143890380859375 1697.6802978515625 126.43759155273438 
3 2308.30126953125 111.70175170898438 2367.171875 201.9596405029297 
3 1238.843017578125 0.34940338134765625 1266.8831787109375 66.7284164428711 
936
0 1085.7159423828125 499.60479736328125 1401.56640625 986.1407470703125 
3 1055.981201171875 340.5255432128906 1275.243896484375 557.43017578125 
3 2308.73974609375 112.01608276367188 2367.9384765625 201.71263122558594 
3 2350.068603515625 121.21160888671875 2394.3525390625 214.6290283203125 
3 1667.556640625 56.4307861328125 1697.7548828125 126.65940856933594 
3 1239.3536376953125 0.5416526794433594 1267.005126953125 66.61162567138672 
937
0 1072.0350341796875 500.1778564453125 1398.626220703125 985.973388671875 
3 1054.5294189453125 340.6253662109375 1274.78125 557.9188232421875 
3 1667.254638671875 56.625030517578125 1697.645263671875 127.22389221191406 
3 2350.925048828125 121.03643798828125 2394.455322265625 214.65142822265625 
3 2309.1767578125 111.8828125 2369.101806640625 202.103271484375 
3 1239.5540771484375 0.7558784484863281 1266.729248046875 66.60652160644531 
3 2321.115234375 112.64437866210938 2371.126708984375 204.53575134277344 
938
0 1059.81591796875 500.98126220703125 1396.1839599609375 985.7620849609375 
3 1053.3175048828125 341.27734375 1273.3760986328125 559.128173828125 
3 2348.9130859375 121.4361572265625 2394.90966796875 214.45159912109375 
3 1667.4385986328125 57.057899475097656 1697.368896484375 125.71769714355469 
3 1239.7679443359375 1.0903549194335938 1266.728271484375 66.65203094482422 
3 2308.82275390625 112.21340942382812 2367.565185546875 201.73794555664062 
939
3 1052.796875 341.1898193359375 1272.1370849609375 561.3859252929688 
0 1053.31005859375 501.8814697265625 1392.6656494140625 985.6920166015625 
3 2349.378173828125 121.62452697753906 2395.3525390625 214.68214416503906 
3 1667.612548828125 56.662811279296875 1697.357177734375 125.61708068847656 
3 1239.77294921875 0.7833747863769531 1266.730224609375 66.79330444335938 
3 2308.521240234375 110.73406982421875 2367.098876953125 201.91542053222656 
940
3 1052.2281494140625 341.444091796875 1264.8935546875 563.0562744140625 
0 1044.232421875 499.70849609375 1389.15185546875 986.1424560546875 
3 2348.216064453125 121.51911926269531 2395.630615234375 214.56124877929688 
3 2308.42138671875 109.94082641601562 2366.89453125 201.92787170410156 
3 1667.63916015625 56.59674072265625 1697.2891845703125 125.11410522460938 
3 1239.6201171875 0.6053543090820312 1266.735595703125 66.78724670410156 
941
0 1044.017578125 505.13140869140625 1383.8585205078125 986.2439575195312 
3 1052.6109619140625 341.40606689453125 1261.5233154296875 563.7078247070312 
3 2349.0888671875 121.4114990234375 2395.369140625 214.62940979003906 
3 1667.659423828125 56.54785919189453 1697.3541259765625 125.63673400878906 
3 2308.643310546875 112.10623168945312 2366.896728515625 201.6376190185547 
3 1239.5474853515625 0.5351600646972656 1266.73486328125 66.8139877319336 
942
3 1052.8226318359375 341.24395751953125 1259.781982421875 565.1539306640625 
0 1047.4554443359375 504.466064453125 1378.9039306640625 985.9078369140625 
3 2350.880859375 121.85969543457031 2395.64501953125 214.7406005859375 
3 1667.6324462890625 56.59715270996094 1697.4427490234375 125.60513305664062 
3 2308.39453125 109.93177795410156 2366.6083984375 201.91624450683594 
3 1239.4837646484375 0.5029029846191406 1266.736083984375 66.9801254272461 
3 2322.253662109375 112.9932861328125 2369.490966796875 204.0079345703125 
943
0 1052.72998046875 506.7415771484375 1376.143798828125 986.0462646484375 
3 1052.8790283203125 340.9955139160156 1256.7103271484375 567.65576171875 
3 2348.515869140625 122.03684997558594 2395.39599609375 214.70065307617188 
3 1667.4888916015625 56.40192413330078 1697.5625 127.14111328125 
3 2308.07421875 110.39134216308594 2365.207275390625 201.95330810546875 
3 1238.9515380859375 0.4300880432128906 1266.7659912109375 67.00562286376953 
944
0 1063.149658203125 508.0416259765625 1374.043701171875 985.9052734375 
3 1053.5457763671875 340.9593811035156 1252.2647705078125 567.7089233398438 
3 2308.2529296875 110.73519897460938 2365.92529296875 201.92440795898438 
3 2348.8955078125 121.64897155761719 2395.290771484375 214.74761962890625 
3 1667.744873046875 56.40553283691406 1697.319091796875 125.57833862304688 
3 1238.6375732421875 0.40663909912109375 1266.71728515625 66.83106994628906 
945
0 1073.968994140625 511.42889404296875 1372.8653564453125 986.2446899414062 
3 1053.2921142578125 340.7984313964844 1247.7412109375 569.5685424804688 
3 2308.007568359375 111.17007446289062 2365.447998046875 202.0167999267578 
3 2347.9267578125 120.94981384277344 2394.7431640625 214.65487670898438 
3 1667.5916748046875 56.310768127441406 1697.1710205078125 124.90615844726562 
946
3 1052.9578857421875 340.516845703125 1243.052001953125 570.9078369140625 
0 1083.4825439453125 511.8966064453125 1370.4744873046875 986.6204833984375 
3 2307.963623046875 110.96484375 2365.980224609375 202.02090454101562 
3 2348.39306640625 120.53390502929688 2394.29150390625 214.6624755859375 
3 1667.548095703125 56.30224609375 1697.048095703125 125.31463623046875 
947
3 1053.7947998046875 340.16229248046875 1236.490966796875 570.470703125 
0 1084.0438232421875 511.7152099609375 1365.706298828125 986.6983642578125 
3 2307.612060546875 110.76718139648438 2366.5390625 202.06155395507812 
3 1667.873291015625 56.33587646484375 1697.2581787109375 127.48625183105469 
3 2348.9892578125 121.03610229492188 2393.215087890625 214.4017333984375 
3 2320.4404296875 113.37086486816406 2369.925537109375 204.77818298339844 
948
3 1053.705322265625 340.9217834472656 1231.9273681640625 577.9971313476562 
0 1080.093994140625 514.4781494140625 1360.3057861328125 986.7603149414062 
3 2307.359619140625 110.91348266601562 2366.51953125 202.0991668701172 
3 2349.371826171875 120.41191101074219 2391.8271484375 214.30535888671875 
3 1667.814208984375 56.01200866699219 1697.1240234375 127.50347900390625 
949
2 1054.0565185546875 340.27276611328125 1228.739990234375 578.7601318359375 
0 1073.5194091796875 514.675537109375 1358.4921875 986.4892578125 
3 2307.301025390625 110.82229614257812 2366.217041015625 202.14254760742188 
3 2349.96923828125 120.16021728515625 2391.47119140625 214.505615234375 
3 1667.8289794921875 55.913536071777344 1697.1396484375 128.07469177246094 
950
0 1064.9058837890625 515.5582275390625 1357.041259765625 986.647216796875 
3 1054.2564697265625 339.7579650878906 1225.4423828125 571.594970703125 
3 2307.41943359375 110.97319030761719 2366.714599609375 202.2271270751953 
3 1667.9874267578125 56.06785583496094 1697.1976318359375 128.21441650390625 
3 2349.049072265625 118.76986694335938 2391.724853515625 214.49786376953125 
951
0 1058.1387939453125 514.9144287109375 1356.4171142578125 986.46044921875 
3 1054.706298828125 338.643798828125 1226.5965576171875 534.875 
3 2307.381591796875 110.784912109375 2366.111572265625 202.00372314453125 
3 1667.9503173828125 56.13536071777344 1697.1568603515625 127.91555786132812 
3 2348.898681640625 118.86935424804688 2392.283203125 214.33145141601562 
952
0 1052.1326904296875 512.7611083984375 1356.3734130859375 986.3511352539062 
3 2307.486083984375 110.89283752441406 2366.0849609375 201.9843292236328 
3 2349.036376953125 119.03050231933594 2393.65966796875 214.18910217285156 
3 1668.0189208984375 56.29103088378906 1697.1414794921875 127.31851196289062 
3 1054.3299560546875 337.9818115234375 1232.5430908203125 531.3338623046875 
953
0 1048.1207275390625 513.622802734375 1356.090576171875 986.0308837890625 
3 2307.530517578125 110.42912292480469 2365.812744140625 202.1481170654297 
3 2348.5908203125 118.97982788085938 2393.062744140625 214.1710662841797 
3 1668.0972900390625 56.35734558105469 1697.123046875 126.64009094238281 
3 1052.9246826171875 337.0109558105469 1231.5540771484375 535.8720092773438 
954
0 1046.872802734375 516.0618896484375 1354.9815673828125 986.0822143554688 
3 1052.0797119140625 335.94281005859375 1236.27783203125 530.9246215820312 
3 2307.92138671875 110.3333740234375 2365.62255859375 202.29432678222656 
3 2349.599609375 119.19784545898438 2392.780029296875 214.1376953125 
3 1668.07421875 56.32200622558594 1697.114013671875 126.55938720703125 
955
0 1045.56005859375 514.544189453125 1354.303955078125 985.892822265625 
3 1051.5772705078125 333.3390197753906 1239.318115234375 559.2967529296875 
3 2307.411376953125 111.05693054199219 2365.296875 202.08981323242188 
3 2347.331298828125 118.86955261230469 2392.406005859375 214.12527465820312 
3 1668.2496337890625 56.416831970214844 1697.0950927734375 127.242431640625 
956
0 1045.1993408203125 515.2557373046875 1353.5093994140625 985.9661865234375 
3 2307.190185546875 111.49819946289062 2365.02783203125 201.98980712890625 
3 2346.8662109375 118.99967956542969 2393.319091796875 214.12057495117188 
3 1668.22265625 56.38275909423828 1697.1148681640625 127.14619445800781 
957
0 1045.09228515625 511.473876953125 1352.62939453125 986.0010375976562 
3 2307.10498046875 110.97059631347656 2366.8525390625 202.29066467285156 
3 2350.36865234375 119.83352661132812 2392.892822265625 214.2216796875 
3 1048.73388671875 327.939697265625 1238.137939453125 529.5274658203125 
3 1668.2900390625 56.31672668457031 1697.06689453125 125.95184326171875 
958
0 1045.54443359375 512.4688720703125 1351.2601318359375 986.1539306640625 
3 1048.45263671875 325.3016662597656 1234.931640625 535.4943237304688 
3 2307.641845703125 111.02450561523438 2366.7353515625 202.2351531982422 
3 2349.8369140625 120.3521728515625 2393.38720703125 214.2568359375 
3 1668.3348388671875 56.50709533691406 1697.26904296875 124.5262451171875 
959
0 1046.486572265625 512.7140502929688 1349.6221923828125 986.0961303710938 
3 1048.2135009765625 323.50286865234375 1229.332275390625 517.806640625 
3 1668.3779296875 56.93232727050781 1697.2152099609375 121.56375122070312 
3 1237.6488037109375 0.257415771484375 1266.447021484375 66.6694564819336 
960
0 1048.02587890625 510.2613525390625 1349.6044921875 986.1136474609375 
3 1047.916015625 321.4769287109375 1223.51318359375 520.9322509765625 
3 1668.3660888671875 57.044342041015625 1697.2581787109375 121.37962341308594 
3 1237.6270751953125 0.27751922607421875 1266.4439697265625 66.65782928466797 
961
0 1050.912109375 506.9224853515625 1350.451904296875 986.1705322265625 
3 1048.6702880859375 320.9038391113281 1215.9481201171875 516.348388671875 
3 1668.302734375 57.44213104248047 1697.3603515625 121.11064147949219 
3 2350.905517578125 121.23609924316406 2391.3603515625 214.16488647460938 
3 1237.9515380859375 0.36566925048828125 1266.620361328125 66.71648406982422 
962
0 1053.9771728515625 496.0059814453125 1351.19287109375 986.550048828125 
3 1049.074462890625 320.86065673828125 1221.4063720703125 526.2116088867188 
3 1668.333740234375 57.60638427734375 1697.398193359375 121.14970397949219 
3 1238.177734375 0.40761566162109375 1266.671630859375 66.79229736328125 
3 2351.446533203125 121.6898193359375 2391.0087890625 214.04981994628906 
963
0 1056.7615966796875 503.47076416015625 1352.2418212890625 985.8231201171875 
3 1049.181884765625 320.59375 1219.826416015625 527.1265258789062 
3 2351.757080078125 122.19384765625 2391.46240234375 214.6349639892578 
3 1668.2215576171875 57.274017333984375 1697.400390625 121.76588439941406 
3 1239.031982421875 0.3271484375 1266.64453125 66.70938110351562 
964
0 1059.41943359375 502.68988037109375 1353.6156005859375 985.5087890625 
3 1050.4691162109375 319.8570251464844 1221.4637451171875 522.354736328125 
3 2349.98974609375 122.08056640625 2392.711669921875 214.29730224609375 
3 2308.560791015625 111.93228149414062 2368.057373046875 201.2688751220703 
3 1238.9364013671875 0.29547882080078125 1266.7769775390625 66.82095336914062 
3 1668.322509765625 57.23200988769531 1697.3714599609375 121.45230102539062 
965
0 1056.1868896484375 488.91387939453125 1354.775634765625 985.164306640625 
3 1050.7889404296875 317.6987609863281 1228.3935546875 521.8319091796875 
3 2350.20751953125 122.45439147949219 2391.930908203125 214.48214721679688 
3 2308.62353515625 111.97996520996094 2367.6533203125 201.20594787597656 
3 1239.17041015625 0.3140602111816406 1266.767578125 66.71658325195312 
3 1668.216552734375 57.147926330566406 1697.31982421875 121.52970886230469 
966
0 1050.01123046875 498.10888671875 1355.273193359375 984.6044921875 
3 1053.4532470703125 317.117919921875 1231.7412109375 517.3251953125 
3 2350.650146484375 122.96116638183594 2392.01611328125 214.5782928466797 
3 2309.416015625 111.90298461914062 2367.4462890625 201.30075073242188 
3 1239.559326171875 0.4798240661621094 1266.7568359375 66.70751953125 
3 1668.1231689453125 57.14435577392578 1697.331298828125 122.92808532714844 
3 2321.612060546875 110.94725036621094 2367.93994140625 201.18490600585938 
967
0 1042.5916748046875 500.7998046875 1355.824462890625 985.0466918945312 
3 2349.837890625 121.57275390625 2393.473876953125 214.4991912841797 
3 2309.28564453125 112.04977416992188 2367.663330078125 201.49722290039062 
3 1239.57275390625 0.5596237182617188 1266.7431640625 66.68260192871094 
3 1668.4117431640625 57.23689270019531 1697.3262939453125 122.12779235839844 
2 1212.7874755859375 399.5506896972656 1465.6326904296875 628.2576293945312 
968
0 1034.5867919921875 500.56256103515625 1356.2568359375 985.9983520507812 
3 2308.3896484375 111.9774169921875 2366.911865234375 200.95602416992188 
3 1059.759765625 312.59765625 1230.7740478515625 506.5712890625 
3 2346.116455078125 121.53775024414062 2395.24267578125 214.15243530273438 
2 1215.36572265625 415.5820617675781 1464.9217529296875 629.5466918945312 
3 1239.264404296875 0.4184379577636719 1266.78515625 66.61151123046875 
3 1668.712158203125 57.31819152832031 1697.1734619140625 121.22406005859375 
969
0 1030.214111328125 500.39276123046875 1356.1588134765625 985.9781494140625 
3 1063.5726318359375 311.25213623046875 1233.7843017578125 503.736328125 
2 1216.39208984375 422.7179260253906 1465.3739013671875 629.93505859375 
3 2349.1865234375 122.84014892578125 2394.7177734375 214.20355224609375 
3 2308.902587890625 111.98577880859375 2367.7734375 201.27395629882812 
3 1239.244384765625 0.39543914794921875 1266.82275390625 66.74059295654297 
3 1668.6544189453125 57.31438446044922 1697.0716552734375 120.23025512695312 
970
0 1024.787841796875 499.5078125 1355.84326171875 985.833251953125 
3 1066.4124755859375 310.9582214355469 1235.1448974609375 504.02166748046875 
2 1217.272705078125 422.1835632324219 1465.7177734375 629.267822265625 
3 2349.084228515625 122.460693359375 2395.122802734375 214.41351318359375 
3 2308.9951171875 111.9234619140625 2366.51611328125 201.2509307861328 
3 1239.3421630859375 0.4444122314453125 1266.7913818359375 66.688232421875 
3 1668.57421875 57.383583068847656 1697.2052001953125 120.99919128417969 
971
0 1019.9766845703125 501.3575439453125 1355.0582275390625 985.6016845703125 
3 2309.02490234375 111.90721130371094 2366.87255859375 201.21182250976562 
3 2348.398681640625 122.92575073242188 2396.30859375 214.2195587158203 
2 1217.4637451171875 405.97503662109375 1465.9097900390625 629.2578735351562 
3 1240.01806640625 0.40947723388671875 1266.80810546875 66.66520690917969 
3 1668.530517578125 57.574798583984375 1697.182373046875 121.39653015136719 
972
0 1016.1512451171875 501.72369384765625 1353.08984375 985.7401733398438 
3 2308.90380859375 111.94972229003906 2366.953125 201.02127075195312 
3 2347.21826171875 122.72843933105469 2396.70458984375 214.149169921875 
3 1239.4755859375 0.4833831787109375 1266.74560546875 66.67454528808594 
3 1668.552978515625 57.37396240234375 1697.196044921875 120.11384582519531 
973
0 1012.984375 503.24658203125 1351.351806640625 985.6317138671875 
3 2308.930419921875 112.03857421875 2367.640380859375 201.04861450195312 
3 2347.5673828125 122.68936157226562 2397.483642578125 214.23907470703125 
3 1668.546142578125 57.39735412597656 1697.308837890625 120.38783264160156 
3 1239.4583740234375 0.4433135986328125 1266.7513427734375 66.66893005371094 
2 1217.069091796875 401.84515380859375 1466.920654296875 626.7476196289062 
3 1080.0306396484375 307.2408142089844 1243.38232421875 497.80621337890625 
974
0 1010.0267944335938 502.50152587890625 1347.9176025390625 985.7254638671875 
3 2308.95361328125 112.01675415039062 2367.873046875 201.22708129882812 
3 2348.06005859375 122.73548889160156 2397.896240234375 214.23033142089844 
3 1239.5693359375 0.5212783813476562 1266.7659912109375 66.72406768798828 
3 1668.623046875 57.40916442871094 1697.361572265625 120.40155029296875 
2 1217.67822265625 403.6715393066406 1467.147705078125 625.5361328125 
975
0 1006.8134155273438 502.8133544921875 1344.5972900390625 985.739501953125 
3 2308.9443359375 111.94395446777344 2367.960205078125 201.21453857421875 
3 2347.697509765625 122.9002685546875 2397.888916015625 214.21243286132812 
2 1213.267822265625 405.39459228515625 1467.56982421875 627.2799682617188 
3 1668.690185546875 57.46527862548828 1697.632568359375 120.43400573730469 
3 1239.4722900390625 0.4098358154296875 1266.6912841796875 66.70452117919922 
976
0 1004.9072265625 504.48126220703125 1341.1068115234375 985.7047729492188 
2 1216.671630859375 406.8641357421875 1467.8096923828125 625.5093383789062 
3 2308.710205078125 111.99227905273438 2367.628173828125 201.2424774169922 
3 2346.9228515625 123.03297424316406 2397.9736328125 214.0988311767578 
3 1668.6497802734375 57.5955810546875 1697.8341064453125 122.3138427734375 
3 1239.4698486328125 0.39086151123046875 1266.7099609375 66.67665100097656 
3 1089.8321533203125 306.5162353515625 1254.33642578125 507.733642578125 
977
0 1002.0455322265625 506.1517333984375 1337.652587890625 985.3737182617188 
2 1215.87548828125 407.55963134765625 1467.9873046875 625.1846313476562 
3 1092.65771484375 307.5360412597656 1258.1751708984375 510.51641845703125 
3 2308.388427734375 111.94198608398438 2367.2373046875 201.3394775390625 
3 2346.19921875 123.14324951171875 2398.42724609375 214.26730346679688 
3 1668.7056884765625 57.22026062011719 1697.951171875 120.26795959472656 
3 1238.525146484375 0.259490966796875 1266.726318359375 66.7555923461914 
978
0 999.5494384765625 506.44451904296875 1334.634033203125 986.706298828125 
2 1215.1361083984375 407.757568359375 1468.33642578125 624.906005859375 
3 2308.61474609375 112.00773620605469 2367.905029296875 201.61668395996094 
3 2346.220947265625 122.861083984375 2399.630126953125 214.3121337890625 
3 1668.6064453125 57.29682922363281 1698.1431884765625 121.19017028808594 
3 1239.495849609375 0.5252189636230469 1266.785888671875 66.68878936767578 
3 1095.2442626953125 306.1454162597656 1262.2662353515625 510.78350830078125 
979
0 996.8338623046875 509.01837158203125 1331.4730224609375 986.1590576171875 
2 1215.2490234375 409.6618957519531 1468.643798828125 624.4823608398438 
3 1095.9002685546875 308.3517761230469 1268.719970703125 514.495361328125 
3 2347.878662109375 122.50531005859375 2399.527587890625 214.522705078125 
3 1668.564208984375 57.625152587890625 1698.1951904296875 120.51992797851562 
3 1239.426025390625 0.5788764953613281 1266.7869873046875 66.66731262207031 
3 2308.73681640625 112.43168640136719 2367.945068359375 202.1392059326172 
980
0 992.912841796875 510.17822265625 1330.9791259765625 985.9185180664062 
2 1212.98291015625 409.67742919921875 1469.4276123046875 624.3998413085938 
3 2347.72705078125 122.62420654296875 2399.58203125 214.4932098388672 
3 1668.5799560546875 57.65531921386719 1698.45166015625 121.02828979492188 
3 1098.3101806640625 307.3026428222656 1273.7218017578125 516.780029296875 
3 1239.4183349609375 0.5335121154785156 1266.7525634765625 66.61456298828125 
3 2309.0400390625 111.89822387695312 2367.882080078125 201.9603729248047 
981
0 991.4035034179688 511.609619140625 1329.5989990234375 985.91455078125 
2 1213.5599365234375 410.8432312011719 1469.1617431640625 630.9049072265625 
3 1097.837158203125 305.544189453125 1278.194580078125 516.9917602539062 
3 2308.687744140625 111.80015563964844 2367.250244140625 201.6869659423828 
3 2347.345947265625 122.77638244628906 2398.743408203125 214.34059143066406 
3 1668.681640625 57.87859344482422 1698.4752197265625 120.55972290039062 
3 1239.1527099609375 0.40973663330078125 1266.77294921875 66.64373779296875 
982
0 988.6710205078125 512.4248657226562 1329.4747314453125 984.80126953125 
2 1199.0985107421875 412.3616638183594 1469.0853271484375 631.991455078125 
3 1097.5361328125 305.62445068359375 1282.85205078125 521.7257080078125 
3 2308.5771484375 111.74734497070312 2366.591064453125 201.70660400390625 
3 2347.211181640625 122.692626953125 2398.12060546875 214.34432983398438 
3 1668.64501953125 57.84803771972656 1698.47412109375 121.24745178222656 
3 1239.2127685546875 0.3972892761230469 1266.7890625 66.65487670898438 
983
0 987.3775634765625 516.3341674804688 1329.1375732421875 983.9148559570312 
2 1149.6666259765625 411.04376220703125 1469.4173583984375 636.452392578125 
3 1097.381103515625 303.9588317871094 1287.14013671875 542.3372192382812 
3 2308.95947265625 111.84452819824219 2367.488525390625 201.60549926757812 
3 2348.2919921875 122.69001770019531 2398.056884765625 214.23471069335938 
3 1239.6234130859375 0.3743629455566406 1267.097412109375 66.60799407958984 
3 1668.8077392578125 57.997772216796875 1698.4942626953125 120.2130126953125 
984
0 986.34619140625 517.34033203125 1328.6021728515625 983.0630493164062 
2 1185.7178955078125 410.5419006347656 1469.1607666015625 631.9465942382812 
3 1097.344482421875 302.1143798828125 1292.8465576171875 538.0238037109375 
3 2349.18701171875 122.64712524414062 2397.896728515625 214.25564575195312 
3 2309.214599609375 111.95820617675781 2366.94775390625 201.56277465820312 
3 1239.6605224609375 0.38246917724609375 1266.9677734375 66.6188735961914 
3 1668.8143310546875 58.01182556152344 1698.4954833984375 120.30445861816406 
985
0 986.3153686523438 516.9599609375 1328.3521728515625 982.17138671875 
3 1098.2620849609375 297.9486083984375 1298.579345703125 525.29833984375 
2 1189.390869140625 410.15576171875 1468.5960693359375 631.968017578125 
3 2308.83837890625 111.53836059570312 2366.25244140625 201.56192016601562 
3 2347.70166015625 123.61825561523438 2398.404296875 213.86801147460938 
3 1239.3294677734375 0.3815727233886719 1267.0321044921875 66.5789566040039 
3 1668.6046142578125 57.75492858886719 1698.652099609375 123.93374633789062 
986
0 986.1341552734375 517.9869384765625 1328.0198974609375 981.7901611328125 
2 1135.7462158203125 408.0225830078125 1467.6051025390625 638.568603515625 
3 1098.619140625 294.3891906738281 1303.43408203125 529.2195434570312 
3 2309.047119140625 111.73661804199219 2366.4453125 201.64405822753906 
3 2348.185546875 123.31999206542969 2397.6611328125 213.77267456054688 
3 1239.8765869140625 0.3641014099121094 1267.0870361328125 66.57445526123047 
3 1668.5479736328125 57.67741394042969 1698.6004638671875 123.94541931152344 
987
0 986.4619140625 518.4669799804688 1327.49951171875 982.4536743164062 
3 1097.981689453125 294.0165710449219 1311.66357421875 523.214111328125 
2 1135.5657958984375 339.0699768066406 1466.8612060546875 625.3536376953125 
3 2308.86376953125 111.93824768066406 2366.674560546875 201.5162353515625 
3 2348.2294921875 122.44195556640625 2397.0869140625 214.10888671875 
3 1239.8267822265625 0.4788055419921875 1267.0516357421875 66.50546264648438 
3 1668.58251953125 57.67083740234375 1698.2666015625 120.85577392578125 
988
0 986.462158203125 518.887451171875 1327.263916015625 982.4985961914062 
2 1136.5804443359375 406.2901916503906 1465.79345703125 626.9264526367188 
3 1097.51611328125 293.565185546875 1317.2117919921875 525.1922607421875 
3 2349.3251953125 122.014892578125 2396.526123046875 214.32861328125 
3 2308.953369140625 111.95278930664062 2366.92724609375 201.5349578857422 
3 1239.7845458984375 0.4762535095214844 1267.053955078125 66.64031982421875 
3 1668.57373046875 57.65540313720703 1698.322998046875 121.01020812988281 
989
0 987.0023193359375 520.0602416992188 1326.714111328125 982.6957397460938 
3 1098.016845703125 293.07745361328125 1325.242431640625 524.2073974609375 
2 1122.44287109375 405.7490234375 1465.068359375 628.5980834960938 
3 2349.66455078125 122.04833984375 2395.609375 214.54397583007812 
3 2308.35546875 111.94868469238281 2366.4208984375 201.71640014648438 
3 1668.5234375 57.449859619140625 1698.2100830078125 121.0662841796875 
3 1238.0504150390625 0.4301643371582031 1266.81298828125 66.78681182861328 
990
0 987.548095703125 520.4649658203125 1326.6553955078125 982.3475341796875 
2 1112.468017578125 402.0318908691406 1462.5970458984375 630.240966796875 
3 1098.8795166015625 291.8135070800781 1330.9158935546875 525.07958984375 
3 2349.896240234375 121.5352783203125 2395.24853515625 214.73516845703125 
3 2308.03662109375 110.91036987304688 2365.35693359375 201.96302795410156 
3 1668.4061279296875 57.358680725097656 1697.9359130859375 123.43936157226562 
3 1237.748291015625 0.3693962097167969 1266.7894287109375 66.79405212402344 
