0
3 179.76473999023438 135.35572814941406 245.44573974609375 263.536376953125 
3 917.4628295898438 13.981765747070312 983.6725463867188 155.3727264404297 
3 226.7063751220703 162.69937133789062 271.03369140625 243.20458984375 
3 1758.211181640625 34.272911071777344 1809.942626953125 144.39283752441406 
1
3 913.7949829101562 15.704330444335938 986.1097412109375 178.3606414794922 
3 182.60020446777344 134.99197387695312 250.4884796142578 254.9320068359375 
3 1759.83740234375 36.25123596191406 1812.234130859375 144.67974853515625 
3 230.50616455078125 162.45201110839844 276.7765197753906 241.67645263671875 
2
3 915.5055541992188 16.761131286621094 987.161865234375 177.3715362548828 
3 185.32901000976562 134.394775390625 253.11273193359375 264.0267028808594 
3 1759.867919921875 34.8790283203125 1813.8419189453125 144.257080078125 
3 232.97280883789062 161.66531372070312 277.2579650878906 239.44973754882812 
3 0.05511951446533203 190.67910766601562 43.42753982543945 314.0003662109375 
3
3 915.6675415039062 22.793197631835938 989.6965942382812 177.50125122070312 
3 189.36727905273438 131.39341735839844 259.0035400390625 260.4250793457031 
3 1760.703369140625 36.24565124511719 1814.4359130859375 144.78587341308594 
3 235.8852081298828 161.8100128173828 280.4831237792969 237.9295654296875 
3 0.06558513641357422 183.98069763183594 44.87035369873047 314.264404296875 
4
3 916.110107421875 22.396484375 991.3390502929688 177.07774353027344 
3 193.9731903076172 133.0906982421875 262.5434875488281 261.82086181640625 
3 1760.072021484375 38.10015106201172 1816.571533203125 144.921142578125 
3 239.25172424316406 160.6050262451172 285.0514831542969 236.981689453125 
5
3 917.7135009765625 21.274093627929688 989.4095458984375 176.6563262939453 
3 1760.0528564453125 37.20539093017578 1817.9012451171875 147.01498413085938 
3 195.09896850585938 129.59060668945312 264.9267578125 259.9072265625 
3 240.61329650878906 160.40655517578125 287.9599304199219 235.43170166015625 
6
3 919.5806274414062 19.730239868164062 990.6107177734375 173.5623016357422 
3 198.1434326171875 129.9527587890625 263.56573486328125 256.0427551269531 
3 1758.646240234375 37.90838623046875 1822.9730224609375 148.58837890625 
3 671.9361572265625 14.449745178222656 710.310302734375 109.08499145507812 
7
3 921.1587524414062 18.725234985351562 990.3826293945312 175.00982666015625 
3 202.40090942382812 127.08906555175781 272.52215576171875 260.0033874511719 
3 1760.40185546875 41.155921936035156 1824.7855224609375 147.59317016601562 
3 250.71788024902344 160.93548583984375 292.248046875 231.015625 
8
3 205.3388671875 126.80999755859375 276.2330322265625 254.0860595703125 
3 919.635009765625 19.534317016601562 990.4754638671875 156.02578735351562 
3 1759.177001953125 42.619415283203125 1827.738525390625 150.29327392578125 
9
3 920.874755859375 20.09674072265625 993.2097778320312 173.91888427734375 
3 206.74668884277344 124.67893981933594 278.9902038574219 252.70135498046875 
3 1760.40771484375 44.40435028076172 1832.308837890625 150.47434997558594 
10
3 922.6759033203125 20.300491333007812 993.912353515625 175.03643798828125 
3 210.18051147460938 122.39250183105469 281.87255859375 247.52432250976562 
3 1761.81689453125 47.519386291503906 1834.2080078125 147.07369995117188 
11
3 923.0657958984375 17.04083251953125 994.9072875976562 172.54595947265625 
3 212.60659790039062 120.43275451660156 289.1444396972656 248.85693359375 
3 1761.56787109375 51.3231201171875 1840.833984375 148.63113403320312 
3 682.9853515625 40.57129669189453 733.403076171875 110.29855346679688 
12
3 926.2598266601562 19.055252075195312 996.9140625 158.16128540039062 
3 1763.3890380859375 51.601898193359375 1839.1058349609375 146.9946746826172 
3 213.54246520996094 119.51405334472656 307.5790100097656 250.952392578125 
13
3 929.2161254882812 27.153915405273438 995.6063232421875 155.1027374267578 
3 1762.8944091796875 54.96369934082031 1843.7882080078125 147.53379821777344 
3 219.97323608398438 118.00453186035156 315.0596923828125 249.46826171875 
3 220.1644744873047 119.31488037109375 289.6935729980469 248.95834350585938 
14
3 930.2630615234375 28.747573852539062 1000.6809692382812 168.55364990234375 
3 1765.4461669921875 56.20793914794922 1842.9677734375 147.22756958007812 
3 225.21841430664062 120.32318115234375 320.14874267578125 256.7039794921875 
3 224.6744384765625 121.23678588867188 289.3416748046875 246.10177612304688 
15
3 226.5710906982422 119.35809326171875 326.8061218261719 250.90850830078125 
3 933.9998168945312 31.505844116210938 1002.0888671875 159.6524200439453 
3 1767.4000244140625 59.78594970703125 1846.4066162109375 147.59176635742188 
3 691.3162841796875 37.167266845703125 726.5980224609375 105.68077087402344 
16
3 937.574951171875 27.451889038085938 1014.3369140625 175.52139282226562 
3 236.14273071289062 122.0247802734375 333.451171875 249.12530517578125 
3 1770.31689453125 62.99159240722656 1851.42919921875 148.09707641601562 
17
3 245.61619567871094 122.53852844238281 335.7600402832031 242.00628662109375 
3 941.4955444335938 29.199913024902344 1011.3140869140625 174.37481689453125 
3 1770.1953125 63.705902099609375 1855.2589111328125 150.648193359375 
18
3 250.59213256835938 118.90740966796875 340.223388671875 243.34942626953125 
3 942.7472534179688 28.34808349609375 1013.9381713867188 172.65078735351562 
3 1768.5750732421875 66.15990447998047 1857.609619140625 152.45242309570312 
19
3 258.5340881347656 118.722412109375 344.3160400390625 243.56137084960938 
3 945.343505859375 29.897933959960938 1017.01025390625 168.93191528320312 
3 1771.150634765625 67.8638687133789 1860.6610107421875 152.67129516601562 
3 702.6251831054688 11.321006774902344 736.2918090820312 97.40422058105469 
20
3 264.0042724609375 118.24691772460938 347.0328674316406 246.13836669921875 
3 1774.4522705078125 69.10568237304688 1864.30810546875 151.6254425048828 
3 948.1301879882812 27.274734497070312 1018.3500366210938 175.21707153320312 
3 948.56201171875 27.781051635742188 1045.4105224609375 176.1231689453125 
21
3 949.427490234375 28.36597442626953 1021.24267578125 172.9058380126953 
3 269.6671447753906 117.99880981445312 352.67681884765625 243.27838134765625 
3 1778.5445556640625 70.67138671875 1869.9974365234375 152.35299682617188 
22
3 949.7640380859375 26.488372802734375 1020.972412109375 174.35890197753906 
3 277.56280517578125 116.04559326171875 358.0611572265625 236.99917602539062 
3 1779.4644775390625 71.70883178710938 1871.560302734375 151.89553833007812 
23
3 953.557373046875 30.502578735351562 1022.115966796875 172.8150634765625 
3 282.506591796875 112.32940673828125 363.9910888671875 237.05029296875 
3 1784.1937255859375 74.04327392578125 1875.685302734375 152.15223693847656 
24
3 956.3411254882812 29.915237426757812 1024.0001220703125 172.803466796875 
3 285.05194091796875 110.70407104492188 367.54833984375 231.39181518554688 
3 1786.3382568359375 74.80062866210938 1878.87451171875 154.29116821289062 
25
3 956.3779907226562 31.675735473632812 1029.8309326171875 172.9766387939453 
3 293.57904052734375 108.29861450195312 369.9979553222656 231.88238525390625 
3 1791.392822265625 75.7637939453125 1881.55712890625 158.2390594482422 
26
3 958.321533203125 31.558502197265625 1034.294189453125 173.49807739257812 
3 1795.30810546875 78.4017105102539 1884.175048828125 158.41038513183594 
3 298.59661865234375 107.05673217773438 361.7786560058594 244.83615112304688 
27
3 960.4135131835938 29.824447631835938 1037.9532470703125 173.1845245361328 
3 305.8458251953125 105.09089660644531 365.4158935546875 239.87823486328125 
3 1798.038330078125 78.26510620117188 1888.3997802734375 153.69285583496094 
28
3 310.04754638671875 105.09695434570312 369.2663269042969 230.41973876953125 
3 961.5657348632812 34.0677490234375 1041.6600341796875 172.9014129638672 
3 1802.4483642578125 77.87442779541016 1892.457763671875 153.35430908203125 
29
3 314.9835205078125 103.21470642089844 379.24249267578125 235.58624267578125 
3 963.7734375 36.07745361328125 1038.9903564453125 172.0004425048828 
3 1805.684814453125 82.02516174316406 1896.3280029296875 154.1549530029297 
30
3 322.17620849609375 100.96353149414062 382.40972900390625 226.53216552734375 
3 962.0746459960938 34.498931884765625 1057.9288330078125 173.3518829345703 
3 1808.3145751953125 83.3558578491211 1899.5318603515625 156.2855224609375 
31
3 327.08819580078125 101.39956665039062 391.56048583984375 232.7454833984375 
3 962.928466796875 33.68260192871094 1040.98828125 173.58438110351562 
3 1811.7760009765625 82.61083221435547 1899.5311279296875 160.677978515625 
32
3 333.6574401855469 101.58517456054688 392.7546081542969 238.656982421875 
3 1815.547119140625 83.619140625 1902.7357177734375 162.74029541015625 
3 950.541748046875 19.43244171142578 1048.8084716796875 173.86654663085938 
33
3 339.37451171875 102.16815185546875 401.2062072753906 240.14532470703125 
3 958.60498046875 30.962203979492188 1052.2205810546875 173.84652709960938 
3 1819.1588134765625 85.4488525390625 1906.837646484375 161.57421875 
34
3 963.4046020507812 34.839698791503906 1048.78271484375 171.162109375 
3 344.8557434082031 103.10549926757812 407.32196044921875 232.052734375 
3 1821.401611328125 85.25386047363281 1910.075927734375 158.30599975585938 
35
3 963.9906616210938 30.874862670898438 1047.6624755859375 170.344970703125 
3 350.8450622558594 101.78031921386719 411.74652099609375 229.9144287109375 
3 1823.5673828125 87.39857482910156 1912.5303955078125 159.19204711914062 
36
3 963.1218872070312 27.292633056640625 1043.5787353515625 169.13616943359375 
3 354.356689453125 101.16075134277344 427.4060363769531 231.869873046875 
37
3 962.0418701171875 29.429000854492188 1048.20361328125 171.48248291015625 
3 361.7247009277344 100.97860717773438 424.0947265625 224.27096557617188 
3 1830.5567626953125 87.03423309326172 1920.5914306640625 160.04832458496094 
38
3 961.7733154296875 28.778350830078125 1051.0489501953125 171.90660095214844 
3 365.26739501953125 99.4736328125 427.46630859375 225.21151733398438 
3 1832.3924560546875 87.90202331542969 1923.0965576171875 160.14553833007812 
3 2472.410888671875 284.239990234375 2558.92431640625 420.6419372558594 
39
3 959.0834350585938 32.89337921142578 1054.146728515625 172.10281372070312 
3 373.05145263671875 96.99990844726562 435.49261474609375 233.07266235351562 
3 1834.4505615234375 89.37228393554688 1923.5162353515625 164.2386932373047 
3 2477.303955078125 292.96417236328125 2558.95361328125 422.22882080078125 
40
3 959.8997802734375 32.83240509033203 1058.214111328125 172.38345336914062 
3 379.21697998046875 96.58512878417969 440.2162170410156 232.72116088867188 
3 1835.430908203125 88.22329711914062 1926.182373046875 165.72544860839844 
3 2475.71337890625 295.7657470703125 2559.00439453125 423.3526916503906 
41
3 957.3399047851562 32.99560546875 1058.0418701171875 173.49269104003906 
3 383.72821044921875 93.2384033203125 442.7095947265625 232.745361328125 
3 1837.8505859375 89.69454193115234 1927.473876953125 165.54652404785156 
42
3 955.7022094726562 39.804901123046875 1063.7535400390625 174.16708374023438 
3 388.7596130371094 92.36390686035156 449.581787109375 222.66693115234375 
3 1840.6546630859375 89.84439849853516 1936.112548828125 166.44200134277344 
43
3 953.2647705078125 39.83013153076172 1057.2501220703125 173.92410278320312 
3 392.445556640625 89.34306335449219 454.869384765625 221.96728515625 
3 1843.48291015625 91.18084716796875 1933.2308349609375 166.08082580566406 
44
3 954.1970825195312 41.57795715332031 1054.6766357421875 173.53616333007812 
3 396.8200378417969 87.47840881347656 458.25872802734375 198.63636779785156 
3 1843.70068359375 92.223876953125 1938.4381103515625 163.3389892578125 
3 2492.35009765625 317.1793212890625 2558.97265625 428.17645263671875 
45
3 400.2532653808594 87.36038208007812 468.656494140625 224.38613891601562 
3 959.0941162109375 42.73944091796875 1052.24951171875 173.19638061523438 
3 1844.48779296875 92.06878662109375 1937.748779296875 165.75962829589844 
46
3 955.4639892578125 43.12397003173828 1064.399169921875 172.86488342285156 
3 407.0968933105469 86.8365478515625 472.5489807128906 216.40159606933594 
3 1846.17236328125 92.29747009277344 1938.244140625 164.24354553222656 
47
3 959.8623046875 43.27423095703125 1040.886474609375 173.3539581298828 
3 411.8263244628906 86.89314270019531 497.13128662109375 219.34445190429688 
3 1849.7071533203125 93.46119689941406 1943.1754150390625 164.2325897216797 
48
3 962.901611328125 42.105743408203125 1039.0902099609375 171.92007446289062 
3 416.0063781738281 85.29750061035156 500.5882873535156 218.93800354003906 
3 1851.990234375 94.19319152832031 1942.0145263671875 167.24676513671875 
49
3 963.4675903320312 42.33198547363281 1039.1702880859375 171.6051483154297 
3 1853.0955810546875 94.09153747558594 1942.5982666015625 169.41033935546875 
3 420.6773681640625 86.14796447753906 481.4579162597656 221.97885131835938 
3 420.59246826171875 86.91061401367188 506.7934875488281 222.41232299804688 
50
3 963.0615234375 43.361846923828125 1034.1412353515625 171.4574432373047 
3 426.1246337890625 86.63478088378906 511.907470703125 224.08544921875 
3 1855.9166259765625 94.06123352050781 1945.6180419921875 169.38711547851562 
51
3 432.16046142578125 86.19625854492188 514.1620483398438 218.0603790283203 
3 961.5723876953125 43.18866729736328 1034.8856201171875 172.9680938720703 
3 1857.08935546875 93.12274169921875 1945.77880859375 171.30087280273438 
52
3 438.8837890625 86.41620635986328 521.85595703125 219.69473266601562 
3 958.5636596679688 43.02946472167969 1034.461669921875 173.3175506591797 
3 1858.672119140625 92.93106079101562 1951.4317626953125 170.9281463623047 
53
3 443.7643127441406 85.69026184082031 508.8193054199219 217.461669921875 
3 958.1793823242188 44.47166442871094 1032.9805908203125 173.33328247070312 
3 1861.570068359375 92.19482421875 1951.3558349609375 170.3393096923828 
54
3 451.9376525878906 84.27705383300781 523.0195922851562 215.95892333984375 
3 957.5753173828125 46.015892028808594 1031.0633544921875 173.80931091308594 
3 1862.804443359375 90.32310485839844 1952.460693359375 170.2781524658203 
55
3 455.44384765625 84.87398529052734 535.599365234375 215.32254028320312 
3 952.4987182617188 44.62805938720703 1031.291259765625 174.77511596679688 
3 1863.7769775390625 91.06982421875 1953.3037109375 170.3408966064453 
56
3 950.8589477539062 47.28953552246094 1031.135498046875 175.5041046142578 
3 461.02593994140625 83.75589752197266 532.8922729492188 208.77647399902344 
3 1866.0849609375 88.29534912109375 1953.0831298828125 167.9032440185547 
57
3 949.3361206054688 49.23040771484375 1031.891357421875 174.84043884277344 
3 463.3053283691406 82.6136703491211 540.9265747070312 211.55419921875 
3 1866.33935546875 86.15624237060547 1954.1962890625 168.8862762451172 
58
3 470.6036682128906 80.30540466308594 545.1798095703125 208.54771423339844 
3 946.5216674804688 48.175567626953125 1032.06982421875 175.17359924316406 
3 1867.32421875 84.82424926757812 1951.7601318359375 167.37718200683594 
59
3 476.3056640625 78.90309143066406 553.0770263671875 209.7096405029297 
3 1868.969970703125 84.19971466064453 1957.4229736328125 166.34078979492188 
3 944.62353515625 46.50102996826172 1030.18310546875 175.40296936035156 
60
3 480.2663879394531 77.22097778320312 556.3392333984375 208.9251251220703 
3 1870.38134765625 84.32670593261719 1958.039306640625 165.63473510742188 
3 941.5491333007812 45.89024353027344 1019.7830200195312 173.31797790527344 
61
3 938.0802612304688 44.16847229003906 1024.5635986328125 173.97567749023438 
3 484.6711730957031 75.90643310546875 545.9278564453125 213.84210205078125 
3 1870.6260986328125 83.6384506225586 1962.8809814453125 157.3619384765625 
62
3 489.2234191894531 74.5031509399414 547.9926147460938 208.36538696289062 
3 936.551025390625 44.53076934814453 1017.6954345703125 173.82962036132812 
3 1871.8846435546875 83.26436614990234 1952.53125 157.259521484375 
3 804.8290405273438 0.7863578796386719 839.048828125 86.48829650878906 
63
3 494.0283203125 73.92848205566406 552.138427734375 208.15789794921875 
3 931.8319091796875 43.53379821777344 1013.6981811523438 173.50845336914062 
3 1872.3170166015625 83.26609802246094 1954.8848876953125 158.84347534179688 
64
3 927.3907470703125 44.06005859375 1008.6959838867188 172.99356079101562 
3 499.3535461425781 73.28849792480469 560.619140625 214.14955139160156 
3 1871.64111328125 83.25936889648438 1960.9656982421875 159.83056640625 
65
3 502.7285461425781 74.00836181640625 565.994384765625 218.47857666015625 
3 920.9945068359375 41.11024475097656 1005.8233642578125 172.7086181640625 
3 1870.1497802734375 82.74302673339844 1962.9691162109375 160.42459106445312 
66
3 508.25726318359375 74.09839630126953 570.5339965820312 210.44155883789062 
3 915.6529541015625 41.44075012207031 1005.08837890625 172.77713012695312 
3 1871.29833984375 84.91316223144531 1964.176025390625 160.54078674316406 
67
3 910.3297729492188 40.98259735107422 1004.7401123046875 173.49468994140625 
3 512.2509155273438 74.09175872802734 575.0244140625 211.12588500976562 
3 1871.990966796875 86.24085998535156 1968.512939453125 160.42709350585938 
68
3 905.6878051757812 45.61964416503906 1007.2806396484375 172.93968200683594 
3 518.7659301757812 76.06329345703125 586.118896484375 213.1162872314453 
3 1870.3370361328125 86.30546569824219 1970.87451171875 172.9310760498047 
69
3 903.3702392578125 48.855751037597656 1003.9739379882812 173.25314331054688 
3 522.858154296875 75.58444213867188 588.3329467773438 202.82940673828125 
3 1869.636474609375 86.87706756591797 1970.8428955078125 176.9403076171875 
70
3 899.7393798828125 50.48333740234375 1002.3135986328125 172.88768005371094 
3 527.9802856445312 75.71308898925781 588.66650390625 204.22525024414062 
3 1870.4324951171875 87.46487426757812 1958.4560546875 174.23980712890625 
71
3 533.0478515625 75.6672592163086 594.9114990234375 210.61959838867188 
3 898.3483276367188 50.39399719238281 998.0167236328125 175.12222290039062 
3 1871.450439453125 86.5098876953125 1962.511474609375 166.19241333007812 
3 1871.672607421875 86.88855743408203 1963.611328125 164.7570343017578 
72
3 537.8200073242188 74.02174377441406 601.3246459960938 207.58056640625 
3 896.9740600585938 51.60845947265625 995.6090698242188 173.72677612304688 
3 1873.4681396484375 87.10491180419922 1973.2525634765625 170.68582153320312 
3 896.49169921875 52.14605712890625 996.896728515625 210.0936279296875 
73
3 896.3912353515625 52.84923553466797 993.9378662109375 209.00448608398438 
3 543.51611328125 69.75236511230469 604.9017333984375 212.25851440429688 
3 1874.229736328125 86.9623794555664 1972.884521484375 165.05181884765625 
3 0.16824722290039062 524.4332275390625 131.38406372070312 792.8727416992188 
74
3 548.6922607421875 69.33895874023438 611.11962890625 206.94662475585938 
3 900.6295776367188 52.03223419189453 992.8494873046875 207.1460418701172 
3 1873.2392578125 85.5494155883789 1962.99462890625 165.07037353515625 
75
3 554.4473266601562 68.55609130859375 614.1983642578125 207.4091796875 
3 900.6387329101562 51.876808166503906 989.4157104492188 185.18800354003906 
76
3 559.2103881835938 64.43502807617188 620.0131225585938 201.2305145263672 
3 906.0799560546875 50.33576965332031 985.6320190429688 174.52169799804688 
3 906.2655029296875 50.66228485107422 986.1638793945312 204.42147827148438 
77
3 566.1737670898438 62.65203094482422 627.2163696289062 200.7418670654297 
3 905.3451538085938 51.42314910888672 981.048583984375 172.86026000976562 
3 1876.32470703125 84.85308837890625 1976.0145263671875 166.60227966308594 
78
3 571.2218627929688 60.22508239746094 631.6890258789062 210.34298706054688 
3 0.3644142150878906 479.1448974609375 173.11703491210938 728.575927734375 
3 1880.684814453125 88.3698501586914 1980.4520263671875 167.4908447265625 
3 902.9490966796875 50.70348358154297 980.3291015625 178.63035583496094 
79
3 576.117431640625 59.827392578125 637.174072265625 199.13250732421875 
3 0.8112030029296875 489.247314453125 172.9283447265625 735.7708740234375 
3 900.7338256835938 51.780906677246094 978.2235107421875 204.5462188720703 
3 1885.6422119140625 89.63563537597656 1981.4190673828125 167.5189666748047 
80
3 898.2659301757812 51.266815185546875 977.6047973632812 205.0673370361328 
3 581.86181640625 59.170074462890625 640.9562377929688 200.21142578125 
3 0.7692031860351562 479.3916015625 174.5313720703125 743.6691284179688 
3 1889.0709228515625 90.35834503173828 1981.8221435546875 167.39669799804688 
81
3 896.20654296875 52.4879150390625 974.430419921875 211.3447265625 
3 587.5980224609375 59.800537109375 648.6915893554688 205.09645080566406 
3 1890.224853515625 90.60054016113281 1981.8472900390625 168.90953063964844 
82
3 893.287841796875 53.48711395263672 973.9542846679688 215.5420379638672 
3 592.8621826171875 62.696014404296875 671.0029907226562 206.98716735839844 
3 1891.3687744140625 91.1160888671875 1983.1580810546875 169.06690979003906 
3 0.48162841796875 439.7375183105469 132.0345916748047 581.3804931640625 
83
3 889.5594482421875 54.626922607421875 973.751708984375 218.32318115234375 
3 0.5471115112304688 438.22247314453125 208.6536102294922 707.2022705078125 
3 597.6431274414062 62.845672607421875 666.8085327148438 208.76365661621094 
3 1892.764892578125 93.34304809570312 1984.5406494140625 167.68519592285156 
84
3 599.987060546875 64.11882019042969 687.7759399414062 208.4915008544922 
3 886.62255859375 54.781944274902344 974.3768310546875 221.80093383789062 
3 1895.1666259765625 94.3729248046875 1985.4368896484375 167.7857666015625 
3 0.45025634765625 412.83282470703125 255.70770263671875 697.1253662109375 
85
3 0.2996063232421875 365.9895935058594 292.3072814941406 700.8609619140625 
3 883.9555053710938 59.12378692626953 973.7007446289062 220.88433837890625 
3 1895.3262939453125 94.27592468261719 1985.918212890625 168.1307830810547 
3 602.7127685546875 64.63014221191406 679.1048583984375 207.58929443359375 
3 603.0672607421875 64.38101196289062 697.4745483398438 205.54103088378906 
86
3 0.33751678466796875 347.6318359375 313.18194580078125 704.1888427734375 
3 881.8922119140625 58.64647674560547 962.975830078125 175.56997680664062 
3 603.3512573242188 63.93861389160156 680.0115966796875 209.44300842285156 
3 1896.6875 95.785888671875 1985.152587890625 166.07089233398438 
3 603.3076782226562 63.08610534667969 705.44677734375 207.9432373046875 
87
3 603.5894165039062 63.49192810058594 718.3657836914062 207.2050018310547 
3 878.27197265625 59.425018310546875 961.37109375 176.57818603515625 
3 1898.0916748046875 95.90576171875 1987.72705078125 167.10874938964844 
3 0.248931884765625 345.8174133300781 180.45211791992188 701.2972412109375 
3 0.816986083984375 345.04791259765625 326.20037841796875 700.5601196289062 
88
3 0.53448486328125 340.670166015625 341.03240966796875 698.8313598632812 
3 609.0172729492188 62.81005859375 690.0746459960938 204.82650756835938 
3 873.0866088867188 59.69569396972656 955.9231567382812 176.20663452148438 
3 1898.92431640625 95.24610900878906 1973.6566162109375 164.3459930419922 
89
3 0.390838623046875 335.802978515625 348.7070007324219 692.5681762695312 
3 615.8820190429688 61.857765197753906 713.794677734375 197.568359375 
3 869.336669921875 60.208709716796875 952.8883056640625 175.9021759033203 
3 1899.19091796875 95.24273681640625 1977.7374267578125 164.9916534423828 
90
3 15.621322631835938 330.71917724609375 360.60357666015625 683.2808837890625 
3 624.7393188476562 59.46662139892578 716.56640625 199.9042510986328 
3 865.4347534179688 59.374046325683594 950.1909790039062 176.53598022460938 
3 1899.863525390625 98.36495971679688 1987.7939453125 166.61871337890625 
91
3 37.69770812988281 325.3702697753906 361.977294921875 676.6204833984375 
3 632.5090942382812 57.0042724609375 721.9180297851562 200.1187286376953 
3 1901.593017578125 100.61717224121094 1986.3314208984375 178.74908447265625 
3 861.62841796875 58.28729248046875 945.9530639648438 176.27340698242188 
3 860.2584838867188 57.392616271972656 957.7184448242188 234.11337280273438 
92
3 50.96630859375 316.0086669921875 362.27569580078125 668.267333984375 
3 644.271728515625 54.96080017089844 725.105224609375 196.9270477294922 
3 858.591796875 57.63356018066406 942.8269653320312 176.4613494873047 
3 1902.044189453125 100.46884155273438 1989.0374755859375 166.38414001464844 
3 858.0279541015625 57.65235137939453 949.8914794921875 222.67642211914062 
3 857.4427490234375 57.55012512207031 950.4486083984375 236.73388671875 
93
3 65.35195922851562 310.46087646484375 363.25421142578125 644.3026733398438 
3 1902.532470703125 97.76144409179688 1986.983154296875 175.2293701171875 
3 853.9215698242188 58.866241455078125 940.4264526367188 176.13949584960938 
3 657.7464599609375 53.224609375 714.1296997070312 199.67532348632812 
3 852.0753173828125 58.65895080566406 944.5282592773438 241.42343139648438 
3 852.5853271484375 57.790679931640625 943.8033447265625 235.70770263671875 
94
3 77.25173950195312 301.4767150878906 364.38897705078125 633.55029296875 
3 663.7584838867188 51.5572509765625 720.2962646484375 208.52703857421875 
3 849.36669921875 57.612213134765625 937.9053344726562 176.5147705078125 
3 1904.0679931640625 98.66183471679688 1984.9429931640625 178.7375946044922 
95
3 89.19523620605469 290.19842529296875 365.59930419921875 628.516845703125 
3 669.88037109375 49.470306396484375 723.1873779296875 197.63462829589844 
3 843.7854614257812 58.733131408691406 938.571533203125 176.34521484375 
3 1905.0802001953125 98.61944580078125 1987.3160400390625 176.87684631347656 
96
3 101.1377182006836 285.36444091796875 366.0942077636719 623.5938720703125 
3 844.9801025390625 60.57769775390625 939.4487915039062 175.10809326171875 
3 675.6763916015625 48.272705078125 730.494140625 200.37350463867188 
3 1905.632568359375 99.56040954589844 1980.733642578125 177.78392028808594 
97
3 113.58863830566406 279.61279296875 369.0456237792969 625.4500732421875 
3 679.1533203125 49.57246398925781 749.9833374023438 196.46983337402344 
3 1906.3388671875 98.45208740234375 1980.949951171875 175.72207641601562 
3 839.5665283203125 61.12174987792969 940.6251831054688 175.03448486328125 
3 679.6970825195312 48.43983459472656 738.67138671875 198.61000061035156 
3 822.9791259765625 60.64879608154297 941.4375610351562 239.87338256835938 
98
3 127.87555694580078 274.15380859375 372.14495849609375 622.66943359375 
3 686.6177978515625 48.83088684082031 759.09765625 206.07713317871094 
3 1906.6212158203125 95.76473999023438 1980.2525634765625 175.55917358398438 
3 817.452880859375 63.31611633300781 938.138427734375 175.61392211914062 
99
3 142.44113159179688 272.5706787109375 398.6392822265625 624.8992919921875 
3 691.5108032226562 49.62592315673828 763.8671875 201.84521484375 
3 1908.999267578125 97.44573974609375 1982.89892578125 174.799072265625 
3 819.2708740234375 64.46400451660156 935.8220825195312 176.97508239746094 
100
3 156.35107421875 269.9111328125 428.9251403808594 630.2228393554688 
3 697.6673583984375 51.41107177734375 776.4927978515625 205.130615234375 
3 1910.2945556640625 96.91159057617188 1983.4317626953125 173.22219848632812 
3 820.226806640625 64.32136535644531 935.8308715820312 155.9856414794922 
101
3 170.03001403808594 266.1184387207031 396.5938720703125 625.283935546875 
3 1909.6639404296875 97.79452514648438 1983.882568359375 174.57827758789062 
3 813.99267578125 67.18429565429688 937.5072631835938 167.8503875732422 
3 703.0125732421875 54.2034912109375 777.43896484375 201.29315185546875 
102
3 185.95751953125 262.7170715332031 460.7603759765625 622.4302368164062 
3 706.49609375 52.78965759277344 782.56982421875 196.05950927734375 
3 1909.0494384765625 97.33755493164062 1987.06884765625 172.4384765625 
3 811.3819580078125 66.41024017333984 919.208251953125 173.65972900390625 
103
3 198.11065673828125 258.925048828125 473.31195068359375 609.3446044921875 
3 707.779541015625 53.07878112792969 787.0164184570312 194.77127075195312 
3 1912.1666259765625 97.73301696777344 1988.7095947265625 171.30479431152344 
3 812.1339111328125 71.13311004638672 930.919189453125 177.19017028808594 
104
3 214.34933471679688 255.04034423828125 476.82684326171875 605.8298950195312 
3 710.8722534179688 52.94036865234375 791.5083618164062 194.6619873046875 
3 1914.343505859375 98.30511474609375 1990.0914306640625 171.64382934570312 
3 812.2478637695312 68.48583984375 912.7259521484375 240.99322509765625 
3 812.7964477539062 68.90667724609375 912.04150390625 176.83392333984375 
105
3 225.84490966796875 249.2872314453125 482.75494384765625 601.9378662109375 
3 717.3733520507812 51.24879455566406 800.2841796875 196.19651794433594 
3 816.9420166015625 67.60449981689453 910.1853637695312 176.09376525878906 
3 1912.836181640625 98.74176025390625 1990.99072265625 172.96066284179688 
3 815.440673828125 66.14418029785156 913.6378173828125 240.96932983398438 
106
3 238.10675048828125 242.27105712890625 491.176025390625 591.9688720703125 
3 738.9029541015625 50.44268798828125 804.556640625 184.8426513671875 
3 818.7005615234375 66.51310729980469 903.973388671875 182.6109619140625 
3 1916.577880859375 96.49819946289062 1992.9371337890625 172.2034912109375 
107
3 249.84141540527344 236.072509765625 489.87841796875 575.95654296875 
3 746.6474609375 49.49403381347656 808.4839477539062 178.2964324951172 
3 815.0350952148438 65.94375610351562 897.6724243164062 193.82803344726562 
3 1918.2340087890625 100.01229858398438 1993.6448974609375 171.05319213867188 
3 815.4517822265625 64.92691040039062 898.26171875 244.08013916015625 
108
3 261.1535949707031 230.08538818359375 490.8909912109375 560.5330200195312 
3 753.0599365234375 47.201377868652344 826.076416015625 175.96646118164062 
3 810.4491577148438 66.85531616210938 895.2137451171875 202.18203735351562 
3 1919.7757568359375 100.03927612304688 1994.309326171875 170.75975036621094 
109
3 271.2093811035156 223.55950927734375 491.84686279296875 541.857666015625 
3 758.146728515625 45.56311798095703 817.4871826171875 180.5292205810547 
3 805.9285888671875 67.42822265625 895.0556030273438 241.46063232421875 
3 1921.554443359375 97.65631103515625 1996.1021728515625 171.4807586669922 
110
3 282.92205810546875 216.56800842285156 494.8720703125 529.8646850585938 
3 805.1671142578125 65.34761047363281 890.0818481445312 237.95846557617188 
3 763.7566528320312 44.28863525390625 813.6232299804688 184.05433654785156 
3 1923.6820068359375 101.36148071289062 1997.1904296875 172.9119110107422 
111
3 292.9554443359375 210.8262481689453 509.38604736328125 540.113037109375 
3 771.0648803710938 43.05796813964844 814.9469604492188 201.94598388671875 
3 1923.4058837890625 100.54713439941406 1997.995361328125 174.23098754882812 
3 803.4271240234375 65.42632293701172 887.1396484375 247.38967895507812 
3 771.75244140625 41.63721466064453 815.58740234375 204.4438018798828 
112
3 303.98602294921875 206.408447265625 545.5651245117188 524.103515625 
3 775.6143798828125 42.23503875732422 816.4893798828125 198.03024291992188 
3 1923.6639404296875 101.16357421875 1999.6888427734375 184.9309539794922 
3 799.8319702148438 60.86498260498047 875.309326171875 245.59341430664062 
113
3 315.76690673828125 203.77755737304688 576.2605590820312 525.9163818359375 
3 1926.20703125 103.19795227050781 2000.697998046875 184.585693359375 
3 780.7984619140625 46.47459411621094 885.6723022460938 250.23553466796875 
114
2 328.0667419433594 201.95712280273438 601.8382568359375 525.8682861328125 
3 1927.5697021484375 96.54446411132812 2001.6993408203125 176.33010864257812 
3 787.4505615234375 57.93330383300781 883.673583984375 229.47906494140625 
115
2 341.1346435546875 200.9000244140625 621.760986328125 525.25146484375 
3 1927.527587890625 94.28250122070312 2004.546630859375 177.48011779785156 
116
2 354.4031982421875 198.48678588867188 630.81298828125 521.888427734375 
3 1928.6280517578125 94.79229736328125 2008.5157470703125 185.85508728027344 
117
2 366.75830078125 196.38641357421875 635.222900390625 517.152587890625 
3 1929.2742919921875 95.0848388671875 2015.5579833984375 184.8562774658203 
3 778.3267822265625 67.60245513916016 869.1058959960938 207.5157470703125 
118
2 379.12481689453125 193.75103759765625 618.4735107421875 511.9176025390625 
3 1930.144775390625 95.99148559570312 2017.294677734375 181.48130798339844 
3 774.760986328125 72.85428619384766 871.0452270507812 220.61895751953125 
119
2 390.6650695800781 189.1208953857422 648.149169921875 508.85833740234375 
3 1930.378662109375 92.2042236328125 2020.03271484375 180.22711181640625 
3 770.1433715820312 75.84407806396484 868.1436767578125 223.12686157226562 
3 826.1058349609375 44.9085693359375 906.2000122070312 175.7949676513672 
3 826.5725708007812 45.95173645019531 886.6067504882812 175.47120666503906 
120
2 401.9605712890625 184.38185119628906 650.1212768554688 502.3759765625 
3 765.1092529296875 74.19039154052734 867.9959716796875 230.58041381835938 
3 1929.9954833984375 93.318359375 2009.4951171875 180.37796020507812 
3 830.060791015625 44.359031677246094 911.23046875 177.8021240234375 
3 830.0828247070312 44.997718811035156 894.322509765625 177.63662719726562 
3 864.124755859375 17.376205444335938 911.0042724609375 88.63717651367188 
121
2 414.16259765625 180.07041931152344 649.9448852539062 466.9074401855469 
3 761.212158203125 76.0330810546875 865.4249877929688 235.199951171875 
3 839.927978515625 43.155975341796875 915.2799072265625 173.51211547851562 
3 1925.137451171875 98.51435852050781 2012.396728515625 181.09535217285156 
3 866.1652221679688 22.112613677978516 911.7149658203125 88.32136535644531 
122
2 425.02850341796875 176.20814514160156 650.302001953125 473.5216369628906 
3 754.7775268554688 76.08307647705078 860.0213623046875 261.52496337890625 
3 846.5901489257812 41.5948486328125 920.5415649414062 171.43325805664062 
3 1922.8448486328125 98.27018737792969 2012.9736328125 181.96563720703125 
123
2 433.07464599609375 170.67019653320312 651.1323852539062 467.19512939453125 
3 850.4793701171875 41.68601989746094 919.6334228515625 166.17262268066406 
3 1924.3319091796875 95.923828125 2017.1263427734375 181.24618530273438 
3 743.0633544921875 76.8828125 853.3238525390625 247.1041259765625 
124
2 442.43310546875 165.0335693359375 651.4978637695312 459.763427734375 
3 856.4653930664062 39.88104248046875 925.644775390625 172.8468017578125 
3 735.5040283203125 77.44187927246094 851.3067626953125 206.3730010986328 
3 1922.796630859375 95.20896911621094 2021.3082275390625 183.08645629882812 
125
2 450.9485168457031 160.3596649169922 652.8494873046875 457.98602294921875 
3 727.412353515625 78.16837310791016 843.3915405273438 222.5189208984375 
3 864.0496826171875 36.05382537841797 922.6304931640625 172.01556396484375 
3 1922.71240234375 92.85215759277344 2024.9012451171875 184.55950927734375 
126
2 460.42767333984375 157.334716796875 663.6083984375 458.38916015625 
3 719.3936157226562 80.04933166503906 844.2182006835938 223.199951171875 
3 866.8450927734375 33.10882568359375 929.7293701171875 171.94264221191406 
3 1920.329345703125 90.78347778320312 2024.502685546875 185.5189208984375 
127
2 468.48638916015625 155.69058227539062 674.0366821289062 452.839111328125 
3 711.535400390625 81.26744842529297 841.56005859375 226.051025390625 
3 872.7361450195312 30.506851196289062 935.2276611328125 172.5548553466797 
3 1920.332763671875 90.25895690917969 2022.4012451171875 186.1058807373047 
128
2 478.1298522949219 153.71731567382812 684.8265380859375 451.163330078125 
3 701.418701171875 81.91246795654297 838.70849609375 228.1021728515625 
3 1921.1851806640625 88.57713317871094 2017.1900634765625 185.57049560546875 
3 879.0903930664062 30.39215087890625 937.3763427734375 166.25856018066406 
129
3 697.8263549804688 85.2945327758789 835.2298583984375 226.337158203125 
2 486.30584716796875 152.8582763671875 671.8314208984375 450.2938232421875 
3 1923.48291015625 87.46080017089844 2018.16845703125 182.4488525390625 
3 882.695068359375 31.328964233398438 953.8661499023438 170.32308959960938 
130
3 694.4871826171875 85.71151733398438 829.126708984375 222.97616577148438 
2 497.6343994140625 152.08091735839844 677.7095336914062 453.23052978515625 
3 1928.29736328125 82.22293090820312 2015.8575439453125 181.8541259765625 
3 886.7164306640625 30.745742797851562 960.6167602539062 167.61032104492188 
131
3 691.6109619140625 86.21034240722656 824.4976196289062 225.24166870117188 
2 506.73822021484375 149.96328735351562 677.4652709960938 453.258056640625 
3 891.8619384765625 29.909820556640625 962.5944213867188 170.96786499023438 
3 1932.084228515625 80.64434051513672 2016.29345703125 179.83865356445312 
132
2 514.9898681640625 149.24203491210938 686.3995971679688 448.89434814453125 
3 895.0606689453125 30.3448486328125 967.9873046875 171.69659423828125 
3 692.10400390625 86.85603332519531 818.8753662109375 224.46270751953125 
3 1935.3717041015625 78.20704650878906 2017.630126953125 178.1453094482422 
133
3 902.645263671875 30.81964111328125 976.0745849609375 171.86212158203125 
2 522.8724975585938 147.65390014648438 679.9532470703125 445.12078857421875 
3 692.6341552734375 87.74895477294922 810.6890869140625 227.53823852539062 
3 1935.29150390625 75.72087860107422 2016.9384765625 178.4204559326172 
134
3 694.870361328125 87.6485595703125 803.56396484375 228.4677734375 
3 907.7344360351562 32.6934814453125 980.2886962890625 171.40391540527344 
2 530.7047729492188 144.37789916992188 700.8495483398438 436.0251770019531 
3 1939.2510986328125 71.66645812988281 2013.00830078125 178.78871154785156 
135
3 912.1404418945312 33.173797607421875 989.5283813476562 172.3114471435547 
3 1942.14208984375 70.82606506347656 2011.91845703125 178.7955322265625 
3 700.3839721679688 88.36512756347656 797.6526489257812 224.78134155273438 
3 538.3909912109375 140.4742431640625 702.3836669921875 423.9725036621094 
136
3 914.5534057617188 32.34132385253906 994.5859985351562 172.120361328125 
3 546.3568115234375 136.0942840576172 703.6356811523438 349.0408020019531 
3 696.5213012695312 88.61299133300781 793.6979370117188 226.7564697265625 
3 1944.5986328125 69.26943969726562 2011.6343994140625 180.18955993652344 
137
3 914.5588989257812 33.0914306640625 999.6513061523438 172.95925903320312 
3 692.071533203125 88.30860137939453 790.0305786132812 230.01211547851562 
3 1944.766845703125 67.90202331542969 2009.8731689453125 180.15106201171875 
3 552.6103515625 131.719482421875 708.625732421875 347.9145202636719 
138
3 686.9786987304688 88.58683776855469 785.79736328125 231.15194702148438 
3 558.560791015625 127.70828247070312 717.4653930664062 348.2146911621094 
3 925.433837890625 35.02449035644531 1005.0195922851562 169.89984130859375 
3 1944.4227294921875 66.931396484375 2008.8870849609375 178.20469665527344 
139
3 683.3206787109375 89.7543716430664 781.347900390625 233.20339965820312 
3 1944.797607421875 63.29011535644531 2008.5391845703125 176.1397705078125 
3 938.3726196289062 33.513389587402344 1007.8721923828125 168.9136199951172 
3 566.2631225585938 123.61724853515625 725.9249877929688 347.4942932128906 
3 566.3192749023438 123.33319091796875 724.47265625 346.50811767578125 
140
3 572.5025634765625 120.8724365234375 736.5128784179688 348.87274169921875 
3 680.0673828125 91.23028564453125 777.3442993164062 231.64532470703125 
3 1944.685546875 62.601226806640625 2008.0439453125 176.2235565185547 
3 943.8800048828125 32.26789093017578 1006.2115478515625 169.9088134765625 
141
3 579.6536254882812 118.21896362304688 740.69580078125 347.13140869140625 
3 675.65283203125 94.2049560546875 773.800537109375 231.38800048828125 
3 1944.2122802734375 62.42457580566406 2005.5499267578125 176.000244140625 
3 950.2315673828125 31.757919311523438 1015.645263671875 168.69874572753906 
3 578.62841796875 118.67294311523438 739.3346557617188 346.5065612792969 
142
3 587.8471069335938 117.03245544433594 748.926513671875 347.9180908203125 
3 1943.939453125 60.98309326171875 2003.2470703125 178.02137756347656 
3 668.8580322265625 95.13107299804688 768.8990478515625 230.4979248046875 
3 949.2363891601562 30.836143493652344 1014.929443359375 169.61148071289062 
3 587.0872802734375 116.66043090820312 747.2784423828125 347.08721923828125 
3 959.324462890625 31.430648803710938 1024.1783447265625 168.05657958984375 
143
3 595.6981811523438 117.38943481445312 758.2056884765625 347.7125244140625 
3 956.7752075195312 27.208396911621094 1013.595703125 169.1231689453125 
3 1942.3924560546875 59.64598083496094 2001.571044921875 179.43638610839844 
3 594.97119140625 116.11386108398438 759.0350952148438 346.62408447265625 
3 665.8130493164062 98.14987182617188 766.2869873046875 231.90402221679688 
3 666.7290649414062 96.86016845703125 805.482421875 357.81427001953125 
144
3 966.6803588867188 27.375213623046875 1038.021240234375 167.42906188964844 
3 1940.85009765625 58.733238220214844 2000.532470703125 179.33045959472656 
3 603.0908203125 117.36808776855469 770.8626708984375 352.2885437011719 
3 660.0008544921875 98.19473266601562 761.8773193359375 225.94192504882812 
3 659.705810546875 99.396240234375 815.0256958007812 349.32232666015625 
145
3 609.7924194335938 103.32099914550781 814.058349609375 350.5923156738281 
3 970.8425903320312 27.28870391845703 1047.1748046875 166.32437133789062 
3 1939.68994140625 58.05183410644531 1999.45166015625 180.61712646484375 
146
3 619.18310546875 103.77067565917969 816.810791015625 348.4968566894531 
3 977.7610473632812 27.33856201171875 1060.4962158203125 165.59963989257812 
3 1939.3544921875 58.48310852050781 1996.0909423828125 182.31448364257812 
147
3 629.0340576171875 114.31489562988281 817.2548828125 348.5023498535156 
3 983.04736328125 26.25389862060547 1065.2139892578125 167.08578491210938 
3 1938.9168701171875 57.05584716796875 1994.274658203125 181.65264892578125 
3 627.5647583007812 101.62081909179688 676.1702880859375 206.35540771484375 
148
3 636.974853515625 111.95744323730469 818.491455078125 349.10638427734375 
3 987.5758056640625 25.607337951660156 1072.39453125 168.5023651123047 
3 1940.0538330078125 55.918914794921875 1993.006103515625 181.4789276123047 
3 632.7857666015625 101.97894287109375 677.4638671875 177.63912963867188 
149
3 645.8978271484375 110.09367370605469 817.9993286132812 348.6487731933594 
3 991.9378051757812 27.43842315673828 1078.9344482421875 168.7764892578125 
3 1940.470703125 55.15257263183594 1992.7294921875 177.692626953125 
3 627.828857421875 102.60054016113281 686.235595703125 241.099609375 
3 626.9732055664062 103.58161926269531 718.5809326171875 344.3594970703125 
150
3 652.4403686523438 108.47784423828125 819.2662963867188 347.6846008300781 
3 997.3800659179688 25.186309814453125 1082.918701171875 167.7013702392578 
3 623.0521850585938 102.38525390625 701.8427734375 297.6416320800781 
3 1940.85986328125 54.802772521972656 1991.5721435546875 178.6590118408203 
151
3 658.2894287109375 106.26641845703125 819.1918334960938 348.2427978515625 
3 616.4878540039062 102.84107971191406 703.3966064453125 298.03338623046875 
3 998.8936767578125 30.093002319335938 1087.8076171875 168.84481811523438 
3 1942.1590576171875 53.933441162109375 1990.319091796875 175.93894958496094 
152
3 666.918212890625 103.20184326171875 820.7814331054688 347.8583068847656 
3 1002.2392578125 29.760162353515625 1093.443359375 169.82809448242188 
3 610.6901245117188 103.63706970214844 694.8355712890625 246.48077392578125 
3 665.3392944335938 102.87846374511719 820.3255004882812 348.9283447265625 
3 1943.079833984375 53.73057556152344 1988.9876708984375 170.94241333007812 
3 609.9197998046875 103.21392822265625 711.3328857421875 296.6471252441406 
153
3 674.765380859375 99.66360473632812 820.0171508789062 348.082275390625 
3 1003.6561279296875 31.696365356445312 1091.3270263671875 168.29684448242188 
3 600.5394897460938 103.09474182128906 709.2525634765625 297.958984375 
3 1940.864013671875 53.813865661621094 1988.283447265625 169.06936645507812 
154
3 678.5541381835938 98.14311218261719 828.257080078125 348.2205505371094 
3 1003.92431640625 32.91184997558594 1094.1934814453125 169.5550079345703 
3 589.0419311523438 105.65786743164062 706.320068359375 306.2858581542969 
3 1933.6319580078125 54.02497100830078 1987.8828125 169.56015014648438 
155
3 579.133544921875 106.82940673828125 704.2239990234375 306.5533447265625 
3 682.1778564453125 95.26063537597656 852.15771484375 346.8910217285156 
3 1008.5693359375 32.74851989746094 1098.935791015625 168.1636199951172 
3 1930.1849365234375 54.20094299316406 1988.037109375 169.25814819335938 
156
3 692.3141479492188 94.44245910644531 859.4059448242188 344.0937194824219 
3 568.29541015625 109.83454895019531 715.45556640625 321.791748046875 
3 1008.3895874023438 32.79859924316406 1104.270263671875 169.0034637451172 
3 1928.0343017578125 53.93400573730469 1987.99609375 169.18714904785156 
157
3 697.0794677734375 93.6522216796875 865.867431640625 344.16900634765625 
3 556.869384765625 110.92314147949219 731.393310546875 312.8934631347656 
3 1930.64892578125 54.04866027832031 1987.5504150390625 168.9933319091797 
3 1045.3765869140625 31.864044189453125 1108.8724365234375 165.83871459960938 
158
3 704.4942626953125 94.017333984375 870.8533325195312 350.51666259765625 
3 1054.5255126953125 32.28102111816406 1116.2310791015625 166.48886108398438 
3 1926.933837890625 54.265159606933594 1986.505615234375 169.25271606445312 
3 551.9155883789062 113.22210693359375 704.6713256835938 330.01776123046875 
159
3 712.0767211914062 93.5928955078125 873.4890747070312 344.9368896484375 
3 1059.1104736328125 33.37956237792969 1116.0943603515625 167.87303161621094 
3 546.8059692382812 114.45933532714844 705.0759887695312 334.5097351074219 
3 1928.37841796875 54.415435791015625 1984.9544677734375 169.35861206054688 
160
3 718.404296875 93.54232788085938 879.1265869140625 344.857666015625 
3 1063.2691650390625 27.09637451171875 1119.678466796875 169.35792541503906 
3 1928.7213134765625 54.07875061035156 1985.93212890625 168.84140014648438 
3 541.9716796875 116.99491882324219 691.7974853515625 325.27239990234375 
161
3 725.2283935546875 93.60295104980469 882.947265625 340.8956604003906 
3 538.082763671875 118.00035095214844 684.9075317382812 326.333984375 
3 1071.478271484375 27.37225341796875 1125.03955078125 168.59902954101562 
3 1928.6795654296875 52.728729248046875 1988.138916015625 169.11053466796875 
162
3 539.7990112304688 118.81455993652344 677.7902221679688 324.9921875 
3 731.798828125 91.89933776855469 884.4463500976562 341.0147705078125 
3 1076.8062744140625 25.12353515625 1128.4730224609375 165.88247680664062 
3 1077.5721435546875 26.11541748046875 1165.2135009765625 167.45895385742188 
3 1929.5531005859375 51.321533203125 1988.7781982421875 168.689697265625 
163
3 544.6087646484375 118.80789184570312 666.1890869140625 322.697509765625 
3 738.70458984375 91.22271728515625 884.2503662109375 338.56707763671875 
3 1929.8109130859375 50.1962890625 1988.6195068359375 168.34320068359375 
164
3 546.6893310546875 119.25558471679688 659.228515625 322.9784240722656 
3 747.7391967773438 89.47914123535156 890.2625732421875 354.1972961425781 
3 1929.9107666015625 49.578369140625 1988.347900390625 167.01968383789062 
3 1089.4156494140625 23.45654296875 1154.6436767578125 168.07115173339844 
165
3 540.6376953125 119.16015625 656.8670654296875 322.86846923828125 
3 752.2431030273438 86.401611328125 888.1878662109375 357.2437438964844 
3 1094.445068359375 20.921783447265625 1164.0936279296875 170.73226928710938 
3 1929.6268310546875 49.0318603515625 1987.646484375 167.1278076171875 
166
3 534.935791015625 121.13265991210938 648.1170654296875 320.94915771484375 
3 1099.734375 26.852630615234375 1165.236572265625 171.1879119873047 
3 757.67236328125 84.15489196777344 887.3521728515625 352.75311279296875 
3 1929.5350341796875 49.2957763671875 1988.24609375 168.21885681152344 
3 757.5468139648438 84.0985107421875 885.9451293945312 280.5693359375 
167
3 530.163818359375 121.95480346679688 643.212646484375 321.3731689453125 
3 1104.364990234375 27.264419555664062 1168.4815673828125 167.5615997314453 
3 1929.8848876953125 49.80714416503906 1990.0760498046875 170.2567901611328 
3 765.0254516601562 79.75732421875 888.09814453125 278.62646484375 
168
3 525.4700927734375 122.09928894042969 641.1826171875 323.3993835449219 
3 770.9187622070312 76.61557006835938 895.0332641601562 287.3212585449219 
3 1105.5408935546875 30.72277069091797 1174.359130859375 167.46127319335938 
3 1930.3717041015625 50.138702392578125 1991.589599609375 174.11984252929688 
169
3 518.3591918945312 121.78265380859375 638.7970581054688 330.0278625488281 
3 776.585693359375 77.08747863769531 898.6754150390625 309.5070495605469 
3 1930.53759765625 50.182960510253906 1992.3521728515625 171.44395446777344 
3 1104.7535400390625 30.193588256835938 1177.612060546875 170.3271026611328 
170
3 511.7221984863281 125.73284912109375 639.006591796875 334.7789611816406 
3 782.69482421875 73.64242553710938 906.7952270507812 309.33148193359375 
3 1930.424560546875 50.86595916748047 1992.5030517578125 170.64102172851562 
3 1107.1488037109375 30.462791442871094 1189.6475830078125 176.41416931152344 
3 1448.2452392578125 0.1246795654296875 1475.6148681640625 35.758155822753906 
171
3 505.2408142089844 128.44857788085938 639.4450073242188 335.2928466796875 
3 788.3544311523438 69.57733154296875 910.3735961914062 295.93438720703125 
3 1930.04931640625 50.787078857421875 1992.38232421875 171.17959594726562 
3 1105.808837890625 32.90245056152344 1202.963134765625 200.0177764892578 
3 1446.9886474609375 0.2334747314453125 1476.3636474609375 36.396995544433594 
172
3 499.5907897949219 130.75637817382812 638.9756469726562 343.73944091796875 
3 795.0265502929688 70.42047882080078 911.1744995117188 245.13522338867188 
3 1929.56884765625 50.967803955078125 1992.2156982421875 171.9412384033203 
3 1138.94384765625 32.13612365722656 1205.460693359375 164.26312255859375 
3 1447.3994140625 0.185516357421875 1476.8057861328125 36.48710632324219 
3 498.8194580078125 130.80751037597656 640.8619384765625 346.2730407714844 
173
3 492.62152099609375 133.96788024902344 640.4160766601562 349.5491638183594 
3 1930.51171875 51.510047912597656 1991.8475341796875 171.24620056152344 
3 1147.4337158203125 31.503211975097656 1208.77490234375 165.31515502929688 
3 802.38720703125 69.92594909667969 916.6815185546875 243.96920776367188 
3 493.3553771972656 136.2813720703125 638.016845703125 349.6796875 
3 1448.47607421875 0.07363128662109375 1476.55078125 36.59089660644531 
174
3 485.2177429199219 135.8508758544922 640.5859985351562 353.1366271972656 
3 1930.861083984375 52.235984802246094 1991.6024169921875 170.62489318847656 
3 1150.156494140625 32.8505859375 1212.6739501953125 164.520263671875 
3 808.202880859375 73.74832916259766 921.4818115234375 290.4291076660156 
3 808.5473022460938 73.57844543457031 972.97509765625 289.23284912109375 
175
3 475.2895812988281 138.70372009277344 640.1129150390625 353.2506103515625 
3 1931.568359375 52.83387756347656 1991.3846435546875 170.60328674316406 
3 1158.0860595703125 32.4244384765625 1220.5234375 164.13536071777344 
3 814.968505859375 72.97720336914062 972.8016357421875 298.6540222167969 
3 814.5130615234375 74.35836791992188 928.3825073242188 308.0671691894531 
3 1450.6650390625 0.054714202880859375 1474.77294921875 36.66584777832031 
176
3 468.30682373046875 139.9796600341797 632.50341796875 352.069580078125 
3 1931.9754638671875 53.626502990722656 1991.4434814453125 170.41445922851562 
3 822.4571533203125 75.40550994873047 935.8304443359375 292.8614807128906 
3 1166.8135986328125 28.00939178466797 1223.570068359375 166.3907470703125 
3 468.87713623046875 139.48110961914062 590.8428955078125 351.3470458984375 
3 1451.4000244140625 0.48587799072265625 1474.1363525390625 37.003395080566406 
177
3 1931.8519287109375 54.02098846435547 1991.07861328125 169.8242645263672 
3 829.9546508789062 72.21551513671875 949.555419921875 293.8612060546875 
3 1171.1729736328125 26.474411010742188 1230.8822021484375 167.2601318359375 
3 463.1680603027344 137.95242309570312 580.2610473632812 351.12347412109375 
178
3 454.044677734375 142.65106201171875 572.5314331054688 351.3712463378906 
3 1176.932373046875 24.918746948242188 1235.7889404296875 193.51971435546875 
3 836.716552734375 70.9970474243164 959.3916015625 310.6351013183594 
3 1931.7757568359375 54.036834716796875 1991.43603515625 169.60655212402344 
179
3 843.7947998046875 69.20632934570312 967.8929443359375 292.27685546875 
3 448.60223388671875 143.5873260498047 571.4198608398438 351.95379638671875 
3 1181.344970703125 24.643966674804688 1244.09912109375 193.28115844726562 
3 1932.05322265625 53.890380859375 1992.1092529296875 169.29283142089844 
180
3 850.3541870117188 69.17854309082031 981.6159057617188 285.7772216796875 
3 438.69183349609375 142.4591827392578 593.4699096679688 353.65460205078125 
3 1932.152587890625 53.708099365234375 1990.7281494140625 169.3868408203125 
3 1186.287841796875 24.643753051757812 1247.1932373046875 166.08270263671875 
181
3 854.2318725585938 66.29330444335938 988.0523681640625 285.71441650390625 
3 1931.7760009765625 53.32878112792969 1990.807373046875 170.1572265625 
3 435.3512268066406 143.89739990234375 581.2673950195312 353.73760986328125 
3 1192.369140625 23.148101806640625 1258.6602783203125 165.6533203125 
182
3 860.8570556640625 65.3007583618164 995.4346313476562 281.6270751953125 
3 421.6046142578125 145.31398010253906 562.8568725585938 353.7598876953125 
3 1197.8077392578125 23.27233123779297 1294.394775390625 166.4730682373047 
3 1930.2491455078125 53.185279846191406 1991.2838134765625 170.70298767089844 
183
3 861.9559936523438 63.2257080078125 1003.65380859375 284.86651611328125 
3 1929.5220947265625 53.49433898925781 1992.5516357421875 170.98550415039062 
3 1202.4749755859375 26.133651733398438 1272.60009765625 189.78302001953125 
3 419.87530517578125 145.48928833007812 551.66259765625 358.6750793457031 
3 420.0787048339844 147.25970458984375 550.6530151367188 360.32086181640625 
184
3 855.161865234375 62.85438537597656 1011.1290893554688 279.9249572753906 
3 412.2801208496094 148.30514526367188 552.8320922851562 366.4516296386719 
3 1206.004150390625 28.387367248535156 1284.6436767578125 193.71961975097656 
3 1928.060302734375 53.305755615234375 1991.97216796875 170.56886291503906 
3 1206.86865234375 31.494972229003906 1277.2613525390625 168.52377319335938 
185
3 400.96844482421875 150.83596801757812 552.2136840820312 378.7463073730469 
3 855.2154541015625 63.03392791748047 1019.8472290039062 279.67779541015625 
3 1203.7591552734375 28.517044067382812 1290.852783203125 168.02264404296875 
3 1925.634033203125 53.37782287597656 1991.402587890625 170.002685546875 
186
3 391.44232177734375 155.35446166992188 551.5970458984375 373.65771484375 
3 882.6918334960938 63.57728576660156 1025.8773193359375 281.53515625 
3 1203.2569580078125 29.7979736328125 1295.9100341796875 167.0591583251953 
3 1923.82177734375 53.194610595703125 1992.0482177734375 170.46395874023438 
187
3 886.5675048828125 63.145545959472656 1028.545166015625 280.31640625 
3 1204.8768310546875 32.34223175048828 1301.3992919921875 167.09669494628906 
3 1923.3587646484375 53.14338684082031 1991.1900634765625 170.66644287109375 
3 381.0127868652344 157.9984130859375 552.45849609375 375.75146484375 
3 381.8507080078125 159.45372009277344 552.4515380859375 374.758544921875 
188
3 373.8235168457031 159.97244262695312 551.576171875 382.9361267089844 
3 890.167236328125 62.648155212402344 1031.6175537109375 281.45343017578125 
3 1207.7958984375 32.73693084716797 1313.725830078125 168.1603546142578 
3 1921.6427001953125 53.111572265625 1991.169189453125 170.4853515625 
189
3 366.666748046875 161.30130004882812 549.6378173828125 393.02838134765625 
3 895.1765747070312 62.94049835205078 1036.32666015625 279.46124267578125 
3 1920.2889404296875 53.077850341796875 1990.981689453125 170.09759521484375 
3 1204.286376953125 33.07038879394531 1333.2022705078125 199.3916015625 
190
3 901.6055908203125 62.870025634765625 1038.6033935546875 280.75225830078125 
3 364.61236572265625 163.9866180419922 542.731201171875 393.12994384765625 
3 1919.7095947265625 53.111114501953125 1991.1610107421875 171.96337890625 
3 1210.452392578125 32.45397186279297 1333.4725341796875 189.48495483398438 
3 1384.6728515625 0.0 1411.547119140625 33.15972900390625 
191
3 364.56072998046875 167.0550537109375 537.9510498046875 392.37176513671875 
3 907.8352661132812 62.2288818359375 1044.152099609375 280.0679626464844 
3 1918.230712890625 53.171607971191406 1992.23779296875 171.57679748535156 
3 1254.2276611328125 32.73704528808594 1323.85791015625 168.36888122558594 
192
3 358.319580078125 169.0602569580078 526.5048828125 392.37176513671875 
3 911.00634765625 62.38292694091797 1049.3134765625 278.9350891113281 
3 1262.7999267578125 30.09844970703125 1327.109130859375 164.43946838378906 
3 1917.5760498046875 53.04600524902344 1992.307373046875 171.83837890625 
193
3 916.9641723632812 60.932960510253906 1051.4410400390625 269.7269592285156 
3 350.2632751464844 167.88954162597656 517.215576171875 393.1822204589844 
3 1916.3192138671875 53.087562561035156 1992.25146484375 171.21875 
3 1260.261962890625 29.25750732421875 1331.4715576171875 165.85391235351562 
3 1386.64111328125 0.0 1410.85205078125 34.47815704345703 
3 1451.4637451171875 0.0 1480.1312255859375 36.446014404296875 
194
3 920.2771606445312 58.98020935058594 1055.55322265625 265.58935546875 
3 340.8797607421875 169.80380249023438 495.55926513671875 393.48284912109375 
3 1271.22412109375 28.342880249023438 1337.744873046875 165.98875427246094 
3 1915.7672119140625 53.37986755371094 1991.940185546875 170.11358642578125 
195
3 926.3916625976562 56.0706787109375 1055.79296875 262.9755554199219 
3 1914.019775390625 53.657440185546875 1992.3314208984375 169.579345703125 
3 336.2550354003906 171.19558715820312 479.78875732421875 389.32855224609375 
3 1262.471435546875 25.711837768554688 1344.3837890625 169.4630126953125 
3 336.1883239746094 170.80133056640625 479.46807861328125 388.9599609375 
196
3 930.1939086914062 54.29096221923828 1056.6868896484375 251.63427734375 
3 314.1097717285156 171.99526977539062 469.7004089355469 390.5013732910156 
3 1912.092529296875 53.82740783691406 1992.672119140625 169.53257751464844 
3 1286.5499267578125 23.864017486572266 1348.3177490234375 167.72091674804688 
197
3 935.4381713867188 52.25904846191406 1058.849853515625 265.7732238769531 
3 1911.5579833984375 55.00885009765625 1993.1253662109375 169.4420166015625 
3 1291.36181640625 23.73150634765625 1359.76708984375 197.36813354492188 
3 317.375244140625 175.33827209472656 469.63922119140625 391.0523681640625 
3 1385.678466796875 0.21683883666992188 1410.681640625 35.03539276123047 
198
3 941.2416381835938 50.96282196044922 1061.4554443359375 250.12655639648438 
3 312.7886962890625 177.14236450195312 470.1217346191406 396.4726867675781 
3 1911.1868896484375 54.95973205566406 1993.023193359375 169.65159606933594 
3 1297.8970947265625 22.981521606445312 1361.8487548828125 193.90325927734375 
3 1385.947509765625 0.2742156982421875 1410.7677001953125 35.22924041748047 
199
3 943.676513671875 50.5323486328125 1062.237060546875 251.44671630859375 
3 306.9825439453125 180.9599609375 470.6867370605469 404.3797302246094 
3 1909.8001708984375 54.35497283935547 1992.30859375 169.80767822265625 
3 1300.3699951171875 23.840087890625 1366.1123046875 174.6551513671875 
3 1386.0556640625 0.3291015625 1410.6724853515625 35.24104309082031 
200
3 947.0027465820312 50.65986633300781 1069.443115234375 245.79788208007812 
3 300.9532775878906 183.68795776367188 470.5941162109375 408.4879455566406 
3 1908.35009765625 54.04246520996094 1992.8662109375 170.3374481201172 
3 1307.7681884765625 26.2406005859375 1372.67333984375 166.90155029296875 
3 1385.91259765625 0.3201141357421875 1411.9481201171875 35.734619140625 
201
3 293.3594055175781 186.02444458007812 471.459228515625 409.70806884765625 
3 954.9598388671875 51.26336669921875 1083.093505859375 244.76919555664062 
3 1312.9156494140625 26.513717651367188 1378.14892578125 165.38812255859375 
3 1907.651123046875 56.1746826171875 1990.98095703125 170.16201782226562 
3 1386.1036376953125 0.45838165283203125 1411.9671630859375 35.5997314453125 
3 2338.7216796875 105.96253967285156 2391.738037109375 197.76568603515625 
202
3 285.95074462890625 188.88571166992188 471.2550048828125 422.872802734375 
3 959.877197265625 51.76197052001953 1093.516845703125 250.86590576171875 
3 1314.0152587890625 28.208786010742188 1383.810546875 166.48680114746094 
3 1908.0216064453125 54.30144500732422 1987.077880859375 169.79103088378906 
3 1386.267333984375 0.3882904052734375 1413.349609375 35.557533264160156 
203
3 277.0528869628906 191.5178985595703 471.31817626953125 422.33154296875 
3 963.4259643554688 52.76853942871094 1097.613037109375 253.56689453125 
3 1908.2574462890625 54.96693420410156 1983.5052490234375 169.95687866210938 
3 1314.3631591796875 31.0267333984375 1392.11083984375 167.5635528564453 
3 1386.2164306640625 0.3758811950683594 1413.864013671875 35.51020050048828 
3 1451.812744140625 0.2738761901855469 1481.743896484375 39.699676513671875 
3 2337.911376953125 105.21945190429688 2392.05908203125 198.85647583007812 
204
3 269.3634033203125 194.63363647460938 468.3207092285156 423.8755187988281 
3 966.8303833007812 52.79713439941406 1100.1461181640625 254.10067749023438 
3 1322.7618408203125 31.08898162841797 1400.4571533203125 167.70626831054688 
3 1907.917236328125 56.841697692871094 1983.0556640625 169.84317016601562 
3 1450.17578125 0.155303955078125 1482.7437744140625 39.912139892578125 
3 2337.34375 104.82821655273438 2392.85302734375 198.5254364013672 
3 1385.7578125 0.6887397766113281 1412.636474609375 36.598289489746094 
205
3 261.38482666015625 196.15252685546875 459.0736999511719 422.5130615234375 
3 977.519775390625 52.80902099609375 1102.9556884765625 254.88226318359375 
3 1908.526611328125 56.168251037597656 1981.6422119140625 169.48912048339844 
3 1320.4674072265625 33.32275390625 1404.5147705078125 166.05014038085938 
3 2336.52099609375 105.38847351074219 2391.004150390625 198.7529296875 
3 1450.1729736328125 0.12150955200195312 1484.537353515625 40.43446350097656 
3 1385.9857177734375 0.3554840087890625 1413.5145263671875 36.93999481201172 
206
3 1908.09716796875 58.07648468017578 1983.8094482421875 169.18948364257812 
3 253.20065307617188 197.51380920410156 449.512451171875 419.87548828125 
3 981.932373046875 51.85398864746094 1100.7054443359375 252.96319580078125 
3 1319.053466796875 30.30303955078125 1411.5911865234375 174.8983154296875 
3 2337.07421875 106.45761108398438 2390.167724609375 199.29835510253906 
3 1452.56591796875 0.13782501220703125 1484.2532958984375 40.68486785888672 
207
3 247.37374877929688 198.31373596191406 441.1153259277344 421.2978210449219 
3 989.3939819335938 49.75157928466797 1100.9869384765625 251.03045654296875 
3 1906.6905517578125 56.48771667480469 1983.0162353515625 169.0213623046875 
3 2337.334228515625 108.8299560546875 2388.5283203125 200.67474365234375 
3 1319.770751953125 30.01605224609375 1417.5740966796875 197.6590576171875 
3 1453.696533203125 0.01241302490234375 1484.1650390625 40.49348449707031 
208
3 240.31785583496094 199.43423461914062 425.6424560546875 420.87664794921875 
3 993.8251953125 49.05584716796875 1105.1612548828125 238.0845947265625 
3 1905.8834228515625 54.66716766357422 1983.0604248046875 169.07217407226562 
3 2337.609130859375 109.63768005371094 2388.09228515625 200.9867706298828 
3 1358.6978759765625 33.479217529296875 1424.6839599609375 164.9228973388672 
3 1453.7012939453125 0.1116790771484375 1484.9200439453125 41.016441345214844 
3 1386.2156982421875 0.0 1411.5506591796875 36.934814453125 
209
3 231.56655883789062 199.43553161621094 409.63128662109375 421.66162109375 
3 999.3659057617188 46.448455810546875 1113.962890625 234.0703125 
3 1362.029052734375 32.578277587890625 1429.0194091796875 159.0360107421875 
3 1905.4359130859375 54.93296813964844 1981.4813232421875 169.21817016601562 
3 2338.13671875 108.09841918945312 2388.258056640625 199.4853515625 
3 1452.167724609375 0.18440628051757812 1485.047607421875 41.427490234375 
3 1385.90478515625 0.07271575927734375 1410.8291015625 37.01513671875 
210
3 217.98153686523438 200.0674591064453 394.9183349609375 424.3513488769531 
3 1004.6785888671875 45.877716064453125 1120.0517578125 234.45947265625 
3 1903.5889892578125 53.21117401123047 1979.95263671875 169.35284423828125 
3 2338.654296875 107.56486511230469 2387.900146484375 199.0952606201172 
3 1451.607177734375 0.13237762451171875 1484.883056640625 41.373565673828125 
3 1370.8218994140625 30.059104919433594 1435.865478515625 161.60751342773438 
3 1385.8426513671875 0.0 1411.481689453125 36.775482177734375 
211
3 1008.0307006835938 44.25578308105469 1128.9637451171875 230.54598999023438 
3 1377.2999267578125 29.299163818359375 1441.359619140625 165.16378784179688 
3 1903.891357421875 52.53764343261719 1978.284912109375 169.3391876220703 
3 2338.402587890625 108.57913208007812 2387.078857421875 200.93939208984375 
3 211.31219482421875 200.33885192871094 378.037109375 425.5573425292969 
3 1451.440673828125 0.3203849792480469 1484.5804443359375 40.81005096435547 
3 1386.178955078125 0.13498687744140625 1411.4476318359375 36.382484436035156 
3 167.29238891601562 200.15077209472656 378.5186462402344 426.65008544921875 
212
3 1012.3731689453125 43.243324279785156 1133.0059814453125 230.07907104492188 
3 207.4840545654297 199.542724609375 375.20416259765625 421.2332763671875 
3 1903.554931640625 52.696075439453125 1977.9727783203125 169.79522705078125 
3 2338.508544921875 108.900146484375 2387.08447265625 201.13807678222656 
3 1382.8658447265625 27.57976531982422 1445.1134033203125 166.40365600585938 
3 1451.4822998046875 0.5061111450195312 1484.6171875 41.37126159667969 
3 1386.0526123046875 0.09379196166992188 1411.7203369140625 36.12800598144531 
213
3 1016.5493774414062 42.91941833496094 1139.235595703125 231.20388793945312 
3 202.8930206298828 198.37875366210938 376.53204345703125 438.50970458984375 
3 1386.375732421875 26.580482482910156 1450.150146484375 199.55056762695312 
3 1902.5950927734375 55.69005584716797 1977.578125 169.07223510742188 
3 2338.552490234375 109.74977111816406 2387.091064453125 202.54135131835938 
3 1452.2982177734375 0.439056396484375 1484.21630859375 40.95764923095703 
3 1386.3221435546875 0.0 1412.445068359375 36.36688232421875 
214
3 196.93841552734375 211.73812866210938 376.0105895996094 449.7252197265625 
3 1021.9883422851562 43.417762756347656 1145.139404296875 232.126220703125 
3 1395.409912109375 25.201858520507812 1460.00830078125 195.5870361328125 
3 1902.3367919921875 53.178802490234375 1975.933837890625 168.59759521484375 
3 2338.481689453125 109.0198974609375 2387.092041015625 202.7779998779297 
3 1452.6265869140625 0.34838104248046875 1484.208740234375 40.902801513671875 
3 1386.2923583984375 0.01682281494140625 1412.21044921875 36.51176452636719 
215
3 177.21060180664062 215.13438415527344 375.7579345703125 452.93310546875 
3 1025.156005859375 43.62293243408203 1147.2005615234375 231.26803588867188 
3 1395.136474609375 25.102020263671875 1462.383056640625 193.22454833984375 
3 1901.6871337890625 54.19636535644531 1974.6590576171875 168.6051025390625 
3 2338.93115234375 109.78759765625 2386.37939453125 203.320556640625 
3 1451.986083984375 0.19601058959960938 1485.044921875 42.329551696777344 
3 1386.4830322265625 0.06714630126953125 1411.85205078125 36.04522705078125 
216
3 1028.9638671875 41.42864227294922 1168.524658203125 233.0445556640625 
3 1396.943359375 28.241897583007812 1470.0665283203125 196.4864501953125 
3 178.37442016601562 218.4759979248047 375.7536315917969 458.9612731933594 
3 1900.7479248046875 55.478057861328125 1974.4959716796875 168.943115234375 
3 2338.75341796875 109.00961303710938 2386.261474609375 203.68861389160156 
3 1451.9365234375 0.10591506958007812 1484.88525390625 40.618247985839844 
3 1386.2156982421875 0.01132965087890625 1413.024658203125 36.04933166503906 
217
3 178.55096435546875 222.67037963867188 374.97918701171875 468.6351013183594 
3 1034.157470703125 44.47761535644531 1170.3499755859375 231.46591186523438 
3 1400.5478515625 29.898193359375 1479.775390625 196.47958374023438 
3 1900.3682861328125 56.357421875 1973.6417236328125 169.0617218017578 
3 2339.01953125 111.03323364257812 2386.54931640625 203.6496124267578 
3 1385.7186279296875 0.0 1413.4053955078125 36.15690612792969 
3 1452.782958984375 0.0 1484.49462890625 35.00901794433594 
218
3 1037.972412109375 44.40184020996094 1165.035400390625 231.66195678710938 
3 172.3179168701172 223.99737548828125 371.65924072265625 473.14776611328125 
3 1900.1064453125 57.24473571777344 1972.93603515625 169.38818359375 
3 1405.3568115234375 30.517303466796875 1490.9249267578125 196.78382873535156 
3 2338.175048828125 109.43820190429688 2387.036865234375 203.48866271972656 
3 1385.3482666015625 0.0 1414.2855224609375 36.26756286621094 
3 1452.2491455078125 0.0 1484.854736328125 32.28443145751953 
219
3 1043.964111328125 41.760459899902344 1163.3857421875 232.68997192382812 
3 167.66253662109375 226.43905639648438 369.0015563964844 471.9136962890625 
3 1400.6475830078125 31.76934814453125 1512.3394775390625 199.656494140625 
3 1899.8427734375 56.85553741455078 1972.613037109375 169.76011657714844 
3 2337.927734375 107.67184448242188 2386.842041015625 203.07736206054688 
3 1385.26953125 0.0 1416.1417236328125 36.413429260253906 
3 1452.2606201171875 0.0 1484.9388427734375 35.6090087890625 
220
3 161.71261596679688 230.0517578125 356.058349609375 468.5052795410156 
3 1048.156005859375 40.19385528564453 1172.1566162109375 231.25909423828125 
3 1899.08056640625 56.18388366699219 1971.7891845703125 175.07603454589844 
3 2338.4921875 111.38015747070312 2385.920654296875 203.33181762695312 
3 1385.5494384765625 0.0 1419.8046875 36.54740905761719 
3 1452.60009765625 0.0 1484.4281005859375 40.9849853515625 
3 1406.90869140625 32.760498046875 1506.9969482421875 189.10975646972656 
221
3 1053.1363525390625 39.58428955078125 1172.378173828125 231.94390869140625 
3 155.44334411621094 230.10748291015625 343.460205078125 466.8042297363281 
3 1898.98828125 56.498260498046875 1971.5841064453125 175.93026733398438 
3 2338.2978515625 111.52978515625 2385.94384765625 203.5347900390625 
3 1451.302978515625 0.0 1484.7867431640625 41.02244567871094 
3 1386.388427734375 0.0 1419.8565673828125 36.24473571777344 
3 1412.6151123046875 33.5579833984375 1513.4364013671875 190.80691528320312 
222
3 1055.860107421875 32.16914367675781 1172.5699462890625 226.62203979492188 
3 149.28439331054688 232.32537841796875 332.66802978515625 462.478759765625 
3 2337.326904296875 109.70138549804688 2386.22802734375 203.9296875 
3 1899.0362548828125 56.555206298828125 1971.577392578125 176.13333129882812 
3 1450.5023193359375 0.0 1484.579833984375 42.05653381347656 
3 1386.485595703125 0.12626266479492188 1417.797607421875 35.91840362548828 
223
3 143.12649536132812 232.90667724609375 320.1122131347656 462.6270751953125 
3 1058.9658203125 32.971649169921875 1175.845703125 213.86773681640625 
3 1898.2779541015625 57.113075256347656 1971.308837890625 183.07704162597656 
3 2336.171875 106.05845642089844 2386.095703125 203.881591796875 
3 1438.8621826171875 37.462181091308594 1533.6876220703125 201.14190673828125 
3 1449.6539306640625 0.0126800537109375 1484.7333984375 42.73182678222656 
3 1386.22509765625 0.13159942626953125 1417.0556640625 36.23835754394531 
3 1405.4185791015625 37.214393615722656 1533.9276123046875 204.01492309570312 
224
3 1062.086181640625 34.237998962402344 1176.0599365234375 208.01913452148438 
3 135.42913818359375 235.84683227539062 308.6115417480469 458.5595397949219 
3 1408.7222900390625 37.05732727050781 1536.3328857421875 202.2928924560547 
3 2335.783203125 106.28157043457031 2386.281494140625 203.94850158691406 
3 1898.0623779296875 54.34239959716797 1971.6116943359375 184.910400390625 
3 1386.9876708984375 0.049282073974609375 1415.8785400390625 36.58314514160156 
3 1449.56298828125 0.08588409423828125 1484.5079345703125 41.80509948730469 
225
3 125.63330078125 235.41921997070312 302.5128173828125 465.5986633300781 
3 1066.21484375 31.762680053710938 1178.23681640625 215.306640625 
3 1897.8770751953125 52.435340881347656 1972.3953857421875 185.42721557617188 
3 2336.3701171875 107.15182495117188 2385.6044921875 204.01217651367188 
3 1456.9700927734375 36.98114013671875 1536.019775390625 204.44287109375 
3 1387.1556396484375 0.0 1416.6845703125 36.629547119140625 
3 1450.05078125 0.2017974853515625 1484.4888916015625 41.440711975097656 
3 1407.0966796875 36.337425231933594 1536.8651123046875 203.6706085205078 
226
3 1069.3802490234375 25.791946411132812 1180.3277587890625 210.51556396484375 
3 118.3026351928711 237.56744384765625 301.4752197265625 471.9720458984375 
3 1897.856201171875 51.49180603027344 1972.3980712890625 185.4127197265625 
3 2336.462158203125 109.77499389648438 2385.7255859375 203.94683837890625 
3 1464.95703125 37.59898376464844 1540.2904052734375 201.75538635253906 
3 1387.402099609375 0.0 1416.42041015625 36.668540954589844 
3 1450.286376953125 0.07587432861328125 1484.548583984375 40.55833435058594 
227
3 1072.6170654296875 30.575851440429688 1181.5400390625 211.89175415039062 
3 111.63775634765625 239.01657104492188 300.81463623046875 478.22064208984375 
3 1897.2122802734375 51.62382507324219 1972.0028076171875 185.4185791015625 
3 1472.8421630859375 36.622779846191406 1545.2445068359375 198.392333984375 
3 2336.669921875 108.56179809570312 2386.0966796875 204.07080078125 
3 1388.5836181640625 0.0 1415.6097412109375 36.531890869140625 
3 1449.7880859375 0.0758514404296875 1484.2215576171875 40.10389709472656 
228
3 108.36334228515625 243.04449462890625 301.64971923828125 483.22662353515625 
3 1076.916015625 29.046279907226562 1188.5870361328125 213.2736358642578 
3 1480.730224609375 33.119415283203125 1554.118896484375 197.94891357421875 
3 1896.6038818359375 53.11431884765625 1972.77587890625 185.1172637939453 
3 1449.7825927734375 0.06349945068359375 1483.4373779296875 40.82990264892578 
3 1390.6636962890625 0.0 1415.6844482421875 36.231651306152344 
229
3 1079.9609375 30.697288513183594 1205.45849609375 211.00921630859375 
3 97.07698059082031 246.0474853515625 301.1461181640625 495.72613525390625 
3 1896.509765625 53.137657165527344 1973.1270751953125 184.350830078125 
3 1489.249755859375 31.335250854492188 1559.3394775390625 198.52879333496094 
3 1449.92919921875 0.10066604614257812 1483.2864990234375 41.639129638671875 
3 1448.6708984375 32.911285400390625 1558.5440673828125 201.40017700195312 
3 1390.92919921875 0.0 1416.201904296875 36.299560546875 
230
3 1086.545654296875 29.852813720703125 1211.9776611328125 211.08018493652344 
3 88.22869873046875 250.8831787109375 302.1167297363281 501.24755859375 
3 1490.7041015625 31.69976806640625 1566.183349609375 203.46881103515625 
3 1896.16748046875 53.18199920654297 1972.5511474609375 184.95452880859375 
3 1449.4810791015625 0.22782135009765625 1482.939208984375 41.94700622558594 
231
3 88.0328369140625 254.03472900390625 301.031982421875 506.73779296875 
3 1094.27880859375 28.21966552734375 1215.023681640625 212.42250061035156 
3 1487.1007080078125 30.21136474609375 1572.580810546875 204.77792358398438 
3 1894.828369140625 53.099449157714844 1972.6025390625 184.31063842773438 
3 1449.95947265625 0.35334014892578125 1483.11474609375 42.04768371582031 
3 1392.7513427734375 0.0 1416.2171630859375 37.726158142089844 
232
3 82.33750915527344 260.24383544921875 298.98138427734375 521.1783447265625 
3 1094.9488525390625 32.00006866455078 1213.474365234375 213.78231811523438 
3 1893.1876220703125 53.3875732421875 1972.4503173828125 184.89382934570312 
3 1498.431396484375 29.26226806640625 1580.4256591796875 199.95628356933594 
233
3 75.3533706665039 263.3037414550781 295.8561096191406 518.3143310546875 
3 1098.126953125 30.762039184570312 1212.652099609375 213.08587646484375 
3 1507.9368896484375 29.97588348388672 1585.5098876953125 202.00253295898438 
3 1892.45751953125 53.311683654785156 1972.89892578125 181.95762634277344 
3 1393.5869140625 0.0 1416.8172607421875 37.30414581298828 
3 1451.45361328125 0.3769683837890625 1482.8209228515625 43.66253662109375 
234
3 66.27914428710938 265.7297058105469 289.6938171386719 520.462158203125 
3 1106.4781494140625 29.618560791015625 1214.7315673828125 212.0712890625 
3 1890.885009765625 52.67811584472656 1972.517822265625 183.88998413085938 
3 1452.0576171875 0.20932388305664062 1482.95458984375 45.084144592285156 
3 1517.39892578125 30.355743408203125 1592.0731201171875 174.28189086914062 
3 1394.2275390625 0.0 1417.5013427734375 38.01184844970703 
3 1512.973388671875 30.463302612304688 1591.90576171875 200.52951049804688 
235
3 58.6195068359375 269.1658630371094 281.10064697265625 520.8087768554688 
3 1112.0711669921875 26.609695434570312 1218.807861328125 209.03050231933594 
3 1889.423583984375 52.900917053222656 1972.662841796875 183.28466796875 
3 1509.451904296875 30.887481689453125 1598.6646728515625 203.45152282714844 
3 1451.8135986328125 0.3053245544433594 1482.823974609375 45.23316955566406 
3 1395.2825927734375 0.0 1416.623779296875 38.309593200683594 
236
3 50.632240295410156 268.66522216796875 271.9101867675781 518.0283203125 
3 1115.9716796875 25.226913452148438 1225.3385009765625 202.70736694335938 
3 1889.1290283203125 52.82386016845703 1972.8875732421875 183.5632781982422 
3 1452.0400390625 0.213134765625 1482.635986328125 45.82067108154297 
3 1395.2935791015625 0.0 1416.7373046875 38.31292724609375 
3 1507.6109619140625 33.978248596191406 1607.7578125 204.7406463623047 
3 1531.4581298828125 33.19983673095703 1607.0875244140625 160.6785125732422 
237
3 42.919097900390625 272.27191162109375 261.7071533203125 513.9804077148438 
3 1123.321533203125 25.154006958007812 1232.3077392578125 197.8356170654297 
3 1891.4261474609375 52.08562469482422 1972.873046875 184.78472900390625 
3 1450.824462890625 0.10193252563476562 1482.4344482421875 45.52693176269531 
3 1395.548095703125 0.0 1416.627685546875 38.52272033691406 
3 1507.0166015625 36.57452392578125 1613.32275390625 203.81617736816406 
3 1511.2802734375 35.70429992675781 1613.0576171875 203.521728515625 
3 1534.1021728515625 35.266357421875 1613.4757080078125 201.98562622070312 
238
3 37.24604797363281 273.61920166015625 248.32850646972656 517.109375 
3 1127.57177734375 26.3729248046875 1237.1512451171875 199.1173858642578 
3 1508.023193359375 35.987640380859375 1621.900634765625 202.7754364013672 
3 1890.56298828125 52.24653625488281 1971.866943359375 184.47528076171875 
3 1451.7445068359375 0.0471038818359375 1482.5078125 45.32984161376953 
3 1395.685302734375 0.0 1417.2744140625 38.426307678222656 
239
3 29.249359130859375 275.76678466796875 233.45706176757812 528.8843994140625 
3 1131.1802978515625 24.657676696777344 1241.16845703125 194.12489318847656 
3 1507.662353515625 37.16621398925781 1628.429443359375 206.4495849609375 
3 1889.715087890625 51.8193359375 1971.9736328125 182.5626220703125 
3 1451.451171875 0.0 1483.29052734375 45.571502685546875 
3 1395.5740966796875 0.0 1417.0867919921875 38.827545166015625 
3 1878.1402587890625 52.13841247558594 1968.07373046875 178.15313720703125 
240
3 1132.7486572265625 24.479026794433594 1245.017822265625 189.13204956054688 
3 22.53887939453125 277.974365234375 220.20849609375 517.3369750976562 
3 1899.9193115234375 52.20671081542969 1971.748779296875 184.04653930664062 
3 1451.5826416015625 0.0 1483.6396484375 45.19776153564453 
3 1507.52685546875 39.12158966064453 1633.123046875 206.843994140625 
3 1395.388916015625 0.0 1416.88427734375 38.95005798339844 
241
3 9.548507690429688 281.1441955566406 217.72222900390625 526.15234375 
3 1134.4658203125 24.56493377685547 1249.3551025390625 165.8941650390625 
3 1883.93212890625 51.98191833496094 1972.1944580078125 184.5477294921875 
3 1513.6495361328125 37.877418518066406 1645.21533203125 202.26463317871094 
3 1451.9189453125 0.0 1484.4512939453125 45.87481689453125 
3 1394.7335205078125 0.0 1418.095703125 38.65113067626953 
3 1553.892333984375 39.01750183105469 1643.642822265625 200.25360107421875 
242
3 3.4557571411132812 284.4411926269531 217.35629272460938 536.715576171875 
3 1879.4141845703125 51.803955078125 1971.592041015625 183.7044677734375 
3 1140.666748046875 23.5721435546875 1249.45947265625 165.9090118408203 
3 1451.1729736328125 0.14925384521484375 1484.1552734375 45.54896545410156 
3 1560.5849609375 38.891448974609375 1650.9990234375 203.3628692626953 
3 1515.752197265625 39.335418701171875 1651.8411865234375 209.66958618164062 
3 1394.7608642578125 0.0 1418.229248046875 38.489654541015625 
243
3 0.68731689453125 288.953369140625 217.17977905273438 542.99951171875 
3 1570.2225341796875 39.61956024169922 1654.24560546875 202.533447265625 
3 1878.1441650390625 51.34535217285156 1973.604248046875 183.41818237304688 
3 1450.0611572265625 0.0 1484.5281982421875 45.86665344238281 
3 1142.4520263671875 23.56100845336914 1251.3602294921875 169.50811767578125 
3 1394.766845703125 0.0 1418.3245849609375 38.309234619140625 
244
3 0.0909423828125 294.72869873046875 217.83108520507812 552.6990966796875 
3 1575.3818359375 37.57335662841797 1657.968505859375 207.1600341796875 
3 1878.1710205078125 50.727020263671875 1973.2730712890625 183.55499267578125 
3 1143.9176025390625 24.118309020996094 1254.1900634765625 178.69329833984375 
3 1449.6187744140625 0.06729507446289062 1484.98583984375 46.18693542480469 
3 1394.4249267578125 0.0 1418.5350341796875 38.69316101074219 
245
3 0.19464111328125 298.1788330078125 217.9034881591797 557.8358154296875 
3 1877.7581787109375 51.602508544921875 1975.2005615234375 182.7994384765625 
3 1557.35205078125 36.30445098876953 1662.8223876953125 210.92315673828125 
3 1148.1217041015625 24.314605712890625 1254.537109375 180.0302734375 
3 1452.2957763671875 0.0 1485.005615234375 45.83958435058594 
3 1394.6912841796875 0.0 1419.3927001953125 38.877769470214844 
246
3 0.15497589111328125 302.6611022949219 217.82687377929688 557.3394775390625 
3 1153.236572265625 24.685714721679688 1256.712646484375 168.92259216308594 
3 1876.1019287109375 50.77171325683594 1976.1658935546875 184.4354248046875 
3 1566.48779296875 35.158111572265625 1665.291259765625 212.30091857910156 
3 1452.774658203125 0.0 1485.3638916015625 44.571258544921875 
3 1394.8463134765625 0.0 1419.617431640625 39.175445556640625 
247
3 0.16603851318359375 305.1849365234375 215.81175231933594 573.7242431640625 
3 1155.0362548828125 25.285171508789062 1257.3831787109375 166.22552490234375 
3 1873.7821044921875 54.730377197265625 1982.012451171875 184.6583709716797 
3 1596.42578125 36.56726837158203 1670.7325439453125 209.9278564453125 
3 1453.1309814453125 0.0 1485.3673095703125 45.347007751464844 
3 1395.0877685546875 0.0 1421.8343505859375 39.396240234375 
248
3 0.27835845947265625 307.4686279296875 209.74822998046875 571.1094360351562 
3 1158.061279296875 23.889732360839844 1258.990234375 169.05322265625 
3 1872.2613525390625 55.018028259277344 1987.1378173828125 183.60238647460938 
3 1596.101318359375 34.958961486816406 1676.8458251953125 213.5110321044922 
3 1453.141845703125 0.0 1485.43212890625 46.83251190185547 
3 1394.8992919921875 0.004669189453125 1422.3565673828125 39.89081573486328 
3 1394.68603515625 0.0 1420.33447265625 39.33355712890625 
249
3 0.317230224609375 315.2420349121094 197.16921997070312 568.8707885742188 
3 1159.0018310546875 24.131973266601562 1260.7860107421875 165.8212127685547 
3 1604.763671875 34.499298095703125 1680.8077392578125 210.28915405273438 
3 1872.16455078125 55.04216003417969 1979.319091796875 182.2059326171875 
3 1453.403076171875 0.0 1485.53955078125 48.51979064941406 
3 1394.4022216796875 0.0 1420.5906982421875 39.95268249511719 
3 1394.6627197265625 0.0 1422.735107421875 40.64379119873047 
250
3 1164.7833251953125 23.52447509765625 1262.6171875 166.50308227539062 
3 0.259521484375 337.376220703125 181.07681274414062 563.8599243164062 
3 1871.08251953125 53.51366424560547 1965.8826904296875 181.00302124023438 
3 1453.609619140625 0.0 1485.59033203125 48.2237548828125 
3 1607.615234375 35.062522888183594 1687.9483642578125 202.10401916503906 
3 1394.37890625 0.0 1420.4913330078125 39.961456298828125 
3 1394.4925537109375 0.0 1422.7362060546875 40.587501525878906 
251
3 1165.952392578125 21.17626190185547 1264.4560546875 163.97525024414062 
3 0.5354690551757812 343.5447998046875 166.37789916992188 568.897705078125 
3 1607.28271484375 35.12848663330078 1692.523193359375 211.8553924560547 
3 1868.8575439453125 57.56874084472656 1966.2537841796875 181.82308959960938 
3 1453.8577880859375 0.0 1485.6329345703125 47.55979919433594 
3 1394.5133056640625 0.0 1423.33349609375 40.709510803222656 
3 1394.465087890625 0.0 1420.593017578125 40.01013946533203 
3 1608.635498046875 34.67073059082031 1722.1309814453125 211.7064666748047 
252
3 1167.9228515625 20.489906311035156 1264.7818603515625 164.71282958984375 
3 0.22686767578125 349.45709228515625 148.82537841796875 554.637939453125 
3 1613.5654296875 36.624717712402344 1704.4837646484375 209.08352661132812 
3 1867.414306640625 53.13179016113281 1954.0357666015625 182.35789489746094 
3 1453.8408203125 0.0 1485.248779296875 46.99208068847656 
3 1394.55712890625 0.0 1424.6429443359375 41.130638122558594 
253
3 1170.4603271484375 15.73272705078125 1268.99072265625 164.68128967285156 
3 1606.9642333984375 40.15875244140625 1710.7481689453125 212.31475830078125 
3 0.22869873046875 349.012939453125 134.88868713378906 553.0142822265625 
3 1867.510986328125 51.403282165527344 1952.7542724609375 183.30288696289062 
3 1453.6767578125 0.0 1485.278564453125 47.36695861816406 
3 1394.5758056640625 0.0 1424.33740234375 40.83097839355469 
254
3 1170.216064453125 16.655868530273438 1269.696533203125 165.91131591796875 
3 1626.936767578125 45.803504943847656 1714.0906982421875 206.97361755371094 
3 1868.135009765625 49.42268371582031 1949.5023193359375 184.84071350097656 
3 1454.240966796875 0.0 1485.2310791015625 47.67851257324219 
3 1394.5972900390625 0.0 1424.2164306640625 40.65464782714844 
3 0.54547119140625 356.7198486328125 131.6162109375 556.282958984375 
255
3 1173.200927734375 14.648223876953125 1272.9649658203125 166.3181915283203 
3 1867.7235107421875 49.03190612792969 1946.8165283203125 184.75454711914062 
3 0.0 357.814697265625 133.3491973876953 559.8882446289062 
3 1626.0439453125 48.445953369140625 1727.202880859375 207.4459686279297 
3 1453.8778076171875 0.0 1485.35986328125 48.370384216308594 
3 1394.7635498046875 0.0 1424.07373046875 40.81542205810547 
256
3 1174.0723876953125 14.152328491210938 1276.51904296875 166.6235809326172 
3 0.055614471435546875 364.2939147949219 136.33975219726562 575.26806640625 
3 1866.0987548828125 48.36474609375 1944.628173828125 184.22122192382812 
3 1628.9918212890625 51.877479553222656 1725.9798583984375 208.60824584960938 
3 1453.463623046875 0.0 1485.6700439453125 49.133056640625 
3 1394.9293212890625 0.0 1424.0936279296875 40.94914245605469 
257
3 1176.445556640625 14.598983764648438 1277.68994140625 165.8505859375 
3 0.10402679443359375 366.8924255371094 135.7413787841797 584.8548583984375 
3 1865.4361572265625 48.645904541015625 1943.33837890625 184.53604125976562 
3 1616.4266357421875 48.369781494140625 1731.412353515625 214.82955932617188 
3 1453.5831298828125 0.09517669677734375 1485.770751953125 49.03581237792969 
3 1394.9698486328125 0.0 1424.634033203125 40.84458923339844 
258
3 1178.38818359375 15.648052215576172 1280.954345703125 166.2335662841797 
3 1636.9246826171875 48.962860107421875 1736.20263671875 211.85147094726562 
3 1865.200927734375 49.72552490234375 1940.053466796875 184.78262329101562 
3 0.14586639404296875 367.79998779296875 136.96859741210938 605.1728515625 
3 1453.6507568359375 0.20972442626953125 1485.956298828125 49.30763244628906 
3 1395.09619140625 0.0 1425.0068359375 40.89927673339844 
259
3 1181.2216796875 13.07687759399414 1283.707275390625 165.9767303466797 
3 1645.107177734375 48.8438720703125 1742.34814453125 208.39053344726562 
3 1868.169677734375 50.61518859863281 1938.9346923828125 184.1998748779297 
3 0.13402938842773438 377.83056640625 136.14111328125 604.12890625 
3 1453.4659423828125 0.1659393310546875 1485.686767578125 49.387786865234375 
3 1395.640869140625 0.07456207275390625 1426.768798828125 41.11871337890625 
260
3 1183.7108154296875 13.962928771972656 1285.5404052734375 165.00881958007812 
3 1645.1644287109375 47.49169921875 1749.9888916015625 207.53973388671875 
3 1866.224609375 51.2744140625 1938.0731201171875 184.22801208496094 
3 0.10653305053710938 385.94598388671875 132.44790649414062 605.0849609375 
3 1452.26708984375 0.5404891967773438 1485.5947265625 49.35900115966797 
3 1396.5748291015625 0.36016082763671875 1426.8284912109375 41.10874938964844 
261
3 1187.3460693359375 15.050582885742188 1288.893310546875 165.41232299804688 
3 1858.0206298828125 51.11305236816406 1936.227294921875 176.46279907226562 
3 1681.6019287109375 48.20848083496094 1765.009033203125 208.13104248046875 
3 1451.40185546875 0.6327018737792969 1485.6021728515625 49.111785888671875 
3 1397.24951171875 0.949859619140625 1426.9024658203125 41.33416748046875 
262
3 1190.802978515625 15.552665710449219 1292.102294921875 165.91378784179688 
3 1858.1356201171875 49.966453552246094 1935.8277587890625 176.19529724121094 
3 1657.1395263671875 48.8387451171875 1766.620361328125 207.9300079345703 
263
3 1195.11279296875 16.580772399902344 1293.63525390625 165.16012573242188 
3 0.0582275390625 412.9267883300781 116.96408081054688 602.5427856445312 
3 1860.2330322265625 50.660003662109375 1934.444580078125 174.34999084472656 
3 1450.97265625 0.2017059326171875 1485.5701904296875 49.874732971191406 
3 1396.798095703125 0.7307815551757812 1425.6435546875 42.036659240722656 
3 1672.061767578125 45.924468994140625 1768.6810302734375 208.68234252929688 
3 1698.154541015625 47.63751220703125 1768.916259765625 206.32168579101562 
264
3 1198.474365234375 12.372360229492188 1294.7694091796875 165.06610107421875 
3 1679.9703369140625 46.11223602294922 1773.986572265625 206.51412963867188 
3 1449.521484375 0.00714874267578125 1485.777099609375 49.848854064941406 
3 1862.000244140625 49.984527587890625 1933.2777099609375 173.45359802246094 
3 1396.849853515625 0.9173736572265625 1425.884033203125 42.21037292480469 
265
3 1199.8074951171875 14.99029541015625 1294.4566650390625 164.20394897460938 
3 1448.62353515625 0.11832046508789062 1485.8411865234375 49.96214294433594 
3 0.4393577575683594 515.6447143554688 96.57907104492188 611.9191284179688 
3 1396.7457275390625 0.9724960327148438 1425.8834228515625 42.20337677001953 
3 1856.5657958984375 49.00275421142578 1936.3070068359375 174.80160522460938 
266
3 1202.7333984375 14.548614501953125 1294.0386962890625 162.28224182128906 
3 1449.166015625 0.24747467041015625 1486.0584716796875 49.99464416503906 
3 1396.1727294921875 1.0439987182617188 1425.924072265625 42.041748046875 
3 1857.2261962890625 47.920753479003906 1933.60546875 173.1925811767578 
3 0.16196250915527344 526.5282592773438 76.4454116821289 617.3856201171875 
267
3 1203.339599609375 11.892074584960938 1293.0819091796875 163.2437744140625 
3 1450.4208984375 0.0 1486.1046142578125 51.2178955078125 
3 1395.213623046875 0.5897674560546875 1426.445556640625 42.597145080566406 
3 1857.701904296875 47.93168640136719 1934.467041015625 172.71258544921875 
3 0.23515701293945312 534.5612182617188 58.50163269042969 597.7335205078125 
268
3 1205.7398681640625 9.416481018066406 1292.6768798828125 162.1226043701172 
3 1451.558837890625 0.0 1486.052734375 51.210121154785156 
3 1395.222900390625 0.640655517578125 1425.504150390625 42.77912902832031 
3 1702.2332763671875 40.448768615722656 1797.5006103515625 212.904541015625 
3 1857.4808349609375 49.405494689941406 1934.7171630859375 173.01222229003906 
269
3 1207.146728515625 8.35723876953125 1291.111572265625 162.52745056152344 
3 1707.5687255859375 39.75822448730469 1803.962158203125 215.35110473632812 
3 1453.7735595703125 0.0 1485.66748046875 51.19352722167969 
3 1395.4124755859375 0.499847412109375 1424.73046875 41.799644470214844 
3 1855.91455078125 48.34675598144531 1937.1234130859375 174.1007080078125 
270
3 1208.186767578125 8.23779296875 1289.4737548828125 159.73196411132812 
3 1710.8682861328125 42.576255798339844 1815.943359375 213.90870666503906 
3 1453.545654296875 0.03128814697265625 1485.75390625 51.176727294921875 
3 1394.6673583984375 0.5233154296875 1424.8660888671875 41.83122253417969 
3 1855.336181640625 48.45844268798828 1921.677490234375 173.7740020751953 
271
3 1211.304443359375 8.984962463378906 1288.76513671875 161.41429138183594 
3 1453.78515625 0.2637290954589844 1485.86669921875 50.56187438964844 
3 1394.1138916015625 0.3845100402832031 1425.2579345703125 42.37083435058594 
3 1854.0938720703125 50.90141296386719 1916.6580810546875 174.7554931640625 
3 1712.497314453125 20.395614624023438 1881.575927734375 206.53054809570312 
3 1712.27197265625 46.20338439941406 1818.8526611328125 210.84085083007812 
272
3 1211.81787109375 9.804244995117188 1288.82373046875 160.03826904296875 
3 1453.8155517578125 0.15120697021484375 1486.3602294921875 50.39903259277344 
3 1393.644775390625 0.2811927795410156 1425.41162109375 42.8485107421875 
3 1712.9263916015625 18.707427978515625 1882.055419921875 206.25514221191406 
3 1853.6627197265625 51.129791259765625 1913.38525390625 173.63868713378906 
273
3 1213.1787109375 9.315078735351562 1288.6614990234375 162.58474731445312 
3 1713.4473876953125 53.041595458984375 1824.9927978515625 209.88108825683594 
3 1453.206787109375 0.0 1486.9691162109375 50.58717346191406 
3 1850.1556396484375 48.76246643066406 1909.67724609375 173.62396240234375 
3 1393.612548828125 0.12718963623046875 1425.49365234375 43.23711395263672 
274
3 1214.5009765625 10.22998046875 1289.1741943359375 164.30117797851562 
3 1713.4510498046875 17.213211059570312 1879.318115234375 210.28952026367188 
3 1453.5120849609375 0.0 1487.23046875 50.068321228027344 
3 1393.43359375 0.0 1425.39404296875 43.05987548828125 
3 1847.2684326171875 49.36338806152344 1909.0821533203125 174.3553466796875 
275
3 1215.1773681640625 10.54339599609375 1289.741943359375 160.57179260253906 
3 1453.74658203125 0.0 1486.934814453125 50.98963928222656 
3 1393.8460693359375 0.0 1425.1181640625 43.76349639892578 
3 1711.7421875 15.752914428710938 1879.7803955078125 207.58212280273438 
276
3 1215.9622802734375 10.232170104980469 1290.5218505859375 160.97305297851562 
3 1394.2010498046875 0.0 1424.7127685546875 44.14915466308594 
3 1454.9747314453125 0.323944091796875 1486.908203125 51.444061279296875 
3 1843.6575927734375 48.473907470703125 1905.1868896484375 173.53567504882812 
3 1457.91357421875 1.2420883178710938 1488.0948486328125 51.753875732421875 
3 1715.550048828125 56.54090881347656 1849.08740234375 210.41319274902344 
277
3 1217.445556640625 8.822654724121094 1290.980712890625 158.37274169921875 
3 1394.90478515625 0.0 1424.15234375 44.192718505859375 
3 1842.968994140625 50.00248718261719 1903.632568359375 173.2249755859375 
3 1458.1787109375 0.9908523559570312 1489.197265625 52.09089660644531 
3 1718.578369140625 56.730384826660156 1855.2442626953125 207.02281188964844 
278
3 1218.436767578125 8.559288024902344 1292.640625 153.08641052246094 
3 1394.224609375 0.0 1424.713134765625 44.27923583984375 
3 1457.462646484375 0.3849525451660156 1492.1676025390625 52.65184020996094 
3 1828.649169921875 51.46214294433594 1902.43017578125 177.43893432617188 
3 1753.3197021484375 58.01781463623047 1860.368896484375 174.23605346679688 
279
3 1217.7176513671875 7.418693542480469 1292.6715087890625 145.3281707763672 
3 1393.714599609375 0.0 1425.392578125 44.46690368652344 
3 1835.845703125 49.74363708496094 1901.383544921875 177.90884399414062 
3 1457.7457275390625 0.7155075073242188 1490.523681640625 53.04856872558594 
3 1752.2349853515625 55.3509521484375 1872.0400390625 174.17578125 
3 1452.76220703125 0.2907562255859375 1487.0765380859375 51.07282257080078 
3 1753.0484619140625 50.55633544921875 1901.302001953125 175.95574951171875 
280
3 1216.8302001953125 6.0017547607421875 1293.6488037109375 141.8365478515625 
3 1762.4013671875 47.29839324951172 1901.6439208984375 173.84085083007812 
3 1393.378173828125 0.0 1426.261962890625 44.60546875 
3 1458.2381591796875 0.7775802612304688 1490.404541015625 52.71588134765625 
3 1453.2222900390625 0.20203781127929688 1485.8465576171875 50.001922607421875 
281
3 1216.42431640625 3.7850418090820312 1296.81005859375 142.31768798828125 
3 1393.1832275390625 0.0 1425.919677734375 44.57373809814453 
3 1458.419921875 1.4087562561035156 1489.853515625 52.74596405029297 
3 1453.3170166015625 0.44775390625 1488.3592529296875 51.28746032714844 
282
3 1217.3521728515625 2.5262908935546875 1297.455810546875 136.9432373046875 
3 1453.1654052734375 0.43372344970703125 1488.5478515625 51.78230285644531 
3 1391.3018798828125 0.0 1423.6697998046875 44.60821533203125 
3 1795.0455322265625 46.92840576171875 1900.740234375 173.41259765625 
3 1457.7926025390625 1.2526473999023438 1489.9124755859375 52.835792541503906 
3 1392.80029296875 0.0 1425.632568359375 44.923980712890625 
283
3 1216.616943359375 1.5822525024414062 1300.5845947265625 135.41810607910156 
3 1390.9669189453125 0.0 1423.462158203125 44.54158020019531 
3 1781.068115234375 50.71416473388672 1900.367919921875 175.4244842529297 
3 1453.1363525390625 0.21307373046875 1488.0745849609375 51.72290802001953 
3 1457.865478515625 1.0746078491210938 1489.836181640625 52.830474853515625 
284
3 1216.629150390625 1.5449066162109375 1304.707763671875 135.14132690429688 
3 1390.77294921875 0.0 1422.89599609375 44.47174835205078 
3 1453.348388671875 0.12555694580078125 1487.779296875 51.19758605957031 
3 1457.7310791015625 0.8196144104003906 1490.0159912109375 52.35054016113281 
3 1797.91015625 48.847137451171875 1900.233642578125 223.41400146484375 
285
3 1216.5269775390625 1.4013290405273438 1307.4564208984375 136.45501708984375 
3 1390.659423828125 0.0 1421.9188232421875 44.46893310546875 
3 1453.40234375 0.0 1488.792724609375 51.73490905761719 
3 1806.6015625 49.88233184814453 1900.719970703125 175.70855712890625 
286
3 1216.921875 1.3243408203125 1310.3687744140625 135.41014099121094 
3 1390.8148193359375 0.0 1420.1171875 44.22600555419922 
3 1453.3494873046875 0.0 1488.72509765625 52.098480224609375 
3 1821.2332763671875 48.29438781738281 1900.305908203125 174.08193969726562 
287
3 1219.209716796875 1.3385391235351562 1314.236572265625 132.46218872070312 
3 1390.906982421875 0.0 1419.2886962890625 45.09666442871094 
3 1452.8499755859375 0.0 1488.8099365234375 53.39616394042969 
288
3 1220.578857421875 1.017578125 1317.14404296875 128.68771362304688 
3 1391.0191650390625 0.0 1419.5830078125 45.25148010253906 
3 1452.9732666015625 0.0 1488.993896484375 52.971397399902344 
3 1799.1339111328125 47.62480926513672 1901.8658447265625 217.55760192871094 
289
3 1221.6402587890625 1.4815673828125 1318.978759765625 130.07582092285156 
3 1391.2491455078125 0.0 1419.3258056640625 45.07246398925781 
3 1452.8043212890625 0.0 1489.409912109375 52.894012451171875 
290
3 1223.313720703125 1.659423828125 1320.3836669921875 128.8101806640625 
3 1390.7584228515625 0.0 1421.1251220703125 45.89259338378906 
3 1453.2550048828125 0.0 1488.8753662109375 53.340789794921875 
3 1802.354248046875 52.77684020996094 1901.5201416015625 222.3109130859375 
3 1455.8995361328125 0.09500885009765625 1490.747802734375 53.30126190185547 
291
3 1227.41455078125 0.813232421875 1321.0423583984375 129.18707275390625 
3 1452.9464111328125 0.0 1486.9716796875 53.655792236328125 
3 1390.0009765625 0.0 1421.049560546875 46.20771789550781 
3 1807.109375 51.20207214355469 1903.609130859375 219.36769104003906 
292
3 1229.320556640625 1.2700042724609375 1321.9852294921875 130.60153198242188 
3 1451.3648681640625 0.0 1486.9432373046875 53.737152099609375 
3 1388.625244140625 0.0 1420.8189697265625 45.89741516113281 
293
3 1231.541015625 1.8657684326171875 1321.835693359375 127.94180297851562 
3 1451.57568359375 0.0 1487.256591796875 54.407257080078125 
3 1390.2972412109375 0.0 1420.141845703125 46.14701843261719 
294
3 1232.518310546875 0.33223724365234375 1319.293701171875 126.44142150878906 
3 1450.064697265625 0.0 1487.6005859375 54.93125915527344 
3 1390.6484375 0.0 1419.79296875 46.01499938964844 
3 1809.65283203125 50.3895263671875 1909.529296875 216.1751251220703 
295
3 1232.1773681640625 0.0 1317.6021728515625 129.29864501953125 
3 1447.7933349609375 0.0 1488.059326171875 54.82939147949219 
3 1390.813720703125 0.0 1419.386474609375 45.59521484375 
3 1810.510498046875 52.1009521484375 1913.7783203125 218.3646240234375 
296
3 1232.512451171875 0.0 1316.9666748046875 128.50071716308594 
3 1448.1983642578125 0.0 1487.4422607421875 54.46415710449219 
3 1812.0189208984375 51.48933410644531 1910.5440673828125 218.0153350830078 
3 1391.2506103515625 0.0 1418.622314453125 45.14433288574219 
297
3 1233.8265380859375 0.0 1314.575927734375 128.39698791503906 
3 1449.0086669921875 0.0696258544921875 1487.231201171875 54.79823303222656 
3 1391.0777587890625 0.0 1419.4954833984375 45.26629638671875 
3 1814.5819091796875 49.83185577392578 1913.465576171875 215.42091369628906 
298
3 1235.4569091796875 0.0 1313.3433837890625 123.93685913085938 
3 1448.530517578125 0.0 1487.13525390625 54.96809387207031 
3 1391.0479736328125 0.0 1420.1961669921875 45.476348876953125 
3 1816.5302734375 45.27763366699219 1897.42431640625 215.19296264648438 
299
3 1236.1884765625 0.0 1313.0992431640625 123.26815795898438 
3 1448.994873046875 0.031826019287109375 1486.6292724609375 54.710693359375 
3 1390.8316650390625 0.0 1420.767578125 45.54393005371094 
3 1822.90234375 45.907203674316406 1899.3526611328125 217.2292022705078 
300
3 1235.9190673828125 0.0 1313.041748046875 121.21087646484375 
3 1450.5894775390625 0.0 1486.43359375 54.25349426269531 
3 1390.7354736328125 0.0 1421.6868896484375 46.062530517578125 
3 1826.7333984375 44.45307922363281 1899.82470703125 220.21649169921875 
301
3 1236.3985595703125 0.0 1313.5762939453125 121.53176879882812 
3 1451.0010986328125 0.0 1486.52880859375 55.34974670410156 
3 1390.75341796875 0.0 1421.281494140625 46.06488800048828 
3 1830.97998046875 44.25236511230469 1902.6396484375 220.93756103515625 
302
3 1237.553466796875 0.0 1313.263916015625 120.34471130371094 
3 1450.4327392578125 0.0 1486.7421875 56.509246826171875 
3 1390.447998046875 0.0 1421.3553466796875 46.224754333496094 
3 1834.352783203125 44.2178955078125 1913.06396484375 222.8365478515625 
303
3 1239.267822265625 0.0 1313.1849365234375 118.75523376464844 
3 1449.623779296875 0.0 1486.3780517578125 56.030174255371094 
3 1390.061767578125 0.0 1422.4195556640625 46.41236114501953 
3 1837.0484619140625 43.86585998535156 1911.876220703125 223.34759521484375 
304
3 1240.06591796875 0.0 1312.327880859375 117.14126586914062 
3 1450.5849609375 0.0 1486.3426513671875 55.79265594482422 
3 1838.7449951171875 42.94593811035156 1910.144775390625 224.46807861328125 
3 1390.2593994140625 0.0 1422.2061767578125 46.13038635253906 
305
3 1240.4464111328125 0.0 1311.566650390625 118.44503784179688 
3 1389.7861328125 0.0 1421.037841796875 46.13562774658203 
3 1450.4698486328125 0.0 1486.409912109375 55.79875183105469 
3 1840.883544921875 43.443458557128906 1909.037841796875 216.60922241210938 
306
3 1240.9520263671875 0.0 1311.7010498046875 117.91412353515625 
3 1840.614501953125 42.885292053222656 1918.9901123046875 230.1787109375 
3 1388.283935546875 0.0 1422.5965576171875 46.30235290527344 
3 1449.1768798828125 0.08739471435546875 1486.762451171875 56.33318328857422 
307
3 1240.4559326171875 0.0 1312.7781982421875 115.51800537109375 
3 1840.833251953125 43.53923034667969 1917.4261474609375 229.3883056640625 
3 1387.871826171875 0.0 1422.68798828125 46.58417510986328 
3 1450.252685546875 0.0 1487.1409912109375 57.888267517089844 
308
3 1240.252685546875 0.0 1313.32470703125 114.01396179199219 
3 1840.8873291015625 48.8779296875 1915.625732421875 227.83685302734375 
3 1452.951416015625 0.0 1486.654052734375 58.042930603027344 
3 1387.5712890625 0.0 1422.15283203125 47.149627685546875 
309
3 1240.5211181640625 0.0 1313.1705322265625 115.34077453613281 
3 1840.6075439453125 50.46617126464844 1914.3604736328125 230.82275390625 
3 1387.6136474609375 0.0 1421.96826171875 48.60844421386719 
3 1452.30078125 0.0 1486.822265625 57.86314392089844 
310
3 1240.115966796875 0.0 1312.647705078125 115.70748901367188 
3 1388.0716552734375 0.0 1421.9296875 49.24346160888672 
3 1840.39208984375 46.537940979003906 1912.740234375 231.173828125 
311
3 1241.1484375 0.0 1313.2882080078125 112.99642944335938 
3 1837.8818359375 46.08587646484375 1916.8489990234375 230.17276000976562 
3 1388.1309814453125 0.0 1422.427734375 49.38592529296875 
3 1449.8411865234375 0.0 1488.2269287109375 57.718544006347656 
312
3 1241.4090576171875 0.0 1316.4859619140625 115.49365234375 
3 1388.7257080078125 0.0 1422.7080078125 49.40276336669922 
3 1837.1314697265625 45.69706726074219 1913.934814453125 221.87966918945312 
3 1449.8231201171875 0.0 1488.2158203125 57.55174255371094 
313
3 1241.300048828125 0.0 1317.7635498046875 111.76634216308594 
3 1834.9149169921875 45.85700988769531 1915.613037109375 226.32135009765625 
3 1389.748291015625 0.0 1422.7578125 50.41014099121094 
3 1449.7635498046875 0.0 1488.2138671875 57.14038848876953 
314
3 1240.983154296875 0.0 1319.7794189453125 114.3807373046875 
3 1833.694580078125 47.10369110107422 1911.4097900390625 222.41546630859375 
3 1391.023681640625 0.0 1422.9307861328125 50.021568298339844 
3 1450.6026611328125 0.0 1488.840576171875 56.877166748046875 
315
3 1241.76123046875 0.0 1320.8009033203125 113.01963806152344 
3 1832.60205078125 51.05622863769531 1908.88720703125 218.52743530273438 
3 1391.1126708984375 0.0 1423.474609375 50.130828857421875 
3 1450.34814453125 0.0 1490.390625 56.549285888671875 
316
3 1243.8572998046875 0.0 1322.9837646484375 111.51612854003906 
3 1832.181640625 53.059471130371094 1906.2275390625 214.90003967285156 
3 1452.6796875 0.0 1493.1298828125 56.549041748046875 
3 1390.98828125 0.0 1423.4925537109375 50.366722106933594 
317
3 1243.9052734375 0.0 1324.60791015625 112.02764892578125 
3 1827.8653564453125 52.836280822753906 1906.671142578125 220.0699462890625 
3 1451.441650390625 0.0 1493.7509765625 56.81025695800781 
3 1391.015869140625 0.0 1423.2098388671875 50.844871520996094 
318
3 1244.612060546875 0.0 1326.4527587890625 111.5673828125 
3 1819.427978515625 50.79502868652344 1908.4627685546875 228.80270385742188 
3 1452.2906494140625 0.0 1493.3369140625 56.696624755859375 
3 1390.599853515625 0.0 1422.9320068359375 50.94263458251953 
319
3 1246.8089599609375 0.0 1327.669189453125 110.54609680175781 
3 1818.555908203125 51.05213928222656 1909.5693359375 234.11126708984375 
3 1390.22216796875 0.0 1422.7177734375 51.13905334472656 
3 1452.40087890625 0.0 1493.710693359375 58.07887268066406 
320
3 1247.55029296875 0.0 1328.53125 110.54534912109375 
3 1822.3651123046875 50.37062072753906 1911.7091064453125 230.66143798828125 
3 1389.95361328125 0.0 1422.63427734375 51.47224426269531 
3 1452.7811279296875 0.01080322265625 1493.9058837890625 58.94062805175781 
321
3 1249.151611328125 0.0 1328.5262451171875 109.02029418945312 
3 1817.8211669921875 51.131317138671875 1912.7794189453125 237.65872192382812 
3 1390.040283203125 0.0 1421.8194580078125 51.14863586425781 
3 1452.9862060546875 0.0 1494.4937744140625 59.58928680419922 
322
3 1250.427734375 0.0 1328.412841796875 106.86729431152344 
3 1389.6859130859375 0.0 1421.9830322265625 51.128273010253906 
3 1452.7916259765625 0.0 1494.906982421875 59.722740173339844 
3 1810.229248046875 50.993736267089844 1912.0537109375 237.91534423828125 
323
3 1250.734375 0.0 1327.7159423828125 104.87759399414062 
3 1389.4521484375 0.0 1421.276611328125 51.548614501953125 
3 1452.1279296875 0.015533447265625 1494.83251953125 59.84416961669922 
3 1812.7786865234375 51.27278137207031 1911.6971435546875 238.7244873046875 
324
3 1251.8682861328125 0.03389739990234375 1327.6783447265625 102.80853271484375 
3 1389.445556640625 0.0 1421.3173828125 51.858612060546875 
3 1799.04736328125 52.49674987792969 1906.45947265625 237.13262939453125 
3 1452.5023193359375 0.0 1494.9169921875 59.73890686035156 
325
3 1254.0511474609375 0.0 1327.845947265625 104.12661743164062 
3 1389.3795166015625 0.0 1421.3326416015625 51.75311279296875 
3 1797.626708984375 52.49192810058594 1898.9532470703125 232.3480224609375 
3 1453.545166015625 0.16513442993164062 1493.6185302734375 60.26994323730469 
326
3 1255.122802734375 0.0 1326.9522705078125 104.81880187988281 
3 1795.6942138671875 52.18907165527344 1891.7119140625 233.3717041015625 
3 1389.468505859375 0.0 1422.206298828125 52.06847381591797 
3 1452.8905029296875 0.0 1495.374267578125 58.700340270996094 
327
3 1255.622802734375 0.0 1327.1551513671875 104.01814270019531 
3 1797.1259765625 52.61692810058594 1891.451171875 237.45013427734375 
3 1389.2601318359375 0.0 1421.92822265625 52.181640625 
3 1451.6566162109375 0.0 1495.6029052734375 58.152618408203125 
3 1862.070556640625 49.685638427734375 1917.781982421875 143.76345825195312 
328
3 1256.9521484375 0.0 1326.628662109375 102.96159362792969 
3 1388.93212890625 0.0 1423.1600341796875 52.15180206298828 
3 1793.45068359375 51.75709533691406 1891.5452880859375 234.919677734375 
3 1450.5604248046875 0.0 1495.2183837890625 57.75791931152344 
3 1860.0445556640625 49.412933349609375 1920.5516357421875 151.10382080078125 
329
3 1258.947021484375 0.0 1326.5556640625 103.17449951171875 
3 1388.8629150390625 0.0 1422.634765625 51.95720672607422 
3 1754.5283203125 52.05413818359375 1888.408935546875 234.39749145507812 
3 1449.232666015625 0.1662139892578125 1490.46533203125 57.718406677246094 
3 1450.4471435546875 0.0 1494.73095703125 57.59765625 
3 1857.8492431640625 49.267120361328125 1920.146484375 148.38699340820312 
330
3 1258.4718017578125 0.0 1326.6141357421875 101.8795166015625 
3 1388.7149658203125 0.0 1422.8677978515625 52.01837158203125 
3 1791.3651123046875 50.926910400390625 1884.9931640625 238.23016357421875 
3 1449.0465087890625 0.27762603759765625 1490.2213134765625 58.175636291503906 
3 1858.969482421875 49.381683349609375 1919.9027099609375 155.241455078125 
331
3 1258.9609375 0.0 1326.801025390625 102.42379760742188 
3 1789.6259765625 55.20123291015625 1878.6961669921875 237.390380859375 
3 1389.01416015625 0.0 1423.1700439453125 52.20909881591797 
3 1859.89697265625 49.4881591796875 1923.7584228515625 170.41061401367188 
3 1448.3736572265625 0.4268035888671875 1490.3409423828125 58.17552185058594 
332
3 1258.3271484375 0.0 1326.94140625 103.01948547363281 
3 1787.2296142578125 53.98419189453125 1873.5606689453125 236.96603393554688 
3 1389.2991943359375 0.0 1423.8961181640625 52.27973175048828 
3 1448.8577880859375 0.3357582092285156 1490.004150390625 58.059730529785156 
3 1860.458740234375 49.20539093017578 1924.590576171875 174.08624267578125 
333
3 1259.2509765625 0.0 1326.88330078125 103.16159057617188 
3 1786.286376953125 55.28526306152344 1868.36572265625 236.48880004882812 
3 1389.5294189453125 0.0 1424.2056884765625 52.383689880371094 
3 1859.7216796875 48.66249084472656 1926.3492431640625 174.33413696289062 
3 1449.169189453125 0.1455535888671875 1489.9564208984375 58.194725036621094 
334
3 1261.3466796875 0.0 1326.6396484375 103.05464172363281 
3 1389.678955078125 0.0 1424.5794677734375 52.780731201171875 
3 1857.351806640625 48.82579803466797 1927.462890625 174.30723571777344 
3 1784.4398193359375 54.03443908691406 1865.9010009765625 236.90411376953125 
3 1448.9969482421875 0.045581817626953125 1490.930419921875 58.52349853515625 
335
3 1262.60205078125 0.0 1327.0401611328125 101.31181335449219 
3 1853.6717529296875 48.989280700683594 1927.9322509765625 175.66818237304688 
3 1781.74169921875 53.32417297363281 1857.4893798828125 237.14016723632812 
3 1389.71533203125 0.0 1424.677734375 52.90882873535156 
336
3 1263.1644287109375 0.0 1328.1485595703125 99.71728515625 
3 1450.631591796875 0.3317832946777344 1489.450927734375 58.08988952636719 
3 1389.9154052734375 0.0 1423.8905029296875 52.65772247314453 
3 1852.3839111328125 49.03102111816406 1928.9722900390625 176.6046142578125 
3 1779.443359375 52.52183532714844 1855.4488525390625 176.36631774902344 
337
3 1263.719482421875 0.0 1328.603271484375 97.26777648925781 
3 1450.6141357421875 0.4263572692871094 1489.598388671875 60.296348571777344 
3 1849.7711181640625 49.39442443847656 1928.9625244140625 177.24728393554688 
3 1390.4390869140625 0.0 1424.0665283203125 52.418312072753906 
3 1776.0771484375 51.523902893066406 1850.6689453125 176.92147827148438 
3 1391.7913818359375 0.0 1426.1820068359375 52.69917297363281 
338
3 1263.5888671875 0.0 1328.9224853515625 96.38137817382812 
3 1450.0262451171875 0.349639892578125 1489.96337890625 62.44120788574219 
3 1391.967041015625 0.0 1426.8621826171875 52.814247131347656 
3 1852.1826171875 49.35943603515625 1929.3165283203125 177.52243041992188 
339
3 1263.513916015625 0.0 1329.9979248046875 95.17839050292969 
3 1449.495849609375 0.1031951904296875 1490.0223388671875 63.88383483886719 
3 1391.5909423828125 0.0 1428.3018798828125 52.95201873779297 
3 1761.47021484375 51.33538818359375 1842.03515625 227.31201171875 
3 1852.5185546875 49.42655944824219 1929.3358154296875 177.0530242919922 
340
3 1264.724853515625 0.0 1332.988525390625 95.67535400390625 
3 1449.1346435546875 0.0 1490.5126953125 63.55945587158203 
3 1844.6275634765625 49.78905487060547 1929.5723876953125 176.81443786621094 
3 1391.5802001953125 0.0 1429.3629150390625 53.13018798828125 
3 1754.58154296875 53.10710906982422 1836.814208984375 225.8927001953125 
341
3 1265.3326416015625 0.2575531005859375 1334.3017578125 94.33714294433594 
3 1449.01416015625 0.0 1490.2471923828125 64.33821868896484 
3 1841.625 49.70220947265625 1931.596435546875 177.07357788085938 
3 1745.6658935546875 54.42535400390625 1828.5159912109375 222.95254516601562 
3 1391.958984375 0.0 1429.4517822265625 53.38885498046875 
342
3 1265.800537109375 0.23058319091796875 1337.488037109375 95.63734436035156 
3 1449.0511474609375 0.0 1489.4498291015625 63.99273681640625 
3 1392.442626953125 0.0 1430.5653076171875 53.41740417480469 
3 1844.370849609375 49.4051513671875 1932.141357421875 176.73947143554688 
3 1735.0523681640625 53.61656188964844 1826.2593994140625 230.71807861328125 
343
3 1265.17236328125 0.11006927490234375 1338.39306640625 94.79136657714844 
3 1449.8931884765625 0.09663772583007812 1489.338134765625 63.657081604003906 
3 1392.72119140625 0.0 1431.7298583984375 53.28877258300781 
3 1723.4921875 53.14671325683594 1819.24267578125 233.95840454101562 
3 1851.718505859375 49.86857604980469 1933.303466796875 176.904296875 
344
3 1265.5714111328125 0.0 1341.02001953125 92.90609741210938 
3 1449.853271484375 0.4229698181152344 1489.0101318359375 64.0835189819336 
3 1712.766845703125 52.982086181640625 1810.21630859375 238.552734375 
3 1392.9974365234375 0.0 1432.1160888671875 53.698707580566406 
3 1849.51904296875 50.315391540527344 1933.8895263671875 177.5494384765625 
3 1848.0887451171875 49.43302917480469 1934.5487060546875 177.31735229492188 
345
3 1267.6204833984375 0.0531005859375 1341.1873779296875 92.81938171386719 
3 1690.4820556640625 53.67146301269531 1807.2630615234375 233.78729248046875 
3 1392.9583740234375 0.0 1431.14404296875 53.77738952636719 
3 1450.3775634765625 0.16384124755859375 1489.2386474609375 61.03668212890625 
3 1849.7977294921875 49.43475341796875 1934.566650390625 177.12847900390625 
346
3 1269.1671142578125 0.116424560546875 1340.565185546875 92.20249938964844 
3 1688.4412841796875 54.05828857421875 1801.222412109375 235.68502807617188 
3 1393.560302734375 0.0 1428.59423828125 54.023162841796875 
3 1848.4140625 49.67109680175781 1933.642578125 177.2310791015625 
3 1451.927978515625 0.19945907592773438 1489.49755859375 61.68389892578125 
347
3 1270.7161865234375 0.09628677368164062 1343.0399169921875 93.81414794921875 
3 1394.3636474609375 0.0 1429.2640380859375 54.02159881591797 
3 1695.31640625 53.38555908203125 1788.439208984375 230.9779052734375 
3 1453.2711181640625 0.6166458129882812 1492.4515380859375 62.088470458984375 
3 1853.12158203125 48.80743408203125 1934.3125 177.36825561523438 
348
3 1272.136474609375 0.0 1343.98291015625 93.58358764648438 
3 1853.65966796875 49.20891571044922 1933.3404541015625 176.76727294921875 
3 1452.25146484375 0.042881011962890625 1494.976806640625 61.67149353027344 
3 1396.44970703125 0.0 1431.0699462890625 53.68707275390625 
3 1699.16845703125 53.80242919921875 1778.9429931640625 227.99462890625 
349
3 1273.9180908203125 0.0 1344.2288818359375 92.95327758789062 
3 1451.759521484375 0.16497802734375 1494.6181640625 62.850860595703125 
3 1396.9075927734375 0.0 1431.8438720703125 55.316490173339844 
3 1855.2183837890625 48.538818359375 1934.790283203125 177.14060974121094 
3 1704.311279296875 52.649314880371094 1770.853759765625 230.09750366210938 
3 1706.4935302734375 53.11030578613281 1770.9351806640625 169.3617401123047 
350
3 1275.3048095703125 0.0 1340.8125 92.11651611328125 
3 1451.316650390625 0.231842041015625 1494.35400390625 63.185028076171875 
3 1397.8533935546875 0.0 1431.20556640625 55.260528564453125 
3 1701.395263671875 49.6785888671875 1767.230712890625 228.45416259765625 
3 1857.5802001953125 48.61585235595703 1934.9593505859375 177.3729248046875 
3 1857.3687744140625 48.23524475097656 1935.3975830078125 177.09042358398438 
351
3 1276.60888671875 0.0 1345.26708984375 90.17585754394531 
3 1857.1876220703125 48.930686950683594 1935.2452392578125 177.0780029296875 
3 1451.3865966796875 0.3923912048339844 1493.029296875 63.39356231689453 
3 1698.0203857421875 47.287086486816406 1759.7906494140625 227.426513671875 
3 1397.9302978515625 0.0 1430.5421142578125 57.53070831298828 
352
3 1279.4501953125 0.0 1345.96826171875 87.75167846679688 
3 1398.0587158203125 0.0 1430.79736328125 58.228912353515625 
3 1857.352294921875 49.308616638183594 1935.330810546875 176.84744262695312 
3 1451.196533203125 0.3991546630859375 1492.61572265625 64.17500305175781 
3 1692.44677734375 44.75227355957031 1753.364990234375 225.76336669921875 
353
3 1279.665283203125 0.0 1346.271484375 89.66998291015625 
3 1398.2298583984375 0.0 1431.9830322265625 58.92939758300781 
3 1855.1512451171875 49.06834411621094 1936.11328125 177.18789672851562 
3 1451.8154296875 0.5808296203613281 1492.2266845703125 64.27059936523438 
3 1686.544677734375 41.76292419433594 1745.5777587890625 227.07196044921875 
3 1687.90087890625 42.67144775390625 1745.597412109375 162.77499389648438 
354
3 1280.45703125 0.0 1346.830322265625 89.56917572021484 
3 1452.41259765625 0.6800155639648438 1492.640869140625 64.08950805664062 
3 1853.3109130859375 49.12471008300781 1935.9532470703125 176.46737670898438 
3 1398.7843017578125 0.0 1433.5130615234375 58.66737365722656 
3 1681.1834716796875 42.32014465332031 1741.1444091796875 170.2763671875 
3 1679.1390380859375 42.57929992675781 1740.5252685546875 223.87908935546875 
355
3 1280.2086181640625 0.0 1346.009521484375 87.07715606689453 
3 1453.0540771484375 0.8768844604492188 1492.2178955078125 65.76459503173828 
3 1851.47119140625 49.68049621582031 1935.9710693359375 177.27053833007812 
3 1632.1910400390625 41.84129333496094 1734.958984375 231.78875732421875 
356
3 1280.535400390625 0.0 1345.3614501953125 87.4993896484375 
3 1625.9569091796875 41.758453369140625 1727.6773681640625 227.85153198242188 
3 1854.44140625 48.88807678222656 1936.026123046875 178.55715942382812 
3 1453.5858154296875 0.9979095458984375 1492.439208984375 65.78303527832031 
3 1398.392822265625 0.0 1433.951416015625 58.77189636230469 
357
3 1282.4747314453125 0.0 1344.67041015625 86.94894409179688 
3 1854.0179443359375 47.750244140625 1936.53955078125 178.76126098632812 
3 1453.599365234375 1.0671310424804688 1493.4967041015625 65.75128936767578 
3 1645.2337646484375 42.401519775390625 1721.7408447265625 223.23785400390625 
3 1398.85498046875 0.0 1433.77880859375 58.6956787109375 
358
3 1283.9373779296875 0.0 1344.7708740234375 87.05682373046875 
3 1604.791015625 44.44255065917969 1713.291748046875 227.63006591796875 
3 1853.2841796875 48.33380126953125 1937.151123046875 175.9468536376953 
3 1454.25390625 1.100494384765625 1493.3858642578125 67.17778015136719 
3 1398.8245849609375 0.0 1434.6488037109375 59.03401184082031 
359
3 1285.02099609375 0.0 1343.81640625 87.03535461425781 
3 1855.343994140625 49.325340270996094 1937.407470703125 173.8154296875 
3 1398.7330322265625 0.0 1430.6195068359375 58.865814208984375 
3 1454.4200439453125 1.3133697509765625 1494.0184326171875 65.16424560546875 
3 1609.49755859375 44.91436767578125 1706.58349609375 173.85411071777344 
3 1606.0216064453125 44.364952087402344 1712.8997802734375 226.98898315429688 
360
3 1285.3289794921875 0.0 1343.7454833984375 86.7677001953125 
3 1398.24169921875 0.0 1430.2117919921875 58.94987487792969 
3 1604.4561767578125 45.08491516113281 1724.663330078125 231.15524291992188 
3 1454.066650390625 1.3712997436523438 1494.4786376953125 67.56053924560547 
3 1854.3505859375 50.511077880859375 1937.5174560546875 173.0103302001953 
361
3 1287.6109619140625 0.0 1345.164794921875 86.635009765625 
3 1397.89013671875 0.042453765869140625 1431.0711669921875 58.989105224609375 
3 1454.1373291015625 1.3768119812011719 1493.29833984375 68.18331146240234 
3 1857.150146484375 50.823341369628906 1937.834716796875 172.36331176757812 
3 1597.3818359375 45.12278747558594 1725.9462890625 230.19302368164062 
362
3 1289.5103759765625 0.0 1345.3001708984375 86.09931945800781 
3 1397.994384765625 0.470672607421875 1429.916015625 58.68013000488281 
3 1573.0523681640625 46.428558349609375 1682.091796875 227.468994140625 
3 1453.94384765625 1.6302413940429688 1491.7000732421875 68.29393005371094 
3 1860.8043212890625 50.836097717285156 1938.74169921875 172.1180419921875 
363
3 1288.964599609375 0.0 1345.555419921875 85.67442321777344 
3 1397.987548828125 0.0 1430.364013671875 59.02149963378906 
3 1586.8272705078125 44.68927764892578 1675.664306640625 227.7098388671875 
3 1453.181884765625 1.1638450622558594 1491.7750244140625 67.2746810913086 
3 1859.01904296875 51.18932342529297 1939.098388671875 171.21595764160156 
364
3 1288.347900390625 0.0 1346.69384765625 85.09923553466797 
3 1397.893798828125 0.07429885864257812 1430.683349609375 59.652801513671875 
3 1861.1395263671875 52.019859313964844 1939.461669921875 174.50209045410156 
3 1452.2181396484375 0.647430419921875 1492.06982421875 66.2461929321289 
3 1599.451416015625 44.44078063964844 1669.8785400390625 224.34136962890625 
365
3 1288.5833740234375 0.0 1348.10400390625 83.69387817382812 
3 1397.488525390625 0.0 1432.185791015625 60.71173095703125 
3 1451.1768798828125 0.08272933959960938 1493.0645751953125 66.54186248779297 
3 1861.790283203125 52.19712829589844 1939.946533203125 172.73297119140625 
3 1593.00732421875 43.41889953613281 1658.883056640625 173.59310913085938 
366
3 1397.5333251953125 0.0 1431.5997314453125 60.065330505371094 
3 1291.668212890625 0.0 1348.8848876953125 80.48391723632812 
3 1452.447509765625 0.29105377197265625 1492.20166015625 66.37083435058594 
3 1863.614013671875 52.530113220214844 1940.0911865234375 175.64779663085938 
3 1580.0115966796875 41.02818298339844 1653.9178466796875 172.74282836914062 
3 1576.5291748046875 42.004173278808594 1686.040771484375 223.9111328125 
367
3 1293.0098876953125 0.0 1349.9638671875 80.65750885009766 
3 1397.5535888671875 0.0 1432.2919921875 61.30719757080078 
3 1452.5919189453125 0.18848800659179688 1492.2904052734375 67.33222961425781 
3 1571.7557373046875 38.06147766113281 1650.6328125 221.132080078125 
3 1862.0159912109375 52.05799865722656 1940.6219482421875 172.7566375732422 
3 1570.75244140625 38.812896728515625 1676.0076904296875 221.3094482421875 
368
3 1292.439697265625 0.0 1352.439697265625 80.95512390136719 
3 1397.4564208984375 0.0 1432.6251220703125 60.555091857910156 
3 1452.26416015625 0.0 1492.7230224609375 67.70026397705078 
3 1862.2332763671875 52.49082946777344 1942.44921875 172.26502990722656 
3 1569.317626953125 36.77880096435547 1642.2098388671875 223.65216064453125 
3 1579.358154296875 37.302894592285156 1642.0433349609375 167.91175842285156 
369
3 1291.7930908203125 0.0 1353.371826171875 80.90137481689453 
3 1397.4100341796875 0.0 1433.106201171875 60.27854919433594 
3 1450.697265625 0.0 1493.1463623046875 68.18832397460938 
3 1564.585693359375 35.590614318847656 1636.6138916015625 224.69775390625 
3 1860.6065673828125 52.47137451171875 1943.04541015625 172.23031616210938 
370
3 1292.3720703125 0.0 1353.640869140625 82.9511947631836 
3 1397.2796630859375 0.0 1432.909423828125 60.11711883544922 
3 1450.592041015625 0.0 1492.8988037109375 67.97810363769531 
3 1866.4364013671875 52.522308349609375 1944.61474609375 178.8932342529297 
3 1565.664306640625 34.93544006347656 1631.737548828125 213.17056274414062 
3 1568.2752685546875 35.33568572998047 1631.7193603515625 171.3988494873047 
371
3 1451.1805419921875 0.0 1493.848388671875 67.60250854492188 
3 1550.5224609375 33.461585998535156 1625.63427734375 217.533203125 
3 1292.9571533203125 0.0 1356.060302734375 81.05903625488281 
3 1397.9822998046875 0.0 1434.060546875 59.90937042236328 
3 1865.7816162109375 53.104034423828125 1945.763916015625 177.6759490966797 
372
3 1451.89111328125 0.15674972534179688 1493.99609375 69.59765625 
3 1294.89892578125 0.0 1355.853759765625 80.2824935913086 
3 1397.99169921875 0.0 1434.368896484375 59.611366271972656 
3 1551.643310546875 33.43639373779297 1621.299072265625 225.79248046875 
3 1868.766845703125 54.447776794433594 1949.96826171875 177.9475860595703 
373
3 1452.7509765625 0.09002685546875 1494.5728759765625 72.5154037475586 
3 1398.21240234375 0.17537689208984375 1433.73583984375 60.619300842285156 
3 1294.97802734375 0.052646636962890625 1355.437255859375 80.2862548828125 
3 1869.452392578125 56.499908447265625 1950.368896484375 168.97262573242188 
3 1546.0673828125 33.744667053222656 1614.4251708984375 219.72366333007812 
374
3 1452.7840576171875 0.17343902587890625 1494.547119140625 73.67223358154297 
3 1398.4793701171875 0.12078857421875 1432.133544921875 61.667816162109375 
3 1294.965576171875 0.13175582885742188 1357.391845703125 78.96871948242188 
3 1528.7420654296875 33.64323425292969 1609.7646484375 216.19384765625 
3 1870.547607421875 55.45795440673828 1953.0682373046875 168.2205810546875 
375
3 1453.4091796875 0.3070831298828125 1494.5460205078125 72.95714569091797 
3 1397.983642578125 0.0 1431.442138671875 62.44477844238281 
3 1297.06396484375 0.3324127197265625 1358.088623046875 79.24220275878906 
3 1539.011474609375 34.484840393066406 1606.8172607421875 224.20803833007812 
3 1871.1627197265625 53.812744140625 1956.4791259765625 171.64309692382812 
376
3 1535.1922607421875 34.74383544921875 1606.5048828125 224.44903564453125 
3 1453.9613037109375 0.399169921875 1494.94140625 72.84175872802734 
3 1296.6270751953125 0.0 1359.6270751953125 79.00332641601562 
3 1398.0291748046875 0.0 1432.0538330078125 62.186866760253906 
3 1871.01123046875 51.44743347167969 1959.3701171875 175.31314086914062 
377
3 1453.580078125 0.3136253356933594 1495.63330078125 72.99020385742188 
3 1398.5101318359375 0.0 1432.0255126953125 62.20610046386719 
3 1299.811767578125 0.31018829345703125 1359.41552734375 78.86210632324219 
3 1870.5718994140625 54.119468688964844 1964.9747314453125 180.06387329101562 
3 1529.1622314453125 35.422523498535156 1610.0277099609375 224.3218994140625 
3 1510.3096923828125 35.70664978027344 1612.6263427734375 226.87710571289062 
378
3 1453.2138671875 0.0 1497.5386962890625 72.59097290039062 
3 1300.034912109375 0.019256591796875 1363.8839111328125 77.49528503417969 
3 1398.476318359375 0.0 1432.36865234375 62.099403381347656 
3 1870.393310546875 55.50889587402344 1967.7840576171875 183.95310974121094 
3 1525.449462890625 35.77815246582031 1584.4801025390625 164.33963012695312 
379
3 1452.8824462890625 0.0 1499.1456298828125 71.81607055664062 
3 1399.0084228515625 0.0 1432.94189453125 63.05096435546875 
3 1301.868896484375 0.3898963928222656 1362.100830078125 77.38301086425781 
3 1869.7265625 53.095802307128906 1968.00634765625 184.0616455078125 
3 1518.08349609375 35.55805969238281 1578.953369140625 168.1059112548828 
380
3 1454.27734375 0.0 1499.6392822265625 71.9286117553711 
3 1399.7454833984375 0.0 1435.2789306640625 63.413360595703125 
3 1304.507568359375 0.9115104675292969 1358.7152099609375 74.79103088378906 
3 1872.5404052734375 59.181610107421875 1968.4560546875 183.0714111328125 
3 1517.8682861328125 35.45985412597656 1573.88232421875 167.80459594726562 
381
3 1454.072021484375 0.0 1502.2769775390625 72.34932708740234 
3 1399.752685546875 0.0 1435.7183837890625 63.56421661376953 
3 1305.9283447265625 0.6546592712402344 1365.5164794921875 73.97927856445312 
3 1879.9373779296875 56.066436767578125 1971.6650390625 182.9536895751953 
3 1513.150146484375 33.91859436035156 1570.666015625 167.80772399902344 
382
3 1455.4805908203125 0.0 1502.6229248046875 72.54798889160156 
3 1400.6143798828125 0.0 1436.4200439453125 63.921142578125 
3 1307.5809326171875 0.8476104736328125 1366.3157958984375 73.79354858398438 
3 1880.3896484375 55.35443115234375 1977.8543701171875 180.24844360351562 
3 1503.4678955078125 32.707923889160156 1564.684814453125 203.1202392578125 
3 1506.3082275390625 32.66136169433594 1564.202392578125 167.54449462890625 
383
3 1454.8997802734375 0.0 1502.298583984375 72.87544250488281 
3 1400.796142578125 0.0 1435.724853515625 64.32658386230469 
3 1307.1822509765625 0.7882080078125 1366.7867431640625 73.31922912597656 
3 1881.3197021484375 57.362083435058594 1984.25 179.75762939453125 
3 1497.63623046875 33.55573272705078 1564.5643310546875 209.13494873046875 
384
3 1454.4613037109375 0.0 1502.3045654296875 72.00083923339844 
3 1400.1033935546875 0.0 1435.73095703125 64.03718566894531 
3 1493.7510986328125 32.25981140136719 1557.8861083984375 197.9514617919922 
3 1309.4146728515625 0.9728546142578125 1362.080810546875 72.78108978271484 
3 1893.30712890625 58.78498840332031 1986.320556640625 180.9624481201172 
385
3 1400.0679931640625 0.0 1436.237548828125 63.896942138671875 
3 1454.651611328125 0.0 1503.692626953125 71.82618713378906 
3 1486.6239013671875 31.944366455078125 1554.609619140625 196.06991577148438 
3 1311.5723876953125 0.9568939208984375 1364.438232421875 72.09484100341797 
3 1922.9732666015625 57.74952697753906 1988.1982421875 179.11398315429688 
386
3 1399.968017578125 0.0 1436.78857421875 63.646629333496094 
3 1455.1827392578125 0.0 1504.9814453125 71.844970703125 
3 1312.0125732421875 0.9763374328613281 1368.1240234375 72.0146255493164 
3 1483.4002685546875 32.93597412109375 1551.4912109375 206.96908569335938 
3 1927.0811767578125 58.8310546875 1988.326171875 177.9750518798828 
387
3 1455.281494140625 0.0 1505.0306396484375 72.45747375488281 
3 1400.10302734375 0.0 1437.44970703125 63.108123779296875 
3 1479.5748291015625 31.457313537597656 1546.792724609375 209.50070190429688 
3 1311.963623046875 0.5894546508789062 1368.4256591796875 72.4967041015625 
3 1908.748291015625 58.39720153808594 1991.448486328125 178.25335693359375 
388
3 1475.3897705078125 29.12641143798828 1543.7098388671875 208.1540069580078 
3 1400.152099609375 0.0 1438.10595703125 65.70894622802734 
3 1311.8994140625 0.5628585815429688 1368.555908203125 72.36466979980469 
3 1913.994384765625 57.59606170654297 1994.572998046875 178.2503662109375 
3 1454.873291015625 0.0 1503.61962890625 73.17780303955078 
389
3 1471.0360107421875 28.60608673095703 1540.183837890625 208.53515625 
3 1400.2261962890625 0.0 1440.2960205078125 67.51199340820312 
3 1315.033203125 0.6952781677246094 1367.726318359375 72.63111114501953 
3 1456.0513916015625 0.0 1503.739013671875 74.38311767578125 
3 1922.8970947265625 56.31053161621094 1996.20556640625 178.62484741210938 
390
3 1464.98876953125 29.694183349609375 1536.542724609375 207.1535186767578 
3 1400.5167236328125 0.0 1439.7152099609375 67.61976623535156 
3 1314.0042724609375 0.674530029296875 1368.881103515625 72.30447387695312 
3 1454.736572265625 0.8020401000976562 1502.4022216796875 73.28585815429688 
3 1926.062744140625 51.58015441894531 2000.005126953125 178.34400939941406 
3 882.0969848632812 15.681060791015625 924.826171875 85.46749114990234 
391
3 1400.7298583984375 0.13500595092773438 1439.927734375 68.36592102050781 
3 1458.4471435546875 29.749305725097656 1531.10107421875 206.4312286376953 
3 1314.6683349609375 0.3596076965332031 1369.81787109375 72.59638977050781 
3 1453.9625244140625 0.8697280883789062 1502.60693359375 69.42988586425781 
3 1926.82470703125 54.49098205566406 2000.6746826171875 178.72256469726562 
392
3 1454.917724609375 25.702056884765625 1528.89208984375 206.42117309570312 
3 1400.9208984375 0.0 1439.3314208984375 67.9287338256836 
3 1314.869140625 0.145172119140625 1370.342041015625 72.53773498535156 
3 1928.2247314453125 58.292755126953125 2003.9764404296875 177.13780212402344 
3 1453.575439453125 0.7928695678710938 1502.3385009765625 65.38218688964844 
393
3 1449.986083984375 29.011741638183594 1528.5518798828125 206.72625732421875 
3 1400.521728515625 0.0 1440.5880126953125 67.98876953125 
3 1315.3818359375 0.31221771240234375 1370.206787109375 72.70982360839844 
3 1927.7193603515625 58.653350830078125 2003.8414306640625 178.80892944335938 
3 1453.3162841796875 0.7269668579101562 1503.080322265625 64.22926330566406 
394
3 1444.560791015625 29.27092742919922 1526.9451904296875 202.37521362304688 
3 1400.4822998046875 0.0 1441.8160400390625 67.45967864990234 
3 1319.3282470703125 0.0 1372.0350341796875 69.58850860595703 
3 1931.7838134765625 58.58442687988281 2006.866943359375 179.20748901367188 
3 1453.2313232421875 0.0 1503.882568359375 35.356536865234375 
395
3 1439.037353515625 29.40887451171875 1527.5042724609375 200.0433349609375 
3 1399.798583984375 0.0 1440.345703125 68.30386352539062 
3 1323.987060546875 0.13188552856445312 1373.77978515625 69.47550201416016 
3 1934.0972900390625 59.12773132324219 2007.9801025390625 177.90943908691406 
3 1452.753662109375 0.0 1504.395751953125 36.706993103027344 
396
3 1433.8597412109375 29.1182861328125 1525.1661376953125 201.30093383789062 
3 1400.5335693359375 0.0 1439.7335205078125 68.51607513427734 
3 1324.0562744140625 0.0 1376.8658447265625 69.46125030517578 
3 1935.491943359375 59.6671142578125 2011.931884765625 179.55148315429688 
3 1452.5899658203125 0.0 1504.37890625 50.275421142578125 
397
3 1430.061767578125 29.065948486328125 1522.9776611328125 198.9910888671875 
3 1323.772216796875 0.0 1377.022705078125 68.51432800292969 
3 1401.1009521484375 0.0 1440.0023193359375 67.84903717041016 
3 1934.3846435546875 60.46148681640625 2012.1280517578125 178.82598876953125 
3 1454.1241455078125 0.0 1504.420166015625 32.91265869140625 
398
3 1401.766357421875 0.04611968994140625 1438.134765625 68.25723266601562 
3 1322.597900390625 0.0 1376.9835205078125 69.59886169433594 
3 1423.8526611328125 27.609268188476562 1517.733642578125 198.12696838378906 
3 1937.8741455078125 61.03150939941406 2015.0684814453125 177.6685791015625 
3 1453.9984130859375 0.0 1504.78173828125 49.88115692138672 
399
3 1420.6068115234375 24.931793212890625 1509.123779296875 195.28875732421875 
3 1401.7369384765625 0.4774627685546875 1437.4886474609375 68.23849487304688 
3 1323.880615234375 0.0 1375.4163818359375 70.85175323486328 
3 1939.0599365234375 61.26905059814453 2015.472412109375 177.4287109375 
3 1454.0040283203125 0.0 1503.9046630859375 60.08576202392578 
400
3 1400.766845703125 0.6651763916015625 1436.709228515625 68.83904266357422 
3 1328.070068359375 0.0 1372.997802734375 70.09246826171875 
3 1417.120361328125 23.061553955078125 1501.3927001953125 193.3488006591797 
3 1941.2149658203125 60.64564514160156 2017.1348876953125 175.72125244140625 
3 1453.81494140625 0.0 1503.10107421875 64.94985961914062 
3 1941.2705078125 59.69163513183594 2017.826171875 176.3335723876953 
401
3 1399.33544921875 1.0577316284179688 1435.3602294921875 68.56564331054688 
3 1329.2110595703125 0.0 1373.177978515625 68.76841735839844 
3 1416.079833984375 18.951919555664062 1497.021484375 168.98220825195312 
3 1947.541259765625 60.22624206542969 2017.5675048828125 175.3782958984375 
3 1454.0150146484375 0.0 1503.4984130859375 61.195709228515625 
402
3 1412.783935546875 19.90007781982422 1491.5455322265625 169.4817657470703 
3 1325.6033935546875 0.0 1375.7890625 68.87339782714844 
3 1397.137451171875 0.5061874389648438 1436.17138671875 68.2889633178711 
3 1453.9002685546875 0.0 1503.43017578125 65.91847229003906 
3 1953.02490234375 57.57118225097656 2020.034912109375 176.6566162109375 
403
3 1410.2618408203125 20.58306884765625 1481.5760498046875 169.32681274414062 
3 1325.4605712890625 0.0 1377.94384765625 68.50910949707031 
3 1451.8035888671875 0.0 1503.7069091796875 73.52484130859375 
3 1396.3843994140625 0.0 1436.2276611328125 69.97564697265625 
3 1960.22265625 61.35456848144531 2021.5478515625 180.91259765625 
404
3 1408.458984375 18.946701049804688 1481.15185546875 168.8069305419922 
3 1326.7041015625 0.0 1382.4588623046875 68.34159088134766 
3 1454.004638671875 0.0 1502.826904296875 76.27497100830078 
3 1397.1435546875 0.0 1432.93994140625 69.52458953857422 
3 1965.510498046875 61.2144775390625 2024.8743896484375 185.09310913085938 
405
3 1396.5361328125 16.126617431640625 1478.7955322265625 167.30377197265625 
3 1453.3526611328125 0.0 1503.128662109375 75.89789581298828 
3 1328.9320068359375 0.0 1383.87060546875 68.13111877441406 
3 1965.0992431640625 61.903411865234375 2027.228271484375 187.11639404296875 
3 1397.3291015625 0.0 1434.1837158203125 69.01832580566406 
406
3 1395.837890625 16.300872802734375 1477.7537841796875 167.65858459472656 
3 1453.6495361328125 0.0 1503.649169921875 76.13473510742188 
3 1331.4400634765625 0.0 1381.4317626953125 67.63031005859375 
3 1967.989990234375 61.41887664794922 2028.144775390625 187.1298065185547 
3 1397.525146484375 0.0 1441.4942626953125 65.0172119140625 
407
3 1395.2235107421875 17.25018310546875 1470.3365478515625 166.9813232421875 
3 1453.5992431640625 0.0 1502.9764404296875 85.90507507324219 
3 1333.379638671875 0.0 1384.990478515625 67.4154052734375 
3 1966.0391845703125 61.822975158691406 2030.4937744140625 176.43873596191406 
3 1396.6875 0.14278411865234375 1441.0482177734375 64.54840087890625 
408
3 1392.5955810546875 17.522964477539062 1471.30029296875 167.61441040039062 
3 1333.9256591796875 0.0 1386.5789794921875 66.7508773803711 
3 1453.3819580078125 0.0 1502.3162841796875 83.46836853027344 
3 1964.709228515625 60.815338134765625 2034.034423828125 185.40432739257812 
3 1396.1058349609375 0.11309432983398438 1440.0445556640625 61.112091064453125 
409
3 1387.828125 19.58861541748047 1468.6820068359375 167.66404724121094 
3 1336.853759765625 0.0 1385.4326171875 66.56134796142578 
3 1453.54833984375 0.0 1502.2349853515625 81.3702163696289 
3 1964.744140625 61.306304931640625 2035.027099609375 176.14764404296875 
3 1396.9329833984375 0.0 1447.0391845703125 55.847808837890625 
410
3 1383.3529052734375 20.108184814453125 1467.8563232421875 167.76414489746094 
3 1339.289306640625 0.0 1385.79443359375 65.85700988769531 
3 1454.8076171875 0.0 1502.5477294921875 82.23805236816406 
3 1964.981201171875 61.4454345703125 2039.747314453125 183.25537109375 
411
3 1380.96875 20.07219696044922 1462.6798095703125 167.03289794921875 
3 1962.435791015625 62.311363220214844 2040.7139892578125 187.198974609375 
3 1339.7421875 0.0 1389.070068359375 65.09577941894531 
3 1454.581787109375 0.0 1502.31591796875 78.47515106201172 
412
3 1379.7642822265625 19.9395751953125 1459.173095703125 167.12486267089844 
3 1454.595947265625 0.0 1502.470703125 81.371826171875 
3 1340.301513671875 0.0 1389.5086669921875 63.87599182128906 
3 1963.114990234375 63.99320983886719 2042.152099609375 187.2169647216797 
413
3 1375.8843994140625 19.13897705078125 1458.634765625 166.6070556640625 
3 1961.2015380859375 63.5548095703125 2045.4036865234375 188.9403076171875 
3 1454.9248046875 0.0 1502.6585693359375 79.98970031738281 
3 1344.181884765625 0.0 1389.5162353515625 64.15979766845703 
414
3 1374.183837890625 19.51360321044922 1458.0281982421875 166.54598999023438 
3 1455.2030029296875 0.0 1502.2978515625 80.17196655273438 
3 1961.6466064453125 66.70677185058594 2040.4847412109375 189.23306274414062 
3 1345.1839599609375 0.0 1388.58154296875 64.07461547851562 
415
3 1369.1348876953125 18.826187133789062 1452.9288330078125 167.72137451171875 
3 1961.904052734375 66.21463775634766 2049.71826171875 189.3235626220703 
3 1451.0147705078125 0.0 1502.64208984375 81.63737487792969 
3 1345.1175537109375 0.0 1389.77685546875 64.02011108398438 
416
3 1367.4051513671875 16.09417724609375 1451.3719482421875 166.79977416992188 
3 1964.8399658203125 66.37940979003906 2053.7841796875 189.2339324951172 
3 1450.2138671875 0.0 1502.6829833984375 79.36360168457031 
3 1344.8389892578125 0.0 1391.4381103515625 63.80043029785156 
417
3 1363.2384033203125 15.850791931152344 1449.276611328125 165.484375 
3 1452.2979736328125 0.0 1502.65234375 80.37181091308594 
3 1967.8739013671875 67.19402313232422 2058.619140625 188.4757080078125 
3 1345.5400390625 0.0 1390.8167724609375 63.569244384765625 
418
3 1358.2913818359375 15.12481689453125 1445.7672119140625 164.48452758789062 
3 1450.2176513671875 0.0 1502.7398681640625 81.11039733886719 
3 1972.36083984375 67.52053833007812 2058.724853515625 189.73252868652344 
3 1344.1678466796875 0.0 1391.5233154296875 63.9866943359375 
419
3 1355.6109619140625 13.113876342773438 1444.986328125 164.00831604003906 
3 1450.072021484375 0.0 1502.56591796875 79.6087646484375 
3 1345.820068359375 0.0 1388.3729248046875 62.8138427734375 
3 1977.80126953125 67.85700988769531 2059.869384765625 184.72793579101562 
420
3 1353.120849609375 10.753402709960938 1440.8680419921875 162.99783325195312 
3 1450.1058349609375 0.0 1502.4256591796875 80.05104064941406 
3 1346.88037109375 0.0 1387.6539306640625 62.3531494140625 
3 1985.4971923828125 75.28587341308594 2058.307861328125 184.89468383789062 
421
3 1351.77392578125 14.276618957519531 1439.081298828125 162.54014587402344 
3 1449.1810302734375 0.0 1502.00244140625 77.470703125 
3 1347.1982421875 0.0 1387.7899169921875 61.42566680908203 
3 1991.1964111328125 67.91911315917969 2064.897216796875 184.6229248046875 
422
3 1349.6116943359375 14.679977416992188 1434.2255859375 163.12596130371094 
3 1447.6549072265625 0.0 1499.7459716796875 76.09504699707031 
3 1994.243896484375 68.0528335571289 2068.1201171875 185.1245574951172 
3 1346.0936279296875 0.0 1389.2244873046875 60.27482604980469 
423
3 1345.166015625 11.002105712890625 1430.4822998046875 163.3656005859375 
3 1444.61865234375 0.0 1498.2021484375 81.02012634277344 
3 2000.4708251953125 66.63579559326172 2065.1328125 187.1116943359375 
3 1349.3050537109375 0.48690032958984375 1391.261962890625 56.44451904296875 
424
3 1341.069580078125 5.338218688964844 1427.652099609375 162.75204467773438 
3 1443.87548828125 0.0 1492.67626953125 81.22589874267578 
3 2003.09765625 67.49739074707031 2062.318359375 181.3701934814453 
425
3 1336.4705810546875 9.503662109375 1424.6414794921875 161.09674072265625 
3 1439.80859375 0.0 1490.6099853515625 81.90479278564453 
3 2001.18994140625 65.1784896850586 2062.85595703125 181.94415283203125 
426
3 1333.2003173828125 4.2918243408203125 1421.5694580078125 157.2637481689453 
3 1437.7135009765625 0.0 1488.536865234375 83.36581420898438 
3 2002.5877685546875 64.97791290283203 2063.94921875 180.9990234375 
427
3 1327.498046875 2.9939727783203125 1418.211669921875 160.71987915039062 
3 1435.8231201171875 0.038379669189453125 1485.5601806640625 82.56587982177734 
3 1996.427978515625 65.763671875 2063.044677734375 177.92532348632812 
428
3 1326.2164306640625 8.418281555175781 1414.5040283203125 158.00909423828125 
3 1432.0418701171875 0.0 1483.3746337890625 82.41502380371094 
3 1989.20068359375 66.24423217773438 2060.64306640625 181.9208984375 
429
3 1320.250244140625 8.695220947265625 1410.8446044921875 156.84530639648438 
3 1429.767822265625 0.4215545654296875 1480.3624267578125 83.54076385498047 
3 1994.758056640625 66.40776062011719 2059.6533203125 178.52267456054688 
430
3 1314.8028564453125 9.324371337890625 1403.3876953125 155.46250915527344 
3 1427.5455322265625 0.0 1477.6822509765625 82.10444641113281 
3 1993.1121826171875 66.20651245117188 2056.7529296875 172.97169494628906 
3 1373.081298828125 0.0 1413.77001953125 87.83537292480469 
431
3 1315.1470947265625 10.290397644042969 1392.5313720703125 157.7274169921875 
3 1422.124267578125 0.0 1473.369384765625 85.45457458496094 
3 1369.3619384765625 0.0 1412.073974609375 95.68893432617188 
3 1988.662841796875 62.65901184082031 2054.751953125 177.21282958984375 
432
3 1418.1298828125 0.0 1470.06982421875 81.96142578125 
3 1306.32177734375 9.235427856445312 1392.443359375 163.69940185546875 
3 1361.54443359375 0.0 1409.52294921875 75.73733520507812 
433
3 1414.4373779296875 0.0 1465.0072021484375 83.97850036621094 
3 1303.46240234375 9.676918029785156 1390.169677734375 166.18167114257812 
3 1982.7032470703125 64.49880981445312 2048.333740234375 170.5174560546875 
3 1361.1817626953125 0.0 1406.112060546875 68.29550170898438 
3 2505.964111328125 135.38621520996094 2559.056396484375 202.66018676757812 
434
3 1410.5423583984375 0.0 1461.657958984375 83.72237396240234 
3 1983.677001953125 64.38948059082031 2046.9598388671875 169.55686950683594 
3 1299.410400390625 7.751884460449219 1387.0155029296875 158.8854522705078 
3 1361.9439697265625 0.0 1401.0338134765625 66.31897735595703 
3 1371.48681640625 0.48468780517578125 1402.1177978515625 66.55793762207031 
435
3 1407.34228515625 0.0 1456.61572265625 84.94525909423828 
3 1291.0177001953125 9.96295166015625 1378.610107421875 178.21005249023438 
3 1979.351806640625 64.78172302246094 2045.8211669921875 166.44595336914062 
3 1354.617431640625 0.0 1398.9815673828125 76.72763061523438 
436
3 1289.7867431640625 10.128898620605469 1372.6103515625 183.5364227294922 
3 1404.3785400390625 0.0 1453.1492919921875 83.1379623413086 
3 1976.2479248046875 64.48970031738281 2043.1365966796875 167.073486328125 
3 1347.5438232421875 0.0 1392.3990478515625 75.60163879394531 
437
3 1285.7032470703125 9.570045471191406 1370.297119140625 182.19198608398438 
3 1400.6229248046875 0.06177520751953125 1452.4837646484375 82.95832824707031 
3 1347.1434326171875 0.06188201904296875 1388.7884521484375 75.59138488769531 
3 1978.56298828125 62.944358825683594 2041.7650146484375 164.29940795898438 
438
3 1281.696533203125 11.037094116210938 1369.9324951171875 187.09112548828125 
3 1396.4000244140625 0.37082672119140625 1448.4493408203125 82.94338989257812 
3 1978.1080322265625 62.035400390625 2039.834228515625 161.73251342773438 
3 1343.70556640625 0.0 1385.9390869140625 76.00450897216797 
439
3 1280.433349609375 12.593925476074219 1362.171142578125 180.92788696289062 
3 1390.7259521484375 0.0 1446.180908203125 84.82588195800781 
3 1978.302490234375 62.260398864746094 2037.83056640625 160.4483184814453 
3 1344.542236328125 0.0 1382.7821044921875 75.84986114501953 
440
3 1275.9664306640625 11.559585571289062 1361.6099853515625 183.36309814453125 
3 1388.5299072265625 0.0 1441.674560546875 84.3662109375 
3 1338.9503173828125 0.0 1377.4979248046875 73.85081481933594 
3 1980.4169921875 62.641029357910156 2035.9818115234375 159.50701904296875 
441
3 1386.541015625 0.0 1438.8857421875 84.1190414428711 
3 1269.4827880859375 11.320121765136719 1361.1849365234375 177.1967315673828 
3 1329.2537841796875 0.0343475341796875 1371.7486572265625 71.99642181396484 
442
3 1263.9439697265625 11.769996643066406 1354.1177978515625 183.11752319335938 
3 1384.5904541015625 0.2809944152832031 1433.6329345703125 83.63958740234375 
3 1326.913330078125 0.0 1368.1080322265625 73.82844543457031 
3 1971.993408203125 63.545814514160156 2030.100830078125 158.007080078125 
3 1320.6572265625 0.0 1367.3072509765625 73.81900787353516 
443
3 1261.98779296875 10.201301574707031 1337.1815185546875 182.2177276611328 
3 1382.4912109375 0.4760894775390625 1431.2664794921875 87.15403747558594 
3 1317.6866455078125 0.0 1365.4544677734375 74.48312377929688 
3 1969.2093505859375 60.78340148925781 2028.111328125 153.35475158691406 
444
3 1256.565185546875 9.770095825195312 1334.25244140625 174.45547485351562 
3 1375.9986572265625 0.0 1426.118896484375 83.84806823730469 
3 1313.98486328125 0.0 1361.594970703125 74.80648803710938 
3 1966.306640625 58.66157531738281 2033.3525390625 154.2408447265625 
445
3 1252.73779296875 10.190711975097656 1335.87744140625 184.4689483642578 
3 1314.8492431640625 0.56219482421875 1358.330322265625 75.6590347290039 
3 1374.05419921875 0.6125564575195312 1422.1533203125 83.30313110351562 
3 1963.302734375 58.371490478515625 2031.364990234375 149.70791625976562 
446
3 1249.3251953125 11.149673461914062 1330.943603515625 175.85047912597656 
3 1313.27880859375 0.6035575866699219 1354.25341796875 77.00570678710938 
3 1369.9996337890625 0.8817481994628906 1420.6632080078125 85.1026382446289 
3 1958.2655029296875 58.134307861328125 2024.0771484375 189.1774139404297 
3 2486.0029296875 186.70201110839844 2558.927734375 423.1822509765625 
3 1960.8692626953125 58.704246520996094 2022.6605224609375 150.2153778076172 
447
3 1246.664306640625 9.006805419921875 1323.148193359375 177.9813995361328 
3 1367.7071533203125 0.7260017395019531 1417.7821044921875 87.32685852050781 
3 1310.442138671875 0.011470794677734375 1349.5477294921875 75.51759338378906 
3 1957.993408203125 57.277870178222656 2023.684814453125 150.52662658691406 
448
3 1243.28564453125 10.619857788085938 1326.3587646484375 172.77056884765625 
3 1304.9981689453125 0.0 1349.1226806640625 75.41350555419922 
3 1363.7498779296875 0.0 1413.627685546875 87.74415588378906 
3 1942.527587890625 58.32569885253906 2015.6751708984375 182.94378662109375 
3 1355.947021484375 0.8482131958007812 1373.6943359375 34.15031433105469 
449
3 1239.4666748046875 10.477149963378906 1318.6455078125 171.75396728515625 
3 1302.2608642578125 0.0 1342.0418701171875 75.39599609375 
3 1360.2347412109375 0.0 1409.633056640625 84.852783203125 
3 1936.953369140625 56.234352111816406 2011.2003173828125 181.723388671875 
3 808.2966918945312 26.15774154663086 845.0719604492188 86.54266357421875 
3 1353.4676513671875 0.10762786865234375 1370.7261962890625 35.264892578125 
450
3 1235.1353759765625 9.569534301757812 1319.0919189453125 171.02008056640625 
3 1297.9620361328125 0.4067649841308594 1336.8033447265625 76.18437194824219 
3 1356.64404296875 0.2588043212890625 1406.1761474609375 85.51554107666016 
3 1937.0037841796875 54.307861328125 2007.241943359375 182.19329833984375 
3 802.4671020507812 0.0 833.326904296875 81.85963439941406 
451
3 1231.000244140625 9.58392333984375 1304.5384521484375 162.08505249023438 
3 1350.9066162109375 0.43292999267578125 1400.9459228515625 85.96554565429688 
3 1292.2880859375 0.34930419921875 1334.0018310546875 76.75128173828125 
3 1932.02392578125 54.34825134277344 2003.6898193359375 180.85247802734375 
3 2452.705078125 234.30569458007812 2558.962646484375 410.9190673828125 
452
3 1225.5369873046875 10.92572021484375 1299.1690673828125 171.78945922851562 
3 1347.041748046875 0.41876983642578125 1397.888916015625 85.44441223144531 
3 1287.5257568359375 0.0 1327.4775390625 73.33003234863281 
3 1922.9542236328125 53.854278564453125 2000.25634765625 180.35931396484375 
3 2449.031005859375 223.95498657226562 2559.15283203125 409.7117919921875 
453
3 1342.6917724609375 0.5010261535644531 1397.1278076171875 85.70501708984375 
3 1281.6405029296875 0.18291473388671875 1325.2508544921875 76.85496520996094 
3 1928.4248046875 52.612403869628906 1998.6473388671875 179.85279846191406 
3 1220.2777099609375 9.294319152832031 1303.3438720703125 175.8330535888672 
454
3 1340.008056640625 0.62091064453125 1391.655517578125 85.50099182128906 
3 1280.2469482421875 0.0 1319.052490234375 77.69525146484375 
3 1218.0399169921875 9.669853210449219 1302.1151123046875 172.07278442382812 
3 1935.019775390625 53.04199981689453 1998.2388916015625 181.98458862304688 
455
3 1212.834716796875 11.465675354003906 1279.8465576171875 177.31365966796875 
3 1334.3287353515625 0.5537338256835938 1383.316650390625 86.26421356201172 
3 1276.936767578125 0.0 1316.7156982421875 74.97977447509766 
3 1927.652587890625 53.639312744140625 1992.244384765625 177.9422607421875 
456
3 1325.8704833984375 0.0 1383.0196533203125 84.4395980834961 
3 1273.104248046875 0.0 1314.946533203125 76.83187866210938 
3 1208.23486328125 9.846084594726562 1283.2147216796875 169.71096801757812 
3 1930.093017578125 54.027915954589844 1989.7310791015625 182.51699829101562 
457
3 1204.58984375 10.841697692871094 1285.310791015625 177.0755615234375 
3 1321.8935546875 0.0 1376.794921875 84.80549621582031 
3 1930.04443359375 53.22553253173828 1986.204345703125 178.34848022460938 
3 776.8795776367188 0.8520927429199219 808.9232788085938 86.80186462402344 
458
3 1200.58251953125 11.191207885742188 1272.4884033203125 180.30601501464844 
3 1317.671875 0.0347900390625 1370.7667236328125 85.00287628173828 
3 1262.139404296875 0.950225830078125 1301.102294921875 75.86146545410156 
3 773.5083618164062 27.18170928955078 801.9841918945312 88.18872833251953 
459
3 1309.6466064453125 0.0 1367.5126953125 85.82681274414062 
3 1256.3289794921875 0.0 1299.712646484375 78.3813705444336 
3 1194.053466796875 10.352615356445312 1257.704345703125 174.78045654296875 
460
3 1305.752197265625 0.005573272705078125 1359.020263671875 86.63240051269531 
3 1250.764892578125 0.9152603149414062 1289.892578125 80.30448913574219 
3 1190.52294921875 11.925537109375 1269.6988525390625 176.75050354003906 
3 1288.1427001953125 0.60638427734375 1312.3250732421875 44.624267578125 
3 1914.017333984375 19.725807189941406 1969.628173828125 175.71978759765625 
461
3 1298.3358154296875 0.0 1352.426025390625 86.06806945800781 
3 1246.2947998046875 0.0 1287.478759765625 76.26526641845703 
3 1186.8184814453125 11.337593078613281 1255.0755615234375 177.03152465820312 
462
3 1294.557373046875 0.0 1347.466552734375 85.07464599609375 
3 1240.3914794921875 0.0 1283.6416015625 77.92517852783203 
3 1182.48876953125 11.693893432617188 1250.7850341796875 169.85610961914062 
463
3 1290.0391845703125 0.0 1342.5233154296875 86.44294738769531 
3 1234.9866943359375 0.0 1277.738525390625 78.1473159790039 
3 1178.7890625 13.208984375 1241.512451171875 175.15342712402344 
464
3 1229.9686279296875 0.0 1271.693115234375 79.5942611694336 
3 1282.843017578125 0.0 1336.1492919921875 89.13858795166016 
3 1176.762451171875 14.256820678710938 1237.16357421875 168.35845947265625 
465
3 1278.993896484375 0.0 1330.4423828125 89.30995178222656 
3 1226.2801513671875 0.0 1265.9185791015625 78.50460815429688 
3 1170.3175048828125 14.4552001953125 1229.0567626953125 162.90731811523438 
466
3 1272.9786376953125 0.2133026123046875 1324.4388427734375 90.26397705078125 
3 1220.6270751953125 0.0 1262.8695068359375 79.26388549804688 
3 1162.8336181640625 13.117935180664062 1225.6993408203125 167.43704223632812 
467
3 1265.94970703125 0.0 1319.7991943359375 87.80291748046875 
3 1212.9998779296875 0.0 1257.525146484375 79.76055908203125 
3 1159.481201171875 14.345161437988281 1219.845703125 160.25897216796875 
468
3 1156.7646484375 15.0513916015625 1215.9588623046875 169.38360595703125 
3 1259.2752685546875 0.0 1315.285400390625 89.02792358398438 
3 1208.5294189453125 0.0 1253.547119140625 82.52119445800781 
3 1889.2052001953125 40.70649719238281 1938.4359130859375 148.09796142578125 
3 721.1216430664062 0.7168350219726562 765.4985961914062 96.14848327636719 
469
3 1254.5589599609375 0.0 1307.40478515625 90.97404479980469 
3 1148.641357421875 13.763534545898438 1217.6436767578125 167.4853515625 
3 1201.4088134765625 0.0 1245.207275390625 80.45083618164062 
3 1884.199462890625 40.13212585449219 1932.5330810546875 151.65538024902344 
470
3 1247.4449462890625 0.0 1303.6783447265625 90.67538452148438 
3 1196.707763671875 0.0 1241.13525390625 82.09547424316406 
3 1146.775390625 12.834457397460938 1209.8984375 227.494384765625 
3 1875.806884765625 41.0733642578125 1929.7921142578125 160.27398681640625 
471
3 1242.3896484375 0.0 1294.0279541015625 90.09771728515625 
3 1140.8935546875 15.361114501953125 1219.001220703125 167.3617401123047 
3 1871.0592041015625 40.08979797363281 1922.89404296875 161.8704071044922 
3 1196.3116455078125 0.0 1239.7506103515625 80.72850036621094 
3 1194.6201171875 0.0 1235.5379638671875 80.97528076171875 
472
3 1236.0528564453125 0.0 1287.902099609375 91.08197021484375 
3 1140.5020751953125 15.769119262695312 1225.40087890625 165.04299926757812 
3 1190.5604248046875 0.0 1230.4249267578125 80.86952209472656 
3 1865.0240478515625 39.058799743652344 1918.38623046875 155.1077117919922 
473
3 1227.6298828125 0.0 1285.403076171875 90.39420318603516 
3 1136.948486328125 16.120025634765625 1232.1224365234375 168.3448028564453 
3 1187.984375 0.0 1227.5849609375 81.95008087158203 
3 1865.403564453125 39.39451599121094 1914.55908203125 144.59658813476562 
474
3 1225.160888671875 0.0 1280.3133544921875 88.46932220458984 
3 1135.73095703125 16.533981323242188 1237.4820556640625 172.09478759765625 
3 1187.237548828125 0.0 1227.5428466796875 83.74960327148438 
3 1856.284423828125 39.34169006347656 1909.404052734375 159.21392822265625 
475
3 1130.12939453125 15.895957946777344 1233.685302734375 177.85166931152344 
3 1223.1287841796875 0.0 1276.47314453125 88.86293029785156 
3 1837.087890625 1.60009765625 1905.6427001953125 146.0526885986328 
3 1183.925537109375 0.0 1224.9473876953125 81.83805084228516 
3 706.8231201171875 33.941650390625 739.9363403320312 96.24551391601562 
476
3 1217.0897216796875 0.0 1269.528564453125 87.80378723144531 
3 1136.6810302734375 18.86444091796875 1230.5467529296875 168.69842529296875 
3 1831.81298828125 1.0330276489257812 1902.2095947265625 141.2188262939453 
3 701.5964965820312 32.28477478027344 738.2066040039062 96.88162231445312 
3 1183.342041015625 0.0 1218.96240234375 82.06678771972656 
477
3 1133.51904296875 18.88233184814453 1226.292724609375 168.4034423828125 
3 1213.827392578125 0.0 1268.9080810546875 90.92622375488281 
3 1850.927734375 31.756088256835938 1899.8848876953125 137.48309326171875 
478
3 1130.4332275390625 18.562820434570312 1225.50830078125 166.79293823242188 
3 1212.2864990234375 0.0 1257.9803466796875 89.75410461425781 
3 1846.5330810546875 37.28314208984375 1896.4891357421875 134.85357666015625 
3 693.60205078125 34.29371643066406 730.9669799804688 98.66497802734375 
479
3 1121.7486572265625 19.641555786132812 1217.180419921875 168.4029541015625 
3 1205.97802734375 0.0 1257.5067138671875 92.18345642089844 
3 1838.6466064453125 36.22698211669922 1896.1090087890625 142.71929931640625 
480
3 1121.5533447265625 19.7357177734375 1209.0711669921875 168.2562255859375 
3 1200.265869140625 0.0 1252.7294921875 90.73426818847656 
3 1839.443603515625 37.60203552246094 1892.8900146484375 142.6741943359375 
481
3 1119.997802734375 19.33514404296875 1202.19384765625 163.41891479492188 
3 1192.0518798828125 0.0 1248.374755859375 89.75641632080078 
3 1834.9002685546875 36.133544921875 1885.6527099609375 148.3174285888672 
482
3 1118.7982177734375 20.027503967285156 1199.3763427734375 164.789306640625 
3 1187.772216796875 0.0 1242.070556640625 92.84681701660156 
3 1829.8809814453125 38.60333251953125 1880.8074951171875 148.90017700195312 
483
3 1824.81494140625 40.786643981933594 1877.717529296875 148.04611206054688 
3 1183.8409423828125 0.0 1238.262451171875 89.44120788574219 
3 1126.3736572265625 18.47252655029297 1195.2080078125 164.9058380126953 
3 683.4462280273438 15.976699829101562 719.4518432617188 98.0472412109375 
484
3 1822.291748046875 41.5504150390625 1873.1634521484375 148.30392456054688 
3 1141.5517578125 16.894317626953125 1192.005859375 161.61978149414062 
3 1181.4903564453125 0.0 1237.18896484375 89.83175659179688 
3 2119.967529296875 52.40984344482422 2209.193603515625 99.45162963867188 
3 680.0252685546875 39.616905212402344 719.429931640625 104.08218383789062 
485
3 1178.35205078125 0.0 1230.523193359375 89.93566131591797 
3 1132.4561767578125 16.392868041992188 1189.618896484375 160.5797119140625 
3 1823.6124267578125 36.884613037109375 1872.92822265625 139.77874755859375 
3 1127.6634521484375 0.0 1171.175537109375 63.723304748535156 
486
3 1815.1646728515625 25.36341094970703 1869.5447998046875 146.27313232421875 
3 1121.0751953125 13.234230041503906 1195.210693359375 161.17356872558594 
487
3 1811.173583984375 30.297958374023438 1867.7877197265625 146.27903747558594 
3 1124.1021728515625 8.304618835449219 1191.6917724609375 160.37298583984375 
3 1120.6224365234375 0.15305709838867188 1225.908935546875 158.85125732421875 
3 1168.611328125 0.0 1222.454345703125 90.49720764160156 
3 671.9209594726562 37.778411865234375 716.033935546875 105.35354614257812 
488
3 1124.24609375 0.24185943603515625 1225.2373046875 158.7134246826172 
3 668.8069458007812 25.546524047851562 700.333984375 96.28349304199219 
489
3 1136.8736572265625 0.0 1218.64990234375 155.3822021484375 
3 1116.069580078125 0.0 1159.76025390625 84.17402648925781 
3 664.1312866210938 33.108978271484375 710.49267578125 105.85699462890625 
3 1812.8980712890625 29.15276336669922 1858.810546875 134.10064697265625 
490
3 1139.5772705078125 0.0 1218.6904296875 155.9169158935547 
491
3 1140.9971923828125 0.0 1213.8978271484375 153.27005004882812 
3 1104.3262939453125 0.0 1154.172607421875 86.26881408691406 
3 1781.8704833984375 0.7480239868164062 1849.1280517578125 139.07174682617188 
492
3 1139.337158203125 1.6400985717773438 1198.1329345703125 152.4936065673828 
3 1106.8856201171875 0.0 1152.77001953125 86.71573638916016 
493
3 1138.102294921875 3.9446182250976562 1194.4796142578125 153.40121459960938 
3 1101.8173828125 0.0 1151.577880859375 87.65601348876953 
3 1800.4144287109375 30.260887145996094 1842.2235107421875 134.38336181640625 
494
3 1095.990478515625 0.0 1142.5120849609375 85.00516510009766 
3 1134.784423828125 9.629920959472656 1197.748291015625 150.74652099609375 
3 1797.8046875 27.598011016845703 1842.1734619140625 128.37380981445312 
495
3 1133.3974609375 12.132354736328125 1191.9761962890625 148.9640350341797 
3 1099.429931640625 0.0 1138.2490234375 84.2967758178711 
3 1134.191162109375 12.599117279052734 1214.682373046875 147.84727478027344 
3 1794.9625244140625 28.826133728027344 1836.9283447265625 133.79946899414062 
496
3 1129.6783447265625 16.29895782470703 1209.27001953125 150.14784240722656 
3 650.2051391601562 29.589614868164062 684.2557373046875 105.72492980957031 
3 1096.5765380859375 0.0 1135.183837890625 83.34622955322266 
497
3 1128.3140869140625 15.710975646972656 1204.8775634765625 148.68402099609375 
3 1091.671142578125 0.0 1132.4208984375 82.97124481201172 
498
3 1087.373291015625 0.0 1130.96533203125 83.39982604980469 
3 1783.203125 31.547271728515625 1829.49609375 144.42434692382812 
3 1125.822265625 14.1214599609375 1192.3935546875 149.48028564453125 
3 642.4708251953125 37.28761291503906 676.8856811523438 102.77151489257812 
499
3 1120.0462646484375 18.600051879882812 1204.1263427734375 151.36642456054688 
3 1084.79833984375 0.0 1128.9937744140625 85.02742004394531 
3 641.7315063476562 23.300182342529297 685.6561279296875 110.61386108398438 
3 1777.3480224609375 28.773696899414062 1824.8621826171875 143.83201599121094 
3 1119.755859375 0.0 1172.6165771484375 84.12303924560547 
500
3 1078.7515869140625 0.0 1126.8590087890625 82.38831329345703 
3 1122.387451171875 17.437973022460938 1206.6798095703125 144.73565673828125 
3 1773.7725830078125 27.12445068359375 1822.3477783203125 142.9381103515625 
3 1113.3914794921875 0.0 1174.393798828125 82.55542755126953 
3 639.1084594726562 35.96263122558594 682.6775512695312 109.04818725585938 
501
3 1074.0023193359375 0.0 1121.691162109375 83.71582794189453 
3 1108.214111328125 0.188690185546875 1162.6285400390625 84.5812759399414 
3 1122.367919921875 16.98895263671875 1206.2799072265625 145.71588134765625 
3 1775.415771484375 34.782875061035156 1820.7808837890625 126.79864501953125 
502
3 1103.943603515625 0.0 1157.708984375 85.53543853759766 
3 1070.186279296875 0.0 1116.5723876953125 83.87321472167969 
3 1134.0111083984375 17.413177490234375 1203.8946533203125 141.8623046875 
3 1769.72216796875 32.514617919921875 1813.199951171875 141.3858642578125 
503
3 1101.2093505859375 0.0 1152.2625732421875 85.1543960571289 
3 1066.2369384765625 0.0 1110.35595703125 84.36412048339844 
3 1765.343505859375 33.46580505371094 1813.1822509765625 139.47842407226562 
3 1135.973876953125 14.202651977539062 1201.5765380859375 138.6924285888672 
504
3 1063.1607666015625 0.0 1106.465576171875 84.34590148925781 
3 1096.0992431640625 0.2841224670410156 1148.578369140625 88.90383911132812 
3 1761.480224609375 30.380828857421875 1809.233154296875 139.1121063232422 
3 1139.3709716796875 14.10366439819336 1204.600341796875 137.62075805664062 
3 625.5462036132812 36.1661376953125 673.495361328125 113.06024169921875 
505
3 1058.5081787109375 0.0 1096.6239013671875 84.898681640625 
3 1760.3419189453125 26.51873779296875 1807.2210693359375 139.2520294189453 
3 1143.8690185546875 14.701095581054688 1201.9405517578125 134.64959716796875 
3 1090.1630859375 0.0 1142.945556640625 87.49165344238281 
3 1090.8243408203125 0.7377281188964844 1143.3646240234375 87.7594985961914 
3 622.3307495117188 37.28167724609375 669.5838623046875 111.90510559082031 
506
3 1055.0201416015625 0.0 1095.023681640625 83.51707458496094 
3 1087.7286376953125 0.4279632568359375 1137.1700439453125 82.20857238769531 
3 1144.233154296875 14.22027587890625 1198.01318359375 129.27198791503906 
3 1752.75634765625 25.70069122314453 1806.6578369140625 124.96748352050781 
3 618.3521728515625 33.665687561035156 666.4192504882812 112.12724304199219 
507
3 1144.5137939453125 13.444694519042969 1195.5609130859375 127.17864990234375 
3 1045.9136962890625 0.0 1086.44873046875 83.33280181884766 
3 1077.855224609375 0.8641433715820312 1132.323486328125 88.05433654785156 
3 615.1014404296875 36.59703063964844 655.5516357421875 111.32229614257812 
3 1742.281005859375 21.26355743408203 1801.2392578125 135.93099975585938 
508
3 1143.8131103515625 12.689476013183594 1196.0062255859375 127.40814208984375 
3 1742.534912109375 19.209583282470703 1796.681640625 135.59765625 
3 1040.8505859375 0.095489501953125 1079.050537109375 84.34148406982422 
3 1068.6614990234375 1.8425140380859375 1127.0260009765625 83.29949951171875 
3 609.8519897460938 47.634979248046875 652.662841796875 112.22848510742188 
3 620.0028686523438 2.3475570678710938 649.0844116210938 59.4000244140625 
509
3 1059.656982421875 2.563129425048828 1123.4434814453125 89.6353530883789 
3 1142.8734130859375 12.112991333007812 1205.7174072265625 132.93548583984375 
3 1033.964599609375 0.0 1073.871826171875 86.38467407226562 
3 1738.1641845703125 25.209182739257812 1791.2110595703125 134.5782470703125 
