0
3 326.9981689453125 410.7417297363281 449.2545166015625 766.547607421875 
3 271.3612976074219 464.630126953125 320.1721496582031 609.0952758789062 
3 218.48963928222656 461.281494140625 275.35272216796875 616.7130126953125 
1
3 327.08050537109375 412.0721740722656 450.0247497558594 769.4760131835938 
3 271.68365478515625 466.0614013671875 320.935546875 611.7335815429688 
3 218.74658203125 461.76556396484375 276.58416748046875 619.2940063476562 
2
3 326.7557678222656 413.3265686035156 449.787353515625 769.8328857421875 
3 271.482421875 467.68890380859375 320.6989440917969 615.0634765625 
3 218.757568359375 464.1716613769531 276.390380859375 620.0842895507812 
3
3 327.0059814453125 410.513671875 449.7232666015625 768.4420776367188 
3 218.94007873535156 460.8287048339844 276.4722900390625 617.0919799804688 
3 271.4674072265625 464.82403564453125 320.5934143066406 611.550537109375 
4
3 327.1792297363281 410.478515625 449.9369201660156 770.91943359375 
3 219.14254760742188 460.7463073730469 276.6580810546875 617.1047973632812 
3 271.4200744628906 464.9310607910156 320.9814758300781 611.3277587890625 
5
3 326.34405517578125 411.5034484863281 449.37158203125 765.9716186523438 
3 271.2631530761719 464.5194396972656 320.4178466796875 608.4904174804688 
3 219.49346923828125 461.8888854980469 276.3240966796875 617.8630981445312 
6
3 325.28790283203125 411.2393493652344 448.97821044921875 766.6377563476562 
3 219.5101776123047 461.3648986816406 276.2489929199219 617.1884765625 
3 271.2414245605469 464.15643310546875 319.3219299316406 610.4637451171875 
7
3 324.2329406738281 410.8034362792969 449.02606201171875 765.2706298828125 
3 270.6435546875 465.2791748046875 319.224609375 614.9357299804688 
3 219.46961975097656 460.9299621582031 275.8834533691406 616.2213745117188 
8
3 324.5747985839844 411.05621337890625 449.36151123046875 766.1868896484375 
3 218.99354553222656 460.7402648925781 275.9731750488281 616.6526489257812 
3 270.76336669921875 464.4073791503906 318.4244384765625 609.9563598632812 
9
3 324.0988464355469 411.52001953125 449.611083984375 764.6306762695312 
3 218.90135192871094 460.8360900878906 275.85223388671875 616.8327026367188 
3 270.7284851074219 464.2229309082031 318.6043701171875 609.7969970703125 
10
3 322.79205322265625 411.11334228515625 451.3616027832031 764.4849243164062 
3 270.5394592285156 464.4164733886719 318.545654296875 607.3128662109375 
3 218.31101989746094 460.1533203125 275.7586975097656 616.4925537109375 
11
3 322.2508850097656 410.86724853515625 453.2461853027344 767.7017211914062 
3 270.7679443359375 464.3548583984375 319.3173828125 607.3424682617188 
3 218.3279266357422 460.1309814453125 275.58819580078125 616.6695556640625 
12
3 321.4549255371094 410.72991943359375 454.9299621582031 770.941650390625 
3 219.0134735107422 460.38494873046875 275.656982421875 616.47216796875 
3 271.20599365234375 464.42205810546875 319.2226867675781 608.7874755859375 
13
3 320.2286682128906 410.9458923339844 455.0585632324219 767.48876953125 
3 270.5028076171875 464.77691650390625 318.3674011230469 606.4376831054688 
3 218.69189453125 460.32672119140625 274.7193298339844 616.183349609375 
14
3 319.10333251953125 411.91424560546875 457.3829345703125 767.6167602539062 
3 218.8733367919922 460.26873779296875 274.75396728515625 616.4668579101562 
3 270.1234130859375 465.59124755859375 319.09490966796875 613.67626953125 
15
3 317.68450927734375 411.3827819824219 458.9378662109375 769.3158569335938 
3 218.28890991210938 459.9255065917969 274.73602294921875 616.7702026367188 
3 269.9795227050781 465.0106506347656 319.4228210449219 610.0383911132812 
16
3 316.0709228515625 410.5428771972656 460.45489501953125 771.45361328125 
3 217.8272247314453 459.6767578125 273.81243896484375 616.6441040039062 
3 269.74346923828125 464.5082092285156 318.591064453125 603.947265625 
17
3 314.6337585449219 410.4873046875 464.16156005859375 770.726318359375 
3 217.85096740722656 460.0259704589844 274.367431640625 616.6948852539062 
3 270.2441711425781 464.5354919433594 319.6044616699219 604.3849487304688 
18
3 314.9585266113281 410.95660400390625 466.6300048828125 769.023193359375 
3 270.0516662597656 464.3206787109375 321.3390197753906 612.7780151367188 
3 217.65293884277344 460.98065185546875 273.69854736328125 616.6280517578125 
19
3 312.8644104003906 410.8295593261719 469.05303955078125 767.8661499023438 
3 217.72640991210938 460.2630615234375 273.922119140625 617.07568359375 
3 270.1024475097656 464.9766540527344 318.8188781738281 609.229248046875 
20
3 311.7245178222656 410.66143798828125 470.2633056640625 768.7188720703125 
3 217.53955078125 461.2232971191406 273.6035461425781 616.3804931640625 
3 269.6219177246094 464.72821044921875 318.75262451171875 611.684326171875 
21
3 311.09100341796875 410.80682373046875 471.2787170410156 768.40576171875 
3 217.35791015625 461.243896484375 273.9791564941406 616.534423828125 
3 269.4195556640625 464.398681640625 318.3409423828125 611.9237670898438 
22
3 311.2452392578125 410.6670227050781 471.8818359375 768.1331176757812 
3 216.76895141601562 460.6571350097656 274.0130310058594 616.9142456054688 
3 269.1622314453125 464.52423095703125 318.7427978515625 608.9408569335938 
23
3 310.4024963378906 410.85223388671875 472.1846008300781 769.4496459960938 
3 216.8052520751953 460.7086486816406 273.9192199707031 616.7237548828125 
3 269.3297424316406 464.8050231933594 319.3554382324219 608.7485961914062 
24
3 311.6370544433594 410.7235107421875 472.47528076171875 767.1976928710938 
3 268.9693603515625 464.7592468261719 318.41607666015625 610.7467651367188 
3 216.8085174560547 461.0210266113281 273.3966064453125 616.4569091796875 
25
3 311.4561767578125 410.74786376953125 471.4686584472656 767.820556640625 
3 268.99383544921875 464.77490234375 320.2704772949219 612.8439331054688 
3 216.8350067138672 461.37762451171875 272.8634948730469 616.1863403320312 
26
3 311.4062194824219 410.66357421875 472.0772399902344 767.8453369140625 
27
3 311.9383239746094 410.48028564453125 471.77996826171875 766.8956909179688 
3 268.8249206542969 464.6880187988281 316.4322509765625 611.1229248046875 
3 216.24862670898438 460.0483093261719 273.4446716308594 617.8780517578125 
28
3 312.2373962402344 411.1236877441406 471.2087707519531 765.9485473632812 
3 216.2867431640625 460.13336181640625 273.5995788574219 618.2744750976562 
3 268.6418151855469 464.41278076171875 317.6679382324219 617.201171875 
29
3 312.9374084472656 410.9161376953125 470.6929626464844 767.6070556640625 
3 268.7594299316406 464.1922607421875 318.1940002441406 616.6218872070312 
3 215.88209533691406 460.1046142578125 273.9150390625 617.356689453125 
30
3 313.53936767578125 411.3734436035156 469.3981018066406 765.314453125 
3 216.7293701171875 460.61004638671875 273.5685729980469 617.2913208007812 
3 269.2247619628906 463.5860900878906 316.193359375 615.0220947265625 
31
3 313.64984130859375 411.7833251953125 468.371826171875 764.943603515625 
3 269.0397033691406 464.1356506347656 316.6676025390625 614.8026123046875 
3 216.35125732421875 460.80377197265625 273.6529541015625 617.5808715820312 
32
3 314.9753112792969 411.3097229003906 466.2352600097656 768.5550537109375 
3 269.0306091308594 463.72845458984375 316.93194580078125 616.1748657226562 
3 216.9351348876953 461.53778076171875 272.69097900390625 616.9456787109375 
33
3 315.8755187988281 410.6042175292969 465.11114501953125 765.4771728515625 
3 268.98773193359375 463.8072509765625 319.38055419921875 618.1091918945312 
34
3 315.7962951660156 410.8701171875 463.4248352050781 766.4853515625 
3 269.312255859375 464.2442626953125 319.2747802734375 617.2487182617188 
3 217.06719970703125 461.0644226074219 273.51275634765625 616.7596435546875 
35
3 316.9091491699219 410.8949890136719 460.2925720214844 766.724853515625 
3 269.4158020019531 464.9050598144531 318.1383972167969 616.3170166015625 
3 217.05218505859375 461.2834167480469 273.4307556152344 616.5908813476562 
36
3 317.60650634765625 411.509033203125 457.01861572265625 767.184814453125 
3 217.0736541748047 461.04083251953125 273.7543029785156 617.1760864257812 
3 269.5318908691406 464.7571105957031 318.2346496582031 614.7387084960938 
37
3 318.67083740234375 411.6221923828125 454.8674011230469 767.8057861328125 
3 269.4364013671875 464.1415100097656 317.5683288574219 615.9970092773438 
3 216.8810577392578 461.2725524902344 273.2632751464844 617.045654296875 
38
3 318.59564208984375 411.67181396484375 453.0978698730469 766.6337280273438 
3 269.2939453125 464.317138671875 317.8298034667969 616.6785278320312 
3 217.1213836669922 460.9471740722656 273.37213134765625 616.834716796875 
39
3 318.8909912109375 411.9851989746094 452.3083190917969 767.3814697265625 
3 269.35101318359375 464.591796875 316.83331298828125 610.5616455078125 
3 216.8842315673828 461.0691833496094 273.7261657714844 616.840576171875 
40
3 319.78289794921875 411.85577392578125 452.3990478515625 769.4917602539062 
3 217.47579956054688 461.2445373535156 273.8466796875 617.4303588867188 
3 269.8017883300781 464.57025146484375 317.47015380859375 610.0639038085938 
41
3 321.4146423339844 411.16680908203125 452.3712158203125 764.8165283203125 
3 216.99920654296875 460.7130432128906 273.7549743652344 617.0597534179688 
3 269.5408020019531 464.4314880371094 318.1295471191406 610.639892578125 
42
3 321.46966552734375 410.7060241699219 452.58447265625 769.2277221679688 
3 217.4454803466797 460.75177001953125 273.83111572265625 617.4940795898438 
3 269.70697021484375 465.02850341796875 317.90631103515625 610.6493530273438 
43
3 322.13555908203125 412.0879211425781 452.3835754394531 766.5465087890625 
3 217.87020874023438 460.9595031738281 273.97027587890625 617.637451171875 
3 269.46112060546875 465.2045593261719 317.5043029785156 609.171875 
44
3 323.3326721191406 412.1311340332031 452.2612609863281 765.1356811523438 
3 217.2024688720703 459.9198303222656 273.98175048828125 617.62060546875 
3 269.299072265625 464.7751770019531 317.0366516113281 608.6781005859375 
45
3 324.2632141113281 412.5421142578125 452.0567321777344 769.7437133789062 
3 269.18206787109375 464.7298583984375 316.5521240234375 609.145263671875 
3 217.5479736328125 461.1427307128906 274.0290832519531 617.4320678710938 
3 217.27713012695312 460.0556335449219 274.0973815917969 617.669921875 
46
3 324.8863220214844 412.0711669921875 450.2509765625 769.8319702148438 
3 269.0587158203125 465.1546325683594 316.888916015625 609.4021606445312 
3 216.9989776611328 460.3185729980469 274.1229248046875 617.864501953125 
47
3 324.6628723144531 412.18359375 450.1556396484375 766.8330688476562 
3 216.94497680664062 461.1593933105469 273.8752136230469 617.1229858398438 
3 269.0679626464844 464.47515869140625 316.6571044921875 607.5501098632812 
48
3 324.6300048828125 412.3532409667969 449.33746337890625 767.3654174804688 
3 269.1044006347656 464.3327941894531 316.6608581542969 607.054931640625 
3 216.38087463378906 461.04052734375 273.7012939453125 617.0791625976562 
49
3 324.09600830078125 412.3702697753906 448.2467956542969 768.980712890625 
3 269.2281188964844 464.6064147949219 316.74761962890625 606.781005859375 
3 216.74111938476562 461.2140197753906 273.8553466796875 616.9642333984375 
50
3 324.0252990722656 412.16705322265625 447.17901611328125 769.5318603515625 
3 268.8371276855469 463.96417236328125 316.84716796875 607.442138671875 
3 216.6649627685547 460.7198486328125 273.987060546875 617.1520385742188 
51
3 324.1469421386719 412.0608215332031 446.1412658691406 769.7446899414062 
3 268.7500915527344 463.7474060058594 317.0845947265625 608.556396484375 
3 216.56910705566406 460.9062194824219 273.7579650878906 617.0715942382812 
52
3 324.2989807128906 412.4713439941406 445.6393737792969 769.428955078125 
3 216.5558624267578 460.7257995605469 273.7452392578125 617.8914794921875 
3 268.9087219238281 464.0246887207031 317.201904296875 607.5723876953125 
53
3 324.2679748535156 411.73114013671875 445.3026428222656 764.8826904296875 
3 269.1980285644531 464.6499938964844 317.2925720214844 610.6265258789062 
3 216.71971130371094 460.71307373046875 273.838623046875 617.3809814453125 
54
3 324.1056213378906 411.2074890136719 445.41998291015625 765.055908203125 
3 268.9219970703125 465.52288818359375 318.3628234863281 613.9546508789062 
3 216.4867401123047 460.4031677246094 273.4864196777344 617.3278198242188 
55
3 324.1906433105469 411.6537170410156 445.50054931640625 765.1726684570312 
3 216.4708709716797 460.45068359375 273.6090393066406 617.7731323242188 
3 269.4475402832031 464.8729553222656 317.1781311035156 611.7673950195312 
56
3 323.06683349609375 411.358642578125 445.1653747558594 764.8504028320312 
3 268.709228515625 464.4629821777344 317.38922119140625 610.1876220703125 
3 216.6616668701172 460.48968505859375 273.3298645019531 617.9389038085938 
57
3 268.6083068847656 464.6230773925781 317.2048645019531 609.2946166992188 
3 216.35647583007812 459.9225158691406 273.5475769042969 617.6824951171875 
3 322.4043273925781 411.6419677734375 445.53277587890625 766.0866088867188 
58
3 323.0867614746094 411.4107360839844 445.3594665527344 767.9542846679688 
3 268.3388671875 464.3070373535156 316.8995056152344 609.9765014648438 
3 216.6905059814453 460.9250183105469 273.4638977050781 617.22021484375 
59
3 269.08758544921875 464.0400695800781 316.8326110839844 610.4110717773438 
3 216.8653106689453 460.9931945800781 273.3855285644531 616.7944946289062 
3 323.03466796875 411.05328369140625 445.508544921875 767.264892578125 
3 322.71917724609375 411.4931945800781 445.8594665527344 767.6002807617188 
60
3 322.05908203125 411.52728271484375 445.5614318847656 767.974609375 
3 268.87335205078125 464.0499572753906 317.17333984375 612.8074951171875 
3 217.12945556640625 461.3851318359375 273.1495361328125 616.5381469726562 
61
3 269.0323181152344 463.9175720214844 316.9097900390625 610.7481079101562 
3 322.29351806640625 411.6720886230469 445.6593933105469 766.6141357421875 
3 322.55035400390625 410.9452819824219 445.3192138671875 766.2406005859375 
3 217.0026397705078 461.3162841796875 273.087646484375 616.3875732421875 
62
3 321.9993896484375 411.1733093261719 445.6684875488281 765.8291015625 
3 268.7840881347656 464.2884826660156 317.0327453613281 609.6211547851562 
3 216.91722106933594 460.9653015136719 273.1867980957031 615.8973999023438 
63
3 322.2900085449219 410.9566955566406 445.24932861328125 765.11376953125 
3 268.8742370605469 463.9745178222656 318.3076171875 612.043212890625 
3 216.99778747558594 460.913818359375 273.29888916015625 616.2465209960938 
64
3 322.74505615234375 411.06536865234375 445.08746337890625 765.474609375 
3 268.7179870605469 464.2105712890625 318.80615234375 612.2550659179688 
3 216.83848571777344 460.9307861328125 273.4930419921875 616.53662109375 
65
3 322.22296142578125 410.7887878417969 444.9822998046875 767.1551513671875 
3 268.9579772949219 464.4745788574219 318.02099609375 612.1470336914062 
3 217.09031677246094 460.94964599609375 273.5367736816406 616.7523193359375 
66
3 321.12310791015625 410.86376953125 444.9848327636719 766.5309448242188 
3 268.8712158203125 464.2479248046875 318.19439697265625 611.218505859375 
3 216.91004943847656 461.0246276855469 273.7930603027344 617.350830078125 
3 216.849853515625 459.97119140625 274.0450744628906 617.5101318359375 
67
3 320.5091247558594 409.9699401855469 444.7958984375 765.5072631835938 
3 269.1801452636719 464.1361999511719 317.5572509765625 610.3223266601562 
3 216.6287841796875 459.8701477050781 274.0404052734375 617.596435546875 
68
3 319.3304443359375 410.1572570800781 444.7802429199219 768.4953002929688 
3 216.8844451904297 460.15423583984375 274.2767333984375 617.4008178710938 
3 269.11419677734375 464.07073974609375 317.7554931640625 610.2059326171875 
69
3 317.9261474609375 410.22528076171875 445.1843566894531 767.952392578125 
3 268.8533935546875 464.0440979003906 318.3095703125 611.2168579101562 
3 216.7454833984375 461.3302307128906 273.8529052734375 617.8071899414062 
70
3 216.66696166992188 461.0896301269531 273.9754943847656 617.7265625 
3 268.9376220703125 464.183349609375 317.5267028808594 612.0574951171875 
3 317.3939514160156 410.0563659667969 445.2091369628906 765.1717529296875 
71
3 316.6246337890625 409.89642333984375 445.29412841796875 766.5255126953125 
3 268.4882507324219 464.13720703125 318.47625732421875 615.7366943359375 
72
3 315.476806640625 410.1307067871094 445.2691955566406 766.8063354492188 
3 216.73426818847656 460.9962463378906 273.89276123046875 617.3943481445312 
3 268.58831787109375 464.293212890625 319.3334045410156 613.994140625 
73
3 316.7101135253906 409.6265563964844 444.8689270019531 765.1096801757812 
3 268.7781677246094 464.03521728515625 317.1781921386719 614.9097900390625 
3 217.313232421875 460.0462646484375 273.8056335449219 617.626708984375 
74
3 316.81243896484375 409.7567138671875 444.6264953613281 764.6347045898438 
3 217.35264587402344 461.01611328125 273.6661682128906 617.147705078125 
3 269.1178894042969 464.1023254394531 318.7901611328125 615.526123046875 
75
3 316.5281066894531 409.5295104980469 444.6461181640625 765.2147827148438 
3 217.25308227539062 460.1651306152344 274.2872009277344 617.8355712890625 
3 269.0443115234375 463.6541748046875 318.5118408203125 614.5762939453125 
76
3 317.72186279296875 409.6593933105469 444.709716796875 767.3487548828125 
3 216.880615234375 460.7765197753906 273.8537292480469 617.6221313476562 
3 268.9773864746094 463.8695373535156 319.7535705566406 615.0084228515625 
77
3 317.7160949707031 409.60430908203125 444.8009948730469 767.0560913085938 
3 268.9966735839844 463.78729248046875 324.0569152832031 614.089111328125 
3 216.6884765625 460.98394775390625 273.5356140136719 617.4320068359375 
78
3 318.39825439453125 409.52105712890625 444.890380859375 768.6260375976562 
3 216.49050903320312 460.6058654785156 273.7840270996094 617.1690673828125 
3 268.9443054199219 464.00115966796875 328.4223327636719 614.0444946289062 
79
3 318.4976806640625 409.5661926269531 444.7910461425781 768.274658203125 
3 216.60731506347656 460.7845458984375 273.9754638671875 617.5994873046875 
3 269.02667236328125 464.332763671875 326.2543029785156 616.2509155273438 
80
3 320.6956481933594 409.7943420410156 444.981201171875 765.6948852539062 
3 269.1437072753906 464.74310302734375 333.30267333984375 619.3275146484375 
3 216.58998107910156 459.78363037109375 274.11126708984375 618.2053833007812 
81
3 320.2074890136719 409.87548828125 446.4549255371094 764.4387817382812 
3 217.102294921875 460.6634216308594 274.2702331542969 618.19775390625 
3 268.9287414550781 464.62518310546875 329.49993896484375 618.9981079101562 
82
3 319.9017028808594 409.83343505859375 447.4939270019531 769.0216064453125 
3 268.5206298828125 464.7165832519531 319.531005859375 616.9517211914062 
3 217.16543579101562 460.6578674316406 274.3727722167969 617.5579833984375 
83
3 319.80322265625 409.40716552734375 448.9709777832031 767.6871337890625 
3 268.6615905761719 464.8065490722656 330.4215393066406 618.0109252929688 
84
3 321.6031494140625 409.7190856933594 450.17901611328125 767.51904296875 
3 216.8654022216797 460.0016784667969 274.07666015625 618.3046264648438 
3 268.66314697265625 464.21978759765625 325.8587646484375 613.7479248046875 
85
3 321.8407897949219 409.99835205078125 450.6916198730469 766.0517578125 
3 268.80377197265625 465.73443603515625 318.5240478515625 615.6016845703125 
86
3 322.6774597167969 409.8226318359375 450.0157775878906 765.5245971679688 
3 268.8586120605469 464.6973571777344 316.8531188964844 612.2091674804688 
3 216.81085205078125 460.927734375 273.66754150390625 617.5651245117188 
87
3 322.48516845703125 409.5084228515625 448.75555419921875 766.2341918945312 
3 268.9508361816406 464.3625183105469 319.6329345703125 609.7877197265625 
3 216.52072143554688 459.78826904296875 273.68402099609375 617.9899291992188 
88
3 322.0341491699219 409.68585205078125 448.5772705078125 765.2164916992188 
3 268.86474609375 464.3855895996094 318.2942810058594 610.3336181640625 
3 217.07821655273438 459.7383728027344 273.788818359375 617.5545043945312 
89
3 321.8377990722656 409.8475341796875 446.3802795410156 765.7648315429688 
3 268.75958251953125 463.1358337402344 319.899169921875 616.8089599609375 
3 217.02023315429688 459.86749267578125 273.6056213378906 617.6505737304688 
90
3 321.798095703125 409.7947082519531 444.99847412109375 765.7621459960938 
3 267.8597717285156 464.15460205078125 318.01739501953125 614.7881469726562 
3 217.21835327148438 461.87322998046875 272.6910400390625 618.6475219726562 
91
3 216.81263732910156 460.6558532714844 273.3099060058594 618.3782958984375 
3 267.58465576171875 465.2705383300781 318.0588684082031 617.0945434570312 
3 321.38653564453125 409.4523010253906 444.8044738769531 764.2857055664062 
3 321.1058349609375 409.7414245605469 445.1086120605469 764.8101196289062 
92
3 319.81134033203125 409.8065185546875 444.80029296875 765.1842041015625 
3 267.907958984375 463.985595703125 317.2129821777344 612.7139282226562 
3 216.76512145996094 460.60418701171875 272.9753723144531 618.1716918945312 
93
3 318.43719482421875 409.9728088378906 444.6352844238281 765.3450317382812 
3 267.9489440917969 463.2008972167969 317.12457275390625 612.9422607421875 
3 216.62269592285156 460.9285583496094 273.0791931152344 617.6611328125 
94
3 317.95196533203125 409.7486572265625 444.7738952636719 765.6509399414062 
3 216.1826934814453 460.5608215332031 272.6521301269531 618.2924194335938 
3 267.66595458984375 463.0665283203125 317.1827087402344 614.4938354492188 
95
3 317.656982421875 409.7082214355469 445.71087646484375 764.6495361328125 
3 267.8170166015625 463.2235412597656 317.0379333496094 614.744384765625 
3 216.3966064453125 460.6540222167969 272.5154113769531 618.3968505859375 
96
3 317.597900390625 409.54937744140625 445.6390075683594 767.597900390625 
3 267.7565002441406 463.735107421875 316.7244873046875 615.6077270507812 
3 216.08827209472656 460.6436462402344 272.3570861816406 618.4868774414062 
97
3 216.36300659179688 460.5546569824219 272.6473388671875 618.1430053710938 
3 267.6600341796875 464.18914794921875 316.3570861816406 613.4496459960938 
3 317.87396240234375 409.67315673828125 445.4468994140625 767.5113525390625 
3 317.56304931640625 409.7232360839844 445.5837707519531 768.1887817382812 
98
3 216.39849853515625 460.6761779785156 272.3004150390625 618.1234130859375 
3 267.465087890625 464.6181335449219 316.24200439453125 616.2037353515625 
3 317.9762268066406 409.6498718261719 444.47125244140625 768.0062255859375 
3 317.58209228515625 409.5442199707031 444.5799255371094 768.57373046875 
99
3 316.1884460449219 409.4012451171875 444.4089050292969 771.0543823242188 
3 216.39112854003906 460.469970703125 272.1761169433594 617.4388427734375 
3 267.3952941894531 463.25335693359375 315.7510681152344 613.8141479492188 
100
3 314.0973815917969 409.3626708984375 444.3878479003906 771.2349853515625 
3 267.07379150390625 463.4945068359375 316.0911560058594 614.13671875 
3 216.2245330810547 460.4665832519531 272.3445739746094 617.5145263671875 
101
3 315.35211181640625 409.7833557128906 444.2419738769531 767.5067138671875 
3 266.66046142578125 462.9208679199219 316.9974670410156 613.4657592773438 
3 216.1805877685547 460.3740539550781 271.7553405761719 617.3798217773438 
102
3 314.8708190917969 409.1155090332031 444.2785949707031 771.6467895507812 
3 266.5575256347656 463.3470458984375 315.7204895019531 611.5593872070312 
103
3 314.0065612792969 409.36248779296875 443.6060791015625 767.9833984375 
3 265.8271179199219 464.3410949707031 315.4721984863281 613.8303833007812 
3 215.52334594726562 460.8129577636719 271.39556884765625 617.949462890625 
104
3 313.0364685058594 409.8905944824219 443.66705322265625 767.419921875 
3 265.8052673339844 464.1712951660156 315.46856689453125 616.0796508789062 
105
3 315.4010314941406 409.1861572265625 443.49444580078125 769.1173095703125 
3 265.29730224609375 464.6285095214844 315.4688415527344 613.0930786132812 
106
3 315.6650695800781 409.4227294921875 443.2372131347656 771.68212890625 
3 265.2210998535156 464.54571533203125 315.1722106933594 612.74755859375 
107
3 316.04180908203125 409.1064147949219 443.0408935546875 769.29443359375 
3 265.2268371582031 464.4793395996094 315.29168701171875 610.7530517578125 
108
3 315.73480224609375 410.0707702636719 443.4203186035156 766.9047241210938 
3 265.0202331542969 463.90777587890625 314.5697937011719 612.5376586914062 
109
3 321.3492736816406 409.66552734375 447.7210998535156 765.1840209960938 
3 270.62261962890625 464.3082275390625 320.5349426269531 613.2702026367188 
3 219.43858337402344 460.4447021484375 275.0600280761719 616.8140258789062 
110
3 323.1437072753906 408.1172790527344 450.1065673828125 766.8052978515625 
3 271.4448547363281 464.1333923339844 323.02020263671875 613.7128295898438 
3 220.13714599609375 459.99951171875 276.6529846191406 616.27685546875 
111
3 325.6872253417969 409.048095703125 450.8700256347656 770.4006958007812 
3 272.0613098144531 465.5054016113281 321.068115234375 610.9994506835938 
3 221.13931274414062 459.85614013671875 277.88177490234375 616.5706787109375 
112
3 325.8372802734375 410.309326171875 450.93634033203125 768.27685546875 
3 271.9868469238281 465.9396057128906 321.1861267089844 611.7174682617188 
3 220.82606506347656 460.0492858886719 277.3809509277344 616.843994140625 
113
3 325.509033203125 408.1849365234375 450.9386901855469 769.3027954101562 
3 271.4144592285156 462.7082824707031 320.1844482421875 608.7533569335938 
3 219.6297149658203 458.4937438964844 276.2520446777344 615.4371337890625 
114
3 325.3453674316406 408.0149230957031 450.4932861328125 766.664306640625 
3 270.8806457519531 462.7607116699219 320.24005126953125 610.6759643554688 
3 219.2757110595703 458.8938903808594 275.6053771972656 615.5479736328125 
115
3 325.12646484375 408.9753112792969 450.2296447753906 765.7542114257812 
3 219.3657684326172 459.4785461425781 275.8825378417969 615.9935913085938 
116
3 266.9704284667969 464.3124694824219 315.27191162109375 612.5255126953125 
3 214.76834106445312 459.0872497558594 271.8754577636719 616.8591918945312 
3 322.2754821777344 409.9295654296875 445.33978271484375 765.4220581054688 
3 322.44329833984375 409.8657531738281 445.1650085449219 764.8134155273438 
117
3 321.0298767089844 410.0435485839844 444.0560302734375 769.9614868164062 
3 212.55674743652344 459.9755859375 271.3208312988281 618.2034301757812 
3 265.71990966796875 464.5919494628906 312.7532043457031 611.6969604492188 
3 320.81378173828125 410.4864807128906 444.1467590332031 770.1319580078125 
118
3 319.3294372558594 410.27178955078125 443.8709411621094 772.6334838867188 
3 212.335693359375 459.8634338378906 271.1010437011719 618.6763305664062 
3 264.971923828125 464.7828369140625 313.0232849121094 610.7779541015625 
119
3 319.4123840332031 410.9273986816406 444.3099060058594 769.2167358398438 
3 265.4872131347656 464.44403076171875 315.51544189453125 609.9859008789062 
3 212.93861389160156 461.24688720703125 271.2566223144531 619.6984252929688 
120
3 319.1275329589844 409.805908203125 443.86102294921875 770.6720581054688 
3 213.82896423339844 461.4325866699219 269.8343811035156 617.044189453125 
121
3 213.5865020751953 461.2119445800781 270.86993408203125 616.8949584960938 
3 264.687744140625 464.5553283691406 313.17059326171875 612.5575561523438 
3 318.889892578125 409.7661437988281 443.7475891113281 771.1664428710938 
3 319.1000061035156 409.38592529296875 443.7300109863281 771.1690673828125 
122
3 317.7272644042969 409.7694396972656 443.5196533203125 770.7127685546875 
3 213.25401306152344 460.9347839355469 270.8409118652344 616.962158203125 
3 265.060546875 464.25732421875 312.5752258300781 609.9060668945312 
123
3 317.4866638183594 409.6210632324219 443.6397399902344 771.1314697265625 
3 263.8929748535156 466.78924560546875 312.8415832519531 612.0813598632812 
124
3 317.22003173828125 409.3149719238281 443.9091796875 771.9912109375 
3 212.61428833007812 461.0594787597656 269.8205261230469 616.9963989257812 
3 264.09375 466.1140441894531 311.9687805175781 614.62939453125 
125
3 315.89459228515625 409.0345458984375 443.7757263183594 773.13525390625 
126
3 315.4966125488281 408.8546447753906 443.6382751464844 772.3623657226562 
127
3 314.9346618652344 408.8154602050781 443.3857727050781 771.4539794921875 
128
3 314.96759033203125 408.2925109863281 442.8145751953125 771.7760620117188 
3 263.0785217285156 465.9587707519531 311.6876525878906 603.5943603515625 
3 210.89695739746094 459.1280212402344 267.8438720703125 616.5493774414062 
129
3 313.76171875 408.1676330566406 442.9226379394531 772.4044189453125 
3 211.58074951171875 459.40093994140625 267.2485046386719 617.233642578125 
130
3 313.445068359375 408.5202941894531 442.5711364746094 771.5833740234375 
3 210.9263458251953 459.4904479980469 267.70111083984375 617.523681640625 
131
3 313.6192626953125 407.75445556640625 442.4641418457031 770.003173828125 
3 210.35128784179688 459.7239074707031 267.5588073730469 616.9815673828125 
3 262.91546630859375 463.02020263671875 311.2368469238281 605.6350708007812 
132
3 312.43011474609375 408.2212829589844 442.07904052734375 769.8279418945312 
3 209.63087463378906 460.0014343261719 267.62457275390625 617.7935791015625 
133
3 312.62451171875 408.96258544921875 441.3160400390625 768.9718017578125 
3 209.90145874023438 460.452392578125 267.46978759765625 617.4111938476562 
134
3 313.82275390625 409.5201416015625 440.93646240234375 768.1041870117188 
3 262.4440002441406 465.3468017578125 309.83636474609375 608.6837158203125 
3 209.0537109375 460.619384765625 267.4881286621094 617.8081665039062 
135
3 312.6288757324219 409.2930908203125 440.6567077636719 765.9241943359375 
3 262.21673583984375 464.9704284667969 309.7388000488281 609.5451049804688 
3 209.26602172851562 460.8218994140625 267.1294250488281 618.0192260742188 
136
3 311.3433532714844 409.84771728515625 440.8389587402344 767.1582641601562 
3 261.9867858886719 464.65740966796875 310.0467224121094 608.628662109375 
3 209.08526611328125 460.6767272949219 266.7204284667969 617.4441528320312 
137
3 311.2715759277344 410.082275390625 440.7195129394531 768.091796875 
3 261.49456787109375 464.5412292480469 310.23394775390625 609.6817016601562 
3 208.6179656982422 460.9131774902344 266.4837341308594 618.2152709960938 
138
3 311.02508544921875 409.1997375488281 440.4737548828125 769.6688232421875 
3 260.71527099609375 464.7904357910156 309.3657531738281 611.4171752929688 
139
3 310.8399658203125 409.25189208984375 440.3005676269531 770.7876586914062 
3 260.53460693359375 464.9570617675781 309.6995544433594 610.9722900390625 
3 208.3084259033203 460.78070068359375 266.57904052734375 617.7365112304688 
140
3 310.8132019042969 409.4893798828125 440.6259460449219 766.571044921875 
3 260.672119140625 465.198486328125 309.09259033203125 611.5621948242188 
3 208.08116149902344 460.5656433105469 266.7222595214844 617.5720825195312 
141
3 311.8886413574219 409.2845153808594 440.42449951171875 767.1830444335938 
3 260.2118835449219 464.6563415527344 308.6164855957031 612.3944091796875 
3 207.948486328125 460.35693359375 266.7938232421875 617.6495971679688 
142
3 311.4817810058594 407.943603515625 440.7225036621094 770.6427612304688 
143
3 310.7217712402344 407.5990905761719 440.34466552734375 768.7827758789062 
144
3 310.9185485839844 407.95147705078125 439.8612060546875 770.09765625 
3 208.9144287109375 460.7789611816406 265.2541809082031 617.1901245117188 
145
3 311.7814636230469 407.6553955078125 439.0516052246094 771.3013916015625 
3 208.28640747070312 460.5947570800781 264.76531982421875 617.2557373046875 
3 259.46771240234375 463.8033142089844 307.8388366699219 611.5684204101562 
146
3 311.37176513671875 407.9015808105469 439.0989990234375 771.26953125 
3 208.14308166503906 460.4858093261719 265.0267639160156 616.8218994140625 
3 259.3946228027344 464.01947021484375 307.7171325683594 611.808837890625 
147
3 310.8954162597656 408.43798828125 439.0968322753906 771.5634765625 
3 259.45166015625 463.9584045410156 307.8720703125 611.429443359375 
3 207.55148315429688 460.5962219238281 264.4667663574219 617.4863891601562 
148
3 310.18731689453125 408.1311950683594 439.1625671386719 768.8031005859375 
3 259.313720703125 464.11944580078125 308.3362731933594 609.1652221679688 
3 207.79339599609375 460.7000732421875 264.2718200683594 617.7516479492188 
149
3 308.8699951171875 408.3205261230469 438.8868103027344 770.319091796875 
3 259.3107604980469 464.9455261230469 307.50360107421875 607.7459716796875 
3 207.81446838378906 460.89068603515625 264.2015380859375 617.5759887695312 
150
3 308.0367431640625 408.8360595703125 438.978515625 769.4051513671875 
151
3 308.37744140625 409.8453674316406 438.8636169433594 770.2645263671875 
3 258.9287109375 464.6307067871094 308.26873779296875 610.4775390625 
152
3 308.39727783203125 409.365966796875 439.1564025878906 769.83056640625 
3 258.8907165527344 463.5726013183594 307.7434387207031 611.0492553710938 
3 206.86001586914062 460.536376953125 264.30072021484375 617.710693359375 
153
3 308.191162109375 409.67852783203125 439.233154296875 769.776123046875 
3 258.72308349609375 464.1412658691406 308.06756591796875 610.4723510742188 
3 206.8091583251953 460.7289733886719 264.4649353027344 617.7442626953125 
154
3 307.9290466308594 407.2189636230469 439.17333984375 769.3326416015625 
3 206.9544677734375 458.98187255859375 264.4200439453125 616.7820434570312 
3 258.9623718261719 462.5019836425781 307.5281066894531 605.8924560546875 
155
3 308.0075988769531 406.8362731933594 439.25079345703125 768.0765991210938 
3 259.2833251953125 462.5423583984375 307.6338195800781 604.9150390625 
3 206.903564453125 458.4918212890625 264.6556701660156 616.7892456054688 
156
3 307.9653015136719 406.3223876953125 439.3023376464844 765.7401123046875 
3 206.762939453125 457.86468505859375 264.7295837402344 615.9100952148438 
3 259.06475830078125 461.9806823730469 308.5181884765625 605.0221557617188 
157
3 307.7818908691406 405.87176513671875 439.0818786621094 761.766357421875 
3 207.0907440185547 457.7745056152344 264.6967468261719 614.6495361328125 
3 258.1365051269531 461.86029052734375 308.6230773925781 607.9982299804688 
158
3 307.66229248046875 406.377685546875 439.5693359375 767.28076171875 
3 207.32608032226562 457.8873596191406 264.4966125488281 615.3709716796875 
3 258.45361328125 461.6943359375 309.0365295410156 608.8818359375 
159
3 306.8080749511719 406.1011962890625 439.7099609375 766.9098510742188 
3 207.20594787597656 457.9149169921875 264.414794921875 615.2146606445312 
3 257.9293212890625 461.7396240234375 309.0487976074219 608.7709350585938 
160
3 307.462158203125 406.3349304199219 440.3156433105469 766.7630004882812 
3 206.78677368164062 457.9635314941406 264.1720275878906 615.793212890625 
3 257.61029052734375 462.2874755859375 308.80389404296875 606.0320434570312 
161
3 307.90716552734375 406.60015869140625 440.4666442871094 767.54541015625 
3 258.7605285644531 463.0115966796875 308.080810546875 606.036376953125 
3 206.9435272216797 458.9598388671875 264.9005126953125 617.0000610351562 
162
3 307.2190246582031 407.31207275390625 440.07916259765625 768.8115844726562 
3 258.83221435546875 462.83953857421875 308.0560302734375 605.5139770507812 
163
3 307.072265625 408.3497314453125 439.6190490722656 770.403076171875 
3 258.5556640625 464.3252868652344 308.2914733886719 608.9339599609375 
3 207.023681640625 459.4507141113281 263.8981018066406 616.8553466796875 
164
3 306.2539367675781 408.9322814941406 439.3343811035156 767.9923095703125 
3 258.3596496582031 465.2747497558594 307.10870361328125 611.846923828125 
3 206.90621948242188 460.37420654296875 264.1212463378906 616.896240234375 
165
3 305.4810791015625 409.0644836425781 441.3999938964844 766.7634887695312 
3 258.1627502441406 465.2774353027344 307.3481750488281 611.7758178710938 
3 206.9117889404297 460.4200744628906 263.8663635253906 616.9923095703125 
166
3 305.4381408691406 409.1465148925781 442.1102600097656 767.5294189453125 
3 258.3219299316406 465.2434387207031 307.4462585449219 612.5755615234375 
3 206.9761505126953 460.496826171875 263.632568359375 617.2235717773438 
167
3 305.65594482421875 409.0794982910156 441.9432067871094 768.7225341796875 
3 258.4642028808594 465.30279541015625 307.4849853515625 613.7296142578125 
168
3 304.7959899902344 408.68994140625 441.81463623046875 768.356201171875 
3 258.371826171875 464.2340087890625 308.5180358886719 611.5464477539062 
3 206.8654327392578 460.27618408203125 263.7064208984375 616.9920043945312 
169
3 305.55157470703125 408.1648864746094 441.1538391113281 769.1521606445312 
3 258.5041809082031 464.26019287109375 308.23492431640625 611.0657958984375 
3 206.70480346679688 459.87353515625 263.5176086425781 616.7732543945312 
3 305.0154724121094 408.7176208496094 440.91119384765625 769.238037109375 
170
3 306.0579833984375 407.2525634765625 441.1512451171875 770.0269775390625 
3 258.6903991699219 463.8902893066406 308.2855224609375 610.8668212890625 
3 206.6167755126953 459.1987609863281 263.1995544433594 616.9279174804688 
171
3 306.3380432128906 406.71417236328125 441.12506103515625 769.8636474609375 
3 258.763916015625 462.5895080566406 308.02642822265625 606.1840209960938 
3 206.62396240234375 458.71209716796875 263.6187744140625 616.71923828125 
172
3 306.0294189453125 406.6528015136719 440.7900085449219 768.4697265625 
3 258.2472839355469 462.86480712890625 307.7685241699219 605.5298461914062 
3 206.98704528808594 458.5807800292969 263.5426025390625 615.58984375 
173
3 306.8173828125 406.4014892578125 440.7261962890625 769.6294555664062 
3 207.15126037597656 458.6001281738281 263.9526672363281 616.2052612304688 
3 258.49896240234375 463.3015441894531 307.9817199707031 605.0079956054688 
174
3 307.0551452636719 406.9881591796875 441.4361877441406 768.479736328125 
3 207.240966796875 458.41839599609375 263.5697021484375 615.7715454101562 
3 258.35760498046875 462.9423522949219 308.2264709472656 605.4087524414062 
175
3 306.3278503417969 407.39080810546875 443.38250732421875 767.9912109375 
3 258.0743408203125 462.7951354980469 308.1551513671875 605.8494873046875 
3 207.01071166992188 458.3740539550781 262.9237060546875 615.8287963867188 
176
3 306.17236328125 407.2685852050781 444.4362487792969 770.6521606445312 
3 206.90524291992188 458.92962646484375 263.7117004394531 616.2365112304688 
3 258.507568359375 462.8440246582031 308.1823425292969 605.1124877929688 
177
3 305.96502685546875 407.1398620605469 445.4287109375 770.8795776367188 
3 206.64083862304688 458.96258544921875 263.6719055175781 616.264404296875 
3 258.6781921386719 463.0020751953125 307.46429443359375 605.335693359375 
178
3 306.6302490234375 406.8424987792969 446.1075744628906 770.169677734375 
3 258.4627990722656 462.8721618652344 307.6656188964844 605.2886352539062 
3 206.69952392578125 458.9599914550781 263.5545349121094 616.1968383789062 
179
3 307.313720703125 406.8955993652344 445.685791015625 771.5751342773438 
3 258.70111083984375 462.7304382324219 308.5513916015625 611.2384033203125 
3 206.87384033203125 459.353759765625 263.58197021484375 616.8873291015625 
180
3 306.9283142089844 407.08148193359375 445.9472351074219 767.7596435546875 
3 258.6317138671875 463.97259521484375 306.92523193359375 606.811279296875 
3 206.4828643798828 459.4607849121094 262.6582946777344 616.581298828125 
181
3 307.48663330078125 406.67010498046875 445.2405700683594 768.394775390625 
3 258.7548828125 462.7105407714844 307.0041198730469 607.9993896484375 
182
3 308.6839904785156 407.129638671875 443.3717956542969 770.7759399414062 
3 258.8868713378906 463.0826110839844 307.52447509765625 607.2205200195312 
183
3 308.6546936035156 406.75103759765625 442.8017578125 771.1902465820312 
3 258.8267822265625 462.65142822265625 307.57525634765625 606.20361328125 
3 206.75094604492188 459.6242980957031 263.2403869628906 616.26904296875 
184
3 308.7385559082031 406.76495361328125 440.62786865234375 768.8428344726562 
3 258.5230407714844 462.5069580078125 307.482421875 607.7279052734375 
3 206.39373779296875 459.3611145019531 263.5985107421875 616.2247924804688 
185
3 308.7554626464844 407.208251953125 440.1845703125 770.1961669921875 
3 258.69073486328125 463.4766845703125 307.5528869628906 605.6939086914062 
186
3 308.6108093261719 407.1565246582031 438.80987548828125 766.0671997070312 
3 258.57183837890625 463.07867431640625 308.06024169921875 605.595703125 
187
3 308.9518737792969 407.00494384765625 438.6649475097656 766.08935546875 
3 258.54473876953125 462.3869934082031 307.2914733886719 605.139892578125 
3 206.80673217773438 458.8968200683594 263.26409912109375 616.3265380859375 
188
3 308.7461242675781 406.8935852050781 438.4008483886719 764.2862548828125 
3 258.22650146484375 462.2593994140625 306.7010192871094 607.5243530273438 
3 206.40087890625 458.88555908203125 262.908447265625 615.9453735351562 
189
3 308.4402770996094 407.3272705078125 438.2164306640625 766.1951293945312 
3 258.4331359863281 462.72760009765625 306.713134765625 606.1322021484375 
3 206.43714904785156 459.05712890625 263.2673034667969 615.9755859375 
190
3 308.03826904296875 407.2251892089844 438.59228515625 766.8327026367188 
3 258.35009765625 462.8815002441406 307.07720947265625 607.0292358398438 
3 206.8468475341797 459.16259765625 263.55322265625 616.21923828125 
191
3 307.1687927246094 407.04962158203125 438.51214599609375 765.709228515625 
3 258.4361572265625 462.73773193359375 307.4564208984375 605.2800903320312 
3 206.72055053710938 458.9505615234375 263.5557861328125 615.956787109375 
192
3 307.0035400390625 407.0599365234375 438.6050720214844 766.40869140625 
3 258.5934143066406 462.7431640625 307.9217529296875 605.3770141601562 
193
3 305.9354553222656 406.9018249511719 438.60638427734375 766.2476806640625 
3 258.634033203125 463.77203369140625 307.70416259765625 605.074951171875 
194
3 305.7463073730469 406.803955078125 438.552734375 764.7418212890625 
3 258.62158203125 463.9781799316406 307.7862243652344 606.4860229492188 
195
3 305.7547607421875 407.2078857421875 438.584228515625 765.45849609375 
3 258.7220764160156 463.71954345703125 308.3746643066406 605.9459228515625 
196
3 305.75360107421875 407.10791015625 438.4609680175781 766.0226440429688 
3 258.6332702636719 464.4663391113281 308.45855712890625 607.480224609375 
197
3 305.89630126953125 407.3205871582031 438.3970031738281 767.244873046875 
3 258.77801513671875 463.3180236816406 308.12811279296875 606.58935546875 
198
3 305.0672607421875 406.745361328125 438.05126953125 768.5720825195312 
3 259.0989685058594 462.8268127441406 308.00604248046875 606.3444213867188 
199
3 305.2261962890625 406.8054504394531 437.810302734375 767.7332763671875 
3 258.873779296875 463.1397705078125 308.5957946777344 609.4094848632812 
200
3 305.049072265625 406.9963073730469 437.8068542480469 764.7293701171875 
3 258.4474182128906 462.7420349121094 307.98638916015625 611.3319091796875 
3 206.3792266845703 458.43218994140625 263.748046875 615.579833984375 
201
3 305.552978515625 407.153076171875 437.8499450683594 764.2305908203125 
3 258.4326171875 462.8324890136719 307.7740478515625 610.8936767578125 
3 206.33644104003906 458.41278076171875 264.0587158203125 615.9765014648438 
202
3 305.8858947753906 407.30010986328125 437.93218994140625 767.6876831054688 
203
3 306.3944091796875 407.3409118652344 437.78118896484375 767.2251586914062 
3 258.5760803222656 463.3765869140625 308.0431213378906 606.5209350585938 
3 206.1551971435547 458.64837646484375 263.9179382324219 615.9977416992188 
204
3 308.5793151855469 407.469482421875 437.8528747558594 769.7208251953125 
3 258.76409912109375 463.4081726074219 308.3425598144531 609.5508422851562 
3 205.98353576660156 458.7158508300781 263.7281799316406 616.9363403320312 
205
3 308.82757568359375 407.36236572265625 438.0067138671875 768.601318359375 
3 258.56597900390625 462.84429931640625 308.247802734375 605.4066162109375 
3 206.30062866210938 458.5320739746094 263.5447082519531 616.0956420898438 
206
3 309.4903869628906 407.718017578125 437.9266662597656 768.9992065429688 
3 258.8312683105469 463.6339416503906 308.68377685546875 605.8984375 
3 206.21209716796875 458.7646179199219 263.93756103515625 616.3333740234375 
207
3 310.2537841796875 407.5373840332031 438.0975341796875 769.2982177734375 
3 206.11447143554688 459.1152038574219 264.2586669921875 616.5205078125 
208
3 310.9188537597656 407.6351623535156 437.803466796875 764.2445678710938 
3 258.2164611816406 462.8039245605469 308.8149108886719 605.51708984375 
3 206.5546112060547 459.065673828125 262.9740905761719 615.6343383789062 
209
3 312.929443359375 407.807373046875 437.89208984375 766.0799560546875 
3 206.46066284179688 458.8605651855469 263.1598815917969 615.7935791015625 
3 258.3256530761719 463.4542236328125 308.03643798828125 605.66455078125 
210
3 312.2937927246094 408.2266845703125 437.9314270019531 770.1615600585938 
3 258.1028137207031 464.2516784667969 306.7005615234375 604.257568359375 
3 206.7413330078125 458.8759460449219 263.79736328125 615.347412109375 
211
3 312.421142578125 408.4742736816406 437.8753356933594 769.1980590820312 
3 258.0994567871094 462.92010498046875 307.0336608886719 606.8353271484375 
3 206.63795471191406 458.8528137207031 263.5091552734375 615.32421875 
212
3 313.0381774902344 408.0838623046875 437.984619140625 770.7258911132812 
3 258.79095458984375 463.593017578125 307.10394287109375 605.8905029296875 
3 206.77574157714844 458.85260009765625 263.6482849121094 615.6771240234375 
213
3 312.8273010253906 407.9482727050781 438.0923767089844 771.4063720703125 
3 258.88934326171875 462.8243408203125 307.1709899902344 607.5283813476562 
3 206.58688354492188 458.55902099609375 263.13702392578125 615.7049560546875 
214
3 312.4931335449219 408.0614318847656 438.16748046875 771.6287841796875 
3 258.6654968261719 463.2029113769531 306.84637451171875 611.0602416992188 
3 206.61122131347656 458.6322326660156 263.0751647949219 616.0830688476562 
215
3 312.73876953125 408.0076904296875 438.3454284667969 771.6104736328125 
3 258.89544677734375 463.1721496582031 307.4585266113281 607.4140014648438 
3 206.54452514648438 458.66558837890625 263.3216857910156 616.1138916015625 
216
3 312.5638122558594 407.94390869140625 438.4592590332031 771.4503173828125 
3 258.71832275390625 463.4526062011719 307.8126525878906 606.8271484375 
217
3 312.413330078125 407.4891357421875 438.5404357910156 771.2200927734375 
3 258.6820373535156 463.3365783691406 308.0582275390625 609.1068115234375 
3 206.29299926757812 458.94781494140625 262.8944091796875 616.18017578125 
218
3 312.03521728515625 407.60662841796875 438.65643310546875 770.66455078125 
3 258.4257507324219 462.93670654296875 307.2907409667969 605.716552734375 
3 206.35194396972656 458.5814208984375 262.95172119140625 616.0317993164062 
219
3 312.7187194824219 407.55078125 438.6427917480469 767.8423461914062 
3 206.498291015625 458.2841491699219 262.7635192871094 615.760498046875 
3 258.6114196777344 462.84954833984375 306.8646240234375 604.865478515625 
220
3 312.9896240234375 407.6646423339844 438.7865295410156 767.0088500976562 
3 206.74900817871094 458.59820556640625 262.99908447265625 615.8290405273438 
3 258.6103210449219 463.4148864746094 306.69061279296875 605.6597900390625 
221
3 312.9359436035156 407.75537109375 438.7082824707031 769.7355346679688 
3 258.8073425292969 463.59112548828125 307.354736328125 604.897705078125 
3 206.75335693359375 458.93792724609375 263.3271789550781 615.96630859375 
222
3 312.5483093261719 407.9704284667969 438.58221435546875 768.0302124023438 
223
3 312.74688720703125 407.6669616699219 438.8960266113281 768.4541625976562 
3 206.66827392578125 458.7684020996094 263.1368408203125 615.5758666992188 
3 258.6791687011719 464.30987548828125 306.9163513183594 605.18994140625 
224
3 313.0176696777344 407.60009765625 439.00323486328125 769.4848022460938 
3 258.65667724609375 464.038330078125 307.0251159667969 609.2616577148438 
3 206.57745361328125 458.77874755859375 263.374267578125 616.064208984375 
225
3 312.1380310058594 407.3808288574219 438.7667541503906 769.6895141601562 
3 258.67254638671875 463.8753662109375 307.41766357421875 605.7545166015625 
3 206.5470428466797 458.4781799316406 262.8806457519531 615.4752197265625 
226
3 312.37225341796875 407.1850891113281 438.862060546875 768.4951171875 
3 258.2477722167969 462.6834411621094 307.0961608886719 608.6489868164062 
3 206.54141235351562 458.2859191894531 262.72320556640625 614.892333984375 
227
3 311.8399353027344 407.2532958984375 438.985595703125 768.40283203125 
3 258.6746520996094 462.8180236816406 307.165283203125 605.8857421875 
3 206.91485595703125 458.6959533691406 262.4073486328125 616.100830078125 
228
3 311.87603759765625 407.0665588378906 438.9521484375 768.4354858398438 
3 258.4024658203125 462.141845703125 306.90228271484375 606.15576171875 
3 206.6033935546875 458.4172668457031 262.48638916015625 615.5194091796875 
229
3 312.04461669921875 407.3890686035156 439.1379089355469 766.6910400390625 
3 258.1066589355469 461.53802490234375 307.07965087890625 611.2158813476562 
230
3 312.5616760253906 407.3368835449219 439.0634765625 766.1552124023438 
3 258.2628479003906 461.2078857421875 307.53033447265625 611.0682373046875 
3 206.36485290527344 458.08807373046875 262.4703674316406 614.5641479492188 
231
3 312.1171569824219 407.3253479003906 439.1860046386719 764.9572143554688 
3 258.2832946777344 461.5348205566406 307.6437072753906 607.733642578125 
3 206.50411987304688 458.27593994140625 262.6465148925781 614.9650268554688 
232
3 312.50628662109375 407.3170471191406 439.3403625488281 768.3735961914062 
3 258.0667724609375 462.5590515136719 307.2190246582031 605.8058471679688 
3 206.61805725097656 458.31036376953125 262.5426940917969 614.9879150390625 
233
3 311.99945068359375 407.24395751953125 439.3135070800781 768.7593994140625 
3 258.0135498046875 461.77801513671875 307.7606506347656 608.5167846679688 
3 206.1968994140625 458.159912109375 262.4385681152344 615.0203857421875 
234
3 312.1080627441406 407.38275146484375 439.53656005859375 767.263427734375 
3 257.95196533203125 462.0158386230469 307.46295166015625 607.5586547851562 
3 206.17913818359375 457.9590759277344 262.6679382324219 614.9539184570312 
235
3 312.1396179199219 407.7162780761719 439.4580993652344 768.073974609375 
3 258.2583923339844 462.14495849609375 307.09130859375 605.7240600585938 
236
3 311.9217224121094 407.3145446777344 439.4620056152344 768.9075317382812 
3 258.452880859375 462.1334228515625 307.2742614746094 605.12353515625 
3 206.39639282226562 458.0487976074219 263.1756286621094 615.3777465820312 
237
3 311.7767333984375 407.1050720214844 439.7012634277344 768.1453857421875 
3 258.5334777832031 462.29547119140625 307.6879577636719 606.8829956054688 
3 205.9575958251953 458.1330871582031 263.0749816894531 614.7639770507812 
238
3 312.214599609375 406.9230651855469 439.5105285644531 767.2509765625 
3 258.68243408203125 462.57073974609375 307.31890869140625 607.0385131835938 
3 206.18128967285156 458.6291198730469 263.5999450683594 615.5177612304688 
239
3 311.8143310546875 407.00665283203125 439.23065185546875 767.2357177734375 
3 258.0155334472656 462.2908935546875 307.2734680175781 608.8862915039062 
3 205.98065185546875 458.5413513183594 263.0766906738281 615.6876831054688 
240
3 310.7103271484375 407.32672119140625 438.7557678222656 767.9605102539062 
3 258.4084167480469 462.3322448730469 307.6480407714844 611.8291625976562 
3 205.79335021972656 458.67645263671875 263.1548156738281 615.3333129882812 
241
3 311.4101867675781 407.4609375 438.6996765136719 768.6207885742188 
3 206.07371520996094 458.9610900878906 263.2030029296875 615.9906616210938 
3 259.0082092285156 462.257080078125 307.8896484375 605.8825073242188 
242
3 311.5196533203125 407.19873046875 438.4974060058594 768.961669921875 
3 258.7935791015625 462.0388488769531 307.9256286621094 605.73046875 
3 206.06117248535156 458.9204406738281 263.25640869140625 616.1827392578125 
243
3 311.2430419921875 407.1788635253906 438.39715576171875 764.0496826171875 
3 258.006591796875 462.16729736328125 308.9457092285156 606.6087646484375 
3 206.15354919433594 458.7210388183594 263.2351379394531 615.8495483398438 
244
3 311.3731689453125 407.4031066894531 438.25543212890625 766.82080078125 
3 205.86343383789062 458.7069396972656 263.2985534667969 615.5728759765625 
3 258.2176208496094 461.5724792480469 308.41455078125 606.491455078125 
245
3 311.1590270996094 407.6977844238281 438.2698974609375 768.4172973632812 
3 258.23419189453125 461.4102478027344 308.3835754394531 605.365234375 
3 205.90367126464844 458.6796569824219 263.0878601074219 615.3251953125 
246
3 310.81695556640625 407.6627197265625 438.16748046875 766.1056518554688 
3 205.95387268066406 458.8581237792969 263.005126953125 615.9252319335938 
3 258.5972900390625 461.452880859375 308.1253662109375 606.9176635742188 
247
3 311.10626220703125 408.302490234375 438.1706848144531 771.3968505859375 
3 205.53292846679688 459.0652770996094 262.26788330078125 616.1461791992188 
3 258.3707275390625 462.65087890625 310.1048583984375 605.6636352539062 
248
3 310.0461730957031 407.59405517578125 437.65118408203125 765.4205932617188 
3 205.26806640625 458.5923156738281 262.1477966308594 614.8975830078125 
3 258.11468505859375 461.68212890625 308.4302673339844 607.21875 
249
3 309.60772705078125 407.59002685546875 437.68426513671875 764.7431030273438 
3 205.0602264404297 458.487060546875 262.2530517578125 614.60986328125 
3 257.8367919921875 461.4416198730469 307.6900329589844 606.6796264648438 
250
3 309.85711669921875 407.94342041015625 437.3460388183594 765.8179321289062 
3 205.17747497558594 459.4412841796875 261.88897705078125 615.9232177734375 
3 258.0564270019531 461.9568786621094 308.5018005371094 609.3582153320312 
251
3 307.6490783691406 407.03961181640625 437.60888671875 762.9453735351562 
3 204.77288818359375 458.4266052246094 261.4026184082031 615.1166381835938 
252
3 307.39910888671875 407.06268310546875 437.49755859375 762.8793334960938 
3 204.72882080078125 458.30633544921875 261.5866394042969 614.745849609375 
3 257.8357238769531 461.6186218261719 306.6907958984375 607.9345703125 
253
3 308.7804260253906 407.5582580566406 437.1741943359375 765.4596557617188 
3 204.90435791015625 458.9302673339844 260.96917724609375 616.0403442382812 
3 258.3993835449219 462.2958984375 307.3151550292969 607.7031860351562 
254
3 308.54345703125 407.6078796386719 437.3785400390625 765.0968627929688 
3 205.02333068847656 458.54949951171875 261.5316162109375 615.0165405273438 
3 258.4808654785156 461.7394714355469 306.8363342285156 609.333740234375 
255
3 308.6394348144531 406.88360595703125 437.1029052734375 763.2359619140625 
3 204.96434020996094 458.1775207519531 262.0525817871094 614.5149536132812 
3 257.6265563964844 461.507080078125 307.0597229003906 611.1264038085938 
256
3 308.6086120605469 407.02880859375 437.27197265625 764.302734375 
3 204.92733764648438 458.0649719238281 262.12640380859375 614.4998779296875 
3 257.93603515625 461.2639465332031 306.6181640625 612.27294921875 
257
3 309.6241455078125 407.483642578125 437.04888916015625 766.1852416992188 
3 204.62301635742188 458.9790344238281 262.1999816894531 615.5703735351562 
258
3 309.4502258300781 407.072021484375 436.9549255371094 764.28466796875 
3 204.24794006347656 458.81866455078125 261.631103515625 615.1814575195312 
3 258.0836181640625 462.0975341796875 307.30645751953125 609.1983032226562 
259
3 310.2096252441406 407.8865966796875 436.7218322753906 769.013916015625 
260
3 310.91229248046875 409.0097351074219 436.4159851074219 766.79736328125 
3 204.08592224121094 459.8502502441406 260.96044921875 616.9619750976562 
261
3 1.3706130981445312 844.2681884765625 657.10791015625 1073.3863525390625 
3 309.92340087890625 408.4098815917969 436.7051086425781 766.9588623046875 
3 203.77047729492188 459.2751159667969 261.33251953125 616.892578125 
262
3 309.5788879394531 407.9883117675781 436.9450378417969 764.5321655273438 
3 203.65956115722656 458.59808349609375 261.3751525878906 616.1318359375 
3 257.7627258300781 461.89154052734375 307.6673583984375 609.0010986328125 
3 1.6054000854492188 636.578857421875 488.3976135253906 1071.734375 
263
3 305.5846252441406 408.03533935546875 437.0713195800781 765.9530639648438 
3 0.6410980224609375 474.3580627441406 313.6815490722656 1067.778076171875 
264
3 308.98028564453125 408.0649108886719 436.9255676269531 763.1812744140625 
3 257.66748046875 464.0119934082031 311.5772705078125 609.6929321289062 
3 203.2562255859375 459.1855773925781 261.3023986816406 614.8888549804688 
265
3 308.1263122558594 407.5809631347656 436.9624328613281 763.3547973632812 
3 204.54127502441406 458.8829345703125 261.01495361328125 615.1171264648438 
3 257.4914855957031 462.57000732421875 308.0502014160156 609.6167602539062 
266
3 308.6013488769531 407.8453063964844 437.0394287109375 767.5909423828125 
3 257.6912841796875 462.6549987792969 309.1006164550781 610.3947143554688 
3 203.6248321533203 459.3453674316406 260.9384765625 615.4743041992188 
267
3 308.3770751953125 407.999267578125 436.75634765625 770.9575805664062 
3 257.8241882324219 463.3345031738281 308.8792419433594 608.5118408203125 
3 204.0178985595703 460.32342529296875 261.1563720703125 615.9765014648438 
268
3 307.8001403808594 408.03497314453125 436.9452209472656 766.8347778320312 
3 203.31130981445312 459.09405517578125 261.18438720703125 616.2034912109375 
3 257.5104675292969 462.5345764160156 309.8000183105469 613.2094116210938 
269
3 308.33966064453125 408.444580078125 436.6795349121094 766.9506225585938 
3 257.8164367675781 463.39691162109375 309.6232604980469 614.7556762695312 
3 203.9117431640625 459.7747497558594 261.2591552734375 616.5569458007812 
270
3 309.2339172363281 407.7352294921875 436.962158203125 765.4275512695312 
271
3 309.20050048828125 407.75042724609375 436.8985595703125 763.3031616210938 
3 256.6640625 462.4675598144531 309.3166809082031 610.0211791992188 
3 203.9361114501953 459.6053466796875 261.1375732421875 615.8592529296875 
272
3 308.6884460449219 408.0881652832031 436.97418212890625 762.854736328125 
273
3 308.46990966796875 407.56109619140625 437.1586608886719 763.4608154296875 
3 203.41549682617188 458.8887634277344 261.1443786621094 615.8558349609375 
274
3 308.79449462890625 407.6282043457031 437.2178649902344 763.7660522460938 
3 257.688720703125 462.3713684082031 309.3648681640625 607.6121826171875 
3 203.0174560546875 459.513427734375 261.3752136230469 616.1705932617188 
275
3 308.8795166015625 407.6972351074219 436.8002014160156 761.4127807617188 
3 257.8184509277344 462.9410705566406 310.0119323730469 609.252685546875 
276
3 309.2806701660156 407.6025695800781 436.819091796875 762.5404052734375 
3 203.27513122558594 459.43011474609375 261.2436218261719 615.9144897460938 
3 258.059814453125 462.62322998046875 310.1463623046875 610.3214111328125 
277
3 309.0998229980469 407.2605285644531 436.5872802734375 762.4442138671875 
3 257.7792663574219 462.3648376464844 309.6600036621094 608.6550903320312 
3 203.2587432861328 459.76129150390625 261.06683349609375 615.7162475585938 
278
3 309.5351257324219 407.4796142578125 436.4556884765625 763.9619750976562 
3 203.47203063964844 459.717529296875 261.2637634277344 615.8712158203125 
3 257.60888671875 462.567626953125 309.2901916503906 607.9041748046875 
279
3 309.18585205078125 407.2094421386719 436.4528503417969 763.7626342773438 
3 203.87454223632812 459.2124938964844 260.8488464355469 616.2423095703125 
3 257.6430358886719 462.491943359375 309.6031494140625 607.67041015625 
280
3 308.9327392578125 407.2196044921875 436.4160461425781 764.3793334960938 
3 203.8398895263672 459.7488098144531 260.4494323730469 616.7142333984375 
3 257.63433837890625 462.1513366699219 308.2204895019531 606.4156494140625 
281
3 308.9250183105469 407.4810791015625 436.7132568359375 763.0654907226562 
3 257.62396240234375 461.958984375 310.1545715332031 607.4024658203125 
3 203.0189666748047 459.1788330078125 260.17620849609375 616.6360473632812 
282
3 308.8943786621094 408.0138244628906 437.101318359375 762.1707153320312 
3 257.81683349609375 461.6361083984375 310.53692626953125 614.2979736328125 
3 202.869140625 459.1190490722656 260.7314147949219 616.083984375 
283
3 308.3464050292969 408.75787353515625 437.469482421875 765.4725952148438 
3 257.7206726074219 462.514892578125 309.6241149902344 611.9619140625 
3 203.15821838378906 459.1194152832031 259.9552917480469 615.9825439453125 
284
3 308.1285400390625 409.0282287597656 438.7244873046875 770.6240844726562 
3 257.7015075683594 462.2225036621094 310.54449462890625 613.3721923828125 
3 202.8565673828125 458.9794006347656 260.3168029785156 615.5949096679688 
285
3 307.5589904785156 409.6577453613281 440.08392333984375 770.0588989257812 
3 257.2118225097656 462.0350036621094 310.552978515625 614.3633422851562 
3 202.63912963867188 459.007080078125 260.4961853027344 615.5067749023438 
286
3 306.263427734375 410.2464294433594 442.6829528808594 770.5721435546875 
3 257.304443359375 462.1578369140625 310.7009582519531 610.8955078125 
3 202.52073669433594 459.5956726074219 260.6037292480469 616.18798828125 
287
3 305.42742919921875 410.4254150390625 445.9528503417969 767.712890625 
3 202.4625244140625 459.02777099609375 260.84124755859375 616.1760864257812 
3 257.5000305175781 461.7807312011719 310.8680114746094 612.3482055664062 
288
3 303.9694519042969 410.288818359375 450.1904602050781 764.9601440429688 
3 203.11300659179688 459.3009338378906 260.6246337890625 616.1085205078125 
289
3 303.07452392578125 409.9098815917969 454.1479797363281 764.43896484375 
290
3 303.3039855957031 410.5441589355469 456.9715576171875 759.5678100585938 
291
3 304.27349853515625 410.6964111328125 460.5513000488281 760.3341064453125 
292
3 308.9359130859375 411.2579040527344 464.0948181152344 759.5839233398438 
3 202.9698944091797 458.9300842285156 260.5458984375 616.1664428710938 
3 257.6348876953125 462.5998840332031 308.21600341796875 608.9343872070312 
3 303.6794738769531 445.23333740234375 342.0202331542969 620.42578125 
293
3 312.2752990722656 410.88336181640625 464.7232360839844 758.2859497070312 
3 203.3418731689453 459.32281494140625 260.8692626953125 616.4490356445312 
3 304.7686767578125 445.36480712890625 341.96685791015625 618.1929931640625 
3 257.7997741699219 462.8746337890625 307.1957092285156 608.2595825195312 
294
3 318.0679931640625 411.0703430175781 465.2676086425781 758.262451171875 
3 304.9720458984375 445.0882873535156 344.8223571777344 617.8711547851562 
3 258.15655517578125 461.874755859375 307.2020568847656 613.283203125 
3 203.5188446044922 459.2593994140625 260.2941589355469 615.930908203125 
295
3 313.89691162109375 410.27032470703125 464.29229736328125 757.7047729492188 
3 203.77244567871094 458.4937438964844 260.7891540527344 615.3092651367188 
3 257.8440856933594 461.7248840332031 305.4170227050781 611.3544921875 
3 305.35125732421875 444.4612731933594 345.0666809082031 616.1403198242188 
296
3 313.24267578125 412.24365234375 463.1772155761719 758.6824951171875 
3 203.65306091308594 459.79205322265625 260.7820129394531 616.1107177734375 
297
3 315.7087097167969 413.31317138671875 458.622802734375 757.1614990234375 
3 203.34214782714844 458.9204406738281 260.2367248535156 615.80029296875 
3 257.6891174316406 461.7755126953125 302.9813232421875 609.6189575195312 
3 304.19793701171875 444.6755065917969 347.56365966796875 617.796630859375 
298
3 320.9171447753906 412.7867431640625 461.4104919433594 757.8870849609375 
3 203.9379425048828 459.1630859375 260.392333984375 616.2806396484375 
3 257.57647705078125 461.9805908203125 303.7727966308594 609.2823486328125 
299
3 323.90655517578125 412.5231018066406 465.5025329589844 757.3848876953125 
3 203.96937561035156 459.7617492675781 260.2196350097656 616.2332153320312 
300
3 325.9069519042969 412.1358947753906 470.9283142089844 757.3135986328125 
301
3 330.2157897949219 411.1980285644531 474.02410888671875 757.5353393554688 
3 203.6112823486328 459.432861328125 260.27288818359375 616.1881103515625 
302
3 333.7530517578125 410.8310241699219 479.41552734375 757.5703125 
3 289.7424621582031 445.4729919433594 354.4705810546875 621.4401245117188 
3 203.76467895507812 459.5162658691406 260.7203063964844 616.5584716796875 
303
3 336.8870544433594 409.3748474121094 484.2036437988281 757.4324951171875 
304
3 339.0647277832031 409.80609130859375 488.79254150390625 757.7342529296875 
305
3 341.0799865722656 410.0838317871094 494.10931396484375 757.7117309570312 
306
3 342.0719909667969 410.87493896484375 498.79827880859375 757.6613159179688 
307
3 341.2920227050781 410.52484130859375 504.30487060546875 758.5556030273438 
308
3 341.3186340332031 410.2196350097656 509.19976806640625 758.5001220703125 
3 305.13494873046875 445.6613464355469 358.6551513671875 620.40673828125 
3 203.3612823486328 458.73614501953125 260.8055114746094 616.2034912109375 
3 257.6985168457031 460.9046630859375 305.9943542480469 606.986083984375 
309
3 343.80047607421875 410.07049560546875 514.4385986328125 755.4498291015625 
3 305.79290771484375 445.1274108886719 357.45660400390625 621.241943359375 
3 203.59185791015625 458.759765625 260.69036865234375 616.5225219726562 
310
3 348.7570495605469 409.9552917480469 518.9194946289062 756.79052734375 
3 304.81610107421875 445.5809326171875 357.0871887207031 621.41064453125 
3 203.72146606445312 459.3155822753906 260.8038330078125 616.747802734375 
3 257.7030334472656 461.8800964355469 305.9090881347656 606.8290405273438 
311
3 354.01483154296875 407.9302673339844 521.7089233398438 756.265869140625 
3 304.57708740234375 445.6103210449219 356.2513122558594 620.2619018554688 
3 203.9474639892578 458.898681640625 260.80615234375 616.35498046875 
3 257.4421691894531 460.9948425292969 306.1659240722656 606.208740234375 
312
3 355.38848876953125 407.54400634765625 525.1371459960938 758.010009765625 
3 303.58087158203125 446.24554443359375 353.8641662597656 621.5275268554688 
3 204.30580139160156 459.4525451660156 260.3644104003906 616.6139526367188 
3 257.673095703125 461.2275085449219 306.15228271484375 606.5139770507812 
313
3 358.1248779296875 408.41802978515625 526.4050903320312 759.4918823242188 
3 304.2588806152344 446.17877197265625 354.1393737792969 621.4415893554688 
3 204.40090942382812 459.05963134765625 260.854248046875 616.1275024414062 
3 257.3269348144531 461.3470458984375 306.3295593261719 607.1021118164062 
314
3 360.11572265625 408.7475280761719 527.15771484375 759.688720703125 
3 303.4154968261719 445.7415466308594 355.3089294433594 621.021728515625 
3 257.1217346191406 461.38726806640625 305.7547302246094 605.5737915039062 
3 203.9779510498047 459.12579345703125 260.78179931640625 616.0181884765625 
315
3 360.6168518066406 409.0643310546875 529.573486328125 764.3057250976562 
3 304.1046447753906 446.0936584472656 354.95977783203125 621.3746337890625 
3 203.64523315429688 459.3699951171875 260.97637939453125 616.0781860351562 
3 257.5000915527344 462.1006164550781 305.1435241699219 606.0120849609375 
316
3 361.4356689453125 408.60406494140625 529.8982543945312 760.658935546875 
3 303.5201721191406 445.4815368652344 355.88323974609375 621.29150390625 
3 203.58770751953125 458.7635192871094 261.0965576171875 616.0023803710938 
3 257.4016418457031 461.8142395019531 305.9936218261719 605.8814697265625 
317
3 362.3896484375 408.2923278808594 530.890869140625 759.2142333984375 
3 303.82550048828125 445.2552185058594 355.8028259277344 621.611328125 
3 257.45172119140625 461.91339111328125 306.0830383300781 606.639404296875 
3 204.11105346679688 458.70556640625 260.9656982421875 615.9551391601562 
318
3 363.4404602050781 408.669189453125 532.8816528320312 761.2159423828125 
3 304.4839172363281 445.8089294433594 355.9845275878906 621.6870727539062 
3 204.00926208496094 458.7107849121094 261.085693359375 615.9466552734375 
3 257.3186340332031 461.4357604980469 306.42462158203125 606.6981811523438 
319
3 366.0626220703125 409.4888610839844 533.3397216796875 757.9656982421875 
3 304.15924072265625 445.4361877441406 356.32073974609375 621.6332397460938 
3 204.17349243164062 459.052001953125 261.0791931152344 615.9689331054688 
3 257.367431640625 462.04193115234375 306.1532897949219 608.8941650390625 
320
3 365.9048156738281 410.224365234375 535.2457885742188 764.30712890625 
3 304.2744140625 445.35498046875 356.0184020996094 622.1669921875 
3 204.43162536621094 459.2493896484375 261.46368408203125 615.9974975585938 
3 257.6127624511719 461.51947021484375 305.9245910644531 608.7716674804688 
321
3 367.2906494140625 410.8948059082031 536.6172485351562 753.3173828125 
3 303.99700927734375 445.5279235839844 355.9598693847656 622.4298706054688 
3 257.8134765625 461.2655029296875 305.58233642578125 608.1450805664062 
3 204.9382781982422 459.60968017578125 261.148681640625 616.2521362304688 
322
3 369.5466613769531 410.666748046875 538.3302612304688 758.8826293945312 
3 304.38299560546875 445.71826171875 355.5736083984375 622.323486328125 
3 205.24078369140625 459.6488342285156 261.085693359375 616.3261108398438 
3 257.7629699707031 460.87347412109375 305.58782958984375 608.329833984375 
323
3 371.2975158691406 412.41009521484375 540.8168334960938 753.9351806640625 
3 304.7141418457031 445.6593322753906 356.35345458984375 622.0116577148438 
3 204.66293334960938 459.22100830078125 260.7695007324219 615.8054809570312 
3 257.4429016113281 461.0898742675781 306.4226989746094 605.8706665039062 
324
3 373.21380615234375 412.7007141113281 542.8526611328125 765.1084594726562 
3 304.3316345214844 445.0760498046875 355.6979064941406 622.1343383789062 
3 257.3542175292969 460.5431213378906 305.8140563964844 604.5545043945312 
3 204.77444458007812 458.91717529296875 261.69989013671875 616.3569946289062 
325
1 374.4144287109375 413.46728515625 544.9887084960938 770.3553466796875 
3 304.6536560058594 445.2682189941406 356.072509765625 622.4694213867188 
3 204.50816345214844 458.9219970703125 261.67901611328125 615.74072265625 
3 257.1703796386719 460.4187927246094 305.92901611328125 606.3826904296875 
326
3 304.9349365234375 445.2010803222656 355.8423156738281 621.7822265625 
1 378.6988220214844 414.2928771972656 547.9523315429688 771.6449584960938 
3 204.5819091796875 458.86407470703125 261.9429016113281 615.7881469726562 
3 257.3117980957031 460.5744323730469 306.14263916015625 606.0565185546875 
327
1 381.7654724121094 414.4006652832031 550.9066772460938 772.9464721679688 
3 304.27471923828125 445.57135009765625 356.08795166015625 621.7299194335938 
3 257.70721435546875 460.71533203125 306.49176025390625 604.8685913085938 
3 204.457763671875 458.7569274902344 262.0388488769531 615.4506225585938 
328
1 386.1357421875 413.953125 554.2646484375 773.3932495117188 
3 303.20892333984375 444.8513488769531 356.608642578125 622.2820434570312 
3 257.5452575683594 460.2993469238281 305.8504943847656 606.9373168945312 
3 203.962158203125 458.9048767089844 262.2414855957031 615.4807739257812 
329
1 391.307373046875 414.0597839355469 557.4940795898438 773.3424682617188 
3 302.71844482421875 445.1615295410156 356.3123474121094 622.4763793945312 
3 204.32574462890625 459.1578369140625 261.7204284667969 615.8941040039062 
3 257.88720703125 460.5596923828125 305.320556640625 607.6038208007812 
330
1 398.23272705078125 413.0045471191406 561.4807739257812 773.460205078125 
3 304.0622863769531 445.73797607421875 355.25177001953125 623.0608520507812 
3 205.10308837890625 461.3262939453125 261.8671875 615.7509765625 
3 257.9660339355469 462.8939514160156 306.66741943359375 609.2719116210938 
331
1 408.9712219238281 410.4681701660156 565.9373168945312 773.3294677734375 
3 303.4229736328125 445.6732482910156 355.40716552734375 622.8336791992188 
3 204.97325134277344 460.74261474609375 261.46380615234375 615.4630126953125 
3 257.7794494628906 462.6535339355469 306.28265380859375 606.8997802734375 
332
1 414.7337341308594 408.3140563964844 569.2390747070312 772.4151000976562 
3 304.0594482421875 445.7377014160156 355.6071472167969 622.4826049804688 
3 257.67791748046875 461.6087341308594 306.24676513671875 607.2859497070312 
3 204.6474609375 459.7729187011719 261.42388916015625 615.292236328125 
333
1 421.0411376953125 406.0013122558594 572.8281860351562 772.7096557617188 
3 303.44403076171875 445.89697265625 355.43499755859375 622.7887573242188 
3 257.78680419921875 461.8727722167969 305.3900146484375 606.5685424804688 
3 204.4100341796875 460.2226257324219 261.38153076171875 615.6124877929688 
334
1 428.4841003417969 402.6599426269531 577.0972900390625 772.7567138671875 
3 304.44140625 445.3673400878906 356.0614318847656 622.808837890625 
3 257.39886474609375 461.33013916015625 306.0442199707031 605.8522338867188 
3 204.2699432373047 459.5197448730469 261.3072509765625 615.114501953125 
335
1 435.1602478027344 401.32965087890625 580.76708984375 772.8574829101562 
3 303.9687194824219 445.15350341796875 355.79425048828125 622.3845825195312 
3 257.6737976074219 461.53564453125 304.7698059082031 605.41015625 
3 204.1310272216797 459.0020446777344 261.3111572265625 614.5980834960938 
336
1 443.2887268066406 400.8453674316406 585.1099243164062 772.4161987304688 
3 303.572509765625 445.4776916503906 354.8948669433594 623.411865234375 
3 257.8658752441406 461.8023376464844 304.9678649902344 607.275146484375 
3 204.70703125 459.8211364746094 261.10711669921875 616.1785278320312 
337
1 450.20538330078125 401.2420349121094 588.5625 772.0517578125 
3 303.8995056152344 445.3748779296875 355.3248596191406 622.944091796875 
3 257.6726989746094 461.6713562011719 306.0489196777344 607.4150390625 
3 204.67666625976562 459.5871276855469 261.1831970214844 615.6698608398438 
338
1 455.5386962890625 400.8141174316406 596.0875854492188 772.2753295898438 
3 303.27105712890625 445.4568786621094 355.0439758300781 623.14697265625 
3 257.5461730957031 461.38909912109375 306.02557373046875 608.41796875 
3 204.74766540527344 459.8826904296875 260.8884582519531 615.82373046875 
339
1 460.27734375 402.49273681640625 615.4634399414062 773.031005859375 
3 303.7041320800781 445.5484619140625 354.79766845703125 623.31787109375 
3 257.490478515625 462.89337158203125 305.9212951660156 607.5234985351562 
3 204.70252990722656 460.4301452636719 261.0506286621094 616.1556396484375 
340
1 465.1604919433594 404.7322998046875 634.08837890625 773.0632934570312 
3 303.6783752441406 445.64971923828125 355.12640380859375 622.676513671875 
3 257.62451171875 461.2461853027344 305.4372253417969 606.0699462890625 
3 204.62454223632812 459.4527587890625 260.9444274902344 616.0447998046875 
341
1 469.2708740234375 405.1950988769531 648.3970336914062 772.7700805664062 
3 303.6259460449219 445.6852111816406 354.9014892578125 622.9400024414062 
3 257.5601806640625 461.24560546875 305.50543212890625 606.505615234375 
3 204.6529998779297 459.5954895019531 261.1042785644531 615.8855590820312 
342
1 473.8841247558594 407.5514831542969 663.315673828125 773.3196411132812 
3 303.45989990234375 445.71673583984375 354.81005859375 623.493896484375 
3 257.5966491699219 461.9593505859375 305.5892028808594 607.9887084960938 
3 204.90634155273438 459.6199035644531 261.1512451171875 616.2723388671875 
343
1 476.1173400878906 407.9967041015625 669.0650024414062 773.1277465820312 
3 257.49700927734375 462.29315185546875 305.67535400390625 606.1084594726562 
3 205.040771484375 459.78094482421875 260.8760986328125 616.4716796875 
3 303.5989685058594 446.2923889160156 355.1387634277344 622.5126342773438 
3 303.7814636230469 445.95501708984375 355.21942138671875 623.5652465820312 
344
1 476.9659423828125 407.7270812988281 669.2507934570312 772.9392700195312 
3 257.48162841796875 461.57867431640625 306.1441345214844 604.3696899414062 
3 204.8769989013672 459.501708984375 260.71893310546875 616.2162475585938 
3 304.5545654296875 446.10223388671875 355.41168212890625 622.9501953125 
3 304.5395202636719 446.44097900390625 355.32440185546875 622.0836791992188 
345
1 478.17584228515625 407.6432189941406 666.8048095703125 773.4483642578125 
3 304.4436340332031 445.76513671875 354.6485595703125 623.63671875 
3 257.6395568847656 461.539306640625 306.80474853515625 606.3513793945312 
3 204.8842315673828 459.6030578613281 261.1846923828125 616.5635986328125 
346
1 478.6742248535156 408.1776123046875 670.3026123046875 774.189697265625 
3 304.3671569824219 445.6942138671875 355.5404052734375 623.4341430664062 
3 257.6800231933594 460.54205322265625 307.0406799316406 604.708740234375 
3 204.78662109375 460.21636962890625 261.0262756347656 616.3997192382812 
347
1 480.70379638671875 408.1532897949219 671.1014404296875 774.7941284179688 
3 304.5341491699219 445.1589660644531 355.78564453125 622.7186279296875 
3 257.527587890625 460.2616882324219 305.656982421875 604.422119140625 
3 204.68702697753906 459.4359130859375 260.8150634765625 616.2455444335938 
348
1 482.6142883300781 406.0511169433594 671.043212890625 775.1680908203125 
3 257.64013671875 461.76727294921875 305.9022216796875 605.2847290039062 
3 303.666748046875 445.7115783691406 355.2401123046875 622.649169921875 
3 204.59286499023438 459.7499084472656 260.73858642578125 616.4923095703125 
349
1 487.4798889160156 402.7343444824219 671.6737670898438 774.8919067382812 
3 257.7348327636719 462.05413818359375 306.00457763671875 605.2698974609375 
3 203.70443725585938 459.68353271484375 260.77130126953125 616.4955444335938 
3 304.2543640136719 445.4813232421875 355.3454284667969 623.3265380859375 
3 304.32659912109375 445.887451171875 355.3944396972656 622.4437255859375 
350
1 494.8692626953125 400.31689453125 672.3374633789062 774.0789794921875 
3 304.1162109375 445.45086669921875 356.11041259765625 622.7172241210938 
3 257.4842529296875 461.49639892578125 305.6975402832031 604.2255859375 
3 204.14732360839844 459.1793518066406 260.6747131347656 616.0607299804688 
351
1 507.1202087402344 400.7472839355469 672.721923828125 772.9913330078125 
3 257.70849609375 462.1440124511719 305.933349609375 604.7845458984375 
3 203.86866760253906 459.1729736328125 261.45538330078125 616.4761962890625 
3 304.2592468261719 445.3204040527344 355.72723388671875 623.203857421875 
352
1 522.6432495117188 398.1504211425781 674.415771484375 773.226806640625 
3 304.4834289550781 445.3843078613281 355.002685546875 622.903076171875 
3 257.3092956542969 461.4900817871094 306.3684997558594 605.204833984375 
3 204.076171875 459.15850830078125 261.7195129394531 615.9324340820312 
353
1 539.1033325195312 395.5311584472656 682.9354248046875 773.8018798828125 
3 304.55218505859375 444.88140869140625 355.0879211425781 623.004638671875 
3 257.3245544433594 461.46478271484375 306.1656188964844 605.1057739257812 
3 204.20843505859375 458.9312744140625 261.6678771972656 615.600830078125 
354
1 558.8133544921875 394.12957763671875 694.9462890625 773.8427734375 
3 304.53448486328125 445.0708923339844 354.9631652832031 623.6731567382812 
3 257.2876892089844 461.9078063964844 306.23486328125 605.9092407226562 
3 204.06893920898438 459.0420227050781 261.4021911621094 616.1616821289062 
355
1 569.8919677734375 391.228759765625 708.6889038085938 773.3056640625 
3 304.4287414550781 445.2056579589844 355.09356689453125 623.7304077148438 
3 257.364990234375 461.8062744140625 306.4897155761719 606.7962036132812 
3 204.2823028564453 459.0869140625 261.4782409667969 616.1307983398438 
356
1 575.0040283203125 390.86553955078125 721.4104614257812 772.6397094726562 
3 304.17724609375 445.4111022949219 355.2284851074219 623.5829467773438 
3 257.3765869140625 461.52667236328125 306.8666076660156 605.7777099609375 
3 204.71401977539062 459.53997802734375 261.5480651855469 616.3267822265625 
357
1 579.6436767578125 391.040771484375 734.9042358398438 776.9696044921875 
3 304.5028991699219 445.71148681640625 354.8317565917969 623.7902221679688 
3 257.32830810546875 461.127685546875 306.9706115722656 607.7884521484375 
3 204.5280303955078 459.5032043457031 261.4938049316406 616.6213989257812 
358
1 586.4210815429688 391.135986328125 749.3348388671875 777.0656127929688 
3 305.0435485839844 445.5369873046875 355.38287353515625 623.1097412109375 
3 257.2939758300781 460.546142578125 306.40777587890625 607.6565551757812 
3 204.1771240234375 459.2828063964844 261.2723388671875 616.2516479492188 
359
0 589.682373046875 391.6145324707031 760.9301147460938 781.4683227539062 
3 304.7632751464844 445.5487976074219 355.25396728515625 623.1538696289062 
3 257.24676513671875 460.4832763671875 306.747314453125 607.3948364257812 
3 204.15597534179688 459.2216796875 261.3443603515625 615.9957885742188 
360
0 597.8755493164062 393.9427185058594 771.8695678710938 779.9089965820312 
3 304.23785400390625 445.7456359863281 355.79974365234375 623.783203125 
3 257.83740234375 461.92401123046875 304.8844299316406 606.4682006835938 
3 204.78375244140625 459.68572998046875 261.42791748046875 615.68408203125 
361
0 603.5855712890625 394.90594482421875 780.2857055664062 780.3218994140625 
3 302.9146728515625 445.6636962890625 355.571533203125 624.1475830078125 
3 257.9363098144531 461.715576171875 304.60272216796875 606.0752563476562 
3 204.4302978515625 459.4266357421875 261.7408447265625 615.8695678710938 
362
0 608.5570678710938 396.10504150390625 791.543701171875 784.0675048828125 
3 304.1739807128906 445.17987060546875 355.06402587890625 623.7581787109375 
3 257.85345458984375 461.1326599121094 304.96868896484375 605.37353515625 
3 204.06271362304688 459.2508544921875 261.1119689941406 615.6445922851562 
363
0 609.5652465820312 397.4608154296875 796.1720581054688 787.373291015625 
3 204.4121856689453 459.9904479980469 260.29852294921875 616.1196899414062 
3 302.1735534667969 446.1380310058594 355.5409851074219 623.3845825195312 
3 257.572021484375 462.11865234375 305.4045104980469 606.84912109375 
3 302.4341125488281 445.6592102050781 355.5054016113281 624.5966186523438 
364
0 610.9307250976562 398.32891845703125 801.5808715820312 792.5712890625 
3 303.34429931640625 446.41363525390625 355.2334899902344 622.9425048828125 
3 257.2156066894531 462.40960693359375 306.1162109375 608.0811157226562 
3 204.57655334472656 460.1911315917969 261.224853515625 616.0782470703125 
365
0 613.7916259765625 399.1329650878906 805.744873046875 793.5404663085938 
3 303.8865051269531 445.6567687988281 354.89910888671875 623.962646484375 
3 257.2294616699219 462.0293884277344 305.3041687011719 606.4352416992188 
3 204.49305725097656 459.17779541015625 261.2635803222656 615.67529296875 
366
0 619.655517578125 399.8602294921875 808.8989868164062 794.490966796875 
3 303.2794189453125 446.25177001953125 355.8364562988281 623.5709838867188 
3 204.70062255859375 460.2485046386719 260.4527893066406 616.6481323242188 
3 257.44683837890625 462.31988525390625 305.6589050292969 611.127685546875 
367
0 628.7222900390625 398.8799133300781 810.4808959960938 795.37646484375 
3 302.28521728515625 445.6386413574219 355.59027099609375 624.6930541992188 
3 204.387451171875 459.6147766113281 260.76324462890625 616.7427368164062 
3 257.40509033203125 462.2406921386719 305.4085998535156 608.6980590820312 
368
0 642.774658203125 397.4100341796875 811.5833129882812 796.179931640625 
3 303.7308654785156 445.14990234375 356.3718566894531 623.839599609375 
3 257.3321228027344 461.0601501464844 305.6721496582031 607.23681640625 
3 204.64306640625 459.0776672363281 261.2825622558594 616.06591796875 
369
0 656.7594604492188 396.1044616699219 811.6210327148438 796.3510131835938 
3 302.1990966796875 445.59881591796875 355.2186584472656 624.1116333007812 
3 257.50653076171875 461.89263916015625 304.7167053222656 607.0300903320312 
3 204.92514038085938 459.2005920410156 261.000244140625 616.73681640625 
370
0 675.6973266601562 392.31976318359375 813.6762084960938 796.5108032226562 
3 302.3022766113281 445.4127502441406 355.33062744140625 624.0587768554688 
3 257.74212646484375 461.2664794921875 305.1312561035156 607.8792114257812 
3 204.95750427246094 459.563232421875 261.3477478027344 616.6737670898438 
371
0 693.5781860351562 388.96875 815.4633178710938 797.1538696289062 
3 304.1820373535156 445.40130615234375 356.0703430175781 623.8856201171875 
3 257.5388488769531 461.30010986328125 305.1339111328125 609.9251098632812 
3 204.8667755126953 459.3447265625 261.33941650390625 616.3983154296875 
372
0 702.0870971679688 385.7480163574219 823.5418090820312 795.7613525390625 
3 304.05377197265625 445.42474365234375 354.73333740234375 623.7137451171875 
3 257.6697998046875 461.3525695800781 305.20550537109375 607.649658203125 
3 204.81103515625 459.4541931152344 260.8919677734375 616.090576171875 
373
0 709.1624145507812 384.0861511230469 837.7775268554688 796.89697265625 
3 304.04864501953125 445.0299987792969 354.3487548828125 623.1423950195312 
3 257.5282897949219 461.6286926269531 304.87652587890625 606.5123901367188 
3 205.2146453857422 459.4189453125 261.3375549316406 616.1220703125 
374
0 714.271484375 381.05963134765625 849.9066162109375 795.5841674804688 
3 304.2778015136719 445.5585021972656 355.2750549316406 622.8720703125 
3 257.2110900878906 461.821044921875 305.2770080566406 607.043701171875 
3 204.88134765625 459.1253662109375 261.7984924316406 615.6943969726562 
375
0 721.0474853515625 380.91339111328125 863.5643920898438 794.9903564453125 
3 303.63812255859375 445.5485534667969 354.90789794921875 623.1891479492188 
3 257.6687927246094 461.1955261230469 304.8094787597656 606.1116333007812 
3 204.65487670898438 459.7044982910156 261.4814758300781 615.7732543945312 
376
0 726.9662475585938 381.53369140625 892.8123779296875 795.3291015625 
3 303.11297607421875 445.5487365722656 354.7193908691406 623.9522094726562 
3 257.4308166503906 461.4393615722656 305.5471496582031 606.8037109375 
3 205.16790771484375 461.06634521484375 260.7524108886719 616.5355834960938 
377
0 733.5598754882812 382.2396240234375 919.5857543945312 794.7901611328125 
3 302.8509521484375 445.34381103515625 355.126220703125 623.845703125 
3 257.69769287109375 461.8451232910156 305.2598876953125 605.77685546875 
3 205.09136962890625 460.3323669433594 260.3406066894531 616.0711669921875 
378
0 735.22998046875 383.48602294921875 943.3584594726562 795.34423828125 
3 303.51837158203125 445.21759033203125 354.952392578125 623.85888671875 
3 257.7613220214844 462.2598571777344 305.2940368652344 605.739501953125 
3 205.2059326171875 460.40570068359375 260.8900146484375 616.1610717773438 
379
0 736.3233642578125 386.033203125 958.334716796875 796.2240600585938 
3 303.9389343261719 445.35113525390625 354.6292724609375 623.495361328125 
3 257.7188415527344 462.2930603027344 305.69769287109375 606.7034912109375 
3 204.7274932861328 460.61700439453125 260.4019470214844 616.3346557617188 
3 304.02178955078125 445.8948669433594 354.80731201171875 622.8828735351562 
380
0 736.3334350585938 387.941162109375 967.094970703125 797.0394897460938 
3 303.8565979003906 445.084716796875 354.59185791015625 623.4620971679688 
3 257.2509765625 461.79144287109375 305.45013427734375 607.7019653320312 
3 205.172607421875 459.2214660644531 261.03826904296875 616.204345703125 
381
0 737.041259765625 388.8271484375 967.9385986328125 798.3604125976562 
3 304.386474609375 445.2937316894531 355.2686462402344 623.033935546875 
3 257.1654968261719 461.7917175292969 306.1007995605469 606.1444702148438 
3 204.83364868164062 459.35009765625 261.3283996582031 615.9920043945312 
382
0 739.1859741210938 389.5207214355469 974.3477783203125 798.5709838867188 
3 304.6946716308594 445.4834289550781 355.18853759765625 623.6746215820312 
3 257.3790283203125 461.12286376953125 305.90679931640625 606.3161010742188 
3 205.3054962158203 459.86920166015625 261.377197265625 616.6255493164062 
383
0 740.9039916992188 389.45794677734375 976.8389282226562 800.75341796875 
3 304.3592834472656 446.04449462890625 354.95526123046875 623.0830078125 
3 257.2140197753906 460.69842529296875 306.1236572265625 606.5936279296875 
3 205.1294403076172 459.9482421875 261.1109924316406 616.4474487304688 
384
0 745.6995849609375 388.1169738769531 978.8303833007812 801.838134765625 
3 303.7434997558594 445.2965087890625 354.942626953125 624.0466918945312 
3 257.29345703125 461.4756164550781 305.6019287109375 606.9613037109375 
3 204.80543518066406 459.8789367675781 261.47711181640625 616.5932006835938 
385
0 753.8165283203125 386.95343017578125 978.7073364257812 801.589599609375 
3 304.3926086425781 446.19964599609375 354.84521484375 623.806640625 
3 257.3734130859375 463.41204833984375 305.0732116699219 608.08935546875 
3 204.76226806640625 460.8879089355469 262.16278076171875 616.2057495117188 
386
0 770.389892578125 384.9353332519531 978.4918212890625 800.893310546875 
3 303.6645812988281 446.0887145996094 355.5621032714844 623.739990234375 
3 257.6261901855469 462.90924072265625 305.4949645996094 607.8931274414062 
3 205.55517578125 460.72808837890625 261.6709899902344 616.23828125 
387
0 786.6987915039062 382.45458984375 978.323974609375 800.8387451171875 
3 303.9327697753906 445.73486328125 355.08416748046875 623.5975341796875 
3 257.35382080078125 461.1907653808594 305.1396484375 608.3480834960938 
3 205.26548767089844 459.4775390625 261.47467041015625 615.9701538085938 
388
0 806.1451416015625 380.4605712890625 978.7882690429688 801.5565185546875 
3 303.4822082519531 445.8323669433594 355.4033203125 623.587890625 
3 257.1116027832031 461.9664306640625 305.1963806152344 606.7261352539062 
3 205.01597595214844 459.5552978515625 261.5599365234375 616.4080810546875 
389
0 828.2596435546875 376.9567565917969 982.0259399414062 802.4925537109375 
3 304.02978515625 445.48260498046875 355.9993896484375 623.0328979492188 
3 257.0660705566406 461.214111328125 305.7163391113281 606.7957763671875 
3 205.08702087402344 458.6177673339844 262.0997314453125 616.165283203125 
390
0 850.460693359375 376.2041015625 999.03759765625 804.12890625 
3 304.1224060058594 445.33575439453125 355.239501953125 623.7415771484375 
3 204.77197265625 459.0565185546875 261.9226989746094 615.6947631835938 
3 257.3977355957031 460.7367858886719 307.0939636230469 606.1817016601562 
391
0 866.9144897460938 374.4117736816406 1017.4391479492188 802.5451049804688 
3 304.0621337890625 445.475830078125 355.56060791015625 623.9866943359375 
3 204.85987854003906 459.5348815917969 261.7491760253906 615.5575561523438 
3 257.6549072265625 460.5491638183594 307.360107421875 608.0601806640625 
392
0 876.8843994140625 374.1019592285156 1032.9635009765625 809.1969604492188 
3 304.76446533203125 445.63616943359375 355.4985656738281 623.43212890625 
3 257.6285095214844 461.04437255859375 306.7449951171875 606.1881103515625 
3 204.9823760986328 459.01751708984375 262.1500244140625 615.7168579101562 
393
0 886.2756958007812 373.9658203125 1047.83203125 816.40869140625 
3 304.8393859863281 446.0603332519531 355.1319274902344 623.6473388671875 
3 205.31256103515625 458.8465881347656 262.15411376953125 616.2965698242188 
3 257.40032958984375 461.4990234375 307.07073974609375 606.1323852539062 
394
0 891.9281616210938 374.32672119140625 1059.288818359375 814.7385864257812 
3 304.4045104980469 446.2796630859375 355.5875549316406 623.9163208007812 
3 257.38677978515625 461.76141357421875 306.96697998046875 607.7009887695312 
3 205.65765380859375 459.6020812988281 261.56103515625 616.719970703125 
395
0 897.51123046875 376.4991760253906 1073.7562255859375 815.1478271484375 
3 303.3348388671875 446.1240234375 355.4800109863281 623.9521484375 
3 257.67822265625 462.93267822265625 306.6009521484375 608.8262939453125 
3 205.4681396484375 459.821044921875 261.3805847167969 616.8120727539062 
396
0 904.9658203125 376.7709045410156 1088.60009765625 814.9868774414062 
3 304.3768310546875 445.1858825683594 354.97802734375 623.4745483398438 
3 257.1682434082031 462.3807678222656 306.2716064453125 607.0380249023438 
3 205.31410217285156 459.1180114746094 261.27410888671875 616.7719116210938 
397
0 906.322265625 378.66339111328125 1109.690673828125 816.5307006835938 
3 304.2515869140625 445.036376953125 355.378173828125 623.6463012695312 
3 257.2637634277344 461.96917724609375 306.0075378417969 606.6775512695312 
3 205.36459350585938 459.28741455078125 261.5603332519531 616.6583862304688 
398
0 905.9423217773438 380.09912109375 1123.803955078125 818.0105590820312 
3 303.701904296875 445.891845703125 355.0469055175781 622.4367065429688 
3 257.1258850097656 461.9504699707031 306.04266357421875 606.3527221679688 
3 205.745361328125 459.31732177734375 261.09478759765625 616.4734497070312 
399
0 906.3715209960938 382.8728942871094 1130.4735107421875 825.4339599609375 
3 257.43603515625 461.7084045410156 306.6961669921875 606.6262817382812 
3 205.50576782226562 459.2743835449219 261.0273132324219 616.6004638671875 
3 304.53973388671875 446.0774230957031 355.445068359375 622.5036010742188 
3 304.6398010253906 445.4924011230469 355.56671142578125 623.5664672851562 
400
0 908.1697998046875 386.10113525390625 1133.1416015625 828.8600463867188 
3 304.4737854003906 445.20208740234375 355.8374328613281 623.8505249023438 
3 257.6641845703125 461.4953918457031 305.7234802246094 607.8167114257812 
3 205.38670349121094 459.06695556640625 260.9423522949219 616.6094360351562 
401
0 910.50732421875 387.0237121582031 1136.9609375 833.7515869140625 
3 304.8935546875 445.7940673828125 355.2285461425781 623.6846923828125 
3 257.7950134277344 461.5106506347656 306.7477722167969 606.6705322265625 
3 205.3105010986328 459.3390197753906 261.0191650390625 616.5866088867188 
402
0 916.5474243164062 387.81280517578125 1139.5616455078125 835.7144775390625 
3 303.83221435546875 445.67706298828125 355.2344055175781 623.8492431640625 
3 257.7568359375 461.04779052734375 306.1354064941406 606.4022827148438 
3 205.3413543701172 459.30780029296875 260.8601989746094 616.358642578125 
403
0 928.1460571289062 386.630859375 1139.7850341796875 835.5184936523438 
3 257.7803955078125 461.3636169433594 305.6846008300781 606.6010131835938 
3 303.7578430175781 445.5370178222656 355.2239685058594 624.1699829101562 
3 205.29656982421875 459.0619201660156 260.7756042480469 616.2515258789062 
3 303.4871520996094 446.09307861328125 355.1688232421875 623.1100463867188 
404
0 945.7604370117188 386.59149169921875 1139.1134033203125 834.611572265625 
3 257.5124816894531 461.2780456542969 305.45159912109375 607.0463256835938 
3 204.84214782714844 458.9739990234375 261.8619384765625 615.8992919921875 
3 304.3205261230469 445.6253356933594 355.51483154296875 623.9254150390625 
405
0 965.8674926757812 386.40618896484375 1139.892822265625 834.10693359375 
3 257.36419677734375 461.29339599609375 305.4005126953125 607.879150390625 
3 303.4598693847656 445.7406005859375 355.36279296875 622.9931030273438 
3 205.5657958984375 459.05230712890625 261.3111877441406 616.3363037109375 
3 303.8401794433594 445.2615966796875 355.4418640136719 624.1893310546875 
406
0 988.72998046875 382.9444274902344 1146.62255859375 834.100341796875 
3 304.29608154296875 445.2298278808594 354.7543640136719 623.47021484375 
3 257.3815002441406 460.9916687011719 305.0695495605469 606.110595703125 
3 205.3037567138672 458.8551025390625 261.3590087890625 616.4232788085938 
407
0 1015.2872314453125 380.45599365234375 1157.1851806640625 835.0570678710938 
3 304.3385925292969 445.06524658203125 355.196533203125 623.6505737304688 
3 257.59185791015625 461.4480285644531 305.30731201171875 607.5018310546875 
3 205.6243896484375 458.87457275390625 261.31671142578125 616.5751953125 
408
0 1032.12353515625 378.20501708984375 1167.1864013671875 834.6575927734375 
3 304.2646179199219 445.841796875 355.2517395019531 622.8096923828125 
3 257.7867736816406 461.5616760253906 305.13702392578125 607.1080322265625 
3 205.45033264160156 458.876220703125 261.0564880371094 616.399658203125 
409
0 1041.5771484375 377.0599670410156 1178.7713623046875 835.2555541992188 
3 304.5262756347656 446.0293884277344 355.9519958496094 622.57275390625 
3 257.6996154785156 461.1790466308594 305.6681213378906 606.2920532226562 
3 205.68983459472656 458.9424133300781 260.82049560546875 616.3284301757812 
410
0 1049.8834228515625 376.3869323730469 1193.5198974609375 833.3804321289062 
3 305.1118469238281 446.02752685546875 355.75018310546875 622.5427856445312 
3 257.5309753417969 461.3670349121094 305.906494140625 605.432373046875 
3 205.2443084716797 459.0477294921875 260.87640380859375 616.4602661132812 
411
0 1058.1427001953125 377.4100341796875 1218.447998046875 834.4658813476562 
3 305.5533142089844 445.73126220703125 355.46868896484375 622.412109375 
3 257.6263122558594 461.1688232421875 306.4949951171875 604.5347290039062 
3 205.6723175048828 459.2507019042969 261.1471252441406 616.6453247070312 
412
0 1061.861328125 377.4872131347656 1249.4285888671875 835.0332641601562 
3 304.5016784667969 445.962890625 355.5929260253906 622.6495361328125 
3 257.8715515136719 461.24139404296875 306.8110046386719 605.084716796875 
3 205.55027770996094 459.05816650390625 261.18060302734375 616.6307983398438 
413
0 1062.9083251953125 379.80413818359375 1281.765380859375 834.530517578125 
3 304.5113525390625 445.7772216796875 355.4479675292969 622.3456420898438 
3 257.7122497558594 461.5877380371094 306.5462341308594 605.5895385742188 
3 205.89739990234375 459.12445068359375 261.3656005859375 616.4115600585938 
414
0 1063.5426025390625 382.62249755859375 1306.7049560546875 835.0145874023438 
3 304.1552734375 446.0723876953125 355.35845947265625 622.4803466796875 
3 257.5356750488281 461.3132629394531 306.7079772949219 607.0592041015625 
3 205.57449340820312 459.00494384765625 261.6145935058594 615.9901733398438 
415
0 1063.39453125 385.2452087402344 1324.510986328125 835.43701171875 
3 304.33880615234375 445.9620056152344 354.7000427246094 622.3073120117188 
3 257.7120361328125 461.2817687988281 306.6983947753906 605.448486328125 
3 205.32070922851562 459.2235107421875 261.1638488769531 616.3364868164062 
416
0 1063.499267578125 386.854248046875 1333.05029296875 834.7718505859375 
3 304.19683837890625 446.4869384765625 354.9034729003906 622.3148193359375 
3 257.4452819824219 461.7455749511719 306.7823181152344 604.88671875 
3 205.4053497314453 459.1385192871094 261.3027648925781 616.2665405273438 
417
0 1063.775390625 387.6777038574219 1338.8699951171875 834.0088500976562 
3 305.1014404296875 446.0726013183594 355.32879638671875 622.3453979492188 
3 257.512939453125 461.6681213378906 306.9265441894531 605.3262329101562 
3 205.484619140625 458.8946533203125 261.0234375 616.1801147460938 
418
0 1065.8199462890625 388.1385498046875 1342.1864013671875 836.0245971679688 
3 304.9251403808594 446.312255859375 355.79461669921875 622.714599609375 
3 257.8765869140625 461.4578552246094 307.2496337890625 608.0394897460938 
3 205.24732971191406 459.10797119140625 260.96044921875 616.4979858398438 
419
0 1071.843994140625 385.456787109375 1343.789794921875 836.4948120117188 
3 304.9768981933594 446.369384765625 355.04803466796875 622.5574340820312 
3 257.677490234375 461.73284912109375 306.9733581542969 606.1787109375 
3 205.38525390625 459.2176513671875 261.2168273925781 616.0339965820312 
420
0 1080.9085693359375 381.87176513671875 1344.402099609375 834.0650024414062 
3 305.4217529296875 444.6670837402344 355.1764221191406 623.1908569335938 
3 256.7001953125 460.9237976074219 306.11712646484375 607.3806762695312 
3 204.9333038330078 459.2994079589844 261.2690124511719 615.8197631835938 
421
0 1094.092529296875 381.074462890625 1344.1719970703125 832.6409912109375 
3 257.1597595214844 461.7606201171875 305.85693359375 606.5093383789062 
3 205.36634826660156 459.3904113769531 261.77764892578125 616.2537231445312 
3 305.1478576660156 446.28289794921875 355.8087463378906 622.97021484375 
3 305.4183654785156 445.8634948730469 355.811279296875 623.6851196289062 
422
0 1112.4140625 378.1051940917969 1344.0447998046875 831.3748779296875 
3 304.8816833496094 446.191162109375 355.9817810058594 622.7926025390625 
3 256.9485168457031 461.7906188964844 305.7386169433594 605.1227416992188 
3 205.487060546875 459.44366455078125 261.79193115234375 615.7592163085938 
423
0 1128.9599609375 373.5707702636719 1346.687255859375 826.9982299804688 
3 305.53997802734375 445.00372314453125 356.3494567871094 623.2286376953125 
3 256.8084411621094 461.2955017089844 305.35491943359375 606.795654296875 
3 204.78872680664062 459.1511535644531 261.56317138671875 616.1033935546875 
424
0 1150.2891845703125 369.1760559082031 1356.4471435546875 826.587890625 
3 305.3300476074219 445.54266357421875 355.6557312011719 623.4056396484375 
3 257.29296875 461.8601989746094 305.3628845214844 606.5169067382812 
3 205.218994140625 460.0435485839844 261.32733154296875 616.8126220703125 
425
0 1173.41015625 365.34771728515625 1395.9678955078125 828.0362548828125 
3 305.3438415527344 444.518310546875 356.129150390625 623.21435546875 
3 257.0045471191406 461.88812255859375 305.1499328613281 606.1829833984375 
3 204.67327880859375 459.0082702636719 261.31842041015625 615.7713623046875 
426
0 1198.807373046875 362.96063232421875 1374.5863037109375 831.5023193359375 
3 257.200927734375 461.6501159667969 305.8265075683594 604.8716430664062 
3 204.8528289794922 459.172119140625 261.58544921875 616.1563110351562 
3 305.04266357421875 445.789306640625 356.0229797363281 622.603759765625 
3 305.27197265625 445.3113098144531 355.95574951171875 623.4517822265625 
427
0 1225.3316650390625 358.68896484375 1382.726806640625 823.7396850585938 
3 305.3167419433594 445.1528625488281 354.94580078125 623.3636474609375 
3 257.24371337890625 461.1346740722656 306.07080078125 606.320068359375 
3 204.72674560546875 459.0301513671875 261.5556945800781 616.418701171875 
428
0 1236.664306640625 356.166259765625 1397.2261962890625 826.6741333007812 
3 256.8823547363281 460.83758544921875 306.0303649902344 610.1209716796875 
3 204.2781982421875 458.660888671875 261.41552734375 615.4952392578125 
3 304.5751647949219 444.7657470703125 356.392333984375 622.33447265625 
3 304.8857421875 444.15087890625 356.2504577636719 623.18212890625 
429
3 1245.7869873046875 355.91729736328125 1407.537841796875 840.3521118164062 
3 304.7332763671875 445.0199279785156 354.9178161621094 623.1446533203125 
3 257.22503662109375 460.5914611816406 306.0391845703125 608.9862670898438 
3 204.79957580566406 458.96173095703125 261.9967956542969 615.8980712890625 
430
3 1254.87744140625 354.9981994628906 1425.231689453125 840.6456298828125 
3 304.81414794921875 444.9991149902344 355.0198059082031 622.7987060546875 
3 257.3763427734375 460.7314453125 305.8428649902344 609.4716186523438 
3 204.9227294921875 458.9652099609375 261.63897705078125 615.9783935546875 
431
3 1261.1422119140625 356.5469970703125 1457.9185791015625 840.8477783203125 
3 304.88104248046875 444.00177001953125 355.75177001953125 622.981689453125 
3 204.36013793945312 458.6575927734375 261.65948486328125 615.4574584960938 
3 257.2554016113281 461.0154724121094 305.8843688964844 611.6410522460938 
432
3 1261.7080078125 358.5762634277344 1495.53857421875 844.1052856445312 
3 304.5608825683594 445.01898193359375 355.2851257324219 623.4973754882812 
3 204.79505920410156 459.1805725097656 261.5624694824219 616.35107421875 
3 257.17718505859375 460.9549255371094 306.09918212890625 610.3341064453125 
433
3 1261.7725830078125 359.3692932128906 1524.1240234375 846.3521118164062 
3 304.9191589355469 444.8802185058594 355.2512512207031 622.8309936523438 
3 204.46340942382812 458.8812561035156 261.7486572265625 615.6920776367188 
3 257.1676025390625 461.317138671875 306.0809326171875 605.2996215820312 
434
3 1261.7579345703125 361.749755859375 1542.9932861328125 849.2627563476562 
3 257.0087890625 460.6797180175781 305.7425537109375 608.2764282226562 
3 204.2672119140625 458.57769775390625 261.48089599609375 615.4664916992188 
3 305.1826477050781 444.5036315917969 355.6161804199219 623.3232421875 
3 305.02972412109375 445.07794189453125 355.7527770996094 622.5448608398438 
435
3 1261.1220703125 363.6423645019531 1553.9906005859375 853.090087890625 
3 305.3724365234375 445.7298889160156 354.7297668457031 622.6770629882812 
3 257.4248962402344 460.7005310058594 306.73004150390625 608.907958984375 
3 204.88189697265625 458.6048583984375 261.79534912109375 616.5452880859375 
436
3 1262.6993408203125 364.79296875 1558.8779296875 858.6904907226562 
3 257.22601318359375 460.895263671875 306.5436096191406 606.9950561523438 
3 205.32852172851562 458.7226257324219 261.3234558105469 615.9537963867188 
3 305.04498291015625 444.8791198730469 355.27813720703125 623.3162231445312 
3 305.0383605957031 445.3612060546875 355.237060546875 622.6345825195312 
437
3 1264.2374267578125 365.41461181640625 1561.116943359375 861.9122314453125 
3 304.8096618652344 444.4607849121094 356.5296630859375 623.2045288085938 
3 204.6796417236328 458.5763854980469 261.3752746582031 614.9475708007812 
3 257.0695495605469 459.8023681640625 305.4525146484375 610.0667114257812 
438
3 1272.6697998046875 365.753173828125 1562.7388916015625 861.3878173828125 
3 304.7803039550781 444.7767333984375 355.7039794921875 623.2523193359375 
3 204.32666015625 458.5946350097656 261.5051574707031 615.8157348632812 
3 257.4210510253906 459.800537109375 305.4644470214844 608.9299926757812 
439
3 1285.367919921875 364.1997375488281 1562.884765625 860.9672241210938 
3 305.4777526855469 444.948486328125 355.72735595703125 623.4288940429688 
3 205.04425048828125 458.9236755371094 261.64300537109375 615.7352294921875 
3 256.94189453125 461.3236083984375 305.8362731933594 607.36328125 
440
3 1305.8037109375 361.0294494628906 1562.6480712890625 860.3320922851562 
3 304.96600341796875 444.15777587890625 355.93212890625 622.9918212890625 
3 204.69639587402344 458.5404052734375 261.2216491699219 615.6395263671875 
3 256.4689636230469 460.8921203613281 305.50579833984375 609.71630859375 
441
3 1321.6844482421875 356.90057373046875 1561.8980712890625 860.4677734375 
3 304.84564208984375 444.347900390625 355.4336242675781 622.878173828125 
3 256.8426818847656 461.3377380371094 305.7043151855469 608.706787109375 
3 204.55064392089844 458.80987548828125 261.4833068847656 616.0183715820312 
442
3 1347.153076171875 353.42413330078125 1563.4918212890625 861.0682983398438 
3 304.82293701171875 444.8741760253906 355.3304443359375 622.989990234375 
3 257.088134765625 461.6438903808594 304.8931884765625 604.6100463867188 
3 204.68844604492188 459.2643127441406 261.90240478515625 616.5128173828125 
443
3 1370.01611328125 349.67852783203125 1573.4637451171875 859.6882934570312 
3 304.46392822265625 443.9817810058594 355.9967956542969 622.8203125 
3 256.4468688964844 461.0614013671875 304.4539489746094 608.5569458007812 
3 204.43748474121094 458.60498046875 261.13330078125 615.5623168945312 
444
3 1401.5567626953125 346.4543151855469 1580.62353515625 861.3948364257812 
3 304.72064208984375 444.1453857421875 355.6901550292969 622.7232055664062 
3 256.5582275390625 461.414794921875 304.6758728027344 605.5459594726562 
3 204.93983459472656 458.8807067871094 260.6459655761719 616.0194091796875 
445
3 1425.5975341796875 343.4925537109375 1599.6761474609375 861.8699340820312 
3 304.85406494140625 444.34600830078125 355.6207580566406 622.789306640625 
3 205.23316955566406 458.8285217285156 261.5173645019531 616.0548095703125 
3 256.88275146484375 461.5417175292969 304.8679504394531 605.85888671875 
446
3 1434.699951171875 341.70318603515625 1629.7100830078125 862.8325805664062 
3 304.85986328125 444.1330261230469 355.7021484375 622.2687377929688 
3 256.6775817871094 461.2115783691406 305.32452392578125 606.9279174804688 
3 205.34326171875 458.5675964355469 261.39166259765625 615.72802734375 
447
3 1443.109130859375 341.7592468261719 1653.75341796875 860.34326171875 
3 304.65069580078125 443.77288818359375 355.72662353515625 622.0087280273438 
3 256.91949462890625 460.3444519042969 305.1256103515625 606.6847534179688 
3 205.394775390625 458.6462707519531 261.48931884765625 615.9603881835938 
448
3 1452.76171875 341.1698913574219 1678.052490234375 859.8590698242188 
3 257.15155029296875 461.1138916015625 305.4122009277344 606.43359375 
3 205.08242797851562 458.88916015625 261.6717224121094 616.0833740234375 
3 304.9455261230469 445.24822998046875 355.7373046875 621.9083862304688 
3 305.0495300292969 444.6803283691406 355.5485534667969 622.51611328125 
449
3 1459.5806884765625 341.6936950683594 1707.409423828125 860.215087890625 
3 256.9022521972656 460.57781982421875 305.2702331542969 608.9696044921875 
3 205.19952392578125 458.7624206542969 261.72821044921875 615.736572265625 
3 304.7169494628906 444.6140441894531 356.4599914550781 621.6620483398438 
3 304.86346435546875 444.0300598144531 356.320556640625 622.3394165039062 
450
3 1461.6595458984375 343.1693115234375 1721.30615234375 861.7211303710938 
3 304.0755615234375 444.4514465332031 356.4957275390625 623.1098022460938 
3 256.9942321777344 460.5911865234375 305.0916442871094 607.10693359375 
3 205.06924438476562 458.8459167480469 261.1679992675781 615.2525634765625 
451
3 1461.7401123046875 343.8909606933594 1738.992919921875 863.3115234375 
3 305.4498596191406 444.5828552246094 355.9967041015625 622.5245361328125 
3 257.16302490234375 460.2201232910156 305.2441711425781 606.9051513671875 
3 205.1640167236328 459.1060485839844 261.5477294921875 615.9740600585938 
452
3 1462.324951171875 343.9523620605469 1758.2325439453125 862.3709106445312 
3 305.31463623046875 444.2235107421875 356.05706787109375 622.688720703125 
3 256.82550048828125 460.2522888183594 306.062255859375 606.0781860351562 
3 204.96844482421875 458.8920593261719 261.7975769042969 615.8594970703125 
453
3 1463.19580078125 344.5567932128906 1768.660400390625 862.130859375 
3 305.3999328613281 443.98187255859375 355.7994079589844 622.91748046875 
3 256.6846923828125 459.8691101074219 306.105712890625 605.9159545898438 
3 204.6781463623047 459.2335510253906 261.1250305175781 616.61328125 
454
3 1464.8450927734375 345.1803894042969 1771.6014404296875 861.52734375 
3 305.1546936035156 444.0284729003906 355.851806640625 623.0253295898438 
3 256.7413330078125 460.38409423828125 305.4166564941406 605.6220703125 
3 204.79806518554688 459.1414794921875 260.9769287109375 616.0997314453125 
455
3 1466.229248046875 343.8999938964844 1774.3326416015625 861.3150024414062 
3 305.17547607421875 444.260009765625 355.67547607421875 622.4593505859375 
3 256.8252258300781 460.4104919433594 305.53216552734375 605.4007568359375 
3 205.31158447265625 459.1450500488281 261.2911071777344 615.8760375976562 
456
3 1470.73388671875 342.6009826660156 1774.3538818359375 861.35009765625 
3 304.5828552246094 443.92108154296875 356.2134704589844 622.599609375 
3 256.8388366699219 460.7699890136719 304.9228210449219 604.7611694335938 
3 204.8044891357422 458.8453674316406 261.0792236328125 615.8753051757812 
457
3 1479.1768798828125 339.0703125 1775.1900634765625 863.1245727539062 
3 305.0759582519531 444.00469970703125 356.3816833496094 622.8252563476562 
3 256.729736328125 461.34130859375 304.5174560546875 605.230224609375 
3 205.55722045898438 458.65887451171875 260.7991027832031 615.6117553710938 
458
3 1490.4522705078125 334.95843505859375 1774.8544921875 861.4201049804688 
3 305.7433776855469 444.2315673828125 356.6834411621094 623.0278930664062 
3 256.7445983886719 461.5140686035156 304.9181213378906 604.8902587890625 
3 205.85714721679688 458.8395080566406 261.21759033203125 615.4940185546875 
459
3 1506.55810546875 332.074951171875 1776.77490234375 857.3867797851562 
3 305.0332336425781 444.2337646484375 355.7410583496094 622.8677368164062 
3 256.6085510253906 460.9859619140625 305.1346130371094 607.5306396484375 
3 205.2715301513672 457.9508972167969 261.8759765625 614.963623046875 
460
3 1525.196044921875 329.52685546875 1783.3868408203125 858.8626098632812 
3 304.57269287109375 444.1282958984375 355.5564270019531 622.9683837890625 
3 256.85577392578125 460.5204162597656 304.75347900390625 606.3153686523438 
3 205.3747100830078 458.3755187988281 262.1302795410156 615.5607299804688 
461
3 1543.7200927734375 326.9096374511719 1791.9005126953125 855.5824584960938 
3 305.1186218261719 443.6343688964844 356.1210021972656 622.9266357421875 
3 256.93316650390625 460.6783447265625 305.0448303222656 605.5852661132812 
3 206.0672149658203 458.47265625 262.2004089355469 615.4166259765625 
462
3 1564.2081298828125 321.3218078613281 1801.3560791015625 856.3564453125 
3 256.9225158691406 460.5954284667969 305.75634765625 605.4834594726562 
3 304.5830383300781 444.2286071777344 356.6277770996094 622.1089477539062 
3 205.66078186035156 458.1955261230469 262.28521728515625 614.9695434570312 
3 305.0091857910156 443.70147705078125 356.3433837890625 622.6556396484375 
463
3 1588.7586669921875 319.0085144042969 1813.2308349609375 856.7080688476562 
3 304.9853820800781 443.4924621582031 356.2943115234375 622.5942993164062 
3 256.84130859375 460.6804504394531 304.60614013671875 604.635986328125 
3 205.86790466308594 458.50250244140625 262.2254333496094 615.6319580078125 
464
3 1610.0146484375 317.1495666503906 1822.3201904296875 846.0819091796875 
3 304.8437194824219 443.74853515625 356.4185485839844 622.2643432617188 
3 256.931884765625 460.62835693359375 304.5041198730469 606.0572509765625 
3 205.83815002441406 458.2178649902344 262.1669616699219 615.5571899414062 
465
3 1618.7681884765625 314.5144348144531 1830.9749755859375 846.3649291992188 
3 305.19927978515625 443.81610107421875 356.43902587890625 622.5017700195312 
3 256.718994140625 460.7171936035156 305.49560546875 607.5263061523438 
3 205.45465087890625 458.2304992675781 262.3243103027344 615.5910034179688 
466
3 1627.7384033203125 314.24041748046875 1839.7349853515625 855.0419921875 
3 305.46844482421875 443.3290100097656 355.91058349609375 622.9429931640625 
3 257.3253173828125 461.1640625 305.64276123046875 605.6096801757812 
3 205.66310119628906 458.37286376953125 262.06451416015625 615.9619140625 
467
3 1634.8363037109375 312.632080078125 1847.56494140625 861.0553588867188 
3 305.5025634765625 443.67022705078125 355.8857116699219 623.0007934570312 
3 256.9841003417969 461.8027038574219 305.2874450683594 605.0514526367188 
3 205.24293518066406 458.0268249511719 262.1468811035156 615.6739501953125 
468
3 1645.222412109375 313.44940185546875 1866.5069580078125 861.5969848632812 
3 305.3886413574219 443.72607421875 355.4660339355469 623.1207885742188 
3 257.1908874511719 461.6578674316406 305.7117919921875 607.6819458007812 
3 205.746337890625 458.47991943359375 262.0820617675781 616.0655517578125 
469
3 1651.2293701171875 312.770751953125 1905.0213623046875 861.4396362304688 
3 305.3209533691406 443.68212890625 355.59820556640625 623.0119018554688 
3 257.1110534667969 461.71905517578125 305.0993347167969 607.7200317382812 
3 205.7389678955078 458.56341552734375 261.9573669433594 616.0982666015625 
470
3 1659.5758056640625 311.805908203125 1919.908935546875 858.99755859375 
3 305.22857666015625 444.01959228515625 355.8735656738281 623.0606689453125 
3 257.03839111328125 461.6103820800781 305.4483947753906 606.851806640625 
3 205.74110412597656 458.619873046875 261.8770751953125 616.2244262695312 
471
3 1666.149169921875 311.638427734375 1919.1690673828125 855.8721923828125 
3 304.842041015625 444.9018249511719 355.94073486328125 622.0409545898438 
3 257.1958923339844 460.9005432128906 305.2693786621094 605.5796508789062 
3 206.1478271484375 458.9971923828125 262.5769958496094 616.2796020507812 
472
3 1671.4981689453125 311.4479064941406 1918.985595703125 855.069580078125 
3 305.0275573730469 444.4825744628906 356.04986572265625 622.0172729492188 
3 257.1883239746094 460.65484619140625 305.6941833496094 605.195556640625 
3 205.35494995117188 458.7054748535156 261.69561767578125 616.3179321289062 
473
3 1672.1971435546875 310.9290771484375 1919.025146484375 857.7666015625 
3 305.4776611328125 444.3768310546875 355.2336120605469 622.6472778320312 
3 257.0375671386719 460.9257507324219 305.4244689941406 604.5978393554688 
3 205.74513244628906 458.6726989746094 261.604248046875 616.1845703125 
474
3 1671.9810791015625 311.0162048339844 1919.304931640625 860.1136474609375 
3 305.0367736816406 445.3868408203125 355.3817138671875 622.8885498046875 
3 257.1054992675781 461.031005859375 305.6697082519531 604.916015625 
3 205.85414123535156 458.8387145996094 262.10821533203125 616.1614990234375 
475
3 1671.1766357421875 310.69000244140625 1919.3250732421875 864.1505126953125 
3 304.7882385253906 443.1298828125 355.57000732421875 622.5093994140625 
3 256.9895324707031 460.41668701171875 305.4229431152344 606.542724609375 
3 205.99818420410156 458.47503662109375 262.7718200683594 616.02490234375 
476
3 1671.74853515625 311.5233154296875 1919.3116455078125 858.3084106445312 
3 304.2977600097656 443.33477783203125 355.66064453125 622.9669799804688 
3 257.1960754394531 460.6144714355469 305.1472473144531 607.389404296875 
3 206.26217651367188 458.6590881347656 262.6711120605469 615.8727416992188 
477
3 1674.0384521484375 310.0440368652344 1919.2655029296875 863.5393676757812 
3 305.2367248535156 444.5543518066406 355.6670227050781 622.7207641601562 
3 257.3786926269531 460.42547607421875 306.4529724121094 607.4436645507812 
3 206.17359924316406 458.57366943359375 262.4588928222656 616.09423828125 
478
3 1679.2413330078125 307.4958801269531 1919.216064453125 864.05859375 
3 304.9643859863281 444.2341003417969 355.67022705078125 622.7224731445312 
3 257.1281433105469 460.6705017089844 305.79571533203125 608.3148803710938 
3 205.93434143066406 458.3101501464844 262.4638366699219 615.5413208007812 
479
3 1687.44189453125 307.18939208984375 1919.2525634765625 862.4271850585938 
3 304.71710205078125 444.37042236328125 355.39306640625 622.8501586914062 
3 257.3807373046875 460.63970947265625 305.0998840332031 605.62841796875 
3 206.21214294433594 458.52301025390625 262.47509765625 615.9034423828125 
480
3 1700.27392578125 306.3168640136719 1919.2666015625 862.6458129882812 
3 305.2422790527344 444.1233215332031 356.2590637207031 623.2420043945312 
3 257.3454895019531 461.2001953125 304.978271484375 607.2941284179688 
3 206.0397186279297 458.5329895019531 263.34716796875 615.2393798828125 
481
3 1715.3382568359375 306.3972473144531 1919.2523193359375 863.4453735351562 
3 305.72686767578125 444.47296142578125 356.21978759765625 623.3654174804688 
3 257.3858947753906 460.80828857421875 305.8885192871094 608.1204833984375 
3 206.0225830078125 458.5562744140625 263.6254577636719 615.7755737304688 
482
3 1734.854736328125 307.1190490722656 1919.2276611328125 859.646484375 
3 305.6361083984375 444.6222229003906 356.5486755371094 622.7291259765625 
3 257.39923095703125 460.3354187011719 305.9713439941406 605.9544067382812 
3 206.3286895751953 458.8822021484375 262.34088134765625 615.8744506835938 
483
3 1754.781494140625 308.4604797363281 1919.169189453125 860.6055908203125 
3 305.47332763671875 444.2893981933594 356.46844482421875 622.4905395507812 
3 257.0922546386719 459.8081359863281 306.0268249511719 609.1732177734375 
484
3 1778.14306640625 312.8076477050781 1919.177978515625 856.80126953125 
3 305.85052490234375 444.6037902832031 356.312744140625 623.1278686523438 
3 257.15838623046875 459.8727722167969 306.0168762207031 610.6917724609375 
485
3 1806.2425537109375 324.3772277832031 1919.32470703125 857.6513671875 
3 305.6013488769531 444.1554870605469 356.5012512207031 622.744140625 
3 206.01344299316406 458.2531433105469 262.23614501953125 615.50634765625 
3 257.100830078125 460.2145690917969 305.7123718261719 610.8497314453125 
486
3 1829.7052001953125 368.7452087402344 1919.2655029296875 847.5928344726562 
3 305.3065490722656 444.38336181640625 356.478515625 623.0301513671875 
3 257.2289123535156 460.8556213378906 305.7113037109375 611.1311645507812 
3 206.1290740966797 458.26751708984375 262.2320556640625 615.6455688476562 
487
3 1837.4091796875 371.4796142578125 1919.2613525390625 859.3726196289062 
3 305.2841491699219 444.4566650390625 356.1610107421875 623.2098999023438 
3 256.85888671875 461.24853515625 305.3455505371094 610.962890625 
3 206.2407989501953 458.5672302246094 262.3102111816406 615.7022094726562 
488
3 1844.2613525390625 376.4400634765625 1919.1966552734375 862.0310668945312 
3 305.10589599609375 444.27044677734375 356.19793701171875 623.105712890625 
489
3 1851.7486572265625 384.5775146484375 1919.202880859375 861.28076171875 
3 305.0134582519531 443.7715759277344 355.997314453125 622.9912109375 
490
3 1858.709228515625 391.7720947265625 1919.224365234375 861.76416015625 
3 304.3382873535156 443.473876953125 355.6328125 622.922607421875 
3 256.70428466796875 458.6473388671875 304.4056091308594 611.4303588867188 
491
3 1865.7041015625 399.5683898925781 1919.2547607421875 861.3054809570312 
3 304.7201843261719 443.52978515625 355.8980712890625 622.9984130859375 
3 256.6280822753906 459.38995361328125 304.5477294921875 610.9327392578125 
492
3 1873.215576171875 409.8765563964844 1919.241943359375 862.4793701171875 
3 304.9192199707031 443.8753356933594 356.20477294921875 623.3616943359375 
3 256.757568359375 460.2314147949219 304.51318359375 608.7037353515625 
493
3 1880.1417236328125 420.478271484375 1919.221435546875 860.9146728515625 
3 304.47137451171875 444.1507873535156 356.3723449707031 622.7800903320312 
3 257.0104064941406 460.3658752441406 304.53729248046875 606.4403686523438 
3 206.23324584960938 458.747314453125 261.3157958984375 615.6181030273438 
494
3 1882.407470703125 428.23150634765625 1919.2156982421875 859.5596923828125 
3 304.2263488769531 443.81011962890625 356.2575988769531 622.7896728515625 
3 257.1211853027344 460.0076599121094 305.28125 609.884033203125 
495
3 304.19830322265625 443.7594909667969 355.8167724609375 622.589599609375 
3 1882.902099609375 462.7317810058594 1919.2705078125 860.8550415039062 
3 257.1711120605469 460.65869140625 305.1358337402344 612.1554565429688 
3 205.7492218017578 458.1961669921875 262.3027038574219 615.5713500976562 
496
3 303.73297119140625 443.9734802246094 355.81939697265625 623.0144653320312 
3 205.7160186767578 458.2493591308594 262.2505187988281 615.8516235351562 
3 256.8990173339844 461.6775817871094 304.7644958496094 609.90087890625 
3 1882.9630126953125 524.4115600585938 1919.265869140625 862.10888671875 
497
3 304.6581115722656 443.7322082519531 355.5865478515625 622.8284912109375 
498
3 304.23028564453125 443.6837158203125 355.2660217285156 622.3971557617188 
499
3 304.2238464355469 443.6837158203125 354.71142578125 622.34228515625 
3 205.3267364501953 458.5419616699219 261.5279846191406 615.6948852539062 
500
3 303.427001953125 443.16790771484375 354.85675048828125 622.5640869140625 
3 256.72418212890625 460.9491882324219 303.87615966796875 608.5821533203125 
3 205.38223266601562 458.24371337890625 261.4299621582031 615.3107299804688 
501
3 304.3794250488281 443.375732421875 355.18603515625 622.6236572265625 
3 256.8560791015625 460.5108947753906 306.397705078125 610.8236083984375 
3 205.55845642089844 458.03118896484375 262.3954772949219 615.3698120117188 
502
3 304.3476867675781 443.5784912109375 354.9177551269531 622.769775390625 
3 205.2299346923828 457.9166564941406 262.0599060058594 615.1021728515625 
3 256.6754150390625 460.9257507324219 306.1048278808594 607.4318237304688 
503
3 303.7563171386719 443.4393615722656 355.0628356933594 622.2877807617188 
3 256.3456115722656 460.59661865234375 305.9657287597656 607.7163696289062 
3 205.3516082763672 458.419189453125 262.09552001953125 615.0028686523438 
504
3 303.51580810546875 443.05584716796875 355.0346374511719 622.5286254882812 
3 205.60240173339844 458.1178894042969 261.6046142578125 614.9360961914062 
3 256.10736083984375 460.8486633300781 305.2204284667969 608.4820556640625 
505
3 303.6741943359375 442.9907531738281 356.08404541015625 622.6268920898438 
3 256.2469482421875 460.95794677734375 305.1510314941406 611.4024047851562 
3 205.56446838378906 458.0702819824219 261.5599365234375 615.1041870117188 
506
3 304.0068664550781 442.85577392578125 355.96429443359375 622.1188354492188 
3 205.58909606933594 457.8668518066406 262.35504150390625 614.3118896484375 
3 256.4175720214844 460.8146057128906 305.7197265625 611.597900390625 
507
3 303.8621826171875 441.9357604980469 355.5990295410156 622.2313842773438 
3 205.81024169921875 457.8957824707031 262.3542785644531 615.1079711914062 
3 256.4189758300781 461.03375244140625 304.9794921875 611.1128540039062 
508
3 303.9073791503906 443.0449523925781 355.5606689453125 622.5424194335938 
3 205.42013549804688 458.12896728515625 262.2527770996094 615.4054565429688 
3 256.4455261230469 460.82244873046875 304.3975524902344 610.7175903320312 
509
3 303.39239501953125 442.6082458496094 356.0522155761719 622.20703125 
3 204.89291381835938 457.9371643066406 262.13177490234375 614.8866577148438 
3 256.6209411621094 460.4242248535156 305.2370910644531 611.4246826171875 
510
3 303.42138671875 443.7746276855469 355.74774169921875 622.7355346679688 
3 204.83670043945312 458.3784484863281 261.5707702636719 615.029296875 
3 256.6607360839844 461.2742004394531 304.9801330566406 610.2423706054688 
511
3 303.8351745605469 444.46453857421875 355.4994201660156 622.5942993164062 
3 205.53077697753906 459.0887145996094 261.51904296875 615.353759765625 
3 256.8664855957031 461.7212219238281 303.9324645996094 605.789794921875 
512
3 303.4611511230469 444.0718994140625 355.9444274902344 622.1015625 
3 205.235595703125 458.3877258300781 261.4225158691406 614.699462890625 
513
3 302.6702575683594 444.75439453125 355.0223083496094 622.2493896484375 
3 257.0486145019531 461.40484619140625 303.35211181640625 606.504638671875 
3 204.99276733398438 458.8021545410156 260.66278076171875 615.9432373046875 
514
3 303.0611572265625 445.8025207519531 355.6781005859375 623.7185668945312 
3 257.9327697753906 463.58514404296875 304.9866027832031 609.4195556640625 
3 206.03787231445312 460.42340087890625 262.27325439453125 616.3986206054688 
515
3 304.2146911621094 443.10589599609375 356.24249267578125 620.4254150390625 
3 257.6005859375 458.92431640625 305.9217529296875 604.5081176757812 
3 206.24180603027344 457.40057373046875 262.9793701171875 613.579833984375 
